"date","year","month","day","9123001"
1979-01-01,1979,1,1,0
1979-01-02,1979,1,2,0
1979-01-03,1979,1,3,0
1979-01-04,1979,1,4,0
1979-01-05,1979,1,5,0
1979-01-06,1979,1,6,0
1979-01-07,1979,1,7,0
1979-01-08,1979,1,8,0
1979-01-09,1979,1,9,0
1979-01-10,1979,1,10,0
1979-01-11,1979,1,11,11.830663
1979-01-12,1979,1,12,12.098135
1979-01-13,1979,1,13,0
1979-01-14,1979,1,14,0
1979-01-15,1979,1,15,0
1979-01-16,1979,1,16,0
1979-01-17,1979,1,17,0
1979-01-18,1979,1,18,0
1979-01-19,1979,1,19,0
1979-01-20,1979,1,20,0
1979-01-21,1979,1,21,0
1979-01-22,1979,1,22,0
1979-01-23,1979,1,23,0
1979-01-24,1979,1,24,0
1979-01-25,1979,1,25,2.6906021
1979-01-26,1979,1,26,5.1833217
1979-01-27,1979,1,27,0
1979-01-28,1979,1,28,0
1979-01-29,1979,1,29,0
1979-01-30,1979,1,30,0
1979-01-31,1979,1,31,0
1979-02-01,1979,2,1,0
1979-02-02,1979,2,2,0
1979-02-03,1979,2,3,9.1838086
1979-02-04,1979,2,4,7.7737606
1979-02-05,1979,2,5,0
1979-02-06,1979,2,6,0
1979-02-07,1979,2,7,0
1979-02-08,1979,2,8,0
1979-02-09,1979,2,9,0
1979-02-10,1979,2,10,0
1979-02-11,1979,2,11,0
1979-02-12,1979,2,12,0
1979-02-13,1979,2,13,6.9176297
1979-02-14,1979,2,14,0.23720339
1979-02-15,1979,2,15,0
1979-02-16,1979,2,16,0
1979-02-17,1979,2,17,0
1979-02-18,1979,2,18,0
1979-02-19,1979,2,19,0
1979-02-20,1979,2,20,0
1979-02-21,1979,2,21,0
1979-02-22,1979,2,22,0
1979-02-23,1979,2,23,0
1979-02-24,1979,2,24,0
1979-02-25,1979,2,25,0
1979-02-26,1979,2,26,0
1979-02-27,1979,2,27,0
1979-02-28,1979,2,28,0
1979-03-01,1979,3,1,0
1979-03-02,1979,3,2,1.0757166
1979-03-03,1979,3,3,15.449682
1979-03-04,1979,3,4,6.8475566
1979-03-05,1979,3,5,29.852459
1979-03-06,1979,3,6,3.3743676e-05
1979-03-07,1979,3,7,0
1979-03-08,1979,3,8,0
1979-03-09,1979,3,9,0
1979-03-10,1979,3,10,0
1979-03-11,1979,3,11,0
1979-03-12,1979,3,12,0
1979-03-13,1979,3,13,0
1979-03-14,1979,3,14,0
1979-03-15,1979,3,15,0
1979-03-16,1979,3,16,0
1979-03-17,1979,3,17,0
1979-03-18,1979,3,18,0
1979-03-19,1979,3,19,0
1979-03-20,1979,3,20,0
1979-03-21,1979,3,21,0
1979-03-22,1979,3,22,0
1979-03-23,1979,3,23,0
1979-03-24,1979,3,24,0
1979-03-25,1979,3,25,0
1979-03-26,1979,3,26,0
1979-03-27,1979,3,27,0
1979-03-28,1979,3,28,0.0087187705
1979-03-29,1979,3,29,0
1979-03-30,1979,3,30,0
1979-03-31,1979,3,31,0
1979-04-01,1979,4,1,0
1979-04-02,1979,4,2,0
1979-04-03,1979,4,3,0
1979-04-04,1979,4,4,0
1979-04-05,1979,4,5,0
1979-04-06,1979,4,6,0
1979-04-07,1979,4,7,0
1979-04-08,1979,4,8,0
1979-04-09,1979,4,9,0
1979-04-10,1979,4,10,0
1979-04-11,1979,4,11,0
1979-04-12,1979,4,12,0
1979-04-13,1979,4,13,0
1979-04-14,1979,4,14,0
1979-04-15,1979,4,15,0
1979-04-16,1979,4,16,0
1979-04-17,1979,4,17,0
1979-04-18,1979,4,18,0
1979-04-19,1979,4,19,0
1979-04-20,1979,4,20,0
1979-04-21,1979,4,21,0
1979-04-22,1979,4,22,0
1979-04-23,1979,4,23,0
1979-04-24,1979,4,24,0
1979-04-25,1979,4,25,0
1979-04-26,1979,4,26,0
1979-04-27,1979,4,27,32.508116
1979-04-28,1979,4,28,17.616546
1979-04-29,1979,4,29,0.017267171
1979-04-30,1979,4,30,8.0993187
1979-05-01,1979,5,1,43.793564
1979-05-02,1979,5,2,8.552053
1979-05-03,1979,5,3,0
1979-05-04,1979,5,4,0
1979-05-05,1979,5,5,0
1979-05-06,1979,5,6,0
1979-05-07,1979,5,7,0
1979-05-08,1979,5,8,0
1979-05-09,1979,5,9,13.379298
1979-05-10,1979,5,10,37.263237
1979-05-11,1979,5,11,0.8376748
1979-05-12,1979,5,12,9.546022
1979-05-13,1979,5,13,12.359028
1979-05-14,1979,5,14,30.145533
1979-05-15,1979,5,15,26.876839
1979-05-16,1979,5,16,44.810261
1979-05-17,1979,5,17,26.923529
1979-05-18,1979,5,18,19.845705
1979-05-19,1979,5,19,20.03349
1979-05-20,1979,5,20,27.539705
1979-05-21,1979,5,21,12.92165
1979-05-22,1979,5,22,0.72409995
1979-05-23,1979,5,23,0
1979-05-24,1979,5,24,25.185944
1979-05-25,1979,5,25,0.82078481
1979-05-26,1979,5,26,21.096847
1979-05-27,1979,5,27,28.584689
1979-05-28,1979,5,28,5.0722944
1979-05-29,1979,5,29,0
1979-05-30,1979,5,30,0
1979-05-31,1979,5,31,0
1979-06-01,1979,6,1,42.640902
1979-06-02,1979,6,2,24.201626
1979-06-03,1979,6,3,8.7793936
1979-06-04,1979,6,4,0
1979-06-05,1979,6,5,0
1979-06-06,1979,6,6,0
1979-06-07,1979,6,7,0
1979-06-08,1979,6,8,0
1979-06-09,1979,6,9,0
1979-06-10,1979,6,10,0
1979-06-11,1979,6,11,0
1979-06-12,1979,6,12,0
1979-06-13,1979,6,13,0
1979-06-14,1979,6,14,0
1979-06-15,1979,6,15,0.0053771841
1979-06-16,1979,6,16,0.007864566
1979-06-17,1979,6,17,1.6855348
1979-06-18,1979,6,18,44.731935
1979-06-19,1979,6,19,0
1979-06-20,1979,6,20,0
1979-06-21,1979,6,21,0
1979-06-22,1979,6,22,25.707656
1979-06-23,1979,6,23,1.3918893
1979-06-24,1979,6,24,0
1979-06-25,1979,6,25,0
1979-06-26,1979,6,26,0
1979-06-27,1979,6,27,0
1979-06-28,1979,6,28,0
1979-06-29,1979,6,29,0
1979-06-30,1979,6,30,0
1979-07-01,1979,7,1,0
1979-07-02,1979,7,2,0
1979-07-03,1979,7,3,0
1979-07-04,1979,7,4,0
1979-07-05,1979,7,5,0
1979-07-06,1979,7,6,0
1979-07-07,1979,7,7,0
1979-07-08,1979,7,8,0
1979-07-09,1979,7,9,0
1979-07-10,1979,7,10,0
1979-07-11,1979,7,11,6.7643668
1979-07-12,1979,7,12,10.779512
1979-07-13,1979,7,13,10.101057
1979-07-14,1979,7,14,7.9816381
1979-07-15,1979,7,15,0
1979-07-16,1979,7,16,17.954746
1979-07-17,1979,7,17,23.031506
1979-07-18,1979,7,18,0
1979-07-19,1979,7,19,0
1979-07-20,1979,7,20,3.2431438
1979-07-21,1979,7,21,0
1979-07-22,1979,7,22,25.773445
1979-07-23,1979,7,23,45.248016
1979-07-24,1979,7,24,31.722566
1979-07-25,1979,7,25,54.540175
1979-07-26,1979,7,26,34.924016
1979-07-27,1979,7,27,78.07552
1979-07-28,1979,7,28,53.346577
1979-07-29,1979,7,29,54.175742
1979-07-30,1979,7,30,23.353228
1979-07-31,1979,7,31,25.403141
1979-08-01,1979,8,1,24.212164
1979-08-02,1979,8,2,8.9364476
1979-08-03,1979,8,3,55.092543
1979-08-04,1979,8,4,18.946656
1979-08-05,1979,8,5,61.635578
1979-08-06,1979,8,6,4.2215631
1979-08-07,1979,8,7,6.799598
1979-08-08,1979,8,8,26.490529
1979-08-09,1979,8,9,5.6518991
1979-08-10,1979,8,10,0
1979-08-11,1979,8,11,0
1979-08-12,1979,8,12,0
1979-08-13,1979,8,13,0
1979-08-14,1979,8,14,0
1979-08-15,1979,8,15,0
1979-08-16,1979,8,16,0
1979-08-17,1979,8,17,0.3416284
1979-08-18,1979,8,18,0
1979-08-19,1979,8,19,13.355816
1979-08-20,1979,8,20,61.845516
1979-08-21,1979,8,21,12.553774
1979-08-22,1979,8,22,18.280608
1979-08-23,1979,8,23,72.966095
1979-08-24,1979,8,24,51.644822
1979-08-25,1979,8,25,34.700267
1979-08-26,1979,8,26,42.611658
1979-08-27,1979,8,27,11.455968
1979-08-28,1979,8,28,0
1979-08-29,1979,8,29,80.503535
1979-08-30,1979,8,30,23.220131
1979-08-31,1979,8,31,28.061777
1979-09-01,1979,9,1,19.581915
1979-09-02,1979,9,2,12.163788
1979-09-03,1979,9,3,0
1979-09-04,1979,9,4,0
1979-09-05,1979,9,5,0
1979-09-06,1979,9,6,0
1979-09-07,1979,9,7,0
1979-09-08,1979,9,8,0
1979-09-09,1979,9,9,13.737129
1979-09-10,1979,9,10,5.0228811
1979-09-11,1979,9,11,0
1979-09-12,1979,9,12,1.4657766
1979-09-13,1979,9,13,29.558668
1979-09-14,1979,9,14,17.093713
1979-09-15,1979,9,15,1.1142589
1979-09-16,1979,9,16,0
1979-09-17,1979,9,17,0
1979-09-18,1979,9,18,5.3822522
1979-09-19,1979,9,19,21.40348
1979-09-20,1979,9,20,12.937339
1979-09-21,1979,9,21,33.252388
1979-09-22,1979,9,22,76.644072
1979-09-23,1979,9,23,9.6417401
1979-09-24,1979,9,24,5.4888867
1979-09-25,1979,9,25,20.082306
1979-09-26,1979,9,26,5.9265858
1979-09-27,1979,9,27,13.275339
1979-09-28,1979,9,28,2.5353133
1979-09-29,1979,9,29,0
1979-09-30,1979,9,30,4.6665429
1979-10-01,1979,10,1,0
1979-10-02,1979,10,2,0
1979-10-03,1979,10,3,10.512296
1979-10-04,1979,10,4,6.7021551
1979-10-05,1979,10,5,0.0591401
1979-10-06,1979,10,6,0
1979-10-07,1979,10,7,0
1979-10-08,1979,10,8,0
1979-10-09,1979,10,9,0
1979-10-10,1979,10,10,0
1979-10-11,1979,10,11,0
1979-10-12,1979,10,12,0
1979-10-13,1979,10,13,0
1979-10-14,1979,10,14,0
1979-10-15,1979,10,15,0
1979-10-16,1979,10,16,0
1979-10-17,1979,10,17,0
1979-10-18,1979,10,18,0
1979-10-19,1979,10,19,6.3155173
1979-10-20,1979,10,20,14.621511
1979-10-21,1979,10,21,18.646886
1979-10-22,1979,10,22,6.2245538
1979-10-23,1979,10,23,29.078273
1979-10-24,1979,10,24,1.7791282
1979-10-25,1979,10,25,0
1979-10-26,1979,10,26,34.900042
1979-10-27,1979,10,27,0.09894722
1979-10-28,1979,10,28,20.140644
1979-10-29,1979,10,29,20.752232
1979-10-30,1979,10,30,29.167534
1979-10-31,1979,10,31,5.6973673
1979-11-01,1979,11,1,6.2535085
1979-11-02,1979,11,2,0
1979-11-03,1979,11,3,0
1979-11-04,1979,11,4,0
1979-11-05,1979,11,5,5.9064754
1979-11-06,1979,11,6,39.624262
1979-11-07,1979,11,7,0
1979-11-08,1979,11,8,0
1979-11-09,1979,11,9,0
1979-11-10,1979,11,10,0
1979-11-11,1979,11,11,44.254977
1979-11-12,1979,11,12,12.338619
1979-11-13,1979,11,13,0
1979-11-14,1979,11,14,0
1979-11-15,1979,11,15,5.650935
1979-11-16,1979,11,16,16.711919
1979-11-17,1979,11,17,26.833395
1979-11-18,1979,11,18,24.524681
1979-11-19,1979,11,19,25.043976
1979-11-20,1979,11,20,20.754113
1979-11-21,1979,11,21,13.716318
1979-11-22,1979,11,22,1.9252177e-05
1979-11-23,1979,11,23,0
1979-11-24,1979,11,24,0
1979-11-25,1979,11,25,0
1979-11-26,1979,11,26,0
1979-11-27,1979,11,27,0
1979-11-28,1979,11,28,3.5136963
1979-11-29,1979,11,29,16.40644
1979-11-30,1979,11,30,0
1979-12-01,1979,12,1,0
1979-12-02,1979,12,2,4.5241266
1979-12-03,1979,12,3,8.9468611
1979-12-04,1979,12,4,11.40608
1979-12-05,1979,12,5,47.676745
1979-12-06,1979,12,6,28.510525
1979-12-07,1979,12,7,10.412205
1979-12-08,1979,12,8,0
1979-12-09,1979,12,9,0
1979-12-10,1979,12,10,50.892119
1979-12-11,1979,12,11,38.883661
1979-12-12,1979,12,12,0
1979-12-13,1979,12,13,0
1979-12-14,1979,12,14,0
1979-12-15,1979,12,15,0
1979-12-16,1979,12,16,0
1979-12-17,1979,12,17,0
1979-12-18,1979,12,18,0
1979-12-19,1979,12,19,3.9944889
1979-12-20,1979,12,20,0
1979-12-21,1979,12,21,0
1979-12-22,1979,12,22,0
1979-12-23,1979,12,23,0
1979-12-24,1979,12,24,0
1979-12-25,1979,12,25,0
1979-12-26,1979,12,26,0
1979-12-27,1979,12,27,0
1979-12-28,1979,12,28,0
1979-12-29,1979,12,29,0
1979-12-30,1979,12,30,0
1979-12-31,1979,12,31,0
1980-01-01,1980,1,1,0
1980-01-02,1980,1,2,0
1980-01-03,1980,1,3,0
1980-01-04,1980,1,4,0
1980-01-05,1980,1,5,0
1980-01-06,1980,1,6,0
1980-01-07,1980,1,7,0
1980-01-08,1980,1,8,0
1980-01-09,1980,1,9,0
1980-01-10,1980,1,10,0
1980-01-11,1980,1,11,0
1980-01-12,1980,1,12,3.2802499
1980-01-13,1980,1,13,0
1980-01-14,1980,1,14,0.9859904
1980-01-15,1980,1,15,0
1980-01-16,1980,1,16,0
1980-01-17,1980,1,17,0
1980-01-18,1980,1,18,0
1980-01-19,1980,1,19,0
1980-01-20,1980,1,20,0
1980-01-21,1980,1,21,0
1980-01-22,1980,1,22,0
1980-01-23,1980,1,23,0
1980-01-24,1980,1,24,0
1980-01-25,1980,1,25,1.2143416
1980-01-26,1980,1,26,0
1980-01-27,1980,1,27,0
1980-01-28,1980,1,28,0
1980-01-29,1980,1,29,0
1980-01-30,1980,1,30,0
1980-01-31,1980,1,31,0
1980-02-01,1980,2,1,0
1980-02-02,1980,2,2,0
1980-02-03,1980,2,3,0
1980-02-04,1980,2,4,0
1980-02-05,1980,2,5,17.464905
1980-02-06,1980,2,6,13.650213
1980-02-07,1980,2,7,16.451684
1980-02-08,1980,2,8,46.892439
1980-02-09,1980,2,9,2.891047
1980-02-10,1980,2,10,72.336565
1980-02-11,1980,2,11,38.077538
1980-02-12,1980,2,12,0
1980-02-13,1980,2,13,0
1980-02-14,1980,2,14,0
1980-02-15,1980,2,15,0
1980-02-16,1980,2,16,0
1980-02-17,1980,2,17,0
1980-02-18,1980,2,18,0
1980-02-19,1980,2,19,0.00012884149
1980-02-20,1980,2,20,0
1980-02-21,1980,2,21,0.77847552
1980-02-22,1980,2,22,2.42275
1980-02-23,1980,2,23,0
1980-02-24,1980,2,24,0
1980-02-25,1980,2,25,5.1113544
1980-02-26,1980,2,26,8.0655356
1980-02-27,1980,2,27,47.791096
1980-02-28,1980,2,28,103.41199
1980-02-29,1980,2,29,0.023941463
1980-03-01,1980,3,1,0
1980-03-02,1980,3,2,0
1980-03-03,1980,3,3,15.06065
1980-03-04,1980,3,4,15.498404
1980-03-05,1980,3,5,11.047394
1980-03-06,1980,3,6,0
1980-03-07,1980,3,7,0
1980-03-08,1980,3,8,0
1980-03-09,1980,3,9,0
1980-03-10,1980,3,10,0
1980-03-11,1980,3,11,0
1980-03-12,1980,3,12,0
1980-03-13,1980,3,13,0.0014715557
1980-03-14,1980,3,14,0
1980-03-15,1980,3,15,0
1980-03-16,1980,3,16,0
1980-03-17,1980,3,17,0
1980-03-18,1980,3,18,0
1980-03-19,1980,3,19,0
1980-03-20,1980,3,20,0
1980-03-21,1980,3,21,22.600116
1980-03-22,1980,3,22,0
1980-03-23,1980,3,23,0
1980-03-24,1980,3,24,0
1980-03-25,1980,3,25,6.7698501
1980-03-26,1980,3,26,15.347192
1980-03-27,1980,3,27,0.34772013
1980-03-28,1980,3,28,0
1980-03-29,1980,3,29,0
1980-03-30,1980,3,30,0
1980-03-31,1980,3,31,0
1980-04-01,1980,4,1,0
1980-04-02,1980,4,2,46.741282
1980-04-03,1980,4,3,6.2806543
1980-04-04,1980,4,4,0
1980-04-05,1980,4,5,0
1980-04-06,1980,4,6,0
1980-04-07,1980,4,7,24.704002
1980-04-08,1980,4,8,40.388394
1980-04-09,1980,4,9,44.125449
1980-04-10,1980,4,10,35.647498
1980-04-11,1980,4,11,18.281137
1980-04-12,1980,4,12,8.9019391
1980-04-13,1980,4,13,0.5209596
1980-04-14,1980,4,14,0
1980-04-15,1980,4,15,0
1980-04-16,1980,4,16,39.231868
1980-04-17,1980,4,17,0.0066586692
1980-04-18,1980,4,18,0
1980-04-19,1980,4,19,0
1980-04-20,1980,4,20,0
1980-04-21,1980,4,21,8.0396751
1980-04-22,1980,4,22,41.459704
1980-04-23,1980,4,23,37.010406
1980-04-24,1980,4,24,9.5122312
1980-04-25,1980,4,25,12.877636
1980-04-26,1980,4,26,9.1799298
1980-04-27,1980,4,27,18.962217
1980-04-28,1980,4,28,0
1980-04-29,1980,4,29,0
1980-04-30,1980,4,30,0
1980-05-01,1980,5,1,0
1980-05-02,1980,5,2,0
1980-05-03,1980,5,3,9.8839525
1980-05-04,1980,5,4,22.100538
1980-05-05,1980,5,5,1.6736005
1980-05-06,1980,5,6,13.944372
1980-05-07,1980,5,7,0
1980-05-08,1980,5,8,35.32527
1980-05-09,1980,5,9,57.656634
1980-05-10,1980,5,10,37.890246
1980-05-11,1980,5,11,108.76071
1980-05-12,1980,5,12,81.490882
1980-05-13,1980,5,13,66.450177
1980-05-14,1980,5,14,9.5982952
1980-05-15,1980,5,15,0
1980-05-16,1980,5,16,0
1980-05-17,1980,5,17,6.9865866
1980-05-18,1980,5,18,20.88759
1980-05-19,1980,5,19,38.325036
1980-05-20,1980,5,20,43.626903
1980-05-21,1980,5,21,38.097201
1980-05-22,1980,5,22,47.546782
1980-05-23,1980,5,23,18.134934
1980-05-24,1980,5,24,0
1980-05-25,1980,5,25,0
1980-05-26,1980,5,26,43.782059
1980-05-27,1980,5,27,28.43016
1980-05-28,1980,5,28,21.944713
1980-05-29,1980,5,29,60.719277
1980-05-30,1980,5,30,25.253117
1980-05-31,1980,5,31,0
1980-06-01,1980,6,1,0
1980-06-02,1980,6,2,0
1980-06-03,1980,6,3,0.096567672
1980-06-04,1980,6,4,25.488509
1980-06-05,1980,6,5,16.55655
1980-06-06,1980,6,6,6.5779776
1980-06-07,1980,6,7,20.847894
1980-06-08,1980,6,8,23.188546
1980-06-09,1980,6,9,0
1980-06-10,1980,6,10,0
1980-06-11,1980,6,11,0
1980-06-12,1980,6,12,0
1980-06-13,1980,6,13,0
1980-06-14,1980,6,14,34.603079
1980-06-15,1980,6,15,36.115868
1980-06-16,1980,6,16,22.464686
1980-06-17,1980,6,17,38.460201
1980-06-18,1980,6,18,0
1980-06-19,1980,6,19,0
1980-06-20,1980,6,20,11.417876
1980-06-21,1980,6,21,6.92292
1980-06-22,1980,6,22,56.011986
1980-06-23,1980,6,23,14.363637
1980-06-24,1980,6,24,22.705645
1980-06-25,1980,6,25,0
1980-06-26,1980,6,26,71.044189
1980-06-27,1980,6,27,61.199622
1980-06-28,1980,6,28,1.8458192
1980-06-29,1980,6,29,0.63893244
1980-06-30,1980,6,30,0
1980-07-01,1980,7,1,0
1980-07-02,1980,7,2,0
1980-07-03,1980,7,3,0
1980-07-04,1980,7,4,0
1980-07-05,1980,7,5,0.29839459
1980-07-06,1980,7,6,5.411885
1980-07-07,1980,7,7,4.8937638
1980-07-08,1980,7,8,0
1980-07-09,1980,7,9,0
1980-07-10,1980,7,10,0
1980-07-11,1980,7,11,0
1980-07-12,1980,7,12,63.180177
1980-07-13,1980,7,13,5.8385528
1980-07-14,1980,7,14,0
1980-07-15,1980,7,15,0
1980-07-16,1980,7,16,0
1980-07-17,1980,7,17,54.61646
1980-07-18,1980,7,18,32.633745
1980-07-19,1980,7,19,16.973397
1980-07-20,1980,7,20,46.774775
1980-07-21,1980,7,21,8.8863341
1980-07-22,1980,7,22,0
1980-07-23,1980,7,23,0
1980-07-24,1980,7,24,9.8386275
1980-07-25,1980,7,25,19.464752
1980-07-26,1980,7,26,20.722503
1980-07-27,1980,7,27,39.969171
1980-07-28,1980,7,28,12.477839
1980-07-29,1980,7,29,0
1980-07-30,1980,7,30,5.3993629
1980-07-31,1980,7,31,0.016794305
1980-08-01,1980,8,1,0
1980-08-02,1980,8,2,8.7732774
1980-08-03,1980,8,3,14.115673
1980-08-04,1980,8,4,3.8383316
1980-08-05,1980,8,5,49.483852
1980-08-06,1980,8,6,35.506983
1980-08-07,1980,8,7,56.332959
1980-08-08,1980,8,8,51.950512
1980-08-09,1980,8,9,19.396619
1980-08-10,1980,8,10,0
1980-08-11,1980,8,11,0
1980-08-12,1980,8,12,0
1980-08-13,1980,8,13,0
1980-08-14,1980,8,14,26.464327
1980-08-15,1980,8,15,19.744906
1980-08-16,1980,8,16,0
1980-08-17,1980,8,17,9.4363343
1980-08-18,1980,8,18,11.625974
1980-08-19,1980,8,19,27.836121
1980-08-20,1980,8,20,17.908202
1980-08-21,1980,8,21,0
1980-08-22,1980,8,22,0
1980-08-23,1980,8,23,0
1980-08-24,1980,8,24,2.5031582
1980-08-25,1980,8,25,0
1980-08-26,1980,8,26,0
1980-08-27,1980,8,27,0
1980-08-28,1980,8,28,0
1980-08-29,1980,8,29,13.645081
1980-08-30,1980,8,30,16.001286
1980-08-31,1980,8,31,0
1980-09-01,1980,9,1,0
1980-09-02,1980,9,2,0.00012291775
1980-09-03,1980,9,3,0
1980-09-04,1980,9,4,0
1980-09-05,1980,9,5,0
1980-09-06,1980,9,6,26.836327
1980-09-07,1980,9,7,9.8959144
1980-09-08,1980,9,8,0
1980-09-09,1980,9,9,0
1980-09-10,1980,9,10,0
1980-09-11,1980,9,11,0
1980-09-12,1980,9,12,5.4427968
1980-09-13,1980,9,13,5.403346
1980-09-14,1980,9,14,0
1980-09-15,1980,9,15,0
1980-09-16,1980,9,16,0
1980-09-17,1980,9,17,16.91847
1980-09-18,1980,9,18,0
1980-09-19,1980,9,19,0
1980-09-20,1980,9,20,0
1980-09-21,1980,9,21,0
1980-09-22,1980,9,22,0
1980-09-23,1980,9,23,0
1980-09-24,1980,9,24,0
1980-09-25,1980,9,25,12.078395
1980-09-26,1980,9,26,10.820204
1980-09-27,1980,9,27,0.0011405891
1980-09-28,1980,9,28,33.483906
1980-09-29,1980,9,29,15.481319
1980-09-30,1980,9,30,5.6011835
1980-10-01,1980,10,1,0
1980-10-02,1980,10,2,0
1980-10-03,1980,10,3,0
1980-10-04,1980,10,4,0
1980-10-05,1980,10,5,0
1980-10-06,1980,10,6,4.4712813
1980-10-07,1980,10,7,0
1980-10-08,1980,10,8,0
1980-10-09,1980,10,9,1.6876576
1980-10-10,1980,10,10,0
1980-10-11,1980,10,11,0
1980-10-12,1980,10,12,0
1980-10-13,1980,10,13,0
1980-10-14,1980,10,14,0
1980-10-15,1980,10,15,0
1980-10-16,1980,10,16,0
1980-10-17,1980,10,17,0
1980-10-18,1980,10,18,0
1980-10-19,1980,10,19,0
1980-10-20,1980,10,20,5.9392529
1980-10-21,1980,10,21,1.364396
1980-10-22,1980,10,22,0
1980-10-23,1980,10,23,0
1980-10-24,1980,10,24,0
1980-10-25,1980,10,25,0
1980-10-26,1980,10,26,0
1980-10-27,1980,10,27,0
1980-10-28,1980,10,28,2.8249681
1980-10-29,1980,10,29,0
1980-10-30,1980,10,30,0
1980-10-31,1980,10,31,0
1980-11-01,1980,11,1,0
1980-11-02,1980,11,2,33.99406
1980-11-03,1980,11,3,0
1980-11-04,1980,11,4,2.6432227
1980-11-05,1980,11,5,25.189074
1980-11-06,1980,11,6,49.2226
1980-11-07,1980,11,7,3.1876723
1980-11-08,1980,11,8,0
1980-11-09,1980,11,9,0.76029038
1980-11-10,1980,11,10,0
1980-11-11,1980,11,11,0
1980-11-12,1980,11,12,0
1980-11-13,1980,11,13,0
1980-11-14,1980,11,14,0
1980-11-15,1980,11,15,0.11513515
1980-11-16,1980,11,16,0
1980-11-17,1980,11,17,0
1980-11-18,1980,11,18,15.162825
1980-11-19,1980,11,19,12.202713
1980-11-20,1980,11,20,0.23046296
1980-11-21,1980,11,21,4.2297532
1980-11-22,1980,11,22,0
1980-11-23,1980,11,23,0
1980-11-24,1980,11,24,0
1980-11-25,1980,11,25,0
1980-11-26,1980,11,26,0
1980-11-27,1980,11,27,0
1980-11-28,1980,11,28,0
1980-11-29,1980,11,29,0
1980-11-30,1980,11,30,0
1980-12-01,1980,12,1,0
1980-12-02,1980,12,2,0
1980-12-03,1980,12,3,0
1980-12-04,1980,12,4,0.60186794
1980-12-05,1980,12,5,0
1980-12-06,1980,12,6,0
1980-12-07,1980,12,7,0
1980-12-08,1980,12,8,0
1980-12-09,1980,12,9,7.7292593
1980-12-10,1980,12,10,0.29580426
1980-12-11,1980,12,11,0
1980-12-12,1980,12,12,42.177641
1980-12-13,1980,12,13,0.013471627
1980-12-14,1980,12,14,0
1980-12-15,1980,12,15,0
1980-12-16,1980,12,16,10.390159
1980-12-17,1980,12,17,8.5744375
1980-12-18,1980,12,18,9.6038045
1980-12-19,1980,12,19,0
1980-12-20,1980,12,20,0
1980-12-21,1980,12,21,0
1980-12-22,1980,12,22,0
1980-12-23,1980,12,23,0
1980-12-24,1980,12,24,0
1980-12-25,1980,12,25,0
1980-12-26,1980,12,26,0
1980-12-27,1980,12,27,0
1980-12-28,1980,12,28,2.4190836
1980-12-29,1980,12,29,80.376148
1980-12-30,1980,12,30,29.492952
1980-12-31,1980,12,31,6.0194268
1981-01-01,1981,1,1,0
1981-01-02,1981,1,2,0
1981-01-03,1981,1,3,0
1981-01-04,1981,1,4,0
1981-01-05,1981,1,5,4.0747027
1981-01-06,1981,1,6,0
1981-01-07,1981,1,7,0
1981-01-08,1981,1,8,0
1981-01-09,1981,1,9,0
1981-01-10,1981,1,10,3.685677
1981-01-11,1981,1,11,0
1981-01-12,1981,1,12,0
1981-01-13,1981,1,13,0
1981-01-14,1981,1,14,0.13340665
1981-01-15,1981,1,15,0
1981-01-16,1981,1,16,0
1981-01-17,1981,1,17,53.5203
1981-01-18,1981,1,18,82.21343
1981-01-19,1981,1,19,95.242122
1981-01-20,1981,1,20,1.4768695
1981-01-21,1981,1,21,0
1981-01-22,1981,1,22,17.752815
1981-01-23,1981,1,23,13.566773
1981-01-24,1981,1,24,18.126106
1981-01-25,1981,1,25,12.275221
1981-01-26,1981,1,26,14.703847
1981-01-27,1981,1,27,6.5426726
1981-01-28,1981,1,28,0
1981-01-29,1981,1,29,0
1981-01-30,1981,1,30,0
1981-01-31,1981,1,31,0
1981-02-01,1981,2,1,0
1981-02-02,1981,2,2,0.35016021
1981-02-03,1981,2,3,0
1981-02-04,1981,2,4,0
1981-02-05,1981,2,5,0
1981-02-06,1981,2,6,18.582416
1981-02-07,1981,2,7,2.905798
1981-02-08,1981,2,8,0
1981-02-09,1981,2,9,0
1981-02-10,1981,2,10,0
1981-02-11,1981,2,11,0
1981-02-12,1981,2,12,10.930028
1981-02-13,1981,2,13,0
1981-02-14,1981,2,14,0
1981-02-15,1981,2,15,0
1981-02-16,1981,2,16,0
1981-02-17,1981,2,17,0
1981-02-18,1981,2,18,0
1981-02-19,1981,2,19,0
1981-02-20,1981,2,20,0
1981-02-21,1981,2,21,0
1981-02-22,1981,2,22,0
1981-02-23,1981,2,23,0
1981-02-24,1981,2,24,0.0058563826
1981-02-25,1981,2,25,0
1981-02-26,1981,2,26,0
1981-02-27,1981,2,27,0
1981-02-28,1981,2,28,0
1981-03-01,1981,3,1,0
1981-03-02,1981,3,2,0
1981-03-03,1981,3,3,0
1981-03-04,1981,3,4,0
1981-03-05,1981,3,5,0
1981-03-06,1981,3,6,0
1981-03-07,1981,3,7,0
1981-03-08,1981,3,8,0
1981-03-09,1981,3,9,0
1981-03-10,1981,3,10,0
1981-03-11,1981,3,11,0
1981-03-12,1981,3,12,0
1981-03-13,1981,3,13,16.104998
1981-03-14,1981,3,14,39.714056
1981-03-15,1981,3,15,1.8467546
1981-03-16,1981,3,16,13.733613
1981-03-17,1981,3,17,0
1981-03-18,1981,3,18,0
1981-03-19,1981,3,19,0
1981-03-20,1981,3,20,0
1981-03-21,1981,3,21,24.199237
1981-03-22,1981,3,22,14.438399
1981-03-23,1981,3,23,0
1981-03-24,1981,3,24,0
1981-03-25,1981,3,25,0
1981-03-26,1981,3,26,0
1981-03-27,1981,3,27,0
1981-03-28,1981,3,28,0
1981-03-29,1981,3,29,8.7769659
1981-03-30,1981,3,30,6.1484192
1981-03-31,1981,3,31,0
1981-04-01,1981,4,1,0
1981-04-02,1981,4,2,0
1981-04-03,1981,4,3,0
1981-04-04,1981,4,4,0
1981-04-05,1981,4,5,0
1981-04-06,1981,4,6,0
1981-04-07,1981,4,7,0
1981-04-08,1981,4,8,13.930667
1981-04-09,1981,4,9,0
1981-04-10,1981,4,10,0
1981-04-11,1981,4,11,0
1981-04-12,1981,4,12,0
1981-04-13,1981,4,13,0
1981-04-14,1981,4,14,0
1981-04-15,1981,4,15,0
1981-04-16,1981,4,16,0
1981-04-17,1981,4,17,0.15095647
1981-04-18,1981,4,18,8.3282483
1981-04-19,1981,4,19,18.288027
1981-04-20,1981,4,20,9.5006662
1981-04-21,1981,4,21,40.557742
1981-04-22,1981,4,22,5.9920785
1981-04-23,1981,4,23,0
1981-04-24,1981,4,24,8.5393144
1981-04-25,1981,4,25,32.386329
1981-04-26,1981,4,26,34.484157
1981-04-27,1981,4,27,6.2677816
1981-04-28,1981,4,28,0.042647795
1981-04-29,1981,4,29,19.979212
1981-04-30,1981,4,30,0
1981-05-01,1981,5,1,36.213302
1981-05-02,1981,5,2,57.695786
1981-05-03,1981,5,3,53.440155
1981-05-04,1981,5,4,59.302267
1981-05-05,1981,5,5,18.202579
1981-05-06,1981,5,6,122.33055
1981-05-07,1981,5,7,51.134235
1981-05-08,1981,5,8,8.0134378
1981-05-09,1981,5,9,0
1981-05-10,1981,5,10,21.910283
1981-05-11,1981,5,11,7.5798423
1981-05-12,1981,5,12,11.633423
1981-05-13,1981,5,13,36.539577
1981-05-14,1981,5,14,31.986075
1981-05-15,1981,5,15,36.905832
1981-05-16,1981,5,16,8.8156648
1981-05-17,1981,5,17,37.045377
1981-05-18,1981,5,18,31.322631
1981-05-19,1981,5,19,0
1981-05-20,1981,5,20,0
1981-05-21,1981,5,21,35.455896
1981-05-22,1981,5,22,69.64308
1981-05-23,1981,5,23,43.597137
1981-05-24,1981,5,24,6.3334463
1981-05-25,1981,5,25,0
1981-05-26,1981,5,26,0.8883357
1981-05-27,1981,5,27,56.263436
1981-05-28,1981,5,28,38.896401
1981-05-29,1981,5,29,11.547941
1981-05-30,1981,5,30,21.128734
1981-05-31,1981,5,31,32.365524
1981-06-01,1981,6,1,15.577604
1981-06-02,1981,6,2,4.8680257
1981-06-03,1981,6,3,0
1981-06-04,1981,6,4,17.480129
1981-06-05,1981,6,5,18.967619
1981-06-06,1981,6,6,3.7192454
1981-06-07,1981,6,7,64.727531
1981-06-08,1981,6,8,7.4486113
1981-06-09,1981,6,9,17.138155
1981-06-10,1981,6,10,0.29899732
1981-06-11,1981,6,11,2.3701365
1981-06-12,1981,6,12,0.73759446
1981-06-13,1981,6,13,0
1981-06-14,1981,6,14,10.967697
1981-06-15,1981,6,15,0
1981-06-16,1981,6,16,0
1981-06-17,1981,6,17,0
1981-06-18,1981,6,18,0
1981-06-19,1981,6,19,0
1981-06-20,1981,6,20,11.606972
1981-06-21,1981,6,21,0
1981-06-22,1981,6,22,0
1981-06-23,1981,6,23,0
1981-06-24,1981,6,24,32.350986
1981-06-25,1981,6,25,0
1981-06-26,1981,6,26,0
1981-06-27,1981,6,27,0.19556305
1981-06-28,1981,6,28,38.711625
1981-06-29,1981,6,29,84.126086
1981-06-30,1981,6,30,55.097167
1981-07-01,1981,7,1,0
1981-07-02,1981,7,2,0
1981-07-03,1981,7,3,0
1981-07-04,1981,7,4,0
1981-07-05,1981,7,5,0.038213611
1981-07-06,1981,7,6,0
1981-07-07,1981,7,7,29.062251
1981-07-08,1981,7,8,21.758114
1981-07-09,1981,7,9,14.837832
1981-07-10,1981,7,10,62.000103
1981-07-11,1981,7,11,36.740441
1981-07-12,1981,7,12,35.141212
1981-07-13,1981,7,13,54.47678
1981-07-14,1981,7,14,12.865959
1981-07-15,1981,7,15,0
1981-07-16,1981,7,16,4.5515514
1981-07-17,1981,7,17,0
1981-07-18,1981,7,18,0
1981-07-19,1981,7,19,0
1981-07-20,1981,7,20,4.8097455
1981-07-21,1981,7,21,0
1981-07-22,1981,7,22,0
1981-07-23,1981,7,23,0
1981-07-24,1981,7,24,0
1981-07-25,1981,7,25,0
1981-07-26,1981,7,26,0
1981-07-27,1981,7,27,11.967773
1981-07-28,1981,7,28,0
1981-07-29,1981,7,29,11.559027
1981-07-30,1981,7,30,38.474891
1981-07-31,1981,7,31,51.280388
1981-08-01,1981,8,1,32.460907
1981-08-02,1981,8,2,24.696848
1981-08-03,1981,8,3,7.1284888
1981-08-04,1981,8,4,4.8241996
1981-08-05,1981,8,5,0
1981-08-06,1981,8,6,12.644931
1981-08-07,1981,8,7,6.0841549
1981-08-08,1981,8,8,0
1981-08-09,1981,8,9,0
1981-08-10,1981,8,10,13.533828
1981-08-11,1981,8,11,0
1981-08-12,1981,8,12,0
1981-08-13,1981,8,13,0
1981-08-14,1981,8,14,0
1981-08-15,1981,8,15,3.2304756
1981-08-16,1981,8,16,0.00061620805
1981-08-17,1981,8,17,0
1981-08-18,1981,8,18,0
1981-08-19,1981,8,19,0
1981-08-20,1981,8,20,0
1981-08-21,1981,8,21,18.364414
1981-08-22,1981,8,22,7.4294792
1981-08-23,1981,8,23,0
1981-08-24,1981,8,24,0
1981-08-25,1981,8,25,0
1981-08-26,1981,8,26,0
1981-08-27,1981,8,27,7.144702
1981-08-28,1981,8,28,19.144283
1981-08-29,1981,8,29,0
1981-08-30,1981,8,30,3.3094278
1981-08-31,1981,8,31,16.124318
1981-09-01,1981,9,1,0.0088723537
1981-09-02,1981,9,2,13.9266
1981-09-03,1981,9,3,0
1981-09-04,1981,9,4,3.1812491
1981-09-05,1981,9,5,0.2693129
1981-09-06,1981,9,6,36.32256
1981-09-07,1981,9,7,18.405566
1981-09-08,1981,9,8,32.059458
1981-09-09,1981,9,9,18.072763
1981-09-10,1981,9,10,4.7918078
1981-09-11,1981,9,11,0
1981-09-12,1981,9,12,0
1981-09-13,1981,9,13,0
1981-09-14,1981,9,14,0
1981-09-15,1981,9,15,21.531742
1981-09-16,1981,9,16,22.635507
1981-09-17,1981,9,17,6.2234087
1981-09-18,1981,9,18,0.12589524
1981-09-19,1981,9,19,0.049676573
1981-09-20,1981,9,20,0
1981-09-21,1981,9,21,0
1981-09-22,1981,9,22,0
1981-09-23,1981,9,23,0
1981-09-24,1981,9,24,0
1981-09-25,1981,9,25,5.5530431
1981-09-26,1981,9,26,0
1981-09-27,1981,9,27,5.5017198
1981-09-28,1981,9,28,0
1981-09-29,1981,9,29,0
1981-09-30,1981,9,30,0.0065082236
1981-10-01,1981,10,1,35.056149
1981-10-02,1981,10,2,8.1237435
1981-10-03,1981,10,3,0
1981-10-04,1981,10,4,0
1981-10-05,1981,10,5,1.4207863e-05
1981-10-06,1981,10,6,0
1981-10-07,1981,10,7,0
1981-10-08,1981,10,8,7.1782227
1981-10-09,1981,10,9,6.7330212
1981-10-10,1981,10,10,0
1981-10-11,1981,10,11,0.10315432
1981-10-12,1981,10,12,0
1981-10-13,1981,10,13,0
1981-10-14,1981,10,14,0
1981-10-15,1981,10,15,0
1981-10-16,1981,10,16,0
1981-10-17,1981,10,17,3.5308397
1981-10-18,1981,10,18,0
1981-10-19,1981,10,19,0
1981-10-20,1981,10,20,0
1981-10-21,1981,10,21,0
1981-10-22,1981,10,22,0
1981-10-23,1981,10,23,0
1981-10-24,1981,10,24,0
1981-10-25,1981,10,25,1.8863177
1981-10-26,1981,10,26,18.222325
1981-10-27,1981,10,27,0
1981-10-28,1981,10,28,23.216799
1981-10-29,1981,10,29,18.543213
1981-10-30,1981,10,30,0
1981-10-31,1981,10,31,0
1981-11-01,1981,11,1,31.653098
1981-11-02,1981,11,2,6.9206067
1981-11-03,1981,11,3,0.071154906
1981-11-04,1981,11,4,5.6445061
1981-11-05,1981,11,5,0
1981-11-06,1981,11,6,0
1981-11-07,1981,11,7,0
1981-11-08,1981,11,8,10.627606
1981-11-09,1981,11,9,0
1981-11-10,1981,11,10,0
1981-11-11,1981,11,11,0
1981-11-12,1981,11,12,0
1981-11-13,1981,11,13,0
1981-11-14,1981,11,14,0
1981-11-15,1981,11,15,0
1981-11-16,1981,11,16,5.1546723
1981-11-17,1981,11,17,0
1981-11-18,1981,11,18,0
1981-11-19,1981,11,19,0
1981-11-20,1981,11,20,4.2113543
1981-11-21,1981,11,21,0
1981-11-22,1981,11,22,0
1981-11-23,1981,11,23,0
1981-11-24,1981,11,24,0
1981-11-25,1981,11,25,0
1981-11-26,1981,11,26,1.5131088
1981-11-27,1981,11,27,0
1981-11-28,1981,11,28,0.013039671
1981-11-29,1981,11,29,0.81868707
1981-11-30,1981,11,30,1.7718395
1981-12-01,1981,12,1,0
1981-12-02,1981,12,2,0
1981-12-03,1981,12,3,0
1981-12-04,1981,12,4,4.8871176
1981-12-05,1981,12,5,3.1167918
1981-12-06,1981,12,6,0
1981-12-07,1981,12,7,0
1981-12-08,1981,12,8,0
1981-12-09,1981,12,9,0
1981-12-10,1981,12,10,0
1981-12-11,1981,12,11,0
1981-12-12,1981,12,12,0
1981-12-13,1981,12,13,5.0341681
1981-12-14,1981,12,14,14.709086
1981-12-15,1981,12,15,2.3470373
1981-12-16,1981,12,16,30.775787
1981-12-17,1981,12,17,0
1981-12-18,1981,12,18,0
1981-12-19,1981,12,19,13.260973
1981-12-20,1981,12,20,0
1981-12-21,1981,12,21,0
1981-12-22,1981,12,22,0
1981-12-23,1981,12,23,0
1981-12-24,1981,12,24,0
1981-12-25,1981,12,25,0
1981-12-26,1981,12,26,0
1981-12-27,1981,12,27,0
1981-12-28,1981,12,28,0
1981-12-29,1981,12,29,0
1981-12-30,1981,12,30,0
1981-12-31,1981,12,31,0
1982-01-01,1982,1,1,0
1982-01-02,1982,1,2,0
1982-01-03,1982,1,3,0
1982-01-04,1982,1,4,0
1982-01-05,1982,1,5,0
1982-01-06,1982,1,6,0
1982-01-07,1982,1,7,0
1982-01-08,1982,1,8,0
1982-01-09,1982,1,9,0
1982-01-10,1982,1,10,0
1982-01-11,1982,1,11,0
1982-01-12,1982,1,12,6.6613696
1982-01-13,1982,1,13,0
1982-01-14,1982,1,14,0
1982-01-15,1982,1,15,38.854552
1982-01-16,1982,1,16,4.8854642
1982-01-17,1982,1,17,0
1982-01-18,1982,1,18,0
1982-01-19,1982,1,19,0
1982-01-20,1982,1,20,0
1982-01-21,1982,1,21,0
1982-01-22,1982,1,22,0
1982-01-23,1982,1,23,0
1982-01-24,1982,1,24,0
1982-01-25,1982,1,25,0
1982-01-26,1982,1,26,0
1982-01-27,1982,1,27,0
1982-01-28,1982,1,28,0.44025953
1982-01-29,1982,1,29,32.955917
1982-01-30,1982,1,30,0
1982-01-31,1982,1,31,0.38311388
1982-02-01,1982,2,1,16.046971
1982-02-02,1982,2,2,4.7775923
1982-02-03,1982,2,3,0
1982-02-04,1982,2,4,0
1982-02-05,1982,2,5,0
1982-02-06,1982,2,6,5.8373944
1982-02-07,1982,2,7,0
1982-02-08,1982,2,8,0
1982-02-09,1982,2,9,0
1982-02-10,1982,2,10,9.3973326
1982-02-11,1982,2,11,5.0435698
1982-02-12,1982,2,12,56.87309
1982-02-13,1982,2,13,0
1982-02-14,1982,2,14,0
1982-02-15,1982,2,15,0
1982-02-16,1982,2,16,0
1982-02-17,1982,2,17,0
1982-02-18,1982,2,18,0
1982-02-19,1982,2,19,5.0886456
1982-02-20,1982,2,20,0
1982-02-21,1982,2,21,0
1982-02-22,1982,2,22,0
1982-02-23,1982,2,23,0
1982-02-24,1982,2,24,6.1605806
1982-02-25,1982,2,25,0
1982-02-26,1982,2,26,0
1982-02-27,1982,2,27,0
1982-02-28,1982,2,28,0
1982-03-01,1982,3,1,0
1982-03-02,1982,3,2,0
1982-03-03,1982,3,3,0
1982-03-04,1982,3,4,0
1982-03-05,1982,3,5,0
1982-03-06,1982,3,6,0
1982-03-07,1982,3,7,5.9553496
1982-03-08,1982,3,8,8.2616401
1982-03-09,1982,3,9,0
1982-03-10,1982,3,10,0
1982-03-11,1982,3,11,0
1982-03-12,1982,3,12,0
1982-03-13,1982,3,13,0
1982-03-14,1982,3,14,0.00050879794
1982-03-15,1982,3,15,12.105524
1982-03-16,1982,3,16,24.974593
1982-03-17,1982,3,17,5.4063736
1982-03-18,1982,3,18,2.7594024
1982-03-19,1982,3,19,0
1982-03-20,1982,3,20,0.00022441815
1982-03-21,1982,3,21,4.5695151
1982-03-22,1982,3,22,0
1982-03-23,1982,3,23,38.188873
1982-03-24,1982,3,24,7.656099
1982-03-25,1982,3,25,0.77924123
1982-03-26,1982,3,26,0
1982-03-27,1982,3,27,0
1982-03-28,1982,3,28,0
1982-03-29,1982,3,29,0
1982-03-30,1982,3,30,0
1982-03-31,1982,3,31,0
1982-04-01,1982,4,1,0
1982-04-02,1982,4,2,2.2524484
1982-04-03,1982,4,3,0
1982-04-04,1982,4,4,0
1982-04-05,1982,4,5,0
1982-04-06,1982,4,6,0
1982-04-07,1982,4,7,0
1982-04-08,1982,4,8,0
1982-04-09,1982,4,9,0
1982-04-10,1982,4,10,0
1982-04-11,1982,4,11,15.214773
1982-04-12,1982,4,12,3.790795
1982-04-13,1982,4,13,0
1982-04-14,1982,4,14,0
1982-04-15,1982,4,15,0
1982-04-16,1982,4,16,29.746767
1982-04-17,1982,4,17,1.825002
1982-04-18,1982,4,18,0
1982-04-19,1982,4,19,0
1982-04-20,1982,4,20,0
1982-04-21,1982,4,21,0
1982-04-22,1982,4,22,0
1982-04-23,1982,4,23,0
1982-04-24,1982,4,24,0
1982-04-25,1982,4,25,0
1982-04-26,1982,4,26,0
1982-04-27,1982,4,27,0
1982-04-28,1982,4,28,0
1982-04-29,1982,4,29,0
1982-04-30,1982,4,30,0
1982-05-01,1982,5,1,0
1982-05-02,1982,5,2,0
1982-05-03,1982,5,3,0
1982-05-04,1982,5,4,0
1982-05-05,1982,5,5,1.2342531
1982-05-06,1982,5,6,32.657703
1982-05-07,1982,5,7,10.444347
1982-05-08,1982,5,8,17.046238
1982-05-09,1982,5,9,46.001893
1982-05-10,1982,5,10,38.39419
1982-05-11,1982,5,11,63.343426
1982-05-12,1982,5,12,28.019522
1982-05-13,1982,5,13,11.528702
1982-05-14,1982,5,14,18.308749
1982-05-15,1982,5,15,51.664355
1982-05-16,1982,5,16,44.57083
1982-05-17,1982,5,17,18.925052
1982-05-18,1982,5,18,0
1982-05-19,1982,5,19,34.303207
1982-05-20,1982,5,20,3.2188603
1982-05-21,1982,5,21,0
1982-05-22,1982,5,22,9.1553529
1982-05-23,1982,5,23,3.6227273
1982-05-24,1982,5,24,4.6588206
1982-05-25,1982,5,25,0
1982-05-26,1982,5,26,0
1982-05-27,1982,5,27,0
1982-05-28,1982,5,28,0.023470247
1982-05-29,1982,5,29,21.400003
1982-05-30,1982,5,30,14.210926
1982-05-31,1982,5,31,9.0312842
1982-06-01,1982,6,1,27.538368
1982-06-02,1982,6,2,16.386279
1982-06-03,1982,6,3,48.66621
1982-06-04,1982,6,4,12.84069
1982-06-05,1982,6,5,51.593822
1982-06-06,1982,6,6,13.658696
1982-06-07,1982,6,7,63.12164
1982-06-08,1982,6,8,80.350186
1982-06-09,1982,6,9,62.263289
1982-06-10,1982,6,10,36.086796
1982-06-11,1982,6,11,13.619401
1982-06-12,1982,6,12,30.92139
1982-06-13,1982,6,13,0
1982-06-14,1982,6,14,0
1982-06-15,1982,6,15,0
1982-06-16,1982,6,16,0.0024421551
1982-06-17,1982,6,17,1.2446263
1982-06-18,1982,6,18,0.17655163
1982-06-19,1982,6,19,0
1982-06-20,1982,6,20,0
1982-06-21,1982,6,21,0
1982-06-22,1982,6,22,5.3950325
1982-06-23,1982,6,23,27.93381
1982-06-24,1982,6,24,44.792405
1982-06-25,1982,6,25,39.159126
1982-06-26,1982,6,26,30.278881
1982-06-27,1982,6,27,0.63710068
1982-06-28,1982,6,28,18.811554
1982-06-29,1982,6,29,25.61033
1982-06-30,1982,6,30,0
1982-07-01,1982,7,1,20.156636
1982-07-02,1982,7,2,34.933829
1982-07-03,1982,7,3,7.9490797
1982-07-04,1982,7,4,12.174613
1982-07-05,1982,7,5,28.647081
1982-07-06,1982,7,6,7.2157224
1982-07-07,1982,7,7,11.28355
1982-07-08,1982,7,8,32.351326
1982-07-09,1982,7,9,71.782512
1982-07-10,1982,7,10,54.007571
1982-07-11,1982,7,11,34.388983
1982-07-12,1982,7,12,12.37412
1982-07-13,1982,7,13,42.165097
1982-07-14,1982,7,14,44.459739
1982-07-15,1982,7,15,53.233319
1982-07-16,1982,7,16,46.549309
1982-07-17,1982,7,17,53.685071
1982-07-18,1982,7,18,24.96673
1982-07-19,1982,7,19,22.010136
1982-07-20,1982,7,20,1.0648015
1982-07-21,1982,7,21,0
1982-07-22,1982,7,22,0
1982-07-23,1982,7,23,0
1982-07-24,1982,7,24,22.348776
1982-07-25,1982,7,25,16.698272
1982-07-26,1982,7,26,7.0677469
1982-07-27,1982,7,27,9.1192374
1982-07-28,1982,7,28,1.9851591
1982-07-29,1982,7,29,0
1982-07-30,1982,7,30,0.59784997
1982-07-31,1982,7,31,8.6190301
1982-08-01,1982,8,1,0
1982-08-02,1982,8,2,15.906805
1982-08-03,1982,8,3,12.24351
1982-08-04,1982,8,4,26.781259
1982-08-05,1982,8,5,4.0255031
1982-08-06,1982,8,6,0
1982-08-07,1982,8,7,1.607418
1982-08-08,1982,8,8,25.774571
1982-08-09,1982,8,9,0
1982-08-10,1982,8,10,0
1982-08-11,1982,8,11,0
1982-08-12,1982,8,12,24.52842
1982-08-13,1982,8,13,31.314072
1982-08-14,1982,8,14,9.0531729
1982-08-15,1982,8,15,0
1982-08-16,1982,8,16,0
1982-08-17,1982,8,17,0
1982-08-18,1982,8,18,0
1982-08-19,1982,8,19,0
1982-08-20,1982,8,20,13.354781
1982-08-21,1982,8,21,0
1982-08-22,1982,8,22,13.625981
1982-08-23,1982,8,23,50.106098
1982-08-24,1982,8,24,26.442932
1982-08-25,1982,8,25,36.175977
1982-08-26,1982,8,26,15.836039
1982-08-27,1982,8,27,30.802145
1982-08-28,1982,8,28,40.45367
1982-08-29,1982,8,29,7.0912356
1982-08-30,1982,8,30,0
1982-08-31,1982,8,31,0
1982-09-01,1982,9,1,1.318985
1982-09-02,1982,9,2,18.80733
1982-09-03,1982,9,3,30.103608
1982-09-04,1982,9,4,0
1982-09-05,1982,9,5,0
1982-09-06,1982,9,6,0
1982-09-07,1982,9,7,0
1982-09-08,1982,9,8,14.999374
1982-09-09,1982,9,9,15.332031
1982-09-10,1982,9,10,0.51518184
1982-09-11,1982,9,11,27.79603
1982-09-12,1982,9,12,73.656211
1982-09-13,1982,9,13,14.917105
1982-09-14,1982,9,14,15.577119
1982-09-15,1982,9,15,2.4016664
1982-09-16,1982,9,16,0
1982-09-17,1982,9,17,1.8464395
1982-09-18,1982,9,18,3.3817525
1982-09-19,1982,9,19,4.2077852
1982-09-20,1982,9,20,0
1982-09-21,1982,9,21,0
1982-09-22,1982,9,22,2.4117096
1982-09-23,1982,9,23,10.74766
1982-09-24,1982,9,24,5.6877727
1982-09-25,1982,9,25,0
1982-09-26,1982,9,26,0.015526619
1982-09-27,1982,9,27,7.8689765
1982-09-28,1982,9,28,16.290848
1982-09-29,1982,9,29,22.007139
1982-09-30,1982,9,30,19.41081
1982-10-01,1982,10,1,0.0022924709
1982-10-02,1982,10,2,20.443676
1982-10-03,1982,10,3,33.133462
1982-10-04,1982,10,4,1.3867737
1982-10-05,1982,10,5,21.330084
1982-10-06,1982,10,6,17.868909
1982-10-07,1982,10,7,2.0333526
1982-10-08,1982,10,8,0
1982-10-09,1982,10,9,2.0277299
1982-10-10,1982,10,10,15.35724
1982-10-11,1982,10,11,8.5146839
1982-10-12,1982,10,12,0
1982-10-13,1982,10,13,0
1982-10-14,1982,10,14,0
1982-10-15,1982,10,15,8.1765289
1982-10-16,1982,10,16,29.851746
1982-10-17,1982,10,17,7.9119025
1982-10-18,1982,10,18,12.129573
1982-10-19,1982,10,19,73.55159
1982-10-20,1982,10,20,37.263924
1982-10-21,1982,10,21,42.544707
1982-10-22,1982,10,22,15.95324
1982-10-23,1982,10,23,7.8895595
1982-10-24,1982,10,24,0.28699921
1982-10-25,1982,10,25,0.028373138
1982-10-26,1982,10,26,0
1982-10-27,1982,10,27,0
1982-10-28,1982,10,28,0.33221705
1982-10-29,1982,10,29,0
1982-10-30,1982,10,30,0
1982-10-31,1982,10,31,10.420316
1982-11-01,1982,11,1,11.587649
1982-11-02,1982,11,2,4.4278547
1982-11-03,1982,11,3,2.8555253
1982-11-04,1982,11,4,6.8006734
1982-11-05,1982,11,5,0
1982-11-06,1982,11,6,7.5451333
1982-11-07,1982,11,7,0
1982-11-08,1982,11,8,5.9325558
1982-11-09,1982,11,9,23.319988
1982-11-10,1982,11,10,4.3643813
1982-11-11,1982,11,11,0
1982-11-12,1982,11,12,0
1982-11-13,1982,11,13,0
1982-11-14,1982,11,14,0
1982-11-15,1982,11,15,0
1982-11-16,1982,11,16,0
1982-11-17,1982,11,17,17.133485
1982-11-18,1982,11,18,3.1962012
1982-11-19,1982,11,19,0
1982-11-20,1982,11,20,0
1982-11-21,1982,11,21,0
1982-11-22,1982,11,22,0
1982-11-23,1982,11,23,0
1982-11-24,1982,11,24,0
1982-11-25,1982,11,25,0
1982-11-26,1982,11,26,45.565768
1982-11-27,1982,11,27,16.399529
1982-11-28,1982,11,28,10.568072
1982-11-29,1982,11,29,0.049637986
1982-11-30,1982,11,30,0
1982-12-01,1982,12,1,0
1982-12-02,1982,12,2,0
1982-12-03,1982,12,3,0
1982-12-04,1982,12,4,0
1982-12-05,1982,12,5,0
1982-12-06,1982,12,6,0
1982-12-07,1982,12,7,0
1982-12-08,1982,12,8,0
1982-12-09,1982,12,9,0
1982-12-10,1982,12,10,0
1982-12-11,1982,12,11,0
1982-12-12,1982,12,12,0.75382171
1982-12-13,1982,12,13,2.6539499
1982-12-14,1982,12,14,0
1982-12-15,1982,12,15,0
1982-12-16,1982,12,16,0
1982-12-17,1982,12,17,0
1982-12-18,1982,12,18,0
1982-12-19,1982,12,19,0
1982-12-20,1982,12,20,0
1982-12-21,1982,12,21,0
1982-12-22,1982,12,22,0
1982-12-23,1982,12,23,0
1982-12-24,1982,12,24,0
1982-12-25,1982,12,25,0
1982-12-26,1982,12,26,0
1982-12-27,1982,12,27,0
1982-12-28,1982,12,28,0
1982-12-29,1982,12,29,0
1982-12-30,1982,12,30,0
1982-12-31,1982,12,31,0
1983-01-01,1983,1,1,0
1983-01-02,1983,1,2,2.060751
1983-01-03,1983,1,3,2.9602507
1983-01-04,1983,1,4,0
1983-01-05,1983,1,5,0
1983-01-06,1983,1,6,0
1983-01-07,1983,1,7,0
1983-01-08,1983,1,8,0
1983-01-09,1983,1,9,0
1983-01-10,1983,1,10,0
1983-01-11,1983,1,11,0
1983-01-12,1983,1,12,0.86178961
1983-01-13,1983,1,13,0.0016246481
1983-01-14,1983,1,14,0
1983-01-15,1983,1,15,0
1983-01-16,1983,1,16,0
1983-01-17,1983,1,17,0
1983-01-18,1983,1,18,0
1983-01-19,1983,1,19,0
1983-01-20,1983,1,20,0
1983-01-21,1983,1,21,0
1983-01-22,1983,1,22,6.5060897
1983-01-23,1983,1,23,28.683235
1983-01-24,1983,1,24,50.296367
1983-01-25,1983,1,25,2.6939807
1983-01-26,1983,1,26,0
1983-01-27,1983,1,27,0
1983-01-28,1983,1,28,4.3793596
1983-01-29,1983,1,29,47.830486
1983-01-30,1983,1,30,8.9481762
1983-01-31,1983,1,31,0
1983-02-01,1983,2,1,0
1983-02-02,1983,2,2,0
1983-02-03,1983,2,3,0
1983-02-04,1983,2,4,0
1983-02-05,1983,2,5,0
1983-02-06,1983,2,6,0
1983-02-07,1983,2,7,0
1983-02-08,1983,2,8,6.9168689
1983-02-09,1983,2,9,0
1983-02-10,1983,2,10,0
1983-02-11,1983,2,11,0
1983-02-12,1983,2,12,0
1983-02-13,1983,2,13,2.6756552
1983-02-14,1983,2,14,0
1983-02-15,1983,2,15,0
1983-02-16,1983,2,16,0
1983-02-17,1983,2,17,0
1983-02-18,1983,2,18,0
1983-02-19,1983,2,19,0
1983-02-20,1983,2,20,0
1983-02-21,1983,2,21,0
1983-02-22,1983,2,22,0
1983-02-23,1983,2,23,0
1983-02-24,1983,2,24,0
1983-02-25,1983,2,25,0
1983-02-26,1983,2,26,0
1983-02-27,1983,2,27,0
1983-02-28,1983,2,28,0
1983-03-01,1983,3,1,0
1983-03-02,1983,3,2,0
1983-03-03,1983,3,3,0
1983-03-04,1983,3,4,11.770032
1983-03-05,1983,3,5,0
1983-03-06,1983,3,6,0
1983-03-07,1983,3,7,6.867031
1983-03-08,1983,3,8,0
1983-03-09,1983,3,9,0
1983-03-10,1983,3,10,0
1983-03-11,1983,3,11,0
1983-03-12,1983,3,12,0
1983-03-13,1983,3,13,0
1983-03-14,1983,3,14,0
1983-03-15,1983,3,15,0
1983-03-16,1983,3,16,0.00012439868
1983-03-17,1983,3,17,0
1983-03-18,1983,3,18,0
1983-03-19,1983,3,19,0
1983-03-20,1983,3,20,0
1983-03-21,1983,3,21,0
1983-03-22,1983,3,22,0
1983-03-23,1983,3,23,0
1983-03-24,1983,3,24,0
1983-03-25,1983,3,25,0
1983-03-26,1983,3,26,5.7705712
1983-03-27,1983,3,27,3.0012972
1983-03-28,1983,3,28,0
1983-03-29,1983,3,29,3.6575964
1983-03-30,1983,3,30,1.981468
1983-03-31,1983,3,31,0
1983-04-01,1983,4,1,7.4587209
1983-04-02,1983,4,2,12.25435
1983-04-03,1983,4,3,0
1983-04-04,1983,4,4,0
1983-04-05,1983,4,5,0
1983-04-06,1983,4,6,0
1983-04-07,1983,4,7,0
1983-04-08,1983,4,8,0
1983-04-09,1983,4,9,0
1983-04-10,1983,4,10,9.9262218
1983-04-11,1983,4,11,35.080181
1983-04-12,1983,4,12,13.122565
1983-04-13,1983,4,13,0
1983-04-14,1983,4,14,0
1983-04-15,1983,4,15,0
1983-04-16,1983,4,16,0
1983-04-17,1983,4,17,0.0038312436
1983-04-18,1983,4,18,0
1983-04-19,1983,4,19,0
1983-04-20,1983,4,20,0
1983-04-21,1983,4,21,0
1983-04-22,1983,4,22,0
1983-04-23,1983,4,23,33.187155
1983-04-24,1983,4,24,26.346853
1983-04-25,1983,4,25,10.502733
1983-04-26,1983,4,26,44.136715
1983-04-27,1983,4,27,24.37132
1983-04-28,1983,4,28,14.748806
1983-04-29,1983,4,29,0
1983-04-30,1983,4,30,0
1983-05-01,1983,5,1,0
1983-05-02,1983,5,2,27.051857
1983-05-03,1983,5,3,27.816963
1983-05-04,1983,5,4,0
1983-05-05,1983,5,5,0
1983-05-06,1983,5,6,0.058184536
1983-05-07,1983,5,7,0
1983-05-08,1983,5,8,0
1983-05-09,1983,5,9,0
1983-05-10,1983,5,10,0
1983-05-11,1983,5,11,0
1983-05-12,1983,5,12,0
1983-05-13,1983,5,13,0
1983-05-14,1983,5,14,10.689187
1983-05-15,1983,5,15,32.00133
1983-05-16,1983,5,16,13.917474
1983-05-17,1983,5,17,1.1399156
1983-05-18,1983,5,18,11.304698
1983-05-19,1983,5,19,25.856058
1983-05-20,1983,5,20,0
1983-05-21,1983,5,21,0
1983-05-22,1983,5,22,0.24798103
1983-05-23,1983,5,23,0
1983-05-24,1983,5,24,17.664329
1983-05-25,1983,5,25,7.3008811
1983-05-26,1983,5,26,23.17954
1983-05-27,1983,5,27,17.361085
1983-05-28,1983,5,28,50.649625
1983-05-29,1983,5,29,0.16731848
1983-05-30,1983,5,30,0.23710279
1983-05-31,1983,5,31,0.18313638
1983-06-01,1983,6,1,0
1983-06-02,1983,6,2,0
1983-06-03,1983,6,3,0
1983-06-04,1983,6,4,0
1983-06-05,1983,6,5,0
1983-06-06,1983,6,6,5.7414005
1983-06-07,1983,6,7,0.49092817
1983-06-08,1983,6,8,0
1983-06-09,1983,6,9,0
1983-06-10,1983,6,10,0
1983-06-11,1983,6,11,0.082208668
1983-06-12,1983,6,12,0
1983-06-13,1983,6,13,10.638412
1983-06-14,1983,6,14,49.942438
1983-06-15,1983,6,15,67.065653
1983-06-16,1983,6,16,106.31227
1983-06-17,1983,6,17,50.363338
1983-06-18,1983,6,18,31.540733
1983-06-19,1983,6,19,21.446116
1983-06-20,1983,6,20,43.636657
1983-06-21,1983,6,21,11.453378
1983-06-22,1983,6,22,3.9951337
1983-06-23,1983,6,23,0
1983-06-24,1983,6,24,0
1983-06-25,1983,6,25,9.1475914
1983-06-26,1983,6,26,13.299512
1983-06-27,1983,6,27,9.4350108
1983-06-28,1983,6,28,0
1983-06-29,1983,6,29,0
1983-06-30,1983,6,30,11.940872
1983-07-01,1983,7,1,49.458603
1983-07-02,1983,7,2,15.492664
1983-07-03,1983,7,3,33.922355
1983-07-04,1983,7,4,45.954992
1983-07-05,1983,7,5,20.265399
1983-07-06,1983,7,6,14.926978
1983-07-07,1983,7,7,0
1983-07-08,1983,7,8,0
1983-07-09,1983,7,9,4.1089254
1983-07-10,1983,7,10,27.679188
1983-07-11,1983,7,11,49.442507
1983-07-12,1983,7,12,35.41448
1983-07-13,1983,7,13,41.503795
1983-07-14,1983,7,14,7.7518964
1983-07-15,1983,7,15,0
1983-07-16,1983,7,16,0
1983-07-17,1983,7,17,0
1983-07-18,1983,7,18,0.87963213
1983-07-19,1983,7,19,4.7442353
1983-07-20,1983,7,20,1.6383692
1983-07-21,1983,7,21,0
1983-07-22,1983,7,22,0
1983-07-23,1983,7,23,0
1983-07-24,1983,7,24,0
1983-07-25,1983,7,25,0
1983-07-26,1983,7,26,0
1983-07-27,1983,7,27,23.109375
1983-07-28,1983,7,28,0
1983-07-29,1983,7,29,0
1983-07-30,1983,7,30,0
1983-07-31,1983,7,31,0
1983-08-01,1983,8,1,0
1983-08-02,1983,8,2,0
1983-08-03,1983,8,3,17.218131
1983-08-04,1983,8,4,65.736516
1983-08-05,1983,8,5,9.642527
1983-08-06,1983,8,6,0
1983-08-07,1983,8,7,0
1983-08-08,1983,8,8,0
1983-08-09,1983,8,9,14.387396
1983-08-10,1983,8,10,34.727063
1983-08-11,1983,8,11,9.516941
1983-08-12,1983,8,12,16.484421
1983-08-13,1983,8,13,11.970207
1983-08-14,1983,8,14,0
1983-08-15,1983,8,15,0
1983-08-16,1983,8,16,0
1983-08-17,1983,8,17,0
1983-08-18,1983,8,18,0
1983-08-19,1983,8,19,0
1983-08-20,1983,8,20,0
1983-08-21,1983,8,21,0.4554912
1983-08-22,1983,8,22,24.727378
1983-08-23,1983,8,23,14.113839
1983-08-24,1983,8,24,21.631597
1983-08-25,1983,8,25,10.356154
1983-08-26,1983,8,26,22.88762
1983-08-27,1983,8,27,0
1983-08-28,1983,8,28,0
1983-08-29,1983,8,29,0
1983-08-30,1983,8,30,0
1983-08-31,1983,8,31,0
1983-09-01,1983,9,1,12.826435
1983-09-02,1983,9,2,0
1983-09-03,1983,9,3,29.907309
1983-09-04,1983,9,4,41.474051
1983-09-05,1983,9,5,14.288086
1983-09-06,1983,9,6,0
1983-09-07,1983,9,7,0
1983-09-08,1983,9,8,0.65513867
1983-09-09,1983,9,9,0
1983-09-10,1983,9,10,0
1983-09-11,1983,9,11,0
1983-09-12,1983,9,12,0
1983-09-13,1983,9,13,0
1983-09-14,1983,9,14,6.5162605
1983-09-15,1983,9,15,7.0866876
1983-09-16,1983,9,16,6.9715186
1983-09-17,1983,9,17,0
1983-09-18,1983,9,18,0
1983-09-19,1983,9,19,0
1983-09-20,1983,9,20,0
1983-09-21,1983,9,21,0
1983-09-22,1983,9,22,6.7711157
1983-09-23,1983,9,23,7.0329482
1983-09-24,1983,9,24,8.8121525
1983-09-25,1983,9,25,31.998144
1983-09-26,1983,9,26,17.064965
1983-09-27,1983,9,27,4.2994622
1983-09-28,1983,9,28,0
1983-09-29,1983,9,29,0
1983-09-30,1983,9,30,0
1983-10-01,1983,10,1,0
1983-10-02,1983,10,2,0
1983-10-03,1983,10,3,0
1983-10-04,1983,10,4,0
1983-10-05,1983,10,5,0
1983-10-06,1983,10,6,0
1983-10-07,1983,10,7,17.828798
1983-10-08,1983,10,8,1.0273231
1983-10-09,1983,10,9,0
1983-10-10,1983,10,10,0
1983-10-11,1983,10,11,0
1983-10-12,1983,10,12,0
1983-10-13,1983,10,13,0
1983-10-14,1983,10,14,0
1983-10-15,1983,10,15,11.576421
1983-10-16,1983,10,16,7.9200917
1983-10-17,1983,10,17,5.4995401
1983-10-18,1983,10,18,21.730323
1983-10-19,1983,10,19,5.1958137
1983-10-20,1983,10,20,39.46114
1983-10-21,1983,10,21,32.748902
1983-10-22,1983,10,22,0
1983-10-23,1983,10,23,0
1983-10-24,1983,10,24,3.9364991
1983-10-25,1983,10,25,4.5959685
1983-10-26,1983,10,26,0
1983-10-27,1983,10,27,0
1983-10-28,1983,10,28,0
1983-10-29,1983,10,29,0
1983-10-30,1983,10,30,0
1983-10-31,1983,10,31,0
1983-11-01,1983,11,1,0
1983-11-02,1983,11,2,0
1983-11-03,1983,11,3,0
1983-11-04,1983,11,4,0
1983-11-05,1983,11,5,0
1983-11-06,1983,11,6,0
1983-11-07,1983,11,7,0
1983-11-08,1983,11,8,0
1983-11-09,1983,11,9,0
1983-11-10,1983,11,10,0
1983-11-11,1983,11,11,0
1983-11-12,1983,11,12,0
1983-11-13,1983,11,13,0
1983-11-14,1983,11,14,0
1983-11-15,1983,11,15,0
1983-11-16,1983,11,16,0
1983-11-17,1983,11,17,0
1983-11-18,1983,11,18,0
1983-11-19,1983,11,19,8.1681751
1983-11-20,1983,11,20,0
1983-11-21,1983,11,21,0
1983-11-22,1983,11,22,0
1983-11-23,1983,11,23,0
1983-11-24,1983,11,24,0
1983-11-25,1983,11,25,0
1983-11-26,1983,11,26,0
1983-11-27,1983,11,27,0
1983-11-28,1983,11,28,0
1983-11-29,1983,11,29,0
1983-11-30,1983,11,30,0
1983-12-01,1983,12,1,0
1983-12-02,1983,12,2,0
1983-12-03,1983,12,3,0
1983-12-04,1983,12,4,0
1983-12-05,1983,12,5,0
1983-12-06,1983,12,6,0
1983-12-07,1983,12,7,0
1983-12-08,1983,12,8,0
1983-12-09,1983,12,9,0
1983-12-10,1983,12,10,11.042878
1983-12-11,1983,12,11,0
1983-12-12,1983,12,12,0
1983-12-13,1983,12,13,0
1983-12-14,1983,12,14,0
1983-12-15,1983,12,15,0.011566338
1983-12-16,1983,12,16,13.483806
1983-12-17,1983,12,17,0
1983-12-18,1983,12,18,0
1983-12-19,1983,12,19,0
1983-12-20,1983,12,20,0
1983-12-21,1983,12,21,0
1983-12-22,1983,12,22,1.5329492
1983-12-23,1983,12,23,0
1983-12-24,1983,12,24,0
1983-12-25,1983,12,25,0
1983-12-26,1983,12,26,15.037114
1983-12-27,1983,12,27,0.31750438
1983-12-28,1983,12,28,0
1983-12-29,1983,12,29,8.9165211
1983-12-30,1983,12,30,0
1983-12-31,1983,12,31,0
1984-01-01,1984,1,1,0
1984-01-02,1984,1,2,0
1984-01-03,1984,1,3,0
1984-01-04,1984,1,4,0
1984-01-05,1984,1,5,0.00016879255
1984-01-06,1984,1,6,25.543871
1984-01-07,1984,1,7,0
1984-01-08,1984,1,8,16.523037
1984-01-09,1984,1,9,0
1984-01-10,1984,1,10,0
1984-01-11,1984,1,11,0
1984-01-12,1984,1,12,0
1984-01-13,1984,1,13,0
1984-01-14,1984,1,14,0
1984-01-15,1984,1,15,0.40897863
1984-01-16,1984,1,16,0
1984-01-17,1984,1,17,0
1984-01-18,1984,1,18,0
1984-01-19,1984,1,19,0
1984-01-20,1984,1,20,8.843291
1984-01-21,1984,1,21,0.63421804
1984-01-22,1984,1,22,0
1984-01-23,1984,1,23,0
1984-01-24,1984,1,24,0
1984-01-25,1984,1,25,0
1984-01-26,1984,1,26,0
1984-01-27,1984,1,27,11.624739
1984-01-28,1984,1,28,0
1984-01-29,1984,1,29,3.9639142
1984-01-30,1984,1,30,2.4686259
1984-01-31,1984,1,31,0
1984-02-01,1984,2,1,0
1984-02-02,1984,2,2,0
1984-02-03,1984,2,3,13.698977
1984-02-04,1984,2,4,10.174762
1984-02-05,1984,2,5,0
1984-02-06,1984,2,6,0
1984-02-07,1984,2,7,0
1984-02-08,1984,2,8,0
1984-02-09,1984,2,9,0
1984-02-10,1984,2,10,37.189753
1984-02-11,1984,2,11,0.18263088
1984-02-12,1984,2,12,0
1984-02-13,1984,2,13,0
1984-02-14,1984,2,14,0
1984-02-15,1984,2,15,0
1984-02-16,1984,2,16,0.00092464547
1984-02-17,1984,2,17,0
1984-02-18,1984,2,18,0
1984-02-19,1984,2,19,0
1984-02-20,1984,2,20,8.4437842
1984-02-21,1984,2,21,0
1984-02-22,1984,2,22,0
1984-02-23,1984,2,23,0
1984-02-24,1984,2,24,31.924976
1984-02-25,1984,2,25,16.898576
1984-02-26,1984,2,26,0
1984-02-27,1984,2,27,1.0729959
1984-02-28,1984,2,28,0
1984-02-29,1984,2,29,0
1984-03-01,1984,3,1,0
1984-03-02,1984,3,2,0
1984-03-03,1984,3,3,0
1984-03-04,1984,3,4,0
1984-03-05,1984,3,5,0
1984-03-06,1984,3,6,0
1984-03-07,1984,3,7,0
1984-03-08,1984,3,8,0
1984-03-09,1984,3,9,0
1984-03-10,1984,3,10,0
1984-03-11,1984,3,11,0
1984-03-12,1984,3,12,0
1984-03-13,1984,3,13,0.010186978
1984-03-14,1984,3,14,12.979074
1984-03-15,1984,3,15,0
1984-03-16,1984,3,16,0
1984-03-17,1984,3,17,0
1984-03-18,1984,3,18,0
1984-03-19,1984,3,19,0
1984-03-20,1984,3,20,0
1984-03-21,1984,3,21,0
1984-03-22,1984,3,22,26.580918
1984-03-23,1984,3,23,16.730256
1984-03-24,1984,3,24,18.916811
1984-03-25,1984,3,25,0
1984-03-26,1984,3,26,0
1984-03-27,1984,3,27,0
1984-03-28,1984,3,28,0.014863995
1984-03-29,1984,3,29,0
1984-03-30,1984,3,30,0.013122835
1984-03-31,1984,3,31,7.0404241
1984-04-01,1984,4,1,4.7140967
1984-04-02,1984,4,2,0
1984-04-03,1984,4,3,0
1984-04-04,1984,4,4,9.8702085
1984-04-05,1984,4,5,0
1984-04-06,1984,4,6,0
1984-04-07,1984,4,7,0
1984-04-08,1984,4,8,0
1984-04-09,1984,4,9,0
1984-04-10,1984,4,10,0
1984-04-11,1984,4,11,0
1984-04-12,1984,4,12,0
1984-04-13,1984,4,13,0
1984-04-14,1984,4,14,26.078534
1984-04-15,1984,4,15,7.9069988
1984-04-16,1984,4,16,0
1984-04-17,1984,4,17,0
1984-04-18,1984,4,18,0
1984-04-19,1984,4,19,0
1984-04-20,1984,4,20,0
1984-04-21,1984,4,21,0
1984-04-22,1984,4,22,3.5677665
1984-04-23,1984,4,23,0
1984-04-24,1984,4,24,0
1984-04-25,1984,4,25,0
1984-04-26,1984,4,26,0
1984-04-27,1984,4,27,8.8147419
1984-04-28,1984,4,28,0
1984-04-29,1984,4,29,0
1984-04-30,1984,4,30,18.612798
1984-05-01,1984,5,1,117.42231
1984-05-02,1984,5,2,96.626654
1984-05-03,1984,5,3,11.989711
1984-05-04,1984,5,4,44.294834
1984-05-05,1984,5,5,0
1984-05-06,1984,5,6,7.7771819
1984-05-07,1984,5,7,0.17439532
1984-05-08,1984,5,8,4.882503
1984-05-09,1984,5,9,0
1984-05-10,1984,5,10,4.0252036
1984-05-11,1984,5,11,0
1984-05-12,1984,5,12,0
1984-05-13,1984,5,13,13.377987
1984-05-14,1984,5,14,0
1984-05-15,1984,5,15,6.0396281
1984-05-16,1984,5,16,52.762162
1984-05-17,1984,5,17,45.535385
1984-05-18,1984,5,18,28.121053
1984-05-19,1984,5,19,44.098318
1984-05-20,1984,5,20,58.814339
1984-05-21,1984,5,21,26.865666
1984-05-22,1984,5,22,44.45132
1984-05-23,1984,5,23,53.662671
1984-05-24,1984,5,24,93.823812
1984-05-25,1984,5,25,59.358081
1984-05-26,1984,5,26,28.223675
1984-05-27,1984,5,27,5.2316616
1984-05-28,1984,5,28,8.7794692
1984-05-29,1984,5,29,0
1984-05-30,1984,5,30,22.641329
1984-05-31,1984,5,31,23.939629
1984-06-01,1984,6,1,6.0340832
1984-06-02,1984,6,2,1.3688608
1984-06-03,1984,6,3,0
1984-06-04,1984,6,4,0
1984-06-05,1984,6,5,0
1984-06-06,1984,6,6,0
1984-06-07,1984,6,7,1.6077008
1984-06-08,1984,6,8,19.060536
1984-06-09,1984,6,9,82.814247
1984-06-10,1984,6,10,34.217864
1984-06-11,1984,6,11,20.201222
1984-06-12,1984,6,12,6.1378491
1984-06-13,1984,6,13,0
1984-06-14,1984,6,14,15.802021
1984-06-15,1984,6,15,25.627732
1984-06-16,1984,6,16,0
1984-06-17,1984,6,17,0
1984-06-18,1984,6,18,11.949633
1984-06-19,1984,6,19,19.10732
1984-06-20,1984,6,20,0
1984-06-21,1984,6,21,0
1984-06-22,1984,6,22,0
1984-06-23,1984,6,23,0.84904266
1984-06-24,1984,6,24,0.45871461
1984-06-25,1984,6,25,0
1984-06-26,1984,6,26,26.041652
1984-06-27,1984,6,27,35.225164
1984-06-28,1984,6,28,16.073255
1984-06-29,1984,6,29,47.726512
1984-06-30,1984,6,30,101.61064
1984-07-01,1984,7,1,31.385515
1984-07-02,1984,7,2,39.424014
1984-07-03,1984,7,3,37.526796
1984-07-04,1984,7,4,21.686865
1984-07-05,1984,7,5,29.919247
1984-07-06,1984,7,6,21.303291
1984-07-07,1984,7,7,25.01057
1984-07-08,1984,7,8,3.1825476
1984-07-09,1984,7,9,11.552346
1984-07-10,1984,7,10,14.294561
1984-07-11,1984,7,11,8.4813452
1984-07-12,1984,7,12,0
1984-07-13,1984,7,13,0
1984-07-14,1984,7,14,34.919677
1984-07-15,1984,7,15,67.748503
1984-07-16,1984,7,16,70.801597
1984-07-17,1984,7,17,44.073084
1984-07-18,1984,7,18,6.2152467
1984-07-19,1984,7,19,0
1984-07-20,1984,7,20,0
1984-07-21,1984,7,21,0
1984-07-22,1984,7,22,0.11991037
1984-07-23,1984,7,23,8.6387417
1984-07-24,1984,7,24,0
1984-07-25,1984,7,25,0
1984-07-26,1984,7,26,0
1984-07-27,1984,7,27,0
1984-07-28,1984,7,28,0
1984-07-29,1984,7,29,0
1984-07-30,1984,7,30,26.285905
1984-07-31,1984,7,31,1.9056135
1984-08-01,1984,8,1,0
1984-08-02,1984,8,2,0
1984-08-03,1984,8,3,21.76023
1984-08-04,1984,8,4,27.517345
1984-08-05,1984,8,5,25.865023
1984-08-06,1984,8,6,4.0732665
1984-08-07,1984,8,7,0
1984-08-08,1984,8,8,3.2131555
1984-08-09,1984,8,9,0.66658532
1984-08-10,1984,8,10,5.3055383
1984-08-11,1984,8,11,7.2440009
1984-08-12,1984,8,12,0
1984-08-13,1984,8,13,0
1984-08-14,1984,8,14,0
1984-08-15,1984,8,15,0
1984-08-16,1984,8,16,0
1984-08-17,1984,8,17,0
1984-08-18,1984,8,18,8.1974799
1984-08-19,1984,8,19,20.552945
1984-08-20,1984,8,20,0.037806737
1984-08-21,1984,8,21,22.155665
1984-08-22,1984,8,22,12.721636
1984-08-23,1984,8,23,3.7376151
1984-08-24,1984,8,24,0
1984-08-25,1984,8,25,0
1984-08-26,1984,8,26,0
1984-08-27,1984,8,27,0
1984-08-28,1984,8,28,0
1984-08-29,1984,8,29,0
1984-08-30,1984,8,30,0
1984-08-31,1984,8,31,0
1984-09-01,1984,9,1,0
1984-09-02,1984,9,2,0
1984-09-03,1984,9,3,0
1984-09-04,1984,9,4,0.28666941
1984-09-05,1984,9,5,6.3766877
1984-09-06,1984,9,6,0
1984-09-07,1984,9,7,0
1984-09-08,1984,9,8,6.7126785
1984-09-09,1984,9,9,10.963087
1984-09-10,1984,9,10,0
1984-09-11,1984,9,11,0.25183909
1984-09-12,1984,9,12,5.8622657
1984-09-13,1984,9,13,34.111986
1984-09-14,1984,9,14,29.212733
1984-09-15,1984,9,15,0
1984-09-16,1984,9,16,8.9300158
1984-09-17,1984,9,17,34.033424
1984-09-18,1984,9,18,36.578662
1984-09-19,1984,9,19,22.586069
1984-09-20,1984,9,20,4.3678338
1984-09-21,1984,9,21,0
1984-09-22,1984,9,22,9.2421289
1984-09-23,1984,9,23,1.5996034
1984-09-24,1984,9,24,0
1984-09-25,1984,9,25,0
1984-09-26,1984,9,26,0
1984-09-27,1984,9,27,0
1984-09-28,1984,9,28,0
1984-09-29,1984,9,29,19.102
1984-09-30,1984,9,30,13.75106
1984-10-01,1984,10,1,0
1984-10-02,1984,10,2,0.031162071
1984-10-03,1984,10,3,0
1984-10-04,1984,10,4,5.6998185
1984-10-05,1984,10,5,0
1984-10-06,1984,10,6,0
1984-10-07,1984,10,7,0
1984-10-08,1984,10,8,1.890748
1984-10-09,1984,10,9,30.414653
1984-10-10,1984,10,10,10.129297
1984-10-11,1984,10,11,11.29609
1984-10-12,1984,10,12,0
1984-10-13,1984,10,13,0
1984-10-14,1984,10,14,0
1984-10-15,1984,10,15,23.422752
1984-10-16,1984,10,16,12.114188
1984-10-17,1984,10,17,0
1984-10-18,1984,10,18,19.402788
1984-10-19,1984,10,19,48.537851
1984-10-20,1984,10,20,2.2929518
1984-10-21,1984,10,21,0
1984-10-22,1984,10,22,23.756207
1984-10-23,1984,10,23,14.125524
1984-10-24,1984,10,24,61.320881
1984-10-25,1984,10,25,9.4119729
1984-10-26,1984,10,26,12.121281
1984-10-27,1984,10,27,47.643452
1984-10-28,1984,10,28,56.007221
1984-10-29,1984,10,29,11.608715
1984-10-30,1984,10,30,0
1984-10-31,1984,10,31,12.738355
1984-11-01,1984,11,1,19.58252
1984-11-02,1984,11,2,7.2443025
1984-11-03,1984,11,3,0.0033885333
1984-11-04,1984,11,4,8.4506548
1984-11-05,1984,11,5,0.18980374
1984-11-06,1984,11,6,5.2210623
1984-11-07,1984,11,7,13.021278
1984-11-08,1984,11,8,0.014948775
1984-11-09,1984,11,9,0.19088324
1984-11-10,1984,11,10,5.5676499
1984-11-11,1984,11,11,0.87251474
1984-11-12,1984,11,12,0
1984-11-13,1984,11,13,0
1984-11-14,1984,11,14,2.6100165
1984-11-15,1984,11,15,0
1984-11-16,1984,11,16,0
1984-11-17,1984,11,17,0
1984-11-18,1984,11,18,0
1984-11-19,1984,11,19,0
1984-11-20,1984,11,20,0.073013757
1984-11-21,1984,11,21,3.9555991
1984-11-22,1984,11,22,0.015415282
1984-11-23,1984,11,23,0
1984-11-24,1984,11,24,0
1984-11-25,1984,11,25,0
1984-11-26,1984,11,26,0
1984-11-27,1984,11,27,0
1984-11-28,1984,11,28,2.0479951
1984-11-29,1984,11,29,6.0711649
1984-11-30,1984,11,30,7.930562
1984-12-01,1984,12,1,0.021724581
1984-12-02,1984,12,2,4.2555451
1984-12-03,1984,12,3,0.40502938
1984-12-04,1984,12,4,0
1984-12-05,1984,12,5,0
1984-12-06,1984,12,6,0
1984-12-07,1984,12,7,0
1984-12-08,1984,12,8,0
1984-12-09,1984,12,9,1.6399629
1984-12-10,1984,12,10,9.3866252
1984-12-11,1984,12,11,17.643841
1984-12-12,1984,12,12,0
1984-12-13,1984,12,13,0
1984-12-14,1984,12,14,0
1984-12-15,1984,12,15,0
1984-12-16,1984,12,16,0
1984-12-17,1984,12,17,0
1984-12-18,1984,12,18,0.11044991
1984-12-19,1984,12,19,7.8054911
1984-12-20,1984,12,20,0
1984-12-21,1984,12,21,0
1984-12-22,1984,12,22,0
1984-12-23,1984,12,23,0
1984-12-24,1984,12,24,0
1984-12-25,1984,12,25,0.090716181
1984-12-26,1984,12,26,0
1984-12-27,1984,12,27,0
1984-12-28,1984,12,28,0
1984-12-29,1984,12,29,0
1984-12-30,1984,12,30,4.5203798
1984-12-31,1984,12,31,0
1985-01-01,1985,1,1,0
1985-01-02,1985,1,2,0
1985-01-03,1985,1,3,30.68311
1985-01-04,1985,1,4,0
1985-01-05,1985,1,5,0
1985-01-06,1985,1,6,0
1985-01-07,1985,1,7,0
1985-01-08,1985,1,8,0
1985-01-09,1985,1,9,0
1985-01-10,1985,1,10,0
1985-01-11,1985,1,11,0
1985-01-12,1985,1,12,0
1985-01-13,1985,1,13,6.2523045
1985-01-14,1985,1,14,20.66592
1985-01-15,1985,1,15,0
1985-01-16,1985,1,16,0
1985-01-17,1985,1,17,0
1985-01-18,1985,1,18,17.541308
1985-01-19,1985,1,19,11.337003
1985-01-20,1985,1,20,0
1985-01-21,1985,1,21,0
1985-01-22,1985,1,22,0
1985-01-23,1985,1,23,0.60379755
1985-01-24,1985,1,24,26.903899
1985-01-25,1985,1,25,0
1985-01-26,1985,1,26,0
1985-01-27,1985,1,27,0
1985-01-28,1985,1,28,0
1985-01-29,1985,1,29,0
1985-01-30,1985,1,30,0.055745177
1985-01-31,1985,1,31,0.65276346
1985-02-01,1985,2,1,0.93157818
1985-02-02,1985,2,2,0
1985-02-03,1985,2,3,0
1985-02-04,1985,2,4,0
1985-02-05,1985,2,5,2.0063258
1985-02-06,1985,2,6,0
1985-02-07,1985,2,7,0.067487698
1985-02-08,1985,2,8,0
1985-02-09,1985,2,9,0
1985-02-10,1985,2,10,0
1985-02-11,1985,2,11,0
1985-02-12,1985,2,12,0
1985-02-13,1985,2,13,0
1985-02-14,1985,2,14,14.438371
1985-02-15,1985,2,15,0
1985-02-16,1985,2,16,0
1985-02-17,1985,2,17,0
1985-02-18,1985,2,18,0
1985-02-19,1985,2,19,0
1985-02-20,1985,2,20,0
1985-02-21,1985,2,21,0
1985-02-22,1985,2,22,5.8792917
1985-02-23,1985,2,23,0
1985-02-24,1985,2,24,0.53253981
1985-02-25,1985,2,25,5.11812
1985-02-26,1985,2,26,0
1985-02-27,1985,2,27,0
1985-02-28,1985,2,28,0
1985-03-01,1985,3,1,0
1985-03-02,1985,3,2,0
1985-03-03,1985,3,3,0
1985-03-04,1985,3,4,0
1985-03-05,1985,3,5,0
1985-03-06,1985,3,6,0
1985-03-07,1985,3,7,0
1985-03-08,1985,3,8,0
1985-03-09,1985,3,9,0
1985-03-10,1985,3,10,0
1985-03-11,1985,3,11,0
1985-03-12,1985,3,12,0
1985-03-13,1985,3,13,0
1985-03-14,1985,3,14,0.010362055
1985-03-15,1985,3,15,1.8882776
1985-03-16,1985,3,16,9.9358764
1985-03-17,1985,3,17,0
1985-03-18,1985,3,18,0
1985-03-19,1985,3,19,0
1985-03-20,1985,3,20,2.5692761
1985-03-21,1985,3,21,18.153585
1985-03-22,1985,3,22,28.666621
1985-03-23,1985,3,23,22.224817
1985-03-24,1985,3,24,2.6502803
1985-03-25,1985,3,25,37.715255
1985-03-26,1985,3,26,8.6017934
1985-03-27,1985,3,27,0
1985-03-28,1985,3,28,0
1985-03-29,1985,3,29,0
1985-03-30,1985,3,30,0
1985-03-31,1985,3,31,0.001008222
1985-04-01,1985,4,1,44.249154
1985-04-02,1985,4,2,16.805875
1985-04-03,1985,4,3,0
1985-04-04,1985,4,4,0
1985-04-05,1985,4,5,41.960172
1985-04-06,1985,4,6,8.5918369
1985-04-07,1985,4,7,17.205268
1985-04-08,1985,4,8,15.030104
1985-04-09,1985,4,9,2.6760954
1985-04-10,1985,4,10,0
1985-04-11,1985,4,11,0
1985-04-12,1985,4,12,0
1985-04-13,1985,4,13,0
1985-04-14,1985,4,14,29.151384
1985-04-15,1985,4,15,56.806898
1985-04-16,1985,4,16,11.043274
1985-04-17,1985,4,17,0
1985-04-18,1985,4,18,0
1985-04-19,1985,4,19,6.1008205
1985-04-20,1985,4,20,0
1985-04-21,1985,4,21,0
1985-04-22,1985,4,22,0
1985-04-23,1985,4,23,0
1985-04-24,1985,4,24,0
1985-04-25,1985,4,25,14.894763
1985-04-26,1985,4,26,18.037892
1985-04-27,1985,4,27,2.0809481
1985-04-28,1985,4,28,7.0583122
1985-04-29,1985,4,29,0
1985-04-30,1985,4,30,0
1985-05-01,1985,5,1,0
1985-05-02,1985,5,2,0
1985-05-03,1985,5,3,0
1985-05-04,1985,5,4,0
1985-05-05,1985,5,5,0
1985-05-06,1985,5,6,0
1985-05-07,1985,5,7,0
1985-05-08,1985,5,8,1.9417844
1985-05-09,1985,5,9,0
1985-05-10,1985,5,10,0
1985-05-11,1985,5,11,0.97639952
1985-05-12,1985,5,12,16.498518
1985-05-13,1985,5,13,37.766356
1985-05-14,1985,5,14,0
1985-05-15,1985,5,15,46.56195
1985-05-16,1985,5,16,8.6627737
1985-05-17,1985,5,17,30.879305
1985-05-18,1985,5,18,1.2082551
1985-05-19,1985,5,19,55.595623
1985-05-20,1985,5,20,24.482892
1985-05-21,1985,5,21,18.074211
1985-05-22,1985,5,22,22.54818
1985-05-23,1985,5,23,88.849762
1985-05-24,1985,5,24,51.6747
1985-05-25,1985,5,25,39.534014
1985-05-26,1985,5,26,37.535579
1985-05-27,1985,5,27,42.324936
1985-05-28,1985,5,28,3.7206052
1985-05-29,1985,5,29,0.0010873238
1985-05-30,1985,5,30,43.194215
1985-05-31,1985,5,31,5.9813618
1985-06-01,1985,6,1,3.1083552
1985-06-02,1985,6,2,6.9426043
1985-06-03,1985,6,3,5.1752353
1985-06-04,1985,6,4,0
1985-06-05,1985,6,5,0
1985-06-06,1985,6,6,0
1985-06-07,1985,6,7,0
1985-06-08,1985,6,8,0
1985-06-09,1985,6,9,0
1985-06-10,1985,6,10,11.919308
1985-06-11,1985,6,11,5.8708679
1985-06-12,1985,6,12,16.826088
1985-06-13,1985,6,13,31.735131
1985-06-14,1985,6,14,6.8447949
1985-06-15,1985,6,15,8.9129138
1985-06-16,1985,6,16,10.728568
1985-06-17,1985,6,17,23.478102
1985-06-18,1985,6,18,31.869196
1985-06-19,1985,6,19,12.463005
1985-06-20,1985,6,20,11.412798
1985-06-21,1985,6,21,7.6793754
1985-06-22,1985,6,22,19.727461
1985-06-23,1985,6,23,1.920812
1985-06-24,1985,6,24,0
1985-06-25,1985,6,25,0
1985-06-26,1985,6,26,0
1985-06-27,1985,6,27,23.563088
1985-06-28,1985,6,28,25.938202
1985-06-29,1985,6,29,33.256334
1985-06-30,1985,6,30,17.095872
1985-07-01,1985,7,1,72.981161
1985-07-02,1985,7,2,72.972704
1985-07-03,1985,7,3,22.17686
1985-07-04,1985,7,4,0
1985-07-05,1985,7,5,0
1985-07-06,1985,7,6,2.2434138
1985-07-07,1985,7,7,51.229313
1985-07-08,1985,7,8,5.2205984
1985-07-09,1985,7,9,0
1985-07-10,1985,7,10,0
1985-07-11,1985,7,11,0
1985-07-12,1985,7,12,0
1985-07-13,1985,7,13,0
1985-07-14,1985,7,14,0
1985-07-15,1985,7,15,0.19333175
1985-07-16,1985,7,16,12.436405
1985-07-17,1985,7,17,9.7275571
1985-07-18,1985,7,18,0
1985-07-19,1985,7,19,0
1985-07-20,1985,7,20,0
1985-07-21,1985,7,21,0
1985-07-22,1985,7,22,16.184305
1985-07-23,1985,7,23,4.2550258
1985-07-24,1985,7,24,0
1985-07-25,1985,7,25,0
1985-07-26,1985,7,26,0
1985-07-27,1985,7,27,0
1985-07-28,1985,7,28,5.3080701
1985-07-29,1985,7,29,2.3385393
1985-07-30,1985,7,30,0.0010797996
1985-07-31,1985,7,31,0.22552762
1985-08-01,1985,8,1,3.9456252
1985-08-02,1985,8,2,0
1985-08-03,1985,8,3,46.653901
1985-08-04,1985,8,4,4.6214063
1985-08-05,1985,8,5,0
1985-08-06,1985,8,6,0
1985-08-07,1985,8,7,0
1985-08-08,1985,8,8,0
1985-08-09,1985,8,9,0
1985-08-10,1985,8,10,0
1985-08-11,1985,8,11,0
1985-08-12,1985,8,12,14.767587
1985-08-13,1985,8,13,44.85304
1985-08-14,1985,8,14,13.140124
1985-08-15,1985,8,15,23.006761
1985-08-16,1985,8,16,0
1985-08-17,1985,8,17,0
1985-08-18,1985,8,18,0
1985-08-19,1985,8,19,0
1985-08-20,1985,8,20,0
1985-08-21,1985,8,21,0
1985-08-22,1985,8,22,0
1985-08-23,1985,8,23,0
1985-08-24,1985,8,24,0.066375206
1985-08-25,1985,8,25,0
1985-08-26,1985,8,26,0.14161679
1985-08-27,1985,8,27,21.70564
1985-08-28,1985,8,28,6.0189627
1985-08-29,1985,8,29,10.894485
1985-08-30,1985,8,30,4.3298367
1985-08-31,1985,8,31,0
1985-09-01,1985,9,1,0
1985-09-02,1985,9,2,0
1985-09-03,1985,9,3,0
1985-09-04,1985,9,4,0
1985-09-05,1985,9,5,0
1985-09-06,1985,9,6,0
1985-09-07,1985,9,7,17.554822
1985-09-08,1985,9,8,12.910461
1985-09-09,1985,9,9,10.782135
1985-09-10,1985,9,10,65.396294
1985-09-11,1985,9,11,28.814171
1985-09-12,1985,9,12,0
1985-09-13,1985,9,13,0
1985-09-14,1985,9,14,0
1985-09-15,1985,9,15,0
1985-09-16,1985,9,16,0
1985-09-17,1985,9,17,0
1985-09-18,1985,9,18,1.3203078
1985-09-19,1985,9,19,32.657318
1985-09-20,1985,9,20,11.973423
1985-09-21,1985,9,21,0
1985-09-22,1985,9,22,0
1985-09-23,1985,9,23,0
1985-09-24,1985,9,24,23.737654
1985-09-25,1985,9,25,6.770875
1985-09-26,1985,9,26,0
1985-09-27,1985,9,27,0
1985-09-28,1985,9,28,0
1985-09-29,1985,9,29,0
1985-09-30,1985,9,30,9.8709776
1985-10-01,1985,10,1,12.487599
1985-10-02,1985,10,2,2.1501872
1985-10-03,1985,10,3,0
1985-10-04,1985,10,4,0
1985-10-05,1985,10,5,0
1985-10-06,1985,10,6,0
1985-10-07,1985,10,7,0
1985-10-08,1985,10,8,18.592853
1985-10-09,1985,10,9,1.3964173
1985-10-10,1985,10,10,0
1985-10-11,1985,10,11,0
1985-10-12,1985,10,12,15.872179
1985-10-13,1985,10,13,10.2451
1985-10-14,1985,10,14,0
1985-10-15,1985,10,15,0
1985-10-16,1985,10,16,0
1985-10-17,1985,10,17,6.4291727
1985-10-18,1985,10,18,18.906079
1985-10-19,1985,10,19,4.7826428
1985-10-20,1985,10,20,15.501594
1985-10-21,1985,10,21,5.998884
1985-10-22,1985,10,22,0
1985-10-23,1985,10,23,0
1985-10-24,1985,10,24,0
1985-10-25,1985,10,25,0
1985-10-26,1985,10,26,62.004012
1985-10-27,1985,10,27,31.350521
1985-10-28,1985,10,28,10.581482
1985-10-29,1985,10,29,6.6922257
1985-10-30,1985,10,30,5.2946215
1985-10-31,1985,10,31,0
1985-11-01,1985,11,1,0
1985-11-02,1985,11,2,3.5334186
1985-11-03,1985,11,3,28.020247
1985-11-04,1985,11,4,0.22638125
1985-11-05,1985,11,5,0
1985-11-06,1985,11,6,0
1985-11-07,1985,11,7,8.0053843
1985-11-08,1985,11,8,43.026773
1985-11-09,1985,11,9,36.30168
1985-11-10,1985,11,10,3.794561
1985-11-11,1985,11,11,0
1985-11-12,1985,11,12,0
1985-11-13,1985,11,13,0
1985-11-14,1985,11,14,0
1985-11-15,1985,11,15,7.2646577
1985-11-16,1985,11,16,0
1985-11-17,1985,11,17,0
1985-11-18,1985,11,18,0
1985-11-19,1985,11,19,1.1465424
1985-11-20,1985,11,20,0
1985-11-21,1985,11,21,0
1985-11-22,1985,11,22,0.82933925
1985-11-23,1985,11,23,0.0055788285
1985-11-24,1985,11,24,0.040704761
1985-11-25,1985,11,25,0
1985-11-26,1985,11,26,0
1985-11-27,1985,11,27,0
1985-11-28,1985,11,28,0
1985-11-29,1985,11,29,0
1985-11-30,1985,11,30,4.4563305
1985-12-01,1985,12,1,0
1985-12-02,1985,12,2,0
1985-12-03,1985,12,3,0
1985-12-04,1985,12,4,0
1985-12-05,1985,12,5,0
1985-12-06,1985,12,6,1.7983002
1985-12-07,1985,12,7,5.6727727
1985-12-08,1985,12,8,0.098461008
1985-12-09,1985,12,9,0
1985-12-10,1985,12,10,0
1985-12-11,1985,12,11,0
1985-12-12,1985,12,12,0
1985-12-13,1985,12,13,0
1985-12-14,1985,12,14,0
1985-12-15,1985,12,15,0
1985-12-16,1985,12,16,0
1985-12-17,1985,12,17,7.4510146
1985-12-18,1985,12,18,0
1985-12-19,1985,12,19,0
1985-12-20,1985,12,20,0
1985-12-21,1985,12,21,0
1985-12-22,1985,12,22,0
1985-12-23,1985,12,23,0
1985-12-24,1985,12,24,0
1985-12-25,1985,12,25,0
1985-12-26,1985,12,26,0
1985-12-27,1985,12,27,0
1985-12-28,1985,12,28,4.2650301
1985-12-29,1985,12,29,2.6471206
1985-12-30,1985,12,30,0
1985-12-31,1985,12,31,0
1986-01-01,1986,1,1,0
1986-01-02,1986,1,2,0
1986-01-03,1986,1,3,0
1986-01-04,1986,1,4,0
1986-01-05,1986,1,5,0
1986-01-06,1986,1,6,0
1986-01-07,1986,1,7,0
1986-01-08,1986,1,8,0
1986-01-09,1986,1,9,0
1986-01-10,1986,1,10,0
1986-01-11,1986,1,11,13.68647
1986-01-12,1986,1,12,0
1986-01-13,1986,1,13,0
1986-01-14,1986,1,14,4.5134545
1986-01-15,1986,1,15,3.5902364
1986-01-16,1986,1,16,16.690141
1986-01-17,1986,1,17,2.7479039
1986-01-18,1986,1,18,0
1986-01-19,1986,1,19,0
1986-01-20,1986,1,20,0
1986-01-21,1986,1,21,0
1986-01-22,1986,1,22,0
1986-01-23,1986,1,23,0
1986-01-24,1986,1,24,0
1986-01-25,1986,1,25,3.640765e-05
1986-01-26,1986,1,26,0
1986-01-27,1986,1,27,0
1986-01-28,1986,1,28,0.019209291
1986-01-29,1986,1,29,15.364636
1986-01-30,1986,1,30,0.87704856
1986-01-31,1986,1,31,0
1986-02-01,1986,2,1,0
1986-02-02,1986,2,2,0
1986-02-03,1986,2,3,0
1986-02-04,1986,2,4,0
1986-02-05,1986,2,5,0
1986-02-06,1986,2,6,0
1986-02-07,1986,2,7,0
1986-02-08,1986,2,8,0
1986-02-09,1986,2,9,0
1986-02-10,1986,2,10,0
1986-02-11,1986,2,11,1.0930505
1986-02-12,1986,2,12,45.770046
1986-02-13,1986,2,13,20.298171
1986-02-14,1986,2,14,29.669096
1986-02-15,1986,2,15,0
1986-02-16,1986,2,16,0
1986-02-17,1986,2,17,0
1986-02-18,1986,2,18,0
1986-02-19,1986,2,19,0
1986-02-20,1986,2,20,0
1986-02-21,1986,2,21,0
1986-02-22,1986,2,22,0
1986-02-23,1986,2,23,0.27350844
1986-02-24,1986,2,24,2.0513784
1986-02-25,1986,2,25,25.123521
1986-02-26,1986,2,26,1.6829278
1986-02-27,1986,2,27,2.3059116
1986-02-28,1986,2,28,0
1986-03-01,1986,3,1,3.5754541
1986-03-02,1986,3,2,0
1986-03-03,1986,3,3,0
1986-03-04,1986,3,4,0
1986-03-05,1986,3,5,0
1986-03-06,1986,3,6,0
1986-03-07,1986,3,7,0
1986-03-08,1986,3,8,0
1986-03-09,1986,3,9,40.056361
1986-03-10,1986,3,10,5.0085381
1986-03-11,1986,3,11,0
1986-03-12,1986,3,12,19.373046
1986-03-13,1986,3,13,6.3357041
1986-03-14,1986,3,14,0
1986-03-15,1986,3,15,10.326534
1986-03-16,1986,3,16,39.517715
1986-03-17,1986,3,17,7.3966887
1986-03-18,1986,3,18,0
1986-03-19,1986,3,19,0
1986-03-20,1986,3,20,0
1986-03-21,1986,3,21,0
1986-03-22,1986,3,22,0
1986-03-23,1986,3,23,0
1986-03-24,1986,3,24,0
1986-03-25,1986,3,25,0
1986-03-26,1986,3,26,0
1986-03-27,1986,3,27,0
1986-03-28,1986,3,28,0
1986-03-29,1986,3,29,0
1986-03-30,1986,3,30,0
1986-03-31,1986,3,31,2.090221
1986-04-01,1986,4,1,34.652354
1986-04-02,1986,4,2,12.038641
1986-04-03,1986,4,3,16.059172
1986-04-04,1986,4,4,8.3362552
1986-04-05,1986,4,5,0.040087025
1986-04-06,1986,4,6,0
1986-04-07,1986,4,7,0
1986-04-08,1986,4,8,12.288312
1986-04-09,1986,4,9,28.743312
1986-04-10,1986,4,10,0.023624659
1986-04-11,1986,4,11,0
1986-04-12,1986,4,12,9.8901353
1986-04-13,1986,4,13,0
1986-04-14,1986,4,14,0
1986-04-15,1986,4,15,0
1986-04-16,1986,4,16,20.444182
1986-04-17,1986,4,17,12.488862
1986-04-18,1986,4,18,0.15896476
1986-04-19,1986,4,19,27.637355
1986-04-20,1986,4,20,57.421801
1986-04-21,1986,4,21,16.015573
1986-04-22,1986,4,22,2.879664
1986-04-23,1986,4,23,5.964912
1986-04-24,1986,4,24,0
1986-04-25,1986,4,25,0
1986-04-26,1986,4,26,0
1986-04-27,1986,4,27,0
1986-04-28,1986,4,28,5.0996119
1986-04-29,1986,4,29,0.21087278
1986-04-30,1986,4,30,16.475043
1986-05-01,1986,5,1,0
1986-05-02,1986,5,2,0
1986-05-03,1986,5,3,0
1986-05-04,1986,5,4,0
1986-05-05,1986,5,5,0
1986-05-06,1986,5,6,9.8137794
1986-05-07,1986,5,7,69.277875
1986-05-08,1986,5,8,26.728518
1986-05-09,1986,5,9,0
1986-05-10,1986,5,10,0.19850293
1986-05-11,1986,5,11,5.6699687
1986-05-12,1986,5,12,0
1986-05-13,1986,5,13,13.389695
1986-05-14,1986,5,14,40.866857
1986-05-15,1986,5,15,35.112921
1986-05-16,1986,5,16,11.81689
1986-05-17,1986,5,17,51.07569
1986-05-18,1986,5,18,35.376298
1986-05-19,1986,5,19,32.243396
1986-05-20,1986,5,20,36.063414
1986-05-21,1986,5,21,18.5689
1986-05-22,1986,5,22,24.837291
1986-05-23,1986,5,23,19.100577
1986-05-24,1986,5,24,7.8127047
1986-05-25,1986,5,25,26.424682
1986-05-26,1986,5,26,77.163154
1986-05-27,1986,5,27,37.973421
1986-05-28,1986,5,28,17.57632
1986-05-29,1986,5,29,0
1986-05-30,1986,5,30,12.658718
1986-05-31,1986,5,31,0.0031028057
1986-06-01,1986,6,1,0
1986-06-02,1986,6,2,36.788637
1986-06-03,1986,6,3,19.308668
1986-06-04,1986,6,4,1.7676252
1986-06-05,1986,6,5,0
1986-06-06,1986,6,6,30.224963
1986-06-07,1986,6,7,31.405575
1986-06-08,1986,6,8,13.76147
1986-06-09,1986,6,9,18.607935
1986-06-10,1986,6,10,0
1986-06-11,1986,6,11,43.035979
1986-06-12,1986,6,12,72.541498
1986-06-13,1986,6,13,14.157718
1986-06-14,1986,6,14,29.904857
1986-06-15,1986,6,15,83.754613
1986-06-16,1986,6,16,65.831226
1986-06-17,1986,6,17,19.269145
1986-06-18,1986,6,18,1.7503819
1986-06-19,1986,6,19,37.231174
1986-06-20,1986,6,20,27.748977
1986-06-21,1986,6,21,0
1986-06-22,1986,6,22,0
1986-06-23,1986,6,23,27.004564
1986-06-24,1986,6,24,0
1986-06-25,1986,6,25,0
1986-06-26,1986,6,26,0
1986-06-27,1986,6,27,0
1986-06-28,1986,6,28,0
1986-06-29,1986,6,29,10.548816
1986-06-30,1986,6,30,9.464424
1986-07-01,1986,7,1,0
1986-07-02,1986,7,2,0
1986-07-03,1986,7,3,0
1986-07-04,1986,7,4,0
1986-07-05,1986,7,5,0
1986-07-06,1986,7,6,0
1986-07-07,1986,7,7,0.33475029
1986-07-08,1986,7,8,27.294853
1986-07-09,1986,7,9,0
1986-07-10,1986,7,10,40.424607
1986-07-11,1986,7,11,4.6183792
1986-07-12,1986,7,12,2.7147313
1986-07-13,1986,7,13,0
1986-07-14,1986,7,14,18.349522
1986-07-15,1986,7,15,16.377879
1986-07-16,1986,7,16,0
1986-07-17,1986,7,17,0
1986-07-18,1986,7,18,0
1986-07-19,1986,7,19,0
1986-07-20,1986,7,20,0
1986-07-21,1986,7,21,0
1986-07-22,1986,7,22,2.868365
1986-07-23,1986,7,23,8.5231052
1986-07-24,1986,7,24,6.951231
1986-07-25,1986,7,25,0
1986-07-26,1986,7,26,0
1986-07-27,1986,7,27,0
1986-07-28,1986,7,28,16.47519
1986-07-29,1986,7,29,36.000418
1986-07-30,1986,7,30,54.372869
1986-07-31,1986,7,31,2.9899111
1986-08-01,1986,8,1,4.7336613
1986-08-02,1986,8,2,31.316474
1986-08-03,1986,8,3,18.724895
1986-08-04,1986,8,4,7.4739522
1986-08-05,1986,8,5,0
1986-08-06,1986,8,6,27.057206
1986-08-07,1986,8,7,24.262786
1986-08-08,1986,8,8,27.217185
1986-08-09,1986,8,9,4.1957
1986-08-10,1986,8,10,0
1986-08-11,1986,8,11,0
1986-08-12,1986,8,12,0
1986-08-13,1986,8,13,0
1986-08-14,1986,8,14,0
1986-08-15,1986,8,15,0
1986-08-16,1986,8,16,0
1986-08-17,1986,8,17,0
1986-08-18,1986,8,18,0
1986-08-19,1986,8,19,10.873285
1986-08-20,1986,8,20,35.49954
1986-08-21,1986,8,21,47.575691
1986-08-22,1986,8,22,21.61792
1986-08-23,1986,8,23,10.182464
1986-08-24,1986,8,24,19.385503
1986-08-25,1986,8,25,9.6318046
1986-08-26,1986,8,26,44.256338
1986-08-27,1986,8,27,13.481708
1986-08-28,1986,8,28,0
1986-08-29,1986,8,29,0
1986-08-30,1986,8,30,17.142043
1986-08-31,1986,8,31,16.846863
1986-09-01,1986,9,1,0
1986-09-02,1986,9,2,0
1986-09-03,1986,9,3,0
1986-09-04,1986,9,4,0
1986-09-05,1986,9,5,12.663682
1986-09-06,1986,9,6,0.2464917
1986-09-07,1986,9,7,14.867859
1986-09-08,1986,9,8,0
1986-09-09,1986,9,9,0
1986-09-10,1986,9,10,1.912003
1986-09-11,1986,9,11,18.700029
1986-09-12,1986,9,12,4.4632375
1986-09-13,1986,9,13,11.435523
1986-09-14,1986,9,14,7.3675866
1986-09-15,1986,9,15,0
1986-09-16,1986,9,16,0.015457694
1986-09-17,1986,9,17,0
1986-09-18,1986,9,18,0
1986-09-19,1986,9,19,5.5675885
1986-09-20,1986,9,20,23.102808
1986-09-21,1986,9,21,5.6695836
1986-09-22,1986,9,22,2.2272922
1986-09-23,1986,9,23,0
1986-09-24,1986,9,24,0
1986-09-25,1986,9,25,0
1986-09-26,1986,9,26,0
1986-09-27,1986,9,27,4.1543014
1986-09-28,1986,9,28,6.5830015
1986-09-29,1986,9,29,7.9508554
1986-09-30,1986,9,30,21.846297
1986-10-01,1986,10,1,0
1986-10-02,1986,10,2,0
1986-10-03,1986,10,3,8.0822594
1986-10-04,1986,10,4,38.930027
1986-10-05,1986,10,5,8.5271579
1986-10-06,1986,10,6,0.72591515
1986-10-07,1986,10,7,0
1986-10-08,1986,10,8,0
1986-10-09,1986,10,9,5.799028
1986-10-10,1986,10,10,0
1986-10-11,1986,10,11,0
1986-10-12,1986,10,12,0.0069243942
1986-10-13,1986,10,13,30.322342
1986-10-14,1986,10,14,16.412187
1986-10-15,1986,10,15,6.3430002
1986-10-16,1986,10,16,0
1986-10-17,1986,10,17,0
1986-10-18,1986,10,18,0
1986-10-19,1986,10,19,0
1986-10-20,1986,10,20,0
1986-10-21,1986,10,21,0
1986-10-22,1986,10,22,0
1986-10-23,1986,10,23,0
1986-10-24,1986,10,24,0
1986-10-25,1986,10,25,0
1986-10-26,1986,10,26,0.017185665
1986-10-27,1986,10,27,0
1986-10-28,1986,10,28,0
1986-10-29,1986,10,29,4.7853098
1986-10-30,1986,10,30,29.42243
1986-10-31,1986,10,31,21.44831
1986-11-01,1986,11,1,0
1986-11-02,1986,11,2,0
1986-11-03,1986,11,3,0
1986-11-04,1986,11,4,0
1986-11-05,1986,11,5,0
1986-11-06,1986,11,6,0
1986-11-07,1986,11,7,12.851384
1986-11-08,1986,11,8,17.721947
1986-11-09,1986,11,9,0
1986-11-10,1986,11,10,0
1986-11-11,1986,11,11,0
1986-11-12,1986,11,12,0
1986-11-13,1986,11,13,19.924611
1986-11-14,1986,11,14,10.502521
1986-11-15,1986,11,15,0
1986-11-16,1986,11,16,0
1986-11-17,1986,11,17,10.343201
1986-11-18,1986,11,18,22.507271
1986-11-19,1986,11,19,0
1986-11-20,1986,11,20,0.047188779
1986-11-21,1986,11,21,0
1986-11-22,1986,11,22,0
1986-11-23,1986,11,23,0
1986-11-24,1986,11,24,25.388549
1986-11-25,1986,11,25,139.21345
1986-11-26,1986,11,26,35.289248
1986-11-27,1986,11,27,16.678209
1986-11-28,1986,11,28,16.465223
1986-11-29,1986,11,29,0.8621951
1986-11-30,1986,11,30,2.7790052
1986-12-01,1986,12,1,26.757924
1986-12-02,1986,12,2,0
1986-12-03,1986,12,3,1.6252326
1986-12-04,1986,12,4,0
1986-12-05,1986,12,5,0
1986-12-06,1986,12,6,0
1986-12-07,1986,12,7,0
1986-12-08,1986,12,8,0
1986-12-09,1986,12,9,0
1986-12-10,1986,12,10,0
1986-12-11,1986,12,11,0
1986-12-12,1986,12,12,0
1986-12-13,1986,12,13,0
1986-12-14,1986,12,14,12.362868
1986-12-15,1986,12,15,6.7352533
1986-12-16,1986,12,16,0
1986-12-17,1986,12,17,0
1986-12-18,1986,12,18,0
1986-12-19,1986,12,19,0
1986-12-20,1986,12,20,0
1986-12-21,1986,12,21,0
1986-12-22,1986,12,22,0
1986-12-23,1986,12,23,0
1986-12-24,1986,12,24,0
1986-12-25,1986,12,25,0
1986-12-26,1986,12,26,0
1986-12-27,1986,12,27,0
1986-12-28,1986,12,28,0
1986-12-29,1986,12,29,0
1986-12-30,1986,12,30,0
1986-12-31,1986,12,31,0
1987-01-01,1987,1,1,0
1987-01-02,1987,1,2,0
1987-01-03,1987,1,3,0
1987-01-04,1987,1,4,0.0022968471
1987-01-05,1987,1,5,0
1987-01-06,1987,1,6,0
1987-01-07,1987,1,7,0
1987-01-08,1987,1,8,0
1987-01-09,1987,1,9,0
1987-01-10,1987,1,10,0
1987-01-11,1987,1,11,0
1987-01-12,1987,1,12,0
1987-01-13,1987,1,13,0
1987-01-14,1987,1,14,0
1987-01-15,1987,1,15,0
1987-01-16,1987,1,16,0
1987-01-17,1987,1,17,0
1987-01-18,1987,1,18,0
1987-01-19,1987,1,19,0
1987-01-20,1987,1,20,0
1987-01-21,1987,1,21,0
1987-01-22,1987,1,22,0
1987-01-23,1987,1,23,0
1987-01-24,1987,1,24,0
1987-01-25,1987,1,25,0
1987-01-26,1987,1,26,0
1987-01-27,1987,1,27,0
1987-01-28,1987,1,28,0
1987-01-29,1987,1,29,0
1987-01-30,1987,1,30,2.0465915
1987-01-31,1987,1,31,0
1987-02-01,1987,2,1,0
1987-02-02,1987,2,2,0
1987-02-03,1987,2,3,0
1987-02-04,1987,2,4,0
1987-02-05,1987,2,5,5.5458811
1987-02-06,1987,2,6,8.356259
1987-02-07,1987,2,7,0
1987-02-08,1987,2,8,0
1987-02-09,1987,2,9,0
1987-02-10,1987,2,10,0
1987-02-11,1987,2,11,0
1987-02-12,1987,2,12,0
1987-02-13,1987,2,13,0
1987-02-14,1987,2,14,0
1987-02-15,1987,2,15,0
1987-02-16,1987,2,16,0
1987-02-17,1987,2,17,0
1987-02-18,1987,2,18,0
1987-02-19,1987,2,19,0
1987-02-20,1987,2,20,0
1987-02-21,1987,2,21,7.0754698
1987-02-22,1987,2,22,1.7810661
1987-02-23,1987,2,23,0.38582273
1987-02-24,1987,2,24,20.899775
1987-02-25,1987,2,25,0
1987-02-26,1987,2,26,0
1987-02-27,1987,2,27,0
1987-02-28,1987,2,28,0
1987-03-01,1987,3,1,0
1987-03-02,1987,3,2,0
1987-03-03,1987,3,3,0
1987-03-04,1987,3,4,0
1987-03-05,1987,3,5,0
1987-03-06,1987,3,6,0
1987-03-07,1987,3,7,0
1987-03-08,1987,3,8,0
1987-03-09,1987,3,9,0
1987-03-10,1987,3,10,0
1987-03-11,1987,3,11,0
1987-03-12,1987,3,12,0
1987-03-13,1987,3,13,0
1987-03-14,1987,3,14,0
1987-03-15,1987,3,15,0
1987-03-16,1987,3,16,0
1987-03-17,1987,3,17,0
1987-03-18,1987,3,18,0
1987-03-19,1987,3,19,0
1987-03-20,1987,3,20,0
1987-03-21,1987,3,21,0.060804232
1987-03-22,1987,3,22,4.3607911
1987-03-23,1987,3,23,2.4910178
1987-03-24,1987,3,24,15.942543
1987-03-25,1987,3,25,18.358639
1987-03-26,1987,3,26,67.713687
1987-03-27,1987,3,27,22.059679
1987-03-28,1987,3,28,0
1987-03-29,1987,3,29,0
1987-03-30,1987,3,30,0
1987-03-31,1987,3,31,0.22423704
1987-04-01,1987,4,1,2.4517496
1987-04-02,1987,4,2,0
1987-04-03,1987,4,3,0
1987-04-04,1987,4,4,0
1987-04-05,1987,4,5,0
1987-04-06,1987,4,6,0.077469005
1987-04-07,1987,4,7,17.362125
1987-04-08,1987,4,8,0.00015362252
1987-04-09,1987,4,9,0
1987-04-10,1987,4,10,0.01121929
1987-04-11,1987,4,11,5.6119464
1987-04-12,1987,4,12,14.84201
1987-04-13,1987,4,13,1.0803784
1987-04-14,1987,4,14,37.648098
1987-04-15,1987,4,15,4.1616878
1987-04-16,1987,4,16,0
1987-04-17,1987,4,17,0
1987-04-18,1987,4,18,0
1987-04-19,1987,4,19,0
1987-04-20,1987,4,20,0
1987-04-21,1987,4,21,2.1659355
1987-04-22,1987,4,22,27.64602
1987-04-23,1987,4,23,15.129888
1987-04-24,1987,4,24,19.648729
1987-04-25,1987,4,25,0
1987-04-26,1987,4,26,0
1987-04-27,1987,4,27,0
1987-04-28,1987,4,28,0.13539188
1987-04-29,1987,4,29,5.7757816
1987-04-30,1987,4,30,9.7831311
1987-05-01,1987,5,1,4.2942514
1987-05-02,1987,5,2,0
1987-05-03,1987,5,3,0
1987-05-04,1987,5,4,0
1987-05-05,1987,5,5,22.838341
1987-05-06,1987,5,6,39.025043
1987-05-07,1987,5,7,5.4692074
1987-05-08,1987,5,8,0
1987-05-09,1987,5,9,0
1987-05-10,1987,5,10,18.126801
1987-05-11,1987,5,11,1.360576
1987-05-12,1987,5,12,0
1987-05-13,1987,5,13,11.436672
1987-05-14,1987,5,14,22.806321
1987-05-15,1987,5,15,16.69163
1987-05-16,1987,5,16,21.804485
1987-05-17,1987,5,17,0
1987-05-18,1987,5,18,0
1987-05-19,1987,5,19,0
1987-05-20,1987,5,20,0
1987-05-21,1987,5,21,0
1987-05-22,1987,5,22,0
1987-05-23,1987,5,23,0
1987-05-24,1987,5,24,0
1987-05-25,1987,5,25,0
1987-05-26,1987,5,26,0
1987-05-27,1987,5,27,3.991347
1987-05-28,1987,5,28,51.414389
1987-05-29,1987,5,29,13.960279
1987-05-30,1987,5,30,5.8783992
1987-05-31,1987,5,31,20.743297
1987-06-01,1987,6,1,2.4759366
1987-06-02,1987,6,2,70.41073
1987-06-03,1987,6,3,7.3354572
1987-06-04,1987,6,4,7.524714
1987-06-05,1987,6,5,4.3109971
1987-06-06,1987,6,6,23.596248
1987-06-07,1987,6,7,66.404311
1987-06-08,1987,6,8,20.454046
1987-06-09,1987,6,9,21.197527
1987-06-10,1987,6,10,34.301147
1987-06-11,1987,6,11,13.634377
1987-06-12,1987,6,12,0
1987-06-13,1987,6,13,4.8963936
1987-06-14,1987,6,14,6.738521
1987-06-15,1987,6,15,6.5839372
1987-06-16,1987,6,16,0
1987-06-17,1987,6,17,0
1987-06-18,1987,6,18,0
1987-06-19,1987,6,19,22.208717
1987-06-20,1987,6,20,21.852706
1987-06-21,1987,6,21,1.8459446
1987-06-22,1987,6,22,0
1987-06-23,1987,6,23,0
1987-06-24,1987,6,24,0
1987-06-25,1987,6,25,0
1987-06-26,1987,6,26,0
1987-06-27,1987,6,27,0.6535774
1987-06-28,1987,6,28,18.001796
1987-06-29,1987,6,29,4.2705357
1987-06-30,1987,6,30,0
1987-07-01,1987,7,1,0
1987-07-02,1987,7,2,0.68363167
1987-07-03,1987,7,3,31.826998
1987-07-04,1987,7,4,9.2443173
1987-07-05,1987,7,5,0
1987-07-06,1987,7,6,0
1987-07-07,1987,7,7,7.4906993
1987-07-08,1987,7,8,52.433779
1987-07-09,1987,7,9,36.679997
1987-07-10,1987,7,10,43.892438
1987-07-11,1987,7,11,42.66393
1987-07-12,1987,7,12,45.360461
1987-07-13,1987,7,13,40.472992
1987-07-14,1987,7,14,40.414996
1987-07-15,1987,7,15,29.341643
1987-07-16,1987,7,16,12.827629
1987-07-17,1987,7,17,0
1987-07-18,1987,7,18,0
1987-07-19,1987,7,19,0
1987-07-20,1987,7,20,0
1987-07-21,1987,7,21,0
1987-07-22,1987,7,22,26.274169
1987-07-23,1987,7,23,47.827697
1987-07-24,1987,7,24,8.9718803
1987-07-25,1987,7,25,15.57995
1987-07-26,1987,7,26,22.76999
1987-07-27,1987,7,27,10.442647
1987-07-28,1987,7,28,3.2481028
1987-07-29,1987,7,29,0
1987-07-30,1987,7,30,0
1987-07-31,1987,7,31,42.996708
1987-08-01,1987,8,1,10.978296
1987-08-02,1987,8,2,0
1987-08-03,1987,8,3,6.6450432
1987-08-04,1987,8,4,0
1987-08-05,1987,8,5,0
1987-08-06,1987,8,6,0
1987-08-07,1987,8,7,12.874171
1987-08-08,1987,8,8,19.700051
1987-08-09,1987,8,9,47.079952
1987-08-10,1987,8,10,37.190541
1987-08-11,1987,8,11,29.00636
1987-08-12,1987,8,12,32.456581
1987-08-13,1987,8,13,36.933935
1987-08-14,1987,8,14,20.488023
1987-08-15,1987,8,15,9.6235213
1987-08-16,1987,8,16,0
1987-08-17,1987,8,17,0
1987-08-18,1987,8,18,0
1987-08-19,1987,8,19,0
1987-08-20,1987,8,20,0
1987-08-21,1987,8,21,0
1987-08-22,1987,8,22,0
1987-08-23,1987,8,23,11.756976
1987-08-24,1987,8,24,24.561776
1987-08-25,1987,8,25,9.0726255
1987-08-26,1987,8,26,32.672605
1987-08-27,1987,8,27,12.902255
1987-08-28,1987,8,28,0
1987-08-29,1987,8,29,0
1987-08-30,1987,8,30,0
1987-08-31,1987,8,31,9.0789964
1987-09-01,1987,9,1,0
1987-09-02,1987,9,2,1.4707206
1987-09-03,1987,9,3,0
1987-09-04,1987,9,4,9.9789747
1987-09-05,1987,9,5,4.5530023
1987-09-06,1987,9,6,21.554677
1987-09-07,1987,9,7,38.285147
1987-09-08,1987,9,8,15.055861
1987-09-09,1987,9,9,6.1749446
1987-09-10,1987,9,10,0
1987-09-11,1987,9,11,0
1987-09-12,1987,9,12,3.9385453
1987-09-13,1987,9,13,20.726077
1987-09-14,1987,9,14,1.805909
1987-09-15,1987,9,15,0
1987-09-16,1987,9,16,4.4121682
1987-09-17,1987,9,17,0.13310685
1987-09-18,1987,9,18,0
1987-09-19,1987,9,19,0
1987-09-20,1987,9,20,0
1987-09-21,1987,9,21,0
1987-09-22,1987,9,22,0
1987-09-23,1987,9,23,0
1987-09-24,1987,9,24,0
1987-09-25,1987,9,25,9.2840532
1987-09-26,1987,9,26,6.5749344
1987-09-27,1987,9,27,0
1987-09-28,1987,9,28,36.679794
1987-09-29,1987,9,29,9.8671106
1987-09-30,1987,9,30,0
1987-10-01,1987,10,1,0
1987-10-02,1987,10,2,0.24662341
1987-10-03,1987,10,3,1.9028298
1987-10-04,1987,10,4,0
1987-10-05,1987,10,5,24.608511
1987-10-06,1987,10,6,8.5381263
1987-10-07,1987,10,7,0.93511946
1987-10-08,1987,10,8,0
1987-10-09,1987,10,9,53.181835
1987-10-10,1987,10,10,29.554538
1987-10-11,1987,10,11,4.5529797
1987-10-12,1987,10,12,0
1987-10-13,1987,10,13,0
1987-10-14,1987,10,14,3.5396708
1987-10-15,1987,10,15,0.3920262
1987-10-16,1987,10,16,0
1987-10-17,1987,10,17,0
1987-10-18,1987,10,18,0
1987-10-19,1987,10,19,0.12282642
1987-10-20,1987,10,20,11.016259
1987-10-21,1987,10,21,0
1987-10-22,1987,10,22,0
1987-10-23,1987,10,23,0
1987-10-24,1987,10,24,9.4330473
1987-10-25,1987,10,25,0
1987-10-26,1987,10,26,0
1987-10-27,1987,10,27,0
1987-10-28,1987,10,28,0
1987-10-29,1987,10,29,12.646353
1987-10-30,1987,10,30,17.070789
1987-10-31,1987,10,31,6.9798137
1987-11-01,1987,11,1,9.0575528
1987-11-02,1987,11,2,0
1987-11-03,1987,11,3,0.24226649
1987-11-04,1987,11,4,4.4573282
1987-11-05,1987,11,5,12.59787
1987-11-06,1987,11,6,26.197019
1987-11-07,1987,11,7,27.135767
1987-11-08,1987,11,8,0
1987-11-09,1987,11,9,0
1987-11-10,1987,11,10,0
1987-11-11,1987,11,11,0
1987-11-12,1987,11,12,0
1987-11-13,1987,11,13,0
1987-11-14,1987,11,14,0
1987-11-15,1987,11,15,0
1987-11-16,1987,11,16,13.360988
1987-11-17,1987,11,17,10.033972
1987-11-18,1987,11,18,0
1987-11-19,1987,11,19,0
1987-11-20,1987,11,20,0
1987-11-21,1987,11,21,0
1987-11-22,1987,11,22,0
1987-11-23,1987,11,23,0.3879576
1987-11-24,1987,11,24,0
1987-11-25,1987,11,25,0
1987-11-26,1987,11,26,0
1987-11-27,1987,11,27,0
1987-11-28,1987,11,28,0
1987-11-29,1987,11,29,6.1547306
1987-11-30,1987,11,30,16.338225
1987-12-01,1987,12,1,0
1987-12-02,1987,12,2,0
1987-12-03,1987,12,3,0
1987-12-04,1987,12,4,10.635155
1987-12-05,1987,12,5,0
1987-12-06,1987,12,6,0
1987-12-07,1987,12,7,0
1987-12-08,1987,12,8,0
1987-12-09,1987,12,9,27.958803
1987-12-10,1987,12,10,16.725606
1987-12-11,1987,12,11,0
1987-12-12,1987,12,12,0
1987-12-13,1987,12,13,0
1987-12-14,1987,12,14,0
1987-12-15,1987,12,15,13.022039
1987-12-16,1987,12,16,2.5098242
1987-12-17,1987,12,17,0
1987-12-18,1987,12,18,5.6831454e-05
1987-12-19,1987,12,19,0
1987-12-20,1987,12,20,0
1987-12-21,1987,12,21,0
1987-12-22,1987,12,22,0.60395993
1987-12-23,1987,12,23,0
1987-12-24,1987,12,24,0
1987-12-25,1987,12,25,0
1987-12-26,1987,12,26,0
1987-12-27,1987,12,27,4.5013656
1987-12-28,1987,12,28,0
1987-12-29,1987,12,29,0
1987-12-30,1987,12,30,0
1987-12-31,1987,12,31,0
1988-01-01,1988,1,1,0
1988-01-02,1988,1,2,0
1988-01-03,1988,1,3,0
1988-01-04,1988,1,4,0
1988-01-05,1988,1,5,0
1988-01-06,1988,1,6,0
1988-01-07,1988,1,7,0
1988-01-08,1988,1,8,0
1988-01-09,1988,1,9,0
1988-01-10,1988,1,10,0.0063826718
1988-01-11,1988,1,11,0
1988-01-12,1988,1,12,26.039217
1988-01-13,1988,1,13,11.016108
1988-01-14,1988,1,14,0
1988-01-15,1988,1,15,0
1988-01-16,1988,1,16,0
1988-01-17,1988,1,17,51.26869
1988-01-18,1988,1,18,8.0368945
1988-01-19,1988,1,19,0
1988-01-20,1988,1,20,0
1988-01-21,1988,1,21,0
1988-01-22,1988,1,22,0
1988-01-23,1988,1,23,0
1988-01-24,1988,1,24,0
1988-01-25,1988,1,25,0
1988-01-26,1988,1,26,0
1988-01-27,1988,1,27,0.0020540122
1988-01-28,1988,1,28,0
1988-01-29,1988,1,29,0
1988-01-30,1988,1,30,0
1988-01-31,1988,1,31,0
1988-02-01,1988,2,1,0
1988-02-02,1988,2,2,0
1988-02-03,1988,2,3,0
1988-02-04,1988,2,4,0
1988-02-05,1988,2,5,0
1988-02-06,1988,2,6,0
1988-02-07,1988,2,7,0
1988-02-08,1988,2,8,0
1988-02-09,1988,2,9,0
1988-02-10,1988,2,10,4.7375857
1988-02-11,1988,2,11,0
1988-02-12,1988,2,12,0
1988-02-13,1988,2,13,0
1988-02-14,1988,2,14,0
1988-02-15,1988,2,15,0
1988-02-16,1988,2,16,0
1988-02-17,1988,2,17,0
1988-02-18,1988,2,18,0
1988-02-19,1988,2,19,0
1988-02-20,1988,2,20,0
1988-02-21,1988,2,21,0
1988-02-22,1988,2,22,0
1988-02-23,1988,2,23,0
1988-02-24,1988,2,24,0
1988-02-25,1988,2,25,0
1988-02-26,1988,2,26,0
1988-02-27,1988,2,27,0
1988-02-28,1988,2,28,0
1988-02-29,1988,2,29,0
1988-03-01,1988,3,1,0
1988-03-02,1988,3,2,0
1988-03-03,1988,3,3,6.0604008
1988-03-04,1988,3,4,64.126079
1988-03-05,1988,3,5,0.43753322
1988-03-06,1988,3,6,0
1988-03-07,1988,3,7,8.6142106
1988-03-08,1988,3,8,13.277278
1988-03-09,1988,3,9,14.60339
1988-03-10,1988,3,10,4.6158666
1988-03-11,1988,3,11,5.955536
1988-03-12,1988,3,12,0
1988-03-13,1988,3,13,0
1988-03-14,1988,3,14,0
1988-03-15,1988,3,15,0
1988-03-16,1988,3,16,0
1988-03-17,1988,3,17,0
1988-03-18,1988,3,18,0
1988-03-19,1988,3,19,2.277064
1988-03-20,1988,3,20,0
1988-03-21,1988,3,21,1.1423398
1988-03-22,1988,3,22,34.997115
1988-03-23,1988,3,23,0
1988-03-24,1988,3,24,1.8419145
1988-03-25,1988,3,25,10.922224
1988-03-26,1988,3,26,12.185602
1988-03-27,1988,3,27,0
1988-03-28,1988,3,28,0
1988-03-29,1988,3,29,0
1988-03-30,1988,3,30,2.3291895
1988-03-31,1988,3,31,0
1988-04-01,1988,4,1,0
1988-04-02,1988,4,2,0
1988-04-03,1988,4,3,0
1988-04-04,1988,4,4,0
1988-04-05,1988,4,5,0.43146725
1988-04-06,1988,4,6,0
1988-04-07,1988,4,7,0
1988-04-08,1988,4,8,0
1988-04-09,1988,4,9,0
1988-04-10,1988,4,10,0
1988-04-11,1988,4,11,0.012309889
1988-04-12,1988,4,12,0
1988-04-13,1988,4,13,8.9052444
1988-04-14,1988,4,14,34.837719
1988-04-15,1988,4,15,14.27574
1988-04-16,1988,4,16,23.632604
1988-04-17,1988,4,17,24.621908
1988-04-18,1988,4,18,18.98209
1988-04-19,1988,4,19,0
1988-04-20,1988,4,20,4.9232608
1988-04-21,1988,4,21,1.1926156
1988-04-22,1988,4,22,0
1988-04-23,1988,4,23,0
1988-04-24,1988,4,24,13.236855
1988-04-25,1988,4,25,3.7098202
1988-04-26,1988,4,26,0
1988-04-27,1988,4,27,0
1988-04-28,1988,4,28,0
1988-04-29,1988,4,29,0
1988-04-30,1988,4,30,0
1988-05-01,1988,5,1,0
1988-05-02,1988,5,2,0
1988-05-03,1988,5,3,0
1988-05-04,1988,5,4,0
1988-05-05,1988,5,5,0
1988-05-06,1988,5,6,0
1988-05-07,1988,5,7,0
1988-05-08,1988,5,8,0
1988-05-09,1988,5,9,0
1988-05-10,1988,5,10,24.852303
1988-05-11,1988,5,11,6.2872749
1988-05-12,1988,5,12,7.1826778
1988-05-13,1988,5,13,40.313544
1988-05-14,1988,5,14,15.7167
1988-05-15,1988,5,15,3.8994675
1988-05-16,1988,5,16,29.038141
1988-05-17,1988,5,17,35.062326
1988-05-18,1988,5,18,15.947321
1988-05-19,1988,5,19,0
1988-05-20,1988,5,20,0
1988-05-21,1988,5,21,0
1988-05-22,1988,5,22,4.4982435
1988-05-23,1988,5,23,0
1988-05-24,1988,5,24,0
1988-05-25,1988,5,25,0
1988-05-26,1988,5,26,0
1988-05-27,1988,5,27,0
1988-05-28,1988,5,28,0
1988-05-29,1988,5,29,0
1988-05-30,1988,5,30,0
1988-05-31,1988,5,31,0
1988-06-01,1988,6,1,17.20838
1988-06-02,1988,6,2,6.973821
1988-06-03,1988,6,3,0
1988-06-04,1988,6,4,0
1988-06-05,1988,6,5,16.667953
1988-06-06,1988,6,6,13.535933
1988-06-07,1988,6,7,44.774222
1988-06-08,1988,6,8,4.3065744
1988-06-09,1988,6,9,0
1988-06-10,1988,6,10,0
1988-06-11,1988,6,11,0
1988-06-12,1988,6,12,0
1988-06-13,1988,6,13,0
1988-06-14,1988,6,14,0
1988-06-15,1988,6,15,18.42168
1988-06-16,1988,6,16,1.8658104
1988-06-17,1988,6,17,0
1988-06-18,1988,6,18,11.647778
1988-06-19,1988,6,19,62.895544
1988-06-20,1988,6,20,50.053041
1988-06-21,1988,6,21,66.365545
1988-06-22,1988,6,22,36.55332
1988-06-23,1988,6,23,1.3444693
1988-06-24,1988,6,24,0
1988-06-25,1988,6,25,0
1988-06-26,1988,6,26,11.466674
1988-06-27,1988,6,27,32.221015
1988-06-28,1988,6,28,53.493312
1988-06-29,1988,6,29,46.894572
1988-06-30,1988,6,30,17.041437
1988-07-01,1988,7,1,25.911281
1988-07-02,1988,7,2,1.0295558
1988-07-03,1988,7,3,0
1988-07-04,1988,7,4,10.324749
1988-07-05,1988,7,5,5.077017
1988-07-06,1988,7,6,0
1988-07-07,1988,7,7,0
1988-07-08,1988,7,8,0
1988-07-09,1988,7,9,0
1988-07-10,1988,7,10,0
1988-07-11,1988,7,11,0
1988-07-12,1988,7,12,0
1988-07-13,1988,7,13,0
1988-07-14,1988,7,14,0
1988-07-15,1988,7,15,15.200147
1988-07-16,1988,7,16,26.72311
1988-07-17,1988,7,17,12.997463
1988-07-18,1988,7,18,0
1988-07-19,1988,7,19,0
1988-07-20,1988,7,20,0
1988-07-21,1988,7,21,0
1988-07-22,1988,7,22,0
1988-07-23,1988,7,23,0
1988-07-24,1988,7,24,0
1988-07-25,1988,7,25,0
1988-07-26,1988,7,26,24.1665
1988-07-27,1988,7,27,68.39375
1988-07-28,1988,7,28,50.321062
1988-07-29,1988,7,29,10.706133
1988-07-30,1988,7,30,26.425647
1988-07-31,1988,7,31,0
1988-08-01,1988,8,1,0
1988-08-02,1988,8,2,0
1988-08-03,1988,8,3,0
1988-08-04,1988,8,4,0
1988-08-05,1988,8,5,0
1988-08-06,1988,8,6,3.8389803
1988-08-07,1988,8,7,18.950328
1988-08-08,1988,8,8,0
1988-08-09,1988,8,9,0
1988-08-10,1988,8,10,5.5616827
1988-08-11,1988,8,11,5.4927481
1988-08-12,1988,8,12,34.428264
1988-08-13,1988,8,13,26.649268
1988-08-14,1988,8,14,27.85008
1988-08-15,1988,8,15,11.455642
1988-08-16,1988,8,16,4.5003297
1988-08-17,1988,8,17,37.254609
1988-08-18,1988,8,18,44.551664
1988-08-19,1988,8,19,20.245806
1988-08-20,1988,8,20,15.264043
1988-08-21,1988,8,21,15.198397
1988-08-22,1988,8,22,30.078216
1988-08-23,1988,8,23,45.704938
1988-08-24,1988,8,24,16.325227
1988-08-25,1988,8,25,0.10131199
1988-08-26,1988,8,26,4.7600166
1988-08-27,1988,8,27,9.9263855
1988-08-28,1988,8,28,21.129592
1988-08-29,1988,8,29,37.025629
1988-08-30,1988,8,30,14.749269
1988-08-31,1988,8,31,0.99085179
1988-09-01,1988,9,1,0
1988-09-02,1988,9,2,0
1988-09-03,1988,9,3,0
1988-09-04,1988,9,4,11.400346
1988-09-05,1988,9,5,6.5511179
1988-09-06,1988,9,6,0
1988-09-07,1988,9,7,20.718429
1988-09-08,1988,9,8,7.6976198
1988-09-09,1988,9,9,6.4785433
1988-09-10,1988,9,10,4.8682894
1988-09-11,1988,9,11,5.8161382
1988-09-12,1988,9,12,0
1988-09-13,1988,9,13,0
1988-09-14,1988,9,14,0
1988-09-15,1988,9,15,0
1988-09-16,1988,9,16,0
1988-09-17,1988,9,17,0
1988-09-18,1988,9,18,8.9673293
1988-09-19,1988,9,19,0
1988-09-20,1988,9,20,0
1988-09-21,1988,9,21,0
1988-09-22,1988,9,22,6.385198
1988-09-23,1988,9,23,3.5070252
1988-09-24,1988,9,24,0.22605389
1988-09-25,1988,9,25,27.157232
1988-09-26,1988,9,26,0
1988-09-27,1988,9,27,0
1988-09-28,1988,9,28,0
1988-09-29,1988,9,29,3.1741627
1988-09-30,1988,9,30,3.9135988
1988-10-01,1988,10,1,0
1988-10-02,1988,10,2,0
1988-10-03,1988,10,3,0.0043400146
1988-10-04,1988,10,4,0
1988-10-05,1988,10,5,0
1988-10-06,1988,10,6,0
1988-10-07,1988,10,7,0
1988-10-08,1988,10,8,0
1988-10-09,1988,10,9,0.018752929
1988-10-10,1988,10,10,0
1988-10-11,1988,10,11,0
1988-10-12,1988,10,12,0
1988-10-13,1988,10,13,0
1988-10-14,1988,10,14,0
1988-10-15,1988,10,15,0
1988-10-16,1988,10,16,0
1988-10-17,1988,10,17,21.98631
1988-10-18,1988,10,18,25.587664
1988-10-19,1988,10,19,5.7309391
1988-10-20,1988,10,20,0
1988-10-21,1988,10,21,19.643743
1988-10-22,1988,10,22,10.770946
1988-10-23,1988,10,23,61.092959
1988-10-24,1988,10,24,14.902869
1988-10-25,1988,10,25,0
1988-10-26,1988,10,26,0
1988-10-27,1988,10,27,16.735704
1988-10-28,1988,10,28,16.945983
1988-10-29,1988,10,29,2.1291026
1988-10-30,1988,10,30,16.18425
1988-10-31,1988,10,31,0.0020999929
1988-11-01,1988,11,1,0
1988-11-02,1988,11,2,0
1988-11-03,1988,11,3,0
1988-11-04,1988,11,4,0
1988-11-05,1988,11,5,2.0850635
1988-11-06,1988,11,6,2.189511
1988-11-07,1988,11,7,0
1988-11-08,1988,11,8,0
1988-11-09,1988,11,9,0
1988-11-10,1988,11,10,0
1988-11-11,1988,11,11,0.010398415
1988-11-12,1988,11,12,2.9586379
1988-11-13,1988,11,13,0
1988-11-14,1988,11,14,4.4233789
1988-11-15,1988,11,15,2.0088603
1988-11-16,1988,11,16,0
1988-11-17,1988,11,17,0
1988-11-18,1988,11,18,2.2150288
1988-11-19,1988,11,19,17.849132
1988-11-20,1988,11,20,0.58584132
1988-11-21,1988,11,21,0
1988-11-22,1988,11,22,0
1988-11-23,1988,11,23,0
1988-11-24,1988,11,24,0.073640522
1988-11-25,1988,11,25,0
1988-11-26,1988,11,26,0
1988-11-27,1988,11,27,0
1988-11-28,1988,11,28,0
1988-11-29,1988,11,29,0
1988-11-30,1988,11,30,0
1988-12-01,1988,12,1,0
1988-12-02,1988,12,2,0
1988-12-03,1988,12,3,0
1988-12-04,1988,12,4,0
1988-12-05,1988,12,5,0
1988-12-06,1988,12,6,14.093241
1988-12-07,1988,12,7,0
1988-12-08,1988,12,8,0
1988-12-09,1988,12,9,0
1988-12-10,1988,12,10,0
1988-12-11,1988,12,11,38.252887
1988-12-12,1988,12,12,2.0410874
1988-12-13,1988,12,13,0.0075130113
1988-12-14,1988,12,14,0
1988-12-15,1988,12,15,0
1988-12-16,1988,12,16,28.625548
1988-12-17,1988,12,17,8.7254201
1988-12-18,1988,12,18,14.888586
1988-12-19,1988,12,19,0
1988-12-20,1988,12,20,0
1988-12-21,1988,12,21,0
1988-12-22,1988,12,22,0
1988-12-23,1988,12,23,0
1988-12-24,1988,12,24,0
1988-12-25,1988,12,25,0
1988-12-26,1988,12,26,0
1988-12-27,1988,12,27,0
1988-12-28,1988,12,28,0
1988-12-29,1988,12,29,0
1988-12-30,1988,12,30,9.9798589e-05
1988-12-31,1988,12,31,0
1989-01-01,1989,1,1,0
1989-01-02,1989,1,2,0
1989-01-03,1989,1,3,0
1989-01-04,1989,1,4,10.78437
1989-01-05,1989,1,5,16.640731
1989-01-06,1989,1,6,0
1989-01-07,1989,1,7,0
1989-01-08,1989,1,8,0
1989-01-09,1989,1,9,0
1989-01-10,1989,1,10,0
1989-01-11,1989,1,11,0
1989-01-12,1989,1,12,0
1989-01-13,1989,1,13,0
1989-01-14,1989,1,14,0
1989-01-15,1989,1,15,0
1989-01-16,1989,1,16,3.4750816
1989-01-17,1989,1,17,0
1989-01-18,1989,1,18,0.20105752
1989-01-19,1989,1,19,5.9343885
1989-01-20,1989,1,20,25.246335
1989-01-21,1989,1,21,0.0036269765
1989-01-22,1989,1,22,0
1989-01-23,1989,1,23,0
1989-01-24,1989,1,24,0
1989-01-25,1989,1,25,0
1989-01-26,1989,1,26,0
1989-01-27,1989,1,27,8.468123
1989-01-28,1989,1,28,0.45015555
1989-01-29,1989,1,29,0
1989-01-30,1989,1,30,0
1989-01-31,1989,1,31,0
1989-02-01,1989,2,1,0
1989-02-02,1989,2,2,0
1989-02-03,1989,2,3,0
1989-02-04,1989,2,4,0
1989-02-05,1989,2,5,0
1989-02-06,1989,2,6,0
1989-02-07,1989,2,7,0
1989-02-08,1989,2,8,0
1989-02-09,1989,2,9,0
1989-02-10,1989,2,10,0
1989-02-11,1989,2,11,0
1989-02-12,1989,2,12,0
1989-02-13,1989,2,13,0
1989-02-14,1989,2,14,0
1989-02-15,1989,2,15,0.017122441
1989-02-16,1989,2,16,0
1989-02-17,1989,2,17,0
1989-02-18,1989,2,18,0
1989-02-19,1989,2,19,0
1989-02-20,1989,2,20,0
1989-02-21,1989,2,21,21.418674
1989-02-22,1989,2,22,9.3419125
1989-02-23,1989,2,23,0
1989-02-24,1989,2,24,0
1989-02-25,1989,2,25,0
1989-02-26,1989,2,26,0
1989-02-27,1989,2,27,0
1989-02-28,1989,2,28,0
1989-03-01,1989,3,1,0
1989-03-02,1989,3,2,0
1989-03-03,1989,3,3,20.071947
1989-03-04,1989,3,4,0
1989-03-05,1989,3,5,0.18431615
1989-03-06,1989,3,6,0
1989-03-07,1989,3,7,0
1989-03-08,1989,3,8,0
1989-03-09,1989,3,9,0
1989-03-10,1989,3,10,0
1989-03-11,1989,3,11,0
1989-03-12,1989,3,12,0
1989-03-13,1989,3,13,0
1989-03-14,1989,3,14,14.274374
1989-03-15,1989,3,15,0.13823144
1989-03-16,1989,3,16,0
1989-03-17,1989,3,17,0
1989-03-18,1989,3,18,0
1989-03-19,1989,3,19,0
1989-03-20,1989,3,20,0
1989-03-21,1989,3,21,7.9925871
1989-03-22,1989,3,22,0
1989-03-23,1989,3,23,0
1989-03-24,1989,3,24,4.8624088
1989-03-25,1989,3,25,0
1989-03-26,1989,3,26,0
1989-03-27,1989,3,27,9.3609608
1989-03-28,1989,3,28,1.5633792
1989-03-29,1989,3,29,0
1989-03-30,1989,3,30,0
1989-03-31,1989,3,31,0
1989-04-01,1989,4,1,0
1989-04-02,1989,4,2,2.4194253
1989-04-03,1989,4,3,10.361631
1989-04-04,1989,4,4,2.2387653
1989-04-05,1989,4,5,0
1989-04-06,1989,4,6,0
1989-04-07,1989,4,7,25.652824
1989-04-08,1989,4,8,2.0876142
1989-04-09,1989,4,9,0
1989-04-10,1989,4,10,0
1989-04-11,1989,4,11,0.029087861
1989-04-12,1989,4,12,0
1989-04-13,1989,4,13,0
1989-04-14,1989,4,14,0
1989-04-15,1989,4,15,0
1989-04-16,1989,4,16,0
1989-04-17,1989,4,17,0
1989-04-18,1989,4,18,0
1989-04-19,1989,4,19,0
1989-04-20,1989,4,20,0
1989-04-21,1989,4,21,0
1989-04-22,1989,4,22,0
1989-04-23,1989,4,23,0
1989-04-24,1989,4,24,0
1989-04-25,1989,4,25,0
1989-04-26,1989,4,26,0.00068592596
1989-04-27,1989,4,27,1.3852869
1989-04-28,1989,4,28,0
1989-04-29,1989,4,29,0.43945276
1989-04-30,1989,4,30,1.9465758
1989-05-01,1989,5,1,11.810978
1989-05-02,1989,5,2,0
1989-05-03,1989,5,3,0
1989-05-04,1989,5,4,0
1989-05-05,1989,5,5,0
1989-05-06,1989,5,6,0
1989-05-07,1989,5,7,0
1989-05-08,1989,5,8,0
1989-05-09,1989,5,9,0
1989-05-10,1989,5,10,0
1989-05-11,1989,5,11,8.4089729
1989-05-12,1989,5,12,23.99087
1989-05-13,1989,5,13,10.720085
1989-05-14,1989,5,14,4.8056801
1989-05-15,1989,5,15,0
1989-05-16,1989,5,16,0
1989-05-17,1989,5,17,0
1989-05-18,1989,5,18,0
1989-05-19,1989,5,19,0
1989-05-20,1989,5,20,0
1989-05-21,1989,5,21,0
1989-05-22,1989,5,22,0.084528868
1989-05-23,1989,5,23,0
1989-05-24,1989,5,24,0
1989-05-25,1989,5,25,0
1989-05-26,1989,5,26,0
1989-05-27,1989,5,27,35.947114
1989-05-28,1989,5,28,11.916673
1989-05-29,1989,5,29,28.255649
1989-05-30,1989,5,30,4.9590626
1989-05-31,1989,5,31,0
1989-06-01,1989,6,1,5.2415332
1989-06-02,1989,6,2,62.972021
1989-06-03,1989,6,3,4.3050674
1989-06-04,1989,6,4,0
1989-06-05,1989,6,5,37.47554
1989-06-06,1989,6,6,54.833685
1989-06-07,1989,6,7,29.674198
1989-06-08,1989,6,8,1.1221405
1989-06-09,1989,6,9,0
1989-06-10,1989,6,10,0.0028902364
1989-06-11,1989,6,11,0
1989-06-12,1989,6,12,0
1989-06-13,1989,6,13,0
1989-06-14,1989,6,14,11.94608
1989-06-15,1989,6,15,3.0981656
1989-06-16,1989,6,16,0
1989-06-17,1989,6,17,0
1989-06-18,1989,6,18,13.174344
1989-06-19,1989,6,19,0
1989-06-20,1989,6,20,6.7260885
1989-06-21,1989,6,21,9.9067814
1989-06-22,1989,6,22,0
1989-06-23,1989,6,23,0
1989-06-24,1989,6,24,8.358787
1989-06-25,1989,6,25,30.357544
1989-06-26,1989,6,26,39.449651
1989-06-27,1989,6,27,73.911181
1989-06-28,1989,6,28,89.732641
1989-06-29,1989,6,29,32.668696
1989-06-30,1989,6,30,13.495094
1989-07-01,1989,7,1,0
1989-07-02,1989,7,2,0
1989-07-03,1989,7,3,7.6209182
1989-07-04,1989,7,4,0
1989-07-05,1989,7,5,0
1989-07-06,1989,7,6,0
1989-07-07,1989,7,7,0
1989-07-08,1989,7,8,0
1989-07-09,1989,7,9,0
1989-07-10,1989,7,10,0
1989-07-11,1989,7,11,0.51990187
1989-07-12,1989,7,12,32.146159
1989-07-13,1989,7,13,0
1989-07-14,1989,7,14,0
1989-07-15,1989,7,15,0
1989-07-16,1989,7,16,0
1989-07-17,1989,7,17,16.004111
1989-07-18,1989,7,18,0
1989-07-19,1989,7,19,11.073918
1989-07-20,1989,7,20,0.82483343
1989-07-21,1989,7,21,0
1989-07-22,1989,7,22,6.5848531
1989-07-23,1989,7,23,22.141738
1989-07-24,1989,7,24,0
1989-07-25,1989,7,25,40.228822
1989-07-26,1989,7,26,38.025406
1989-07-27,1989,7,27,32.592006
1989-07-28,1989,7,28,60.412127
1989-07-29,1989,7,29,17.312061
1989-07-30,1989,7,30,28.455563
1989-07-31,1989,7,31,53.56145
1989-08-01,1989,8,1,14.263744
1989-08-02,1989,8,2,14.761607
1989-08-03,1989,8,3,18.898332
1989-08-04,1989,8,4,0.000336074
1989-08-05,1989,8,5,0
1989-08-06,1989,8,6,12.59696
1989-08-07,1989,8,7,0
1989-08-08,1989,8,8,0
1989-08-09,1989,8,9,0
1989-08-10,1989,8,10,0
1989-08-11,1989,8,11,0.28937257
1989-08-12,1989,8,12,20.388614
1989-08-13,1989,8,13,0
1989-08-14,1989,8,14,0
1989-08-15,1989,8,15,31.054294
1989-08-16,1989,8,16,30.778463
1989-08-17,1989,8,17,29.930474
1989-08-18,1989,8,18,10.514409
1989-08-19,1989,8,19,1.1356935
1989-08-20,1989,8,20,0.43499296
1989-08-21,1989,8,21,5.376485
1989-08-22,1989,8,22,44.722043
1989-08-23,1989,8,23,44.597756
1989-08-24,1989,8,24,16.87555
1989-08-25,1989,8,25,35.691557
1989-08-26,1989,8,26,2.1818046
1989-08-27,1989,8,27,0
1989-08-28,1989,8,28,20.337857
1989-08-29,1989,8,29,0
1989-08-30,1989,8,30,0
1989-08-31,1989,8,31,0
1989-09-01,1989,9,1,0
1989-09-02,1989,9,2,42.706253
1989-09-03,1989,9,3,11.407611
1989-09-04,1989,9,4,12.761994
1989-09-05,1989,9,5,0
1989-09-06,1989,9,6,0
1989-09-07,1989,9,7,0.00043148277
1989-09-08,1989,9,8,0
1989-09-09,1989,9,9,0
1989-09-10,1989,9,10,0
1989-09-11,1989,9,11,0
1989-09-12,1989,9,12,0
1989-09-13,1989,9,13,0
1989-09-14,1989,9,14,0
1989-09-15,1989,9,15,0
1989-09-16,1989,9,16,0
1989-09-17,1989,9,17,0
1989-09-18,1989,9,18,0
1989-09-19,1989,9,19,0
1989-09-20,1989,9,20,6.1849477
1989-09-21,1989,9,21,6.41689
1989-09-22,1989,9,22,4.7543885
1989-09-23,1989,9,23,0
1989-09-24,1989,9,24,0
1989-09-25,1989,9,25,0
1989-09-26,1989,9,26,0
1989-09-27,1989,9,27,5.2552122
1989-09-28,1989,9,28,0
1989-09-29,1989,9,29,0
1989-09-30,1989,9,30,3.3395023
1989-10-01,1989,10,1,17.073943
1989-10-02,1989,10,2,0
1989-10-03,1989,10,3,0
1989-10-04,1989,10,4,0
1989-10-05,1989,10,5,0
1989-10-06,1989,10,6,0
1989-10-07,1989,10,7,0
1989-10-08,1989,10,8,0
1989-10-09,1989,10,9,0
1989-10-10,1989,10,10,0
1989-10-11,1989,10,11,0
1989-10-12,1989,10,12,0
1989-10-13,1989,10,13,0
1989-10-14,1989,10,14,0
1989-10-15,1989,10,15,0
1989-10-16,1989,10,16,0
1989-10-17,1989,10,17,0
1989-10-18,1989,10,18,0
1989-10-19,1989,10,19,0
1989-10-20,1989,10,20,0
1989-10-21,1989,10,21,0
1989-10-22,1989,10,22,5.5998413
1989-10-23,1989,10,23,10.306254
1989-10-24,1989,10,24,46.347505
1989-10-25,1989,10,25,19.784652
1989-10-26,1989,10,26,0
1989-10-27,1989,10,27,0.00022713632
1989-10-28,1989,10,28,4.2753987
1989-10-29,1989,10,29,0
1989-10-30,1989,10,30,0
1989-10-31,1989,10,31,0.0074978663
1989-11-01,1989,11,1,4.9325242
1989-11-02,1989,11,2,2.9674765
1989-11-03,1989,11,3,0.46319533
1989-11-04,1989,11,4,0
1989-11-05,1989,11,5,0
1989-11-06,1989,11,6,0.96299087
1989-11-07,1989,11,7,27.980938
1989-11-08,1989,11,8,1.3971334
1989-11-09,1989,11,9,0
1989-11-10,1989,11,10,3.5251431
1989-11-11,1989,11,11,0
1989-11-12,1989,11,12,0
1989-11-13,1989,11,13,0
1989-11-14,1989,11,14,1.3120313
1989-11-15,1989,11,15,0
1989-11-16,1989,11,16,0
1989-11-17,1989,11,17,0
1989-11-18,1989,11,18,0
1989-11-19,1989,11,19,0
1989-11-20,1989,11,20,0
1989-11-21,1989,11,21,0
1989-11-22,1989,11,22,0.27398033
1989-11-23,1989,11,23,0.29926132
1989-11-24,1989,11,24,0
1989-11-25,1989,11,25,4.900167
1989-11-26,1989,11,26,0
1989-11-27,1989,11,27,0
1989-11-28,1989,11,28,0
1989-11-29,1989,11,29,0
1989-11-30,1989,11,30,0
1989-12-01,1989,12,1,3.920308
1989-12-02,1989,12,2,18.848621
1989-12-03,1989,12,3,5.5829271
1989-12-04,1989,12,4,42.255445
1989-12-05,1989,12,5,5.8887432
1989-12-06,1989,12,6,0
1989-12-07,1989,12,7,0
1989-12-08,1989,12,8,0.0019723516
1989-12-09,1989,12,9,20.500236
1989-12-10,1989,12,10,85.095559
1989-12-11,1989,12,11,80.031586
1989-12-12,1989,12,12,8.8343783
1989-12-13,1989,12,13,0
1989-12-14,1989,12,14,3.9704875
1989-12-15,1989,12,15,26.616165
1989-12-16,1989,12,16,1.4346942
1989-12-17,1989,12,17,0
1989-12-18,1989,12,18,0
1989-12-19,1989,12,19,0
1989-12-20,1989,12,20,0
1989-12-21,1989,12,21,0.35182871
1989-12-22,1989,12,22,0
1989-12-23,1989,12,23,0
1989-12-24,1989,12,24,0
1989-12-25,1989,12,25,5.8062901
1989-12-26,1989,12,26,0
1989-12-27,1989,12,27,0
1989-12-28,1989,12,28,0
1989-12-29,1989,12,29,0
1989-12-30,1989,12,30,0
1989-12-31,1989,12,31,0
1990-01-01,1990,1,1,0
1990-01-02,1990,1,2,0
1990-01-03,1990,1,3,0
1990-01-04,1990,1,4,0
1990-01-05,1990,1,5,0
1990-01-06,1990,1,6,0
1990-01-07,1990,1,7,0
1990-01-08,1990,1,8,0
1990-01-09,1990,1,9,0
1990-01-10,1990,1,10,0
1990-01-11,1990,1,11,0
1990-01-12,1990,1,12,3.1683565
1990-01-13,1990,1,13,0
1990-01-14,1990,1,14,0
1990-01-15,1990,1,15,36.889703
1990-01-16,1990,1,16,4.8703481
1990-01-17,1990,1,17,0
1990-01-18,1990,1,18,0
1990-01-19,1990,1,19,0
1990-01-20,1990,1,20,0
1990-01-21,1990,1,21,0
1990-01-22,1990,1,22,0
1990-01-23,1990,1,23,0
1990-01-24,1990,1,24,0
1990-01-25,1990,1,25,0
1990-01-26,1990,1,26,4.5988038
1990-01-27,1990,1,27,0
1990-01-28,1990,1,28,0
1990-01-29,1990,1,29,0
1990-01-30,1990,1,30,0
1990-01-31,1990,1,31,0
1990-02-01,1990,2,1,0
1990-02-02,1990,2,2,0
1990-02-03,1990,2,3,0
1990-02-04,1990,2,4,0
1990-02-05,1990,2,5,0
1990-02-06,1990,2,6,0
1990-02-07,1990,2,7,0.15421275
1990-02-08,1990,2,8,0
1990-02-09,1990,2,9,0
1990-02-10,1990,2,10,0
1990-02-11,1990,2,11,0
1990-02-12,1990,2,12,0
1990-02-13,1990,2,13,2.9168544
1990-02-14,1990,2,14,0.4562759
1990-02-15,1990,2,15,0
1990-02-16,1990,2,16,0
1990-02-17,1990,2,17,0
1990-02-18,1990,2,18,6.0033465
1990-02-19,1990,2,19,0
1990-02-20,1990,2,20,24.835432
1990-02-21,1990,2,21,18.602301
1990-02-22,1990,2,22,24.025983
1990-02-23,1990,2,23,0
1990-02-24,1990,2,24,0
1990-02-25,1990,2,25,0
1990-02-26,1990,2,26,0
1990-02-27,1990,2,27,12.862324
1990-02-28,1990,2,28,3.1232397
1990-03-01,1990,3,1,0
1990-03-02,1990,3,2,0
1990-03-03,1990,3,3,0
1990-03-04,1990,3,4,0
1990-03-05,1990,3,5,0
1990-03-06,1990,3,6,0
1990-03-07,1990,3,7,0
1990-03-08,1990,3,8,0
1990-03-09,1990,3,9,0
1990-03-10,1990,3,10,0
1990-03-11,1990,3,11,0
1990-03-12,1990,3,12,0
1990-03-13,1990,3,13,0
1990-03-14,1990,3,14,0
1990-03-15,1990,3,15,0
1990-03-16,1990,3,16,0
1990-03-17,1990,3,17,0
1990-03-18,1990,3,18,0
1990-03-19,1990,3,19,0
1990-03-20,1990,3,20,0
1990-03-21,1990,3,21,0
1990-03-22,1990,3,22,0
1990-03-23,1990,3,23,0
1990-03-24,1990,3,24,0
1990-03-25,1990,3,25,0.054244673
1990-03-26,1990,3,26,0
1990-03-27,1990,3,27,59.106656
1990-03-28,1990,3,28,58.89002
1990-03-29,1990,3,29,15.730884
1990-03-30,1990,3,30,26.976809
1990-03-31,1990,3,31,12.017903
1990-04-01,1990,4,1,0
1990-04-02,1990,4,2,0.057869193
1990-04-03,1990,4,3,0
1990-04-04,1990,4,4,0
1990-04-05,1990,4,5,4.4942105
1990-04-06,1990,4,6,0.45575637
1990-04-07,1990,4,7,23.815586
1990-04-08,1990,4,8,40.048838
1990-04-09,1990,4,9,18.012157
1990-04-10,1990,4,10,0
1990-04-11,1990,4,11,0
1990-04-12,1990,4,12,5.3191363
1990-04-13,1990,4,13,37.36253
1990-04-14,1990,4,14,30.373494
1990-04-15,1990,4,15,62.592143
1990-04-16,1990,4,16,6.9091337
1990-04-17,1990,4,17,0
1990-04-18,1990,4,18,0
1990-04-19,1990,4,19,0
1990-04-20,1990,4,20,7.8387332
1990-04-21,1990,4,21,0
1990-04-22,1990,4,22,0
1990-04-23,1990,4,23,0
1990-04-24,1990,4,24,0
1990-04-25,1990,4,25,3.1016548
1990-04-26,1990,4,26,0
1990-04-27,1990,4,27,0
1990-04-28,1990,4,28,0
1990-04-29,1990,4,29,0
1990-04-30,1990,4,30,0
1990-05-01,1990,5,1,9.2218244
1990-05-02,1990,5,2,17.717762
1990-05-03,1990,5,3,30.859654
1990-05-04,1990,5,4,10.335694
1990-05-05,1990,5,5,44.607724
1990-05-06,1990,5,6,1.3422534
1990-05-07,1990,5,7,9.0795068
1990-05-08,1990,5,8,38.804796
1990-05-09,1990,5,9,34.677199
1990-05-10,1990,5,10,10.319178
1990-05-11,1990,5,11,0
1990-05-12,1990,5,12,12.338323
1990-05-13,1990,5,13,4.4341782
1990-05-14,1990,5,14,13.167705
1990-05-15,1990,5,15,21.278595
1990-05-16,1990,5,16,0
1990-05-17,1990,5,17,0
1990-05-18,1990,5,18,0.6069828
1990-05-19,1990,5,19,15.829043
1990-05-20,1990,5,20,0
1990-05-21,1990,5,21,0
1990-05-22,1990,5,22,0
1990-05-23,1990,5,23,10.884367
1990-05-24,1990,5,24,0
1990-05-25,1990,5,25,19.153336
1990-05-26,1990,5,26,9.7034729
1990-05-27,1990,5,27,0
1990-05-28,1990,5,28,6.5928596
1990-05-29,1990,5,29,0
1990-05-30,1990,5,30,0
1990-05-31,1990,5,31,58.068465
1990-06-01,1990,6,1,79.785231
1990-06-02,1990,6,2,16.213022
1990-06-03,1990,6,3,0
1990-06-04,1990,6,4,6.2328759
1990-06-05,1990,6,5,18.048755
1990-06-06,1990,6,6,0.018496403
1990-06-07,1990,6,7,9.1354701
1990-06-08,1990,6,8,17.110097
1990-06-09,1990,6,9,0
1990-06-10,1990,6,10,0
1990-06-11,1990,6,11,0
1990-06-12,1990,6,12,23.788908
1990-06-13,1990,6,13,26.409636
1990-06-14,1990,6,14,0
1990-06-15,1990,6,15,0
1990-06-16,1990,6,16,0
1990-06-17,1990,6,17,28.292319
1990-06-18,1990,6,18,0
1990-06-19,1990,6,19,0
1990-06-20,1990,6,20,17.56597
1990-06-21,1990,6,21,61.881771
1990-06-22,1990,6,22,3.7087736
1990-06-23,1990,6,23,0
1990-06-24,1990,6,24,6.4392369
1990-06-25,1990,6,25,41.120144
1990-06-26,1990,6,26,0
1990-06-27,1990,6,27,0
1990-06-28,1990,6,28,0
1990-06-29,1990,6,29,0
1990-06-30,1990,6,30,0
1990-07-01,1990,7,1,17.179982
1990-07-02,1990,7,2,0.24298225
1990-07-03,1990,7,3,0
1990-07-04,1990,7,4,0
1990-07-05,1990,7,5,7.2558619
1990-07-06,1990,7,6,8.2083872
1990-07-07,1990,7,7,0
1990-07-08,1990,7,8,2.6278384
1990-07-09,1990,7,9,9.2939727
1990-07-10,1990,7,10,0
1990-07-11,1990,7,11,0
1990-07-12,1990,7,12,29.359446
1990-07-13,1990,7,13,0
1990-07-14,1990,7,14,18.429398
1990-07-15,1990,7,15,35.594873
1990-07-16,1990,7,16,14.897371
1990-07-17,1990,7,17,2.189186
1990-07-18,1990,7,18,0
1990-07-19,1990,7,19,0
1990-07-20,1990,7,20,0
1990-07-21,1990,7,21,0
1990-07-22,1990,7,22,0
1990-07-23,1990,7,23,26.185408
1990-07-24,1990,7,24,7.8446677
1990-07-25,1990,7,25,34.799249
1990-07-26,1990,7,26,3.583285
1990-07-27,1990,7,27,0
1990-07-28,1990,7,28,0
1990-07-29,1990,7,29,0
1990-07-30,1990,7,30,0
1990-07-31,1990,7,31,27.402166
1990-08-01,1990,8,1,58.726318
1990-08-02,1990,8,2,27.622716
1990-08-03,1990,8,3,0
1990-08-04,1990,8,4,2.0093689
1990-08-05,1990,8,5,28.34027
1990-08-06,1990,8,6,57.278398
1990-08-07,1990,8,7,11.441692
1990-08-08,1990,8,8,0
1990-08-09,1990,8,9,0
1990-08-10,1990,8,10,0
1990-08-11,1990,8,11,0
1990-08-12,1990,8,12,0
1990-08-13,1990,8,13,31.74425
1990-08-14,1990,8,14,7.2982591
1990-08-15,1990,8,15,0
1990-08-16,1990,8,16,0.02263216
1990-08-17,1990,8,17,0.18194634
1990-08-18,1990,8,18,0
1990-08-19,1990,8,19,8.1038188
1990-08-20,1990,8,20,0
1990-08-21,1990,8,21,0
1990-08-22,1990,8,22,0
1990-08-23,1990,8,23,0
1990-08-24,1990,8,24,0
1990-08-25,1990,8,25,38.187546
1990-08-26,1990,8,26,3.722849
1990-08-27,1990,8,27,0
1990-08-28,1990,8,28,19.219406
1990-08-29,1990,8,29,15.628317
1990-08-30,1990,8,30,0
1990-08-31,1990,8,31,0
1990-09-01,1990,9,1,0.49937191
1990-09-02,1990,9,2,17.647734
1990-09-03,1990,9,3,0.13475666
1990-09-04,1990,9,4,21.255612
1990-09-05,1990,9,5,7.0998357
1990-09-06,1990,9,6,10.558034
1990-09-07,1990,9,7,82.58785
1990-09-08,1990,9,8,28.847509
1990-09-09,1990,9,9,66.04275
1990-09-10,1990,9,10,19.841353
1990-09-11,1990,9,11,2.7074339
1990-09-12,1990,9,12,0
1990-09-13,1990,9,13,0
1990-09-14,1990,9,14,0
1990-09-15,1990,9,15,0
1990-09-16,1990,9,16,0
1990-09-17,1990,9,17,5.2315948
1990-09-18,1990,9,18,13.702556
1990-09-19,1990,9,19,37.468104
1990-09-20,1990,9,20,33.888441
1990-09-21,1990,9,21,8.1697057
1990-09-22,1990,9,22,0
1990-09-23,1990,9,23,0
1990-09-24,1990,9,24,0
1990-09-25,1990,9,25,28.080839
1990-09-26,1990,9,26,5.0650656
1990-09-27,1990,9,27,0
1990-09-28,1990,9,28,0
1990-09-29,1990,9,29,0.21620845
1990-09-30,1990,9,30,22.9248
1990-10-01,1990,10,1,0
1990-10-02,1990,10,2,0
1990-10-03,1990,10,3,0
1990-10-04,1990,10,4,7.6658841
1990-10-05,1990,10,5,0
1990-10-06,1990,10,6,0
1990-10-07,1990,10,7,0
1990-10-08,1990,10,8,2.8511203
1990-10-09,1990,10,9,30.94584
1990-10-10,1990,10,10,17.441866
1990-10-11,1990,10,11,8.0178945
1990-10-12,1990,10,12,5.1205647
1990-10-13,1990,10,13,0
1990-10-14,1990,10,14,0
1990-10-15,1990,10,15,0
1990-10-16,1990,10,16,0
1990-10-17,1990,10,17,0
1990-10-18,1990,10,18,0
1990-10-19,1990,10,19,0
1990-10-20,1990,10,20,0
1990-10-21,1990,10,21,0
1990-10-22,1990,10,22,0
1990-10-23,1990,10,23,0
1990-10-24,1990,10,24,5.22043
1990-10-25,1990,10,25,0.1404124
1990-10-26,1990,10,26,0.298507
1990-10-27,1990,10,27,0
1990-10-28,1990,10,28,0
1990-10-29,1990,10,29,8.5918411
1990-10-30,1990,10,30,18.302595
1990-10-31,1990,10,31,0.013856902
1990-11-01,1990,11,1,4.3730993
1990-11-02,1990,11,2,39.370308
1990-11-03,1990,11,3,16.178063
1990-11-04,1990,11,4,0
1990-11-05,1990,11,5,0
1990-11-06,1990,11,6,0
1990-11-07,1990,11,7,0
1990-11-08,1990,11,8,0
1990-11-09,1990,11,9,0.23483414
1990-11-10,1990,11,10,0
1990-11-11,1990,11,11,0
1990-11-12,1990,11,12,5.9459424
1990-11-13,1990,11,13,18.799984
1990-11-14,1990,11,14,6.5707656
1990-11-15,1990,11,15,0
1990-11-16,1990,11,16,0
1990-11-17,1990,11,17,0
1990-11-18,1990,11,18,0
1990-11-19,1990,11,19,0.00076920481
1990-11-20,1990,11,20,0
1990-11-21,1990,11,21,0
1990-11-22,1990,11,22,0
1990-11-23,1990,11,23,0
1990-11-24,1990,11,24,0
1990-11-25,1990,11,25,0
1990-11-26,1990,11,26,0
1990-11-27,1990,11,27,0
1990-11-28,1990,11,28,0.11023456
1990-11-29,1990,11,29,6.7456615
1990-11-30,1990,11,30,3.164669
1990-12-01,1990,12,1,22.459467
1990-12-02,1990,12,2,1.4457364
1990-12-03,1990,12,3,0.69279475
1990-12-04,1990,12,4,2.8175516
1990-12-05,1990,12,5,4.7016357
1990-12-06,1990,12,6,0
1990-12-07,1990,12,7,4.9387634
1990-12-08,1990,12,8,12.250358
1990-12-09,1990,12,9,11.84559
1990-12-10,1990,12,10,0.36703351
1990-12-11,1990,12,11,0
1990-12-12,1990,12,12,0
1990-12-13,1990,12,13,0
1990-12-14,1990,12,14,0
1990-12-15,1990,12,15,0
1990-12-16,1990,12,16,0
1990-12-17,1990,12,17,0
1990-12-18,1990,12,18,0
1990-12-19,1990,12,19,0
1990-12-20,1990,12,20,0
1990-12-21,1990,12,21,0
1990-12-22,1990,12,22,0
1990-12-23,1990,12,23,0
1990-12-24,1990,12,24,0
1990-12-25,1990,12,25,0
1990-12-26,1990,12,26,0.53375193
1990-12-27,1990,12,27,0
1990-12-28,1990,12,28,0
1990-12-29,1990,12,29,0
1990-12-30,1990,12,30,0
1990-12-31,1990,12,31,3.1007193
1991-01-01,1991,1,1,2.9476631
1991-01-02,1991,1,2,0
1991-01-03,1991,1,3,0
1991-01-04,1991,1,4,0
1991-01-05,1991,1,5,0
1991-01-06,1991,1,6,0
1991-01-07,1991,1,7,0
1991-01-08,1991,1,8,0
1991-01-09,1991,1,9,0
1991-01-10,1991,1,10,0
1991-01-11,1991,1,11,0
1991-01-12,1991,1,12,0
1991-01-13,1991,1,13,0.0096202535
1991-01-14,1991,1,14,0
1991-01-15,1991,1,15,0
1991-01-16,1991,1,16,0
1991-01-17,1991,1,17,0
1991-01-18,1991,1,18,0
1991-01-19,1991,1,19,24.203886
1991-01-20,1991,1,20,6.2844281
1991-01-21,1991,1,21,0
1991-01-22,1991,1,22,0
1991-01-23,1991,1,23,0
1991-01-24,1991,1,24,0
1991-01-25,1991,1,25,0
1991-01-26,1991,1,26,0
1991-01-27,1991,1,27,8.3170312
1991-01-28,1991,1,28,7.0914758
1991-01-29,1991,1,29,0
1991-01-30,1991,1,30,0
1991-01-31,1991,1,31,0
1991-02-01,1991,2,1,0
1991-02-02,1991,2,2,0.0099053591
1991-02-03,1991,2,3,0.3206112
1991-02-04,1991,2,4,0
1991-02-05,1991,2,5,0
1991-02-06,1991,2,6,0
1991-02-07,1991,2,7,0
1991-02-08,1991,2,8,0
1991-02-09,1991,2,9,0
1991-02-10,1991,2,10,0
1991-02-11,1991,2,11,0
1991-02-12,1991,2,12,0
1991-02-13,1991,2,13,0
1991-02-14,1991,2,14,0
1991-02-15,1991,2,15,0
1991-02-16,1991,2,16,0
1991-02-17,1991,2,17,0
1991-02-18,1991,2,18,0
1991-02-19,1991,2,19,0
1991-02-20,1991,2,20,0
1991-02-21,1991,2,21,0
1991-02-22,1991,2,22,0
1991-02-23,1991,2,23,0
1991-02-24,1991,2,24,0
1991-02-25,1991,2,25,0
1991-02-26,1991,2,26,22.254069
1991-02-27,1991,2,27,0.081930226
1991-02-28,1991,2,28,0
1991-03-01,1991,3,1,21.975075
1991-03-02,1991,3,2,7.8830483
1991-03-03,1991,3,3,0
1991-03-04,1991,3,4,0
1991-03-05,1991,3,5,0
1991-03-06,1991,3,6,0.33685209
1991-03-07,1991,3,7,6.3519223
1991-03-08,1991,3,8,0
1991-03-09,1991,3,9,0
1991-03-10,1991,3,10,0
1991-03-11,1991,3,11,0
1991-03-12,1991,3,12,0
1991-03-13,1991,3,13,0
1991-03-14,1991,3,14,0
1991-03-15,1991,3,15,0
1991-03-16,1991,3,16,0
1991-03-17,1991,3,17,0
1991-03-18,1991,3,18,4.7214263
1991-03-19,1991,3,19,0
1991-03-20,1991,3,20,0
1991-03-21,1991,3,21,0
1991-03-22,1991,3,22,30.896034
1991-03-23,1991,3,23,5.3384274
1991-03-24,1991,3,24,0
1991-03-25,1991,3,25,0
1991-03-26,1991,3,26,0
1991-03-27,1991,3,27,0
1991-03-28,1991,3,28,0
1991-03-29,1991,3,29,1.6305832
1991-03-30,1991,3,30,0
1991-03-31,1991,3,31,18.004594
1991-04-01,1991,4,1,1.8676181
1991-04-02,1991,4,2,0
1991-04-03,1991,4,3,0
1991-04-04,1991,4,4,0
1991-04-05,1991,4,5,0
1991-04-06,1991,4,6,13.994667
1991-04-07,1991,4,7,11.956517
1991-04-08,1991,4,8,65.599506
1991-04-09,1991,4,9,13.389065
1991-04-10,1991,4,10,19.265926
1991-04-11,1991,4,11,12.104028
1991-04-12,1991,4,12,36.514997
1991-04-13,1991,4,13,45.035129
1991-04-14,1991,4,14,9.4171153
1991-04-15,1991,4,15,44.745801
1991-04-16,1991,4,16,41.242169
1991-04-17,1991,4,17,10.69044
1991-04-18,1991,4,18,0
1991-04-19,1991,4,19,0
1991-04-20,1991,4,20,0
1991-04-21,1991,4,21,0
1991-04-22,1991,4,22,4.2448986
1991-04-23,1991,4,23,0
1991-04-24,1991,4,24,0
1991-04-25,1991,4,25,0
1991-04-26,1991,4,26,0
1991-04-27,1991,4,27,0.76665921
1991-04-28,1991,4,28,0
1991-04-29,1991,4,29,1.6040036
1991-04-30,1991,4,30,1.9688656
1991-05-01,1991,5,1,22.09072
1991-05-02,1991,5,2,9.1234787
1991-05-03,1991,5,3,2.7596384
1991-05-04,1991,5,4,0
1991-05-05,1991,5,5,0
1991-05-06,1991,5,6,0
1991-05-07,1991,5,7,0
1991-05-08,1991,5,8,0
1991-05-09,1991,5,9,0
1991-05-10,1991,5,10,0
1991-05-11,1991,5,11,9.931243
1991-05-12,1991,5,12,0
1991-05-13,1991,5,13,0
1991-05-14,1991,5,14,10.352061
1991-05-15,1991,5,15,70.708667
1991-05-16,1991,5,16,88.336128
1991-05-17,1991,5,17,53.938791
1991-05-18,1991,5,18,23.937203
1991-05-19,1991,5,19,13.475657
1991-05-20,1991,5,20,0
1991-05-21,1991,5,21,0
1991-05-22,1991,5,22,25.301326
1991-05-23,1991,5,23,49.980577
1991-05-24,1991,5,24,45.118369
1991-05-25,1991,5,25,66.677572
1991-05-26,1991,5,26,90.678323
1991-05-27,1991,5,27,86.778922
1991-05-28,1991,5,28,84.480907
1991-05-29,1991,5,29,1.5916857
1991-05-30,1991,5,30,0
1991-05-31,1991,5,31,0.60822347
1991-06-01,1991,6,1,23.216772
1991-06-02,1991,6,2,11.020755
1991-06-03,1991,6,3,13.088025
1991-06-04,1991,6,4,14.874328
1991-06-05,1991,6,5,0
1991-06-06,1991,6,6,0
1991-06-07,1991,6,7,0
1991-06-08,1991,6,8,0
1991-06-09,1991,6,9,2.9285983
1991-06-10,1991,6,10,16.245788
1991-06-11,1991,6,11,0
1991-06-12,1991,6,12,0
1991-06-13,1991,6,13,0
1991-06-14,1991,6,14,0
1991-06-15,1991,6,15,23.760062
1991-06-16,1991,6,16,22.789735
1991-06-17,1991,6,17,15.833155
1991-06-18,1991,6,18,25.681874
1991-06-19,1991,6,19,7.2935731
1991-06-20,1991,6,20,28.780313
1991-06-21,1991,6,21,13.667384
1991-06-22,1991,6,22,0
1991-06-23,1991,6,23,0
1991-06-24,1991,6,24,26.738492
1991-06-25,1991,6,25,16.080735
1991-06-26,1991,6,26,0.0090343451
1991-06-27,1991,6,27,0
1991-06-28,1991,6,28,0
1991-06-29,1991,6,29,0
1991-06-30,1991,6,30,22.123282
1991-07-01,1991,7,1,11.544685
1991-07-02,1991,7,2,0
1991-07-03,1991,7,3,0
1991-07-04,1991,7,4,12.302009
1991-07-05,1991,7,5,32.421712
1991-07-06,1991,7,6,28.027921
1991-07-07,1991,7,7,80.789455
1991-07-08,1991,7,8,44.887281
1991-07-09,1991,7,9,21.541187
1991-07-10,1991,7,10,10.782718
1991-07-11,1991,7,11,0
1991-07-12,1991,7,12,0
1991-07-13,1991,7,13,0
1991-07-14,1991,7,14,0
1991-07-15,1991,7,15,4.6012218
1991-07-16,1991,7,16,6.1182341
1991-07-17,1991,7,17,18.99346
1991-07-18,1991,7,18,39.81508
1991-07-19,1991,7,19,8.9523337
1991-07-20,1991,7,20,6.5831738
1991-07-21,1991,7,21,0
1991-07-22,1991,7,22,0.00059977937
1991-07-23,1991,7,23,31.941186
1991-07-24,1991,7,24,12.661297
1991-07-25,1991,7,25,34.93373
1991-07-26,1991,7,26,18.184463
1991-07-27,1991,7,27,21.608931
1991-07-28,1991,7,28,0
1991-07-29,1991,7,29,5.1567145
1991-07-30,1991,7,30,23.888389
1991-07-31,1991,7,31,0
1991-08-01,1991,8,1,0
1991-08-02,1991,8,2,0
1991-08-03,1991,8,3,0
1991-08-04,1991,8,4,14.271611
1991-08-05,1991,8,5,21.633408
1991-08-06,1991,8,6,25.980829
1991-08-07,1991,8,7,5.6403802
1991-08-08,1991,8,8,0
1991-08-09,1991,8,9,0
1991-08-10,1991,8,10,0
1991-08-11,1991,8,11,2.109726
1991-08-12,1991,8,12,29.910532
1991-08-13,1991,8,13,15.787735
1991-08-14,1991,8,14,47.375355
1991-08-15,1991,8,15,9.8711774
1991-08-16,1991,8,16,0
1991-08-17,1991,8,17,0
1991-08-18,1991,8,18,0
1991-08-19,1991,8,19,2.1415057
1991-08-20,1991,8,20,0
1991-08-21,1991,8,21,0
1991-08-22,1991,8,22,0
1991-08-23,1991,8,23,0
1991-08-24,1991,8,24,0
1991-08-25,1991,8,25,0
1991-08-26,1991,8,26,0
1991-08-27,1991,8,27,0
1991-08-28,1991,8,28,0.080713468
1991-08-29,1991,8,29,0
1991-08-30,1991,8,30,0
1991-08-31,1991,8,31,12.128677
1991-09-01,1991,9,1,22.464601
1991-09-02,1991,9,2,11.655325
1991-09-03,1991,9,3,10.660105
1991-09-04,1991,9,4,8.7540544
1991-09-05,1991,9,5,0
1991-09-06,1991,9,6,7.4789912
1991-09-07,1991,9,7,0
1991-09-08,1991,9,8,0
1991-09-09,1991,9,9,0
1991-09-10,1991,9,10,0
1991-09-11,1991,9,11,14.06183
1991-09-12,1991,9,12,37.104042
1991-09-13,1991,9,13,0
1991-09-14,1991,9,14,0
1991-09-15,1991,9,15,23.87507
1991-09-16,1991,9,16,28.331381
1991-09-17,1991,9,17,14.418021
1991-09-18,1991,9,18,0
1991-09-19,1991,9,19,28.872214
1991-09-20,1991,9,20,23.139739
1991-09-21,1991,9,21,9.0959857
1991-09-22,1991,9,22,0
1991-09-23,1991,9,23,10.606117
1991-09-24,1991,9,24,0
1991-09-25,1991,9,25,0
1991-09-26,1991,9,26,0
1991-09-27,1991,9,27,0
1991-09-28,1991,9,28,0
1991-09-29,1991,9,29,0
1991-09-30,1991,9,30,0
1991-10-01,1991,10,1,0
1991-10-02,1991,10,2,0
1991-10-03,1991,10,3,0
1991-10-04,1991,10,4,0.05518157
1991-10-05,1991,10,5,11.004689
1991-10-06,1991,10,6,0
1991-10-07,1991,10,7,0
1991-10-08,1991,10,8,0
1991-10-09,1991,10,9,0
1991-10-10,1991,10,10,0
1991-10-11,1991,10,11,28.093683
1991-10-12,1991,10,12,19.455726
1991-10-13,1991,10,13,39.472692
1991-10-14,1991,10,14,16.725466
1991-10-15,1991,10,15,0
1991-10-16,1991,10,16,0
1991-10-17,1991,10,17,8.7055143
1991-10-18,1991,10,18,4.8523643
1991-10-19,1991,10,19,0
1991-10-20,1991,10,20,0
1991-10-21,1991,10,21,0
1991-10-22,1991,10,22,0
1991-10-23,1991,10,23,0
1991-10-24,1991,10,24,0
1991-10-25,1991,10,25,0
1991-10-26,1991,10,26,0
1991-10-27,1991,10,27,0
1991-10-28,1991,10,28,0
1991-10-29,1991,10,29,0
1991-10-30,1991,10,30,0
1991-10-31,1991,10,31,0
1991-11-01,1991,11,1,0
1991-11-02,1991,11,2,1.1194015
1991-11-03,1991,11,3,1.5379965
1991-11-04,1991,11,4,13.602801
1991-11-05,1991,11,5,0
1991-11-06,1991,11,6,0.19441639
1991-11-07,1991,11,7,0
1991-11-08,1991,11,8,0
1991-11-09,1991,11,9,0
1991-11-10,1991,11,10,0
1991-11-11,1991,11,11,0
1991-11-12,1991,11,12,0
1991-11-13,1991,11,13,0
1991-11-14,1991,11,14,0
1991-11-15,1991,11,15,0
1991-11-16,1991,11,16,0
1991-11-17,1991,11,17,12.089433
1991-11-18,1991,11,18,0
1991-11-19,1991,11,19,0
1991-11-20,1991,11,20,0
1991-11-21,1991,11,21,13.908946
1991-11-22,1991,11,22,35.262971
1991-11-23,1991,11,23,0.49634563
1991-11-24,1991,11,24,0.004373402
1991-11-25,1991,11,25,0
1991-11-26,1991,11,26,0
1991-11-27,1991,11,27,0
1991-11-28,1991,11,28,0
1991-11-29,1991,11,29,0
1991-11-30,1991,11,30,0
1991-12-01,1991,12,1,0
1991-12-02,1991,12,2,0
1991-12-03,1991,12,3,16.419113
1991-12-04,1991,12,4,16.366769
1991-12-05,1991,12,5,5.4271826
1991-12-06,1991,12,6,0
1991-12-07,1991,12,7,24.071163
1991-12-08,1991,12,8,15.768636
1991-12-09,1991,12,9,16.682191
1991-12-10,1991,12,10,19.666777
1991-12-11,1991,12,11,7.5409907
1991-12-12,1991,12,12,0.085087888
1991-12-13,1991,12,13,4.87157
1991-12-14,1991,12,14,0.015570207
1991-12-15,1991,12,15,37.502609
1991-12-16,1991,12,16,1.7283944
1991-12-17,1991,12,17,4.6502679
1991-12-18,1991,12,18,7.0250548
1991-12-19,1991,12,19,1.8648722
1991-12-20,1991,12,20,1.0905254
1991-12-21,1991,12,21,40.848508
1991-12-22,1991,12,22,32.456195
1991-12-23,1991,12,23,9.7239651
1991-12-24,1991,12,24,33.618459
1991-12-25,1991,12,25,0
1991-12-26,1991,12,26,0
1991-12-27,1991,12,27,0.011814508
1991-12-28,1991,12,28,17.36688
1991-12-29,1991,12,29,7.0386258
1991-12-30,1991,12,30,0
1991-12-31,1991,12,31,0.12388486
1992-01-01,1992,1,1,0.54081234
1992-01-02,1992,1,2,0
1992-01-03,1992,1,3,0
1992-01-04,1992,1,4,0
1992-01-05,1992,1,5,0
1992-01-06,1992,1,6,0
1992-01-07,1992,1,7,0
1992-01-08,1992,1,8,0.0017808352
1992-01-09,1992,1,9,0
1992-01-10,1992,1,10,0
1992-01-11,1992,1,11,0
1992-01-12,1992,1,12,0
1992-01-13,1992,1,13,0
1992-01-14,1992,1,14,0
1992-01-15,1992,1,15,0
1992-01-16,1992,1,16,0
1992-01-17,1992,1,17,0
1992-01-18,1992,1,18,0
1992-01-19,1992,1,19,0
1992-01-20,1992,1,20,0
1992-01-21,1992,1,21,0
1992-01-22,1992,1,22,0
1992-01-23,1992,1,23,0
1992-01-24,1992,1,24,0
1992-01-25,1992,1,25,0
1992-01-26,1992,1,26,0
1992-01-27,1992,1,27,0
1992-01-28,1992,1,28,5.6258234e-05
1992-01-29,1992,1,29,0
1992-01-30,1992,1,30,0
1992-01-31,1992,1,31,0.0270596
1992-02-01,1992,2,1,0
1992-02-02,1992,2,2,0
1992-02-03,1992,2,3,0
1992-02-04,1992,2,4,0
1992-02-05,1992,2,5,0
1992-02-06,1992,2,6,0
1992-02-07,1992,2,7,0
1992-02-08,1992,2,8,41.408438
1992-02-09,1992,2,9,0
1992-02-10,1992,2,10,0
1992-02-11,1992,2,11,0
1992-02-12,1992,2,12,0
1992-02-13,1992,2,13,0
1992-02-14,1992,2,14,0
1992-02-15,1992,2,15,0
1992-02-16,1992,2,16,0
1992-02-17,1992,2,17,0
1992-02-18,1992,2,18,7.6131951
1992-02-19,1992,2,19,18.728289
1992-02-20,1992,2,20,3.3803364
1992-02-21,1992,2,21,0
1992-02-22,1992,2,22,0
1992-02-23,1992,2,23,0
1992-02-24,1992,2,24,0
1992-02-25,1992,2,25,2.6338503
1992-02-26,1992,2,26,0
1992-02-27,1992,2,27,0
1992-02-28,1992,2,28,0
1992-02-29,1992,2,29,0
1992-03-01,1992,3,1,0
1992-03-02,1992,3,2,0
1992-03-03,1992,3,3,0
1992-03-04,1992,3,4,0
1992-03-05,1992,3,5,0
1992-03-06,1992,3,6,0
1992-03-07,1992,3,7,0.0057690361
1992-03-08,1992,3,8,44.228951
1992-03-09,1992,3,9,17.081282
1992-03-10,1992,3,10,0
1992-03-11,1992,3,11,0
1992-03-12,1992,3,12,0
1992-03-13,1992,3,13,0
1992-03-14,1992,3,14,0
1992-03-15,1992,3,15,0
1992-03-16,1992,3,16,6.0269628
1992-03-17,1992,3,17,2.6981459
1992-03-18,1992,3,18,0
1992-03-19,1992,3,19,12.024656
1992-03-20,1992,3,20,5.8850914
1992-03-21,1992,3,21,0
1992-03-22,1992,3,22,0
1992-03-23,1992,3,23,0
1992-03-24,1992,3,24,4.3601817
1992-03-25,1992,3,25,29.637741
1992-03-26,1992,3,26,3.4841764
1992-03-27,1992,3,27,0
1992-03-28,1992,3,28,0
1992-03-29,1992,3,29,0
1992-03-30,1992,3,30,0
1992-03-31,1992,3,31,0
1992-04-01,1992,4,1,8.1897641
1992-04-02,1992,4,2,21.180999
1992-04-03,1992,4,3,30.577009
1992-04-04,1992,4,4,0
1992-04-05,1992,4,5,13.489159
1992-04-06,1992,4,6,0
1992-04-07,1992,4,7,0
1992-04-08,1992,4,8,8.8682505
1992-04-09,1992,4,9,6.5079041
1992-04-10,1992,4,10,0
1992-04-11,1992,4,11,0
1992-04-12,1992,4,12,0
1992-04-13,1992,4,13,0
1992-04-14,1992,4,14,0
1992-04-15,1992,4,15,0
1992-04-16,1992,4,16,0.01748512
1992-04-17,1992,4,17,4.5784639
1992-04-18,1992,4,18,21.944979
1992-04-19,1992,4,19,3.4131168
1992-04-20,1992,4,20,16.925842
1992-04-21,1992,4,21,33.663746
1992-04-22,1992,4,22,27.267473
1992-04-23,1992,4,23,33.530209
1992-04-24,1992,4,24,0.21335167
1992-04-25,1992,4,25,0
1992-04-26,1992,4,26,0
1992-04-27,1992,4,27,1.7795936
1992-04-28,1992,4,28,5.1922738
1992-04-29,1992,4,29,10.513719
1992-04-30,1992,4,30,40.698052
1992-05-01,1992,5,1,18.583723
1992-05-02,1992,5,2,66.791849
1992-05-03,1992,5,3,54.990691
1992-05-04,1992,5,4,69.959526
1992-05-05,1992,5,5,13.49147
1992-05-06,1992,5,6,10.014425
1992-05-07,1992,5,7,9.9805684
1992-05-08,1992,5,8,46.939157
1992-05-09,1992,5,9,13.168466
1992-05-10,1992,5,10,35.601945
1992-05-11,1992,5,11,11.599322
1992-05-12,1992,5,12,2.357158
1992-05-13,1992,5,13,29.143174
1992-05-14,1992,5,14,10.907898
1992-05-15,1992,5,15,27.903115
1992-05-16,1992,5,16,29.539165
1992-05-17,1992,5,17,0
1992-05-18,1992,5,18,0
1992-05-19,1992,5,19,0
1992-05-20,1992,5,20,12.212373
1992-05-21,1992,5,21,24.162823
1992-05-22,1992,5,22,0
1992-05-23,1992,5,23,27.558965
1992-05-24,1992,5,24,43.666485
1992-05-25,1992,5,25,8.8533865
1992-05-26,1992,5,26,0
1992-05-27,1992,5,27,0
1992-05-28,1992,5,28,16.066177
1992-05-29,1992,5,29,37.639408
1992-05-30,1992,5,30,87.23292
1992-05-31,1992,5,31,67.185743
1992-06-01,1992,6,1,13.196402
1992-06-02,1992,6,2,0
1992-06-03,1992,6,3,20.580738
1992-06-04,1992,6,4,80.515503
1992-06-05,1992,6,5,15.399628
1992-06-06,1992,6,6,14.874178
1992-06-07,1992,6,7,10.152631
1992-06-08,1992,6,8,15.133211
1992-06-09,1992,6,9,46.465383
1992-06-10,1992,6,10,2.0577278
1992-06-11,1992,6,11,28.797161
1992-06-12,1992,6,12,17.208462
1992-06-13,1992,6,13,0
1992-06-14,1992,6,14,0
1992-06-15,1992,6,15,52.378539
1992-06-16,1992,6,16,20.305501
1992-06-17,1992,6,17,23.445201
1992-06-18,1992,6,18,44.516611
1992-06-19,1992,6,19,20.148925
1992-06-20,1992,6,20,20.284557
1992-06-21,1992,6,21,2.0265829
1992-06-22,1992,6,22,11.174778
1992-06-23,1992,6,23,29.106867
1992-06-24,1992,6,24,27.452894
1992-06-25,1992,6,25,8.8089771
1992-06-26,1992,6,26,0
1992-06-27,1992,6,27,0
1992-06-28,1992,6,28,0
1992-06-29,1992,6,29,0
1992-06-30,1992,6,30,28.145718
1992-07-01,1992,7,1,15.375825
1992-07-02,1992,7,2,41.856643
1992-07-03,1992,7,3,20.60948
1992-07-04,1992,7,4,0
1992-07-05,1992,7,5,0
1992-07-06,1992,7,6,0
1992-07-07,1992,7,7,24.300139
1992-07-08,1992,7,8,3.4768381
1992-07-09,1992,7,9,35.993759
1992-07-10,1992,7,10,18.57655
1992-07-11,1992,7,11,4.9207954
1992-07-12,1992,7,12,0
1992-07-13,1992,7,13,0
1992-07-14,1992,7,14,0
1992-07-15,1992,7,15,2.5792875
1992-07-16,1992,7,16,0
1992-07-17,1992,7,17,0.17337496
1992-07-18,1992,7,18,15.431732
1992-07-19,1992,7,19,24.215206
1992-07-20,1992,7,20,0
1992-07-21,1992,7,21,0
1992-07-22,1992,7,22,0
1992-07-23,1992,7,23,0
1992-07-24,1992,7,24,1.2966446
1992-07-25,1992,7,25,8.1079238
1992-07-26,1992,7,26,0
1992-07-27,1992,7,27,20.636948
1992-07-28,1992,7,28,9.2217923
1992-07-29,1992,7,29,0
1992-07-30,1992,7,30,0
1992-07-31,1992,7,31,0
1992-08-01,1992,8,1,0
1992-08-02,1992,8,2,0
1992-08-03,1992,8,3,9.9189414
1992-08-04,1992,8,4,2.1525985
1992-08-05,1992,8,5,7.7971949
1992-08-06,1992,8,6,13.755828
1992-08-07,1992,8,7,0
1992-08-08,1992,8,8,2.2915855
1992-08-09,1992,8,9,0
1992-08-10,1992,8,10,0
1992-08-11,1992,8,11,0
1992-08-12,1992,8,12,0
1992-08-13,1992,8,13,0
1992-08-14,1992,8,14,1.4784068
1992-08-15,1992,8,15,12.81579
1992-08-16,1992,8,16,5.7222928
1992-08-17,1992,8,17,0
1992-08-18,1992,8,18,0
1992-08-19,1992,8,19,0
1992-08-20,1992,8,20,9.8360198
1992-08-21,1992,8,21,48.300279
1992-08-22,1992,8,22,36.605785
1992-08-23,1992,8,23,0
1992-08-24,1992,8,24,0
1992-08-25,1992,8,25,0
1992-08-26,1992,8,26,0
1992-08-27,1992,8,27,0
1992-08-28,1992,8,28,4.514543
1992-08-29,1992,8,29,29.591944
1992-08-30,1992,8,30,0.5159205
1992-08-31,1992,8,31,0
1992-09-01,1992,9,1,0
1992-09-02,1992,9,2,0
1992-09-03,1992,9,3,25.691263
1992-09-04,1992,9,4,7.2784443
1992-09-05,1992,9,5,0
1992-09-06,1992,9,6,0
1992-09-07,1992,9,7,0
1992-09-08,1992,9,8,0
1992-09-09,1992,9,9,0
1992-09-10,1992,9,10,0
1992-09-11,1992,9,11,0
1992-09-12,1992,9,12,0
1992-09-13,1992,9,13,1.5641751
1992-09-14,1992,9,14,0
1992-09-15,1992,9,15,39.46499
1992-09-16,1992,9,16,55.429178
1992-09-17,1992,9,17,0.013182464
1992-09-18,1992,9,18,12.262651
1992-09-19,1992,9,19,35.552427
1992-09-20,1992,9,20,25.110783
1992-09-21,1992,9,21,8.7385505
1992-09-22,1992,9,22,13.627269
1992-09-23,1992,9,23,20.570778
1992-09-24,1992,9,24,0.0098522009
1992-09-25,1992,9,25,0
1992-09-26,1992,9,26,0
1992-09-27,1992,9,27,0
1992-09-28,1992,9,28,0
1992-09-29,1992,9,29,0
1992-09-30,1992,9,30,15.172632
1992-10-01,1992,10,1,12.165335
1992-10-02,1992,10,2,0
1992-10-03,1992,10,3,10.847828
1992-10-04,1992,10,4,13.751353
1992-10-05,1992,10,5,0
1992-10-06,1992,10,6,0
1992-10-07,1992,10,7,0
1992-10-08,1992,10,8,0
1992-10-09,1992,10,9,14.26994
1992-10-10,1992,10,10,8.5507139
1992-10-11,1992,10,11,27.458905
1992-10-12,1992,10,12,6.4673407
1992-10-13,1992,10,13,0
1992-10-14,1992,10,14,21.073431
1992-10-15,1992,10,15,19.036983
1992-10-16,1992,10,16,0
1992-10-17,1992,10,17,0
1992-10-18,1992,10,18,20.169192
1992-10-19,1992,10,19,0.63979058
1992-10-20,1992,10,20,0
1992-10-21,1992,10,21,0
1992-10-22,1992,10,22,0
1992-10-23,1992,10,23,0.20114606
1992-10-24,1992,10,24,0.00022658332
1992-10-25,1992,10,25,18.140728
1992-10-26,1992,10,26,27.894685
1992-10-27,1992,10,27,10.022067
1992-10-28,1992,10,28,15.202404
1992-10-29,1992,10,29,0
1992-10-30,1992,10,30,0
1992-10-31,1992,10,31,12.641036
1992-11-01,1992,11,1,6.4448601
1992-11-02,1992,11,2,19.074412
1992-11-03,1992,11,3,0
1992-11-04,1992,11,4,0
1992-11-05,1992,11,5,0
1992-11-06,1992,11,6,0
1992-11-07,1992,11,7,0
1992-11-08,1992,11,8,0.017767843
1992-11-09,1992,11,9,3.0181629
1992-11-10,1992,11,10,9.1663851
1992-11-11,1992,11,11,2.9500581
1992-11-12,1992,11,12,0
1992-11-13,1992,11,13,8.2471828
1992-11-14,1992,11,14,0
1992-11-15,1992,11,15,0
1992-11-16,1992,11,16,0
1992-11-17,1992,11,17,0
1992-11-18,1992,11,18,0
1992-11-19,1992,11,19,0
1992-11-20,1992,11,20,0
1992-11-21,1992,11,21,0
1992-11-22,1992,11,22,0
1992-11-23,1992,11,23,0
1992-11-24,1992,11,24,2.9766929
1992-11-25,1992,11,25,0.12969742
1992-11-26,1992,11,26,14.055865
1992-11-27,1992,11,27,0
1992-11-28,1992,11,28,0
1992-11-29,1992,11,29,5.4338053
1992-11-30,1992,11,30,0
1992-12-01,1992,12,1,0
1992-12-02,1992,12,2,22.323866
1992-12-03,1992,12,3,21.723493
1992-12-04,1992,12,4,10.968514
1992-12-05,1992,12,5,0
1992-12-06,1992,12,6,0
1992-12-07,1992,12,7,0
1992-12-08,1992,12,8,0
1992-12-09,1992,12,9,0
1992-12-10,1992,12,10,0
1992-12-11,1992,12,11,11.908642
1992-12-12,1992,12,12,7.3703292e-05
1992-12-13,1992,12,13,0
1992-12-14,1992,12,14,0
1992-12-15,1992,12,15,5.9379512
1992-12-16,1992,12,16,5.4022147
1992-12-17,1992,12,17,0
1992-12-18,1992,12,18,0.057283403
1992-12-19,1992,12,19,8.8171195
1992-12-20,1992,12,20,0.00092916926
1992-12-21,1992,12,21,10.710373
1992-12-22,1992,12,22,36.229727
1992-12-23,1992,12,23,0
1992-12-24,1992,12,24,0
1992-12-25,1992,12,25,0
1992-12-26,1992,12,26,4.1487005
1992-12-27,1992,12,27,0
1992-12-28,1992,12,28,0
1992-12-29,1992,12,29,0
1992-12-30,1992,12,30,0
1992-12-31,1992,12,31,0
1993-01-01,1993,1,1,0
1993-01-02,1993,1,2,0
1993-01-03,1993,1,3,0
1993-01-04,1993,1,4,0
1993-01-05,1993,1,5,0
1993-01-06,1993,1,6,0.017677493
1993-01-07,1993,1,7,0
1993-01-08,1993,1,8,0
1993-01-09,1993,1,9,0
1993-01-10,1993,1,10,17.757677
1993-01-11,1993,1,11,12.105961
1993-01-12,1993,1,12,0
1993-01-13,1993,1,13,0
1993-01-14,1993,1,14,0
1993-01-15,1993,1,15,0
1993-01-16,1993,1,16,0
1993-01-17,1993,1,17,0
1993-01-18,1993,1,18,0
1993-01-19,1993,1,19,0
1993-01-20,1993,1,20,20.214212
1993-01-21,1993,1,21,7.3096563
1993-01-22,1993,1,22,0
1993-01-23,1993,1,23,0
1993-01-24,1993,1,24,0
1993-01-25,1993,1,25,0
1993-01-26,1993,1,26,0
1993-01-27,1993,1,27,3.47131
1993-01-28,1993,1,28,0
1993-01-29,1993,1,29,0
1993-01-30,1993,1,30,19.041455
1993-01-31,1993,1,31,0
1993-02-01,1993,2,1,0
1993-02-02,1993,2,2,0
1993-02-03,1993,2,3,0
1993-02-04,1993,2,4,3.5331329
1993-02-05,1993,2,5,0
1993-02-06,1993,2,6,0
1993-02-07,1993,2,7,0
1993-02-08,1993,2,8,0
1993-02-09,1993,2,9,0
1993-02-10,1993,2,10,0
1993-02-11,1993,2,11,0
1993-02-12,1993,2,12,0
1993-02-13,1993,2,13,0
1993-02-14,1993,2,14,0
1993-02-15,1993,2,15,0
1993-02-16,1993,2,16,0
1993-02-17,1993,2,17,0
1993-02-18,1993,2,18,0
1993-02-19,1993,2,19,0
1993-02-20,1993,2,20,0
1993-02-21,1993,2,21,0
1993-02-22,1993,2,22,0
1993-02-23,1993,2,23,0
1993-02-24,1993,2,24,3.6096277
1993-02-25,1993,2,25,0
1993-02-26,1993,2,26,0
1993-02-27,1993,2,27,0
1993-02-28,1993,2,28,0
1993-03-01,1993,3,1,0
1993-03-02,1993,3,2,0
1993-03-03,1993,3,3,0
1993-03-04,1993,3,4,0
1993-03-05,1993,3,5,0.015585352
1993-03-06,1993,3,6,0
1993-03-07,1993,3,7,0
1993-03-08,1993,3,8,0.64247613
1993-03-09,1993,3,9,0
1993-03-10,1993,3,10,0.52082663
1993-03-11,1993,3,11,0
1993-03-12,1993,3,12,0
1993-03-13,1993,3,13,0
1993-03-14,1993,3,14,0
1993-03-15,1993,3,15,0
1993-03-16,1993,3,16,0
1993-03-17,1993,3,17,41.450794
1993-03-18,1993,3,18,0
1993-03-19,1993,3,19,0
1993-03-20,1993,3,20,0
1993-03-21,1993,3,21,0
1993-03-22,1993,3,22,0
1993-03-23,1993,3,23,0
1993-03-24,1993,3,24,0
1993-03-25,1993,3,25,0
1993-03-26,1993,3,26,0.0092090845
1993-03-27,1993,3,27,20.663569
1993-03-28,1993,3,28,0
1993-03-29,1993,3,29,0
1993-03-30,1993,3,30,16.514893
1993-03-31,1993,3,31,5.2046387
1993-04-01,1993,4,1,20.556714
1993-04-02,1993,4,2,31.010795
1993-04-03,1993,4,3,0
1993-04-04,1993,4,4,0
1993-04-05,1993,4,5,0
1993-04-06,1993,4,6,0
1993-04-07,1993,4,7,1.3648636
1993-04-08,1993,4,8,0
1993-04-09,1993,4,9,0
1993-04-10,1993,4,10,0.19920596
1993-04-11,1993,4,11,10.046688
1993-04-12,1993,4,12,11.327924
1993-04-13,1993,4,13,34.71044
1993-04-14,1993,4,14,4.4676
1993-04-15,1993,4,15,6.2787584
1993-04-16,1993,4,16,34.579695
1993-04-17,1993,4,17,22.394089
1993-04-18,1993,4,18,5.045481
1993-04-19,1993,4,19,0
1993-04-20,1993,4,20,0
1993-04-21,1993,4,21,0
1993-04-22,1993,4,22,22.735773
1993-04-23,1993,4,23,74.423335
1993-04-24,1993,4,24,25.80986
1993-04-25,1993,4,25,0.86888651
1993-04-26,1993,4,26,0
1993-04-27,1993,4,27,0.00010366557
1993-04-28,1993,4,28,0
1993-04-29,1993,4,29,0.010823438
1993-04-30,1993,4,30,0
1993-05-01,1993,5,1,11.206885
1993-05-02,1993,5,2,98.293881
1993-05-03,1993,5,3,26.96651
1993-05-04,1993,5,4,6.6167401
1993-05-05,1993,5,5,51.704312
1993-05-06,1993,5,6,56.464454
1993-05-07,1993,5,7,12.386636
1993-05-08,1993,5,8,6.9042126
1993-05-09,1993,5,9,20.491862
1993-05-10,1993,5,10,21.526751
1993-05-11,1993,5,11,20.483048
1993-05-12,1993,5,12,6.7880476
1993-05-13,1993,5,13,0
1993-05-14,1993,5,14,9.4251804
1993-05-15,1993,5,15,44.868026
1993-05-16,1993,5,16,47.061741
1993-05-17,1993,5,17,0
1993-05-18,1993,5,18,0
1993-05-19,1993,5,19,23.814721
1993-05-20,1993,5,20,9.3347391
1993-05-21,1993,5,21,8.9758811
1993-05-22,1993,5,22,46.509238
1993-05-23,1993,5,23,14.380309
1993-05-24,1993,5,24,7.822115
1993-05-25,1993,5,25,0
1993-05-26,1993,5,26,0
1993-05-27,1993,5,27,3.5016502
1993-05-28,1993,5,28,36.156688
1993-05-29,1993,5,29,38.192735
1993-05-30,1993,5,30,4.3576763
1993-05-31,1993,5,31,0
1993-06-01,1993,6,1,24.326516
1993-06-02,1993,6,2,71.504189
1993-06-03,1993,6,3,24.875456
1993-06-04,1993,6,4,71.305918
1993-06-05,1993,6,5,31.487553
1993-06-06,1993,6,6,19.304324
1993-06-07,1993,6,7,0
1993-06-08,1993,6,8,0
1993-06-09,1993,6,9,0
1993-06-10,1993,6,10,0
1993-06-11,1993,6,11,13.855156
1993-06-12,1993,6,12,0.73722823
1993-06-13,1993,6,13,33.858096
1993-06-14,1993,6,14,2.2156828
1993-06-15,1993,6,15,0
1993-06-16,1993,6,16,0
1993-06-17,1993,6,17,0
1993-06-18,1993,6,18,0
1993-06-19,1993,6,19,6.9347722
1993-06-20,1993,6,20,15.162765
1993-06-21,1993,6,21,4.9133982
1993-06-22,1993,6,22,16.359221
1993-06-23,1993,6,23,13.076796
1993-06-24,1993,6,24,66.852001
1993-06-25,1993,6,25,98.018636
1993-06-26,1993,6,26,31.102464
1993-06-27,1993,6,27,43.51537
1993-06-28,1993,6,28,22.487883
1993-06-29,1993,6,29,21.46206
1993-06-30,1993,6,30,44.052424
1993-07-01,1993,7,1,17.284929
1993-07-02,1993,7,2,23.250327
1993-07-03,1993,7,3,8.7855702
1993-07-04,1993,7,4,0
1993-07-05,1993,7,5,8.1386889
1993-07-06,1993,7,6,51.899016
1993-07-07,1993,7,7,73.621256
1993-07-08,1993,7,8,28.010762
1993-07-09,1993,7,9,4.2413035
1993-07-10,1993,7,10,0.7068811
1993-07-11,1993,7,11,0
1993-07-12,1993,7,12,0
1993-07-13,1993,7,13,0
1993-07-14,1993,7,14,0
1993-07-15,1993,7,15,0
1993-07-16,1993,7,16,31.556067
1993-07-17,1993,7,17,32.813866
1993-07-18,1993,7,18,70.978689
1993-07-19,1993,7,19,21.09299
1993-07-20,1993,7,20,0
1993-07-21,1993,7,21,0
1993-07-22,1993,7,22,3.5700797
1993-07-23,1993,7,23,0
1993-07-24,1993,7,24,0
1993-07-25,1993,7,25,34.044173
1993-07-26,1993,7,26,45.235562
1993-07-27,1993,7,27,0
1993-07-28,1993,7,28,0
1993-07-29,1993,7,29,0
1993-07-30,1993,7,30,0
1993-07-31,1993,7,31,0
1993-08-01,1993,8,1,11.200059
1993-08-02,1993,8,2,0
1993-08-03,1993,8,3,16.859385
1993-08-04,1993,8,4,0
1993-08-05,1993,8,5,0
1993-08-06,1993,8,6,23.732933
1993-08-07,1993,8,7,8.8489022
1993-08-08,1993,8,8,0
1993-08-09,1993,8,9,0
1993-08-10,1993,8,10,0
1993-08-11,1993,8,11,0
1993-08-12,1993,8,12,0
1993-08-13,1993,8,13,0
1993-08-14,1993,8,14,20.023364
1993-08-15,1993,8,15,0
1993-08-16,1993,8,16,0
1993-08-17,1993,8,17,0
1993-08-18,1993,8,18,0
1993-08-19,1993,8,19,0
1993-08-20,1993,8,20,0
1993-08-21,1993,8,21,0
1993-08-22,1993,8,22,0
1993-08-23,1993,8,23,29.062427
1993-08-24,1993,8,24,58.359192
1993-08-25,1993,8,25,46.049613
1993-08-26,1993,8,26,78.016649
1993-08-27,1993,8,27,57.458679
1993-08-28,1993,8,28,8.208751
1993-08-29,1993,8,29,1.3490629
1993-08-30,1993,8,30,0
1993-08-31,1993,8,31,0
1993-09-01,1993,9,1,0
1993-09-02,1993,9,2,0
1993-09-03,1993,9,3,12.092205
1993-09-04,1993,9,4,9.3127602
1993-09-05,1993,9,5,20.996789
1993-09-06,1993,9,6,5.8837695
1993-09-07,1993,9,7,0
1993-09-08,1993,9,8,0
1993-09-09,1993,9,9,0
1993-09-10,1993,9,10,0
1993-09-11,1993,9,11,0
1993-09-12,1993,9,12,0
1993-09-13,1993,9,13,0
1993-09-14,1993,9,14,0
1993-09-15,1993,9,15,0
1993-09-16,1993,9,16,9.4467714
1993-09-17,1993,9,17,15.29198
1993-09-18,1993,9,18,7.1288494
1993-09-19,1993,9,19,0
1993-09-20,1993,9,20,0
1993-09-21,1993,9,21,7.8916684
1993-09-22,1993,9,22,4.1655353
1993-09-23,1993,9,23,0
1993-09-24,1993,9,24,0
1993-09-25,1993,9,25,0
1993-09-26,1993,9,26,1.4622468
1993-09-27,1993,9,27,9.3461027
1993-09-28,1993,9,28,0
1993-09-29,1993,9,29,0
1993-09-30,1993,9,30,0
1993-10-01,1993,10,1,0
1993-10-02,1993,10,2,0
1993-10-03,1993,10,3,0
1993-10-04,1993,10,4,0
1993-10-05,1993,10,5,0
1993-10-06,1993,10,6,0
1993-10-07,1993,10,7,0
1993-10-08,1993,10,8,0
1993-10-09,1993,10,9,0
1993-10-10,1993,10,10,0
1993-10-11,1993,10,11,0
1993-10-12,1993,10,12,0
1993-10-13,1993,10,13,0
1993-10-14,1993,10,14,0
1993-10-15,1993,10,15,28.688443
1993-10-16,1993,10,16,28.126468
1993-10-17,1993,10,17,21.610163
1993-10-18,1993,10,18,4.6420025
1993-10-19,1993,10,19,3.7962935e-17
1993-10-20,1993,10,20,3.8004601
1993-10-21,1993,10,21,4.3576421
1993-10-22,1993,10,22,1.2374871
1993-10-23,1993,10,23,0.058737732
1993-10-24,1993,10,24,0
1993-10-25,1993,10,25,0.078085577
1993-10-26,1993,10,26,34.732609
1993-10-27,1993,10,27,20.620415
1993-10-28,1993,10,28,7.7719452
1993-10-29,1993,10,29,2.7802002
1993-10-30,1993,10,30,12.305992
1993-10-31,1993,10,31,3.7362042
1993-11-01,1993,11,1,0
1993-11-02,1993,11,2,0
1993-11-03,1993,11,3,0
1993-11-04,1993,11,4,15.291202
1993-11-05,1993,11,5,14.800032
1993-11-06,1993,11,6,0
1993-11-07,1993,11,7,0
1993-11-08,1993,11,8,0
1993-11-09,1993,11,9,0
1993-11-10,1993,11,10,11.170921
1993-11-11,1993,11,11,3.3992065
1993-11-12,1993,11,12,0
1993-11-13,1993,11,13,0
1993-11-14,1993,11,14,2.2379841
1993-11-15,1993,11,15,8.4235859
1993-11-16,1993,11,16,0
1993-11-17,1993,11,17,0
1993-11-18,1993,11,18,5.8324453
1993-11-19,1993,11,19,15.182542
1993-11-20,1993,11,20,4.5399615
1993-11-21,1993,11,21,0
1993-11-22,1993,11,22,0
1993-11-23,1993,11,23,0
1993-11-24,1993,11,24,0.65992749
1993-11-25,1993,11,25,0
1993-11-26,1993,11,26,0
1993-11-27,1993,11,27,0
1993-11-28,1993,11,28,8.1858325
1993-11-29,1993,11,29,30.344831
1993-11-30,1993,11,30,30.002196
1993-12-01,1993,12,1,72.408517
1993-12-02,1993,12,2,72.455457
1993-12-03,1993,12,3,33.296406
1993-12-04,1993,12,4,0
1993-12-05,1993,12,5,0
1993-12-06,1993,12,6,0
1993-12-07,1993,12,7,0
1993-12-08,1993,12,8,0
1993-12-09,1993,12,9,0
1993-12-10,1993,12,10,0
1993-12-11,1993,12,11,19.465804
1993-12-12,1993,12,12,4.5362403
1993-12-13,1993,12,13,0
1993-12-14,1993,12,14,0
1993-12-15,1993,12,15,0
1993-12-16,1993,12,16,0
1993-12-17,1993,12,17,0
1993-12-18,1993,12,18,0
1993-12-19,1993,12,19,0
1993-12-20,1993,12,20,0
1993-12-21,1993,12,21,0
1993-12-22,1993,12,22,0
1993-12-23,1993,12,23,0
1993-12-24,1993,12,24,0
1993-12-25,1993,12,25,0
1993-12-26,1993,12,26,0
1993-12-27,1993,12,27,5.3015358
1993-12-28,1993,12,28,0
1993-12-29,1993,12,29,0
1993-12-30,1993,12,30,0
1993-12-31,1993,12,31,0
1994-01-01,1994,1,1,0
1994-01-02,1994,1,2,0
1994-01-03,1994,1,3,0
1994-01-04,1994,1,4,0
1994-01-05,1994,1,5,0
1994-01-06,1994,1,6,0
1994-01-07,1994,1,7,0
1994-01-08,1994,1,8,0
1994-01-09,1994,1,9,0
1994-01-10,1994,1,10,12.947061
1994-01-11,1994,1,11,0
1994-01-12,1994,1,12,0
1994-01-13,1994,1,13,0
1994-01-14,1994,1,14,0
1994-01-15,1994,1,15,0.15712343
1994-01-16,1994,1,16,6.3647502
1994-01-17,1994,1,17,0
1994-01-18,1994,1,18,0
1994-01-19,1994,1,19,0
1994-01-20,1994,1,20,0
1994-01-21,1994,1,21,0
1994-01-22,1994,1,22,0
1994-01-23,1994,1,23,0
1994-01-24,1994,1,24,0.45833512
1994-01-25,1994,1,25,0
1994-01-26,1994,1,26,0
1994-01-27,1994,1,27,0
1994-01-28,1994,1,28,0
1994-01-29,1994,1,29,0
1994-01-30,1994,1,30,0
1994-01-31,1994,1,31,37.016723
1994-02-01,1994,2,1,10.919189
1994-02-02,1994,2,2,7.8226778
1994-02-03,1994,2,3,4.5176631
1994-02-04,1994,2,4,0
1994-02-05,1994,2,5,0
1994-02-06,1994,2,6,0
1994-02-07,1994,2,7,0
1994-02-08,1994,2,8,0
1994-02-09,1994,2,9,0
1994-02-10,1994,2,10,0
1994-02-11,1994,2,11,0
1994-02-12,1994,2,12,0
1994-02-13,1994,2,13,0
1994-02-14,1994,2,14,0
1994-02-15,1994,2,15,11.672283
1994-02-16,1994,2,16,1.2518859
1994-02-17,1994,2,17,0
1994-02-18,1994,2,18,0
1994-02-19,1994,2,19,0
1994-02-20,1994,2,20,0
1994-02-21,1994,2,21,0
1994-02-22,1994,2,22,0
1994-02-23,1994,2,23,0
1994-02-24,1994,2,24,0
1994-02-25,1994,2,25,0
1994-02-26,1994,2,26,0
1994-02-27,1994,2,27,0.011224872
1994-02-28,1994,2,28,0.0014898968
1994-03-01,1994,3,1,0
1994-03-02,1994,3,2,0
1994-03-03,1994,3,3,0
1994-03-04,1994,3,4,0
1994-03-05,1994,3,5,0
1994-03-06,1994,3,6,0
1994-03-07,1994,3,7,0
1994-03-08,1994,3,8,0
1994-03-09,1994,3,9,0
1994-03-10,1994,3,10,0
1994-03-11,1994,3,11,0
1994-03-12,1994,3,12,0
1994-03-13,1994,3,13,0
1994-03-14,1994,3,14,0
1994-03-15,1994,3,15,0
1994-03-16,1994,3,16,0
1994-03-17,1994,3,17,0
1994-03-18,1994,3,18,0
1994-03-19,1994,3,19,1.8690939
1994-03-20,1994,3,20,0
1994-03-21,1994,3,21,0
1994-03-22,1994,3,22,6.8630583
1994-03-23,1994,3,23,25.686129
1994-03-24,1994,3,24,0
1994-03-25,1994,3,25,0
1994-03-26,1994,3,26,1.2677254
1994-03-27,1994,3,27,31.500909
1994-03-28,1994,3,28,0
1994-03-29,1994,3,29,0
1994-03-30,1994,3,30,0
1994-03-31,1994,3,31,14.184149
1994-04-01,1994,4,1,59.775836
1994-04-02,1994,4,2,0.00021881797
1994-04-03,1994,4,3,0
1994-04-04,1994,4,4,0
1994-04-05,1994,4,5,0
1994-04-06,1994,4,6,0
1994-04-07,1994,4,7,5.4783278
1994-04-08,1994,4,8,15.369175
1994-04-09,1994,4,9,0
1994-04-10,1994,4,10,0
1994-04-11,1994,4,11,0
1994-04-12,1994,4,12,0
1994-04-13,1994,4,13,0.84742291
1994-04-14,1994,4,14,0
1994-04-15,1994,4,15,1.8180341
1994-04-16,1994,4,16,4.684196
1994-04-17,1994,4,17,0
1994-04-18,1994,4,18,0
1994-04-19,1994,4,19,0.11352707
1994-04-20,1994,4,20,3.864147
1994-04-21,1994,4,21,0
1994-04-22,1994,4,22,0
1994-04-23,1994,4,23,0
1994-04-24,1994,4,24,34.786096
1994-04-25,1994,4,25,62.005863
1994-04-26,1994,4,26,49.5053
1994-04-27,1994,4,27,1.0949594
1994-04-28,1994,4,28,0
1994-04-29,1994,4,29,30.937874
1994-04-30,1994,4,30,27.663126
1994-05-01,1994,5,1,0.030660916
1994-05-02,1994,5,2,0
1994-05-03,1994,5,3,0
1994-05-04,1994,5,4,0
1994-05-05,1994,5,5,1.6831583
1994-05-06,1994,5,6,28.956596
1994-05-07,1994,5,7,0
1994-05-08,1994,5,8,0
1994-05-09,1994,5,9,0
1994-05-10,1994,5,10,0
1994-05-11,1994,5,11,0
1994-05-12,1994,5,12,0.084078394
1994-05-13,1994,5,13,2.9929261
1994-05-14,1994,5,14,0.00014740658
1994-05-15,1994,5,15,25.813184
1994-05-16,1994,5,16,12.476018
1994-05-17,1994,5,17,13.36554
1994-05-18,1994,5,18,29.152151
1994-05-19,1994,5,19,14.380544
1994-05-20,1994,5,20,3.8854131
1994-05-21,1994,5,21,0
1994-05-22,1994,5,22,20.792213
1994-05-23,1994,5,23,44.654741
1994-05-24,1994,5,24,29.448524
1994-05-25,1994,5,25,3.5011328
1994-05-26,1994,5,26,0.3364129
1994-05-27,1994,5,27,8.2867718
1994-05-28,1994,5,28,0
1994-05-29,1994,5,29,0
1994-05-30,1994,5,30,12.108609
1994-05-31,1994,5,31,29.320771
1994-06-01,1994,6,1,48.938531
1994-06-02,1994,6,2,26.118621
1994-06-03,1994,6,3,0
1994-06-04,1994,6,4,41.598245
1994-06-05,1994,6,5,5.3928101
1994-06-06,1994,6,6,0
1994-06-07,1994,6,7,5.7339536
1994-06-08,1994,6,8,0
1994-06-09,1994,6,9,18.307814
1994-06-10,1994,6,10,12.604847
1994-06-11,1994,6,11,0
1994-06-12,1994,6,12,13.575755
1994-06-13,1994,6,13,30.127637
1994-06-14,1994,6,14,23.599414
1994-06-15,1994,6,15,3.1173496
1994-06-16,1994,6,16,38.047208
1994-06-17,1994,6,17,34.26359
1994-06-18,1994,6,18,25.286656
1994-06-19,1994,6,19,37.286929
1994-06-20,1994,6,20,57.235708
1994-06-21,1994,6,21,33.04494
1994-06-22,1994,6,22,41.121311
1994-06-23,1994,6,23,15.524148
1994-06-24,1994,6,24,1.2421396
1994-06-25,1994,6,25,6.0101433
1994-06-26,1994,6,26,0
1994-06-27,1994,6,27,0
1994-06-28,1994,6,28,33.148598
1994-06-29,1994,6,29,17.299512
1994-06-30,1994,6,30,13.91194
1994-07-01,1994,7,1,6.3705328
1994-07-02,1994,7,2,0
1994-07-03,1994,7,3,0
1994-07-04,1994,7,4,0
1994-07-05,1994,7,5,0
1994-07-06,1994,7,6,0
1994-07-07,1994,7,7,0
1994-07-08,1994,7,8,0
1994-07-09,1994,7,9,0
1994-07-10,1994,7,10,0
1994-07-11,1994,7,11,7.0118779
1994-07-12,1994,7,12,0
1994-07-13,1994,7,13,31.319777
1994-07-14,1994,7,14,11.731106
1994-07-15,1994,7,15,58.235052
1994-07-16,1994,7,16,41.814678
1994-07-17,1994,7,17,28.696379
1994-07-18,1994,7,18,63.08043
1994-07-19,1994,7,19,51.293709
1994-07-20,1994,7,20,31.36598
1994-07-21,1994,7,21,6.0386551
1994-07-22,1994,7,22,25.141429
1994-07-23,1994,7,23,97.580241
1994-07-24,1994,7,24,23.511656
1994-07-25,1994,7,25,3.935594
1994-07-26,1994,7,26,0
1994-07-27,1994,7,27,11.082755
1994-07-28,1994,7,28,0
1994-07-29,1994,7,29,0
1994-07-30,1994,7,30,0
1994-07-31,1994,7,31,2.255036
1994-08-01,1994,8,1,12.878318
1994-08-02,1994,8,2,0
1994-08-03,1994,8,3,0
1994-08-04,1994,8,4,0
1994-08-05,1994,8,5,2.4354095
1994-08-06,1994,8,6,0
1994-08-07,1994,8,7,0
1994-08-08,1994,8,8,12.430106
1994-08-09,1994,8,9,9.2028805
1994-08-10,1994,8,10,0
1994-08-11,1994,8,11,21.152557
1994-08-12,1994,8,12,17.681037
1994-08-13,1994,8,13,0
1994-08-14,1994,8,14,0
1994-08-15,1994,8,15,0
1994-08-16,1994,8,16,0
1994-08-17,1994,8,17,0
1994-08-18,1994,8,18,0
1994-08-19,1994,8,19,0
1994-08-20,1994,8,20,0
1994-08-21,1994,8,21,0
1994-08-22,1994,8,22,0
1994-08-23,1994,8,23,0
1994-08-24,1994,8,24,4.4451225
1994-08-25,1994,8,25,0
1994-08-26,1994,8,26,0
1994-08-27,1994,8,27,28.060744
1994-08-28,1994,8,28,12.358844
1994-08-29,1994,8,29,0
1994-08-30,1994,8,30,0
1994-08-31,1994,8,31,0
1994-09-01,1994,9,1,0
1994-09-02,1994,9,2,0.53698795
1994-09-03,1994,9,3,0
1994-09-04,1994,9,4,6.837399
1994-09-05,1994,9,5,24.070168
1994-09-06,1994,9,6,0
1994-09-07,1994,9,7,0
1994-09-08,1994,9,8,0
1994-09-09,1994,9,9,7.8174159
1994-09-10,1994,9,10,16.278328
1994-09-11,1994,9,11,11.039128
1994-09-12,1994,9,12,28.644788
1994-09-13,1994,9,13,1.316981
1994-09-14,1994,9,14,0
1994-09-15,1994,9,15,0
1994-09-16,1994,9,16,22.443802
1994-09-17,1994,9,17,37.969969
1994-09-18,1994,9,18,43.912981
1994-09-19,1994,9,19,39.003377
1994-09-20,1994,9,20,27.224399
1994-09-21,1994,9,21,5.7794198
1994-09-22,1994,9,22,20.601586
1994-09-23,1994,9,23,38.085779
1994-09-24,1994,9,24,28.612086
1994-09-25,1994,9,25,0.022132274
1994-09-26,1994,9,26,0
1994-09-27,1994,9,27,3.3690711
1994-09-28,1994,9,28,0
1994-09-29,1994,9,29,0
1994-09-30,1994,9,30,0.70231519
1994-10-01,1994,10,1,12.953829
1994-10-02,1994,10,2,15.74454
1994-10-03,1994,10,3,19.304102
1994-10-04,1994,10,4,9.8176259
1994-10-05,1994,10,5,0
1994-10-06,1994,10,6,0
1994-10-07,1994,10,7,0.044997498
1994-10-08,1994,10,8,14.672738
1994-10-09,1994,10,9,0
1994-10-10,1994,10,10,23.450044
1994-10-11,1994,10,11,9.399657
1994-10-12,1994,10,12,6.4668476
1994-10-13,1994,10,13,0
1994-10-14,1994,10,14,26.969936
1994-10-15,1994,10,15,33.697914
1994-10-16,1994,10,16,16.396689
1994-10-17,1994,10,17,22.420197
1994-10-18,1994,10,18,23.897356
1994-10-19,1994,10,19,12.813014
1994-10-20,1994,10,20,4.983478
1994-10-21,1994,10,21,0
1994-10-22,1994,10,22,0
1994-10-23,1994,10,23,0
1994-10-24,1994,10,24,0
1994-10-25,1994,10,25,0
1994-10-26,1994,10,26,0
1994-10-27,1994,10,27,0
1994-10-28,1994,10,28,0
1994-10-29,1994,10,29,0
1994-10-30,1994,10,30,7.5502577
1994-10-31,1994,10,31,2.7607383
1994-11-01,1994,11,1,9.6264623
1994-11-02,1994,11,2,2.8934831
1994-11-03,1994,11,3,8.6848691
1994-11-04,1994,11,4,24.083459
1994-11-05,1994,11,5,0
1994-11-06,1994,11,6,0
1994-11-07,1994,11,7,6.3192788
1994-11-08,1994,11,8,0
1994-11-09,1994,11,9,0
1994-11-10,1994,11,10,0
1994-11-11,1994,11,11,4.4640398
1994-11-12,1994,11,12,5.8983814
1994-11-13,1994,11,13,0
1994-11-14,1994,11,14,0
1994-11-15,1994,11,15,2.6030469
1994-11-16,1994,11,16,0
1994-11-17,1994,11,17,0
1994-11-18,1994,11,18,0
1994-11-19,1994,11,19,0
1994-11-20,1994,11,20,0
1994-11-21,1994,11,21,0
1994-11-22,1994,11,22,0
1994-11-23,1994,11,23,0
1994-11-24,1994,11,24,0
1994-11-25,1994,11,25,0
1994-11-26,1994,11,26,0
1994-11-27,1994,11,27,20.442496
1994-11-28,1994,11,28,16.043954
1994-11-29,1994,11,29,55.369746
1994-11-30,1994,11,30,55.066406
1994-12-01,1994,12,1,47.738162
1994-12-02,1994,12,2,30.365147
1994-12-03,1994,12,3,4.8244099
1994-12-04,1994,12,4,38.684564
1994-12-05,1994,12,5,12.748313
1994-12-06,1994,12,6,0
1994-12-07,1994,12,7,0
1994-12-08,1994,12,8,3.9622751
1994-12-09,1994,12,9,0
1994-12-10,1994,12,10,0
1994-12-11,1994,12,11,0
1994-12-12,1994,12,12,4.2434773
1994-12-13,1994,12,13,0.52061298
1994-12-14,1994,12,14,0
1994-12-15,1994,12,15,0
1994-12-16,1994,12,16,0
1994-12-17,1994,12,17,0
1994-12-18,1994,12,18,0
1994-12-19,1994,12,19,0
1994-12-20,1994,12,20,0
1994-12-21,1994,12,21,0
1994-12-22,1994,12,22,0
1994-12-23,1994,12,23,0
1994-12-24,1994,12,24,0
1994-12-25,1994,12,25,0
1994-12-26,1994,12,26,19.261845
1994-12-27,1994,12,27,0.70173486
1994-12-28,1994,12,28,0
1994-12-29,1994,12,29,0
1994-12-30,1994,12,30,10.243962
1994-12-31,1994,12,31,18.426821
1995-01-01,1995,1,1,0
1995-01-02,1995,1,2,0
1995-01-03,1995,1,3,6.3873435
1995-01-04,1995,1,4,0
1995-01-05,1995,1,5,0
1995-01-06,1995,1,6,22.878131
1995-01-07,1995,1,7,14.198445
1995-01-08,1995,1,8,0
1995-01-09,1995,1,9,4.3119461
1995-01-10,1995,1,10,8.5290167
1995-01-11,1995,1,11,0
1995-01-12,1995,1,12,0
1995-01-13,1995,1,13,0
1995-01-14,1995,1,14,0
1995-01-15,1995,1,15,0
1995-01-16,1995,1,16,0
1995-01-17,1995,1,17,0
1995-01-18,1995,1,18,0
1995-01-19,1995,1,19,0
1995-01-20,1995,1,20,0
1995-01-21,1995,1,21,0
1995-01-22,1995,1,22,3.4047167
1995-01-23,1995,1,23,0
1995-01-24,1995,1,24,0
1995-01-25,1995,1,25,0
1995-01-26,1995,1,26,0
1995-01-27,1995,1,27,0
1995-01-28,1995,1,28,0
1995-01-29,1995,1,29,5.1030543
1995-01-30,1995,1,30,0
1995-01-31,1995,1,31,5.2730691
1995-02-01,1995,2,1,0
1995-02-02,1995,2,2,0
1995-02-03,1995,2,3,0
1995-02-04,1995,2,4,0
1995-02-05,1995,2,5,0
1995-02-06,1995,2,6,0
1995-02-07,1995,2,7,0
1995-02-08,1995,2,8,0
1995-02-09,1995,2,9,0
1995-02-10,1995,2,10,0
1995-02-11,1995,2,11,0
1995-02-12,1995,2,12,0
1995-02-13,1995,2,13,0
1995-02-14,1995,2,14,0
1995-02-15,1995,2,15,0
1995-02-16,1995,2,16,0
1995-02-17,1995,2,17,0
1995-02-18,1995,2,18,0
1995-02-19,1995,2,19,0
1995-02-20,1995,2,20,0
1995-02-21,1995,2,21,0
1995-02-22,1995,2,22,0.50271004
1995-02-23,1995,2,23,0
1995-02-24,1995,2,24,0
1995-02-25,1995,2,25,0
1995-02-26,1995,2,26,0
1995-02-27,1995,2,27,0
1995-02-28,1995,2,28,0
1995-03-01,1995,3,1,0
1995-03-02,1995,3,2,0
1995-03-03,1995,3,3,0
1995-03-04,1995,3,4,0
1995-03-05,1995,3,5,0
1995-03-06,1995,3,6,0
1995-03-07,1995,3,7,0
1995-03-08,1995,3,8,0
1995-03-09,1995,3,9,0
1995-03-10,1995,3,10,0
1995-03-11,1995,3,11,0
1995-03-12,1995,3,12,0
1995-03-13,1995,3,13,0
1995-03-14,1995,3,14,5.404791
1995-03-15,1995,3,15,0
1995-03-16,1995,3,16,0
1995-03-17,1995,3,17,0
1995-03-18,1995,3,18,0
1995-03-19,1995,3,19,0
1995-03-20,1995,3,20,0
1995-03-21,1995,3,21,0
1995-03-22,1995,3,22,48.210501
1995-03-23,1995,3,23,17.501995
1995-03-24,1995,3,24,10.56658
1995-03-25,1995,3,25,0
1995-03-26,1995,3,26,0
1995-03-27,1995,3,27,20.825148
1995-03-28,1995,3,28,0
1995-03-29,1995,3,29,0.42448152
1995-03-30,1995,3,30,8.8694644
1995-03-31,1995,3,31,0
1995-04-01,1995,4,1,0
1995-04-02,1995,4,2,19.226509
1995-04-03,1995,4,3,11.752238
1995-04-04,1995,4,4,11.402494
1995-04-05,1995,4,5,0
1995-04-06,1995,4,6,24.513135
1995-04-07,1995,4,7,24.696108
1995-04-08,1995,4,8,10.60372
1995-04-09,1995,4,9,0
1995-04-10,1995,4,10,0
1995-04-11,1995,4,11,0
1995-04-12,1995,4,12,0
1995-04-13,1995,4,13,0
1995-04-14,1995,4,14,8.514311
1995-04-15,1995,4,15,12.405434
1995-04-16,1995,4,16,0.022084777
1995-04-17,1995,4,17,13.729402
1995-04-18,1995,4,18,12.631845
1995-04-19,1995,4,19,0
1995-04-20,1995,4,20,0
1995-04-21,1995,4,21,0
1995-04-22,1995,4,22,0
1995-04-23,1995,4,23,0
1995-04-24,1995,4,24,0
1995-04-25,1995,4,25,0
1995-04-26,1995,4,26,15.9206
1995-04-27,1995,4,27,31.905571
1995-04-28,1995,4,28,47.526234
1995-04-29,1995,4,29,36.695389
1995-04-30,1995,4,30,17.104272
1995-05-01,1995,5,1,0
1995-05-02,1995,5,2,4.2461008
1995-05-03,1995,5,3,14.4112
1995-05-04,1995,5,4,0
1995-05-05,1995,5,5,0
1995-05-06,1995,5,6,2.1996499
1995-05-07,1995,5,7,10.729075
1995-05-08,1995,5,8,19.354959
1995-05-09,1995,5,9,3.7577374
1995-05-10,1995,5,10,0
1995-05-11,1995,5,11,0
1995-05-12,1995,5,12,0
1995-05-13,1995,5,13,0
1995-05-14,1995,5,14,0
1995-05-15,1995,5,15,0
1995-05-16,1995,5,16,0
1995-05-17,1995,5,17,0
1995-05-18,1995,5,18,0
1995-05-19,1995,5,19,0
1995-05-20,1995,5,20,0
1995-05-21,1995,5,21,0
1995-05-22,1995,5,22,0
1995-05-23,1995,5,23,0
1995-05-24,1995,5,24,0
1995-05-25,1995,5,25,0
1995-05-26,1995,5,26,1.6489764
1995-05-27,1995,5,27,19.447432
1995-05-28,1995,5,28,5.3839893
1995-05-29,1995,5,29,26.076695
1995-05-30,1995,5,30,45.978948
1995-05-31,1995,5,31,24.368627
1995-06-01,1995,6,1,0
1995-06-02,1995,6,2,0
1995-06-03,1995,6,3,54.956212
1995-06-04,1995,6,4,30.477711
1995-06-05,1995,6,5,35.004037
1995-06-06,1995,6,6,30.265534
1995-06-07,1995,6,7,0
1995-06-08,1995,6,8,23.429657
1995-06-09,1995,6,9,30.905772
1995-06-10,1995,6,10,35.3213
1995-06-11,1995,6,11,53.524446
1995-06-12,1995,6,12,0.052190697
1995-06-13,1995,6,13,0
1995-06-14,1995,6,14,0
1995-06-15,1995,6,15,33.992893
1995-06-16,1995,6,16,17.670761
1995-06-17,1995,6,17,1.416289
1995-06-18,1995,6,18,0
1995-06-19,1995,6,19,8.3999384
1995-06-20,1995,6,20,38.661105
1995-06-21,1995,6,21,41.212261
1995-06-22,1995,6,22,83.208571
1995-06-23,1995,6,23,33.204978
1995-06-24,1995,6,24,1.9064329
1995-06-25,1995,6,25,81.043649
1995-06-26,1995,6,26,41.574384
1995-06-27,1995,6,27,8.8296614
1995-06-28,1995,6,28,0
1995-06-29,1995,6,29,31.448277
1995-06-30,1995,6,30,40.729872
1995-07-01,1995,7,1,19.996182
1995-07-02,1995,7,2,1.8138498
1995-07-03,1995,7,3,26.204541
1995-07-04,1995,7,4,24.617038
1995-07-05,1995,7,5,25.714275
1995-07-06,1995,7,6,14.707611
1995-07-07,1995,7,7,22.348375
1995-07-08,1995,7,8,58.132402
1995-07-09,1995,7,9,43.724816
1995-07-10,1995,7,10,64.358877
1995-07-11,1995,7,11,1.538028
1995-07-12,1995,7,12,0
1995-07-13,1995,7,13,0.19384073
1995-07-14,1995,7,14,3.0388111
1995-07-15,1995,7,15,9.6871368
1995-07-16,1995,7,16,0
1995-07-17,1995,7,17,0
1995-07-18,1995,7,18,0
1995-07-19,1995,7,19,0
1995-07-20,1995,7,20,0
1995-07-21,1995,7,21,8.7788784
1995-07-22,1995,7,22,70.785405
1995-07-23,1995,7,23,28.442206
1995-07-24,1995,7,24,26.464794
1995-07-25,1995,7,25,32.220931
1995-07-26,1995,7,26,30.255197
1995-07-27,1995,7,27,49.819243
1995-07-28,1995,7,28,17.347624
1995-07-29,1995,7,29,3.3832279
1995-07-30,1995,7,30,0
1995-07-31,1995,7,31,0.50231494
1995-08-01,1995,8,1,30.973289
1995-08-02,1995,8,2,16.169955
1995-08-03,1995,8,3,0
1995-08-04,1995,8,4,0
1995-08-05,1995,8,5,27.332136
1995-08-06,1995,8,6,0
1995-08-07,1995,8,7,0
1995-08-08,1995,8,8,0
1995-08-09,1995,8,9,0
1995-08-10,1995,8,10,0
1995-08-11,1995,8,11,50.922017
1995-08-12,1995,8,12,29.146938
1995-08-13,1995,8,13,25.062122
1995-08-14,1995,8,14,13.326728
1995-08-15,1995,8,15,0
1995-08-16,1995,8,16,0
1995-08-17,1995,8,17,0
1995-08-18,1995,8,18,0
1995-08-19,1995,8,19,0
1995-08-20,1995,8,20,0
1995-08-21,1995,8,21,37.452005
1995-08-22,1995,8,22,96.962398
1995-08-23,1995,8,23,65.879833
1995-08-24,1995,8,24,20.024932
1995-08-25,1995,8,25,7.6861453
1995-08-26,1995,8,26,17.575447
1995-08-27,1995,8,27,8.844138
1995-08-28,1995,8,28,30.652641
1995-08-29,1995,8,29,0
1995-08-30,1995,8,30,28.916635
1995-08-31,1995,8,31,17.15355
1995-09-01,1995,9,1,0
1995-09-02,1995,9,2,0
1995-09-03,1995,9,3,0
1995-09-04,1995,9,4,0
1995-09-05,1995,9,5,0
1995-09-06,1995,9,6,1.357085
1995-09-07,1995,9,7,0
1995-09-08,1995,9,8,0
1995-09-09,1995,9,9,0
1995-09-10,1995,9,10,0
1995-09-11,1995,9,11,0
1995-09-12,1995,9,12,2.4997556
1995-09-13,1995,9,13,0
1995-09-14,1995,9,14,0
1995-09-15,1995,9,15,9.9983915
1995-09-16,1995,9,16,32.239648
1995-09-17,1995,9,17,39.294369
1995-09-18,1995,9,18,5.1173205
1995-09-19,1995,9,19,0
1995-09-20,1995,9,20,0
1995-09-21,1995,9,21,0
1995-09-22,1995,9,22,0
1995-09-23,1995,9,23,0
1995-09-24,1995,9,24,14.012288
1995-09-25,1995,9,25,1.7081045
1995-09-26,1995,9,26,0
1995-09-27,1995,9,27,0
1995-09-28,1995,9,28,0
1995-09-29,1995,9,29,0
1995-09-30,1995,9,30,0
1995-10-01,1995,10,1,6.9135556
1995-10-02,1995,10,2,10.343684
1995-10-03,1995,10,3,5.3174902
1995-10-04,1995,10,4,4.7304809
1995-10-05,1995,10,5,24.294952
1995-10-06,1995,10,6,31.129238
1995-10-07,1995,10,7,14.719693
1995-10-08,1995,10,8,0
1995-10-09,1995,10,9,0.91169805
1995-10-10,1995,10,10,20.804502
1995-10-11,1995,10,11,16.996584
1995-10-12,1995,10,12,2.5117762
1995-10-13,1995,10,13,0.00087379241
1995-10-14,1995,10,14,7.4931827
1995-10-15,1995,10,15,0.0073185143
1995-10-16,1995,10,16,0
1995-10-17,1995,10,17,0
1995-10-18,1995,10,18,0
1995-10-19,1995,10,19,0
1995-10-20,1995,10,20,0
1995-10-21,1995,10,21,12.712567
1995-10-22,1995,10,22,9.2626574
1995-10-23,1995,10,23,0.025960027
1995-10-24,1995,10,24,16.19198
1995-10-25,1995,10,25,0
1995-10-26,1995,10,26,0
1995-10-27,1995,10,27,0
1995-10-28,1995,10,28,0
1995-10-29,1995,10,29,0
1995-10-30,1995,10,30,0
1995-10-31,1995,10,31,0
1995-11-01,1995,11,1,2.6407942
1995-11-02,1995,11,2,0.14794109
1995-11-03,1995,11,3,0.25743867
1995-11-04,1995,11,4,0.81730086
1995-11-05,1995,11,5,2.5820747
1995-11-06,1995,11,6,0
1995-11-07,1995,11,7,0
1995-11-08,1995,11,8,0
1995-11-09,1995,11,9,0
1995-11-10,1995,11,10,0
1995-11-11,1995,11,11,0
1995-11-12,1995,11,12,0
1995-11-13,1995,11,13,0
1995-11-14,1995,11,14,0
1995-11-15,1995,11,15,0
1995-11-16,1995,11,16,0
1995-11-17,1995,11,17,0
1995-11-18,1995,11,18,0
1995-11-19,1995,11,19,0
1995-11-20,1995,11,20,2.1783295
1995-11-21,1995,11,21,0
1995-11-22,1995,11,22,0
1995-11-23,1995,11,23,0.2017651
1995-11-24,1995,11,24,20.386776
1995-11-25,1995,11,25,0
1995-11-26,1995,11,26,0
1995-11-27,1995,11,27,0
1995-11-28,1995,11,28,0
1995-11-29,1995,11,29,0.051671421
1995-11-30,1995,11,30,0
1995-12-01,1995,12,1,0
1995-12-02,1995,12,2,0
1995-12-03,1995,12,3,0
1995-12-04,1995,12,4,0
1995-12-05,1995,12,5,0
1995-12-06,1995,12,6,0
1995-12-07,1995,12,7,0
1995-12-08,1995,12,8,0
1995-12-09,1995,12,9,0
1995-12-10,1995,12,10,0
1995-12-11,1995,12,11,0
1995-12-12,1995,12,12,0
1995-12-13,1995,12,13,0
1995-12-14,1995,12,14,0
1995-12-15,1995,12,15,0
1995-12-16,1995,12,16,0
1995-12-17,1995,12,17,0
1995-12-18,1995,12,18,0
1995-12-19,1995,12,19,0
1995-12-20,1995,12,20,0
1995-12-21,1995,12,21,0
1995-12-22,1995,12,22,0
1995-12-23,1995,12,23,0
1995-12-24,1995,12,24,0
1995-12-25,1995,12,25,0
1995-12-26,1995,12,26,0
1995-12-27,1995,12,27,0
1995-12-28,1995,12,28,0
1995-12-29,1995,12,29,0
1995-12-30,1995,12,30,0
1995-12-31,1995,12,31,0
1996-01-01,1996,1,1,0
1996-01-02,1996,1,2,0
1996-01-03,1996,1,3,15.914536
1996-01-04,1996,1,4,8.1214993
1996-01-05,1996,1,5,0
1996-01-06,1996,1,6,0
1996-01-07,1996,1,7,0
1996-01-08,1996,1,8,0
1996-01-09,1996,1,9,0
1996-01-10,1996,1,10,0
1996-01-11,1996,1,11,0
1996-01-12,1996,1,12,1.0077403
1996-01-13,1996,1,13,0
1996-01-14,1996,1,14,0
1996-01-15,1996,1,15,0
1996-01-16,1996,1,16,0
1996-01-17,1996,1,17,0
1996-01-18,1996,1,18,0
1996-01-19,1996,1,19,0.3762966
1996-01-20,1996,1,20,0
1996-01-21,1996,1,21,4.1723339
1996-01-22,1996,1,22,0
1996-01-23,1996,1,23,0
1996-01-24,1996,1,24,5.5530896
1996-01-25,1996,1,25,10.936658
1996-01-26,1996,1,26,2.4889719
1996-01-27,1996,1,27,0
1996-01-28,1996,1,28,0
1996-01-29,1996,1,29,0
1996-01-30,1996,1,30,0
1996-01-31,1996,1,31,0
1996-02-01,1996,2,1,0
1996-02-02,1996,2,2,0
1996-02-03,1996,2,3,0
1996-02-04,1996,2,4,3.5216355
1996-02-05,1996,2,5,27.495213
1996-02-06,1996,2,6,19.776648
1996-02-07,1996,2,7,0.18320294
1996-02-08,1996,2,8,0
1996-02-09,1996,2,9,0
1996-02-10,1996,2,10,0
1996-02-11,1996,2,11,0
1996-02-12,1996,2,12,0
1996-02-13,1996,2,13,0
1996-02-14,1996,2,14,0
1996-02-15,1996,2,15,0
1996-02-16,1996,2,16,0
1996-02-17,1996,2,17,0
1996-02-18,1996,2,18,3.804168
1996-02-19,1996,2,19,23.981331
1996-02-20,1996,2,20,0.0068517991
1996-02-21,1996,2,21,16.124862
1996-02-22,1996,2,22,14.963792
1996-02-23,1996,2,23,0
1996-02-24,1996,2,24,0
1996-02-25,1996,2,25,0
1996-02-26,1996,2,26,0
1996-02-27,1996,2,27,0
1996-02-28,1996,2,28,0
1996-02-29,1996,2,29,0
1996-03-01,1996,3,1,0
1996-03-02,1996,3,2,0
1996-03-03,1996,3,3,0
1996-03-04,1996,3,4,0
1996-03-05,1996,3,5,0
1996-03-06,1996,3,6,0
1996-03-07,1996,3,7,0
1996-03-08,1996,3,8,0
1996-03-09,1996,3,9,0
1996-03-10,1996,3,10,5.473282
1996-03-11,1996,3,11,44.919675
1996-03-12,1996,3,12,42.765386
1996-03-13,1996,3,13,10.235073
1996-03-14,1996,3,14,2.3169776
1996-03-15,1996,3,15,0
1996-03-16,1996,3,16,0
1996-03-17,1996,3,17,0
1996-03-18,1996,3,18,0
1996-03-19,1996,3,19,0
1996-03-20,1996,3,20,0
1996-03-21,1996,3,21,0
1996-03-22,1996,3,22,0
1996-03-23,1996,3,23,0
1996-03-24,1996,3,24,0
1996-03-25,1996,3,25,1.570101
1996-03-26,1996,3,26,0
1996-03-27,1996,3,27,0
1996-03-28,1996,3,28,0
1996-03-29,1996,3,29,25.324236
1996-03-30,1996,3,30,28.492809
1996-03-31,1996,3,31,6.4935827
1996-04-01,1996,4,1,37.11548
1996-04-02,1996,4,2,0.15643268
1996-04-03,1996,4,3,0
1996-04-04,1996,4,4,0
1996-04-05,1996,4,5,33.115524
1996-04-06,1996,4,6,8.0921503
1996-04-07,1996,4,7,23.59998
1996-04-08,1996,4,8,24.868669
1996-04-09,1996,4,9,0
1996-04-10,1996,4,10,13.542429
1996-04-11,1996,4,11,17.555008
1996-04-12,1996,4,12,0
1996-04-13,1996,4,13,0
1996-04-14,1996,4,14,0
1996-04-15,1996,4,15,0
1996-04-16,1996,4,16,0
1996-04-17,1996,4,17,0
1996-04-18,1996,4,18,0
1996-04-19,1996,4,19,0
1996-04-20,1996,4,20,0
1996-04-21,1996,4,21,0
1996-04-22,1996,4,22,0
1996-04-23,1996,4,23,0
1996-04-24,1996,4,24,0
1996-04-25,1996,4,25,0
1996-04-26,1996,4,26,0
1996-04-27,1996,4,27,20.690897
1996-04-28,1996,4,28,0
1996-04-29,1996,4,29,0
1996-04-30,1996,4,30,3.5360104
1996-05-01,1996,5,1,0
1996-05-02,1996,5,2,0
1996-05-03,1996,5,3,0
1996-05-04,1996,5,4,0
1996-05-05,1996,5,5,0
1996-05-06,1996,5,6,35.244895
1996-05-07,1996,5,7,0.43840521
1996-05-08,1996,5,8,12.924531
1996-05-09,1996,5,9,3.5339188
1996-05-10,1996,5,10,0
1996-05-11,1996,5,11,0
1996-05-12,1996,5,12,0
1996-05-13,1996,5,13,0
1996-05-14,1996,5,14,0
1996-05-15,1996,5,15,39.872821
1996-05-16,1996,5,16,37.658517
1996-05-17,1996,5,17,37.502167
1996-05-18,1996,5,18,7.3940925
1996-05-19,1996,5,19,0
1996-05-20,1996,5,20,0
1996-05-21,1996,5,21,0
1996-05-22,1996,5,22,0
1996-05-23,1996,5,23,0
1996-05-24,1996,5,24,5.8603059
1996-05-25,1996,5,25,0
1996-05-26,1996,5,26,0
1996-05-27,1996,5,27,41.509247
1996-05-28,1996,5,28,8.1916377
1996-05-29,1996,5,29,0
1996-05-30,1996,5,30,0
1996-05-31,1996,5,31,0
1996-06-01,1996,6,1,0
1996-06-02,1996,6,2,0
1996-06-03,1996,6,3,0
1996-06-04,1996,6,4,20.612626
1996-06-05,1996,6,5,0
1996-06-06,1996,6,6,0
1996-06-07,1996,6,7,0
1996-06-08,1996,6,8,0.032531964
1996-06-09,1996,6,9,0
1996-06-10,1996,6,10,17.123286
1996-06-11,1996,6,11,92.121151
1996-06-12,1996,6,12,36.947077
1996-06-13,1996,6,13,16.638304
1996-06-14,1996,6,14,16.943381
1996-06-15,1996,6,15,15.947671
1996-06-16,1996,6,16,2.9298551
1996-06-17,1996,6,17,0
1996-06-18,1996,6,18,0
1996-06-19,1996,6,19,0
1996-06-20,1996,6,20,6.5703004
1996-06-21,1996,6,21,0
1996-06-22,1996,6,22,0
1996-06-23,1996,6,23,0
1996-06-24,1996,6,24,0
1996-06-25,1996,6,25,0
1996-06-26,1996,6,26,0
1996-06-27,1996,6,27,0
1996-06-28,1996,6,28,0
1996-06-29,1996,6,29,0
1996-06-30,1996,6,30,16.319839
1996-07-01,1996,7,1,17.025197
1996-07-02,1996,7,2,0
1996-07-03,1996,7,3,0
1996-07-04,1996,7,4,31.436836
1996-07-05,1996,7,5,3.9299695
1996-07-06,1996,7,6,10.2744
1996-07-07,1996,7,7,3.5517102
1996-07-08,1996,7,8,0
1996-07-09,1996,7,9,0
1996-07-10,1996,7,10,9.0180727
1996-07-11,1996,7,11,0
1996-07-12,1996,7,12,0
1996-07-13,1996,7,13,0
1996-07-14,1996,7,14,0
1996-07-15,1996,7,15,0
1996-07-16,1996,7,16,0
1996-07-17,1996,7,17,0
1996-07-18,1996,7,18,0
1996-07-19,1996,7,19,0
1996-07-20,1996,7,20,0
1996-07-21,1996,7,21,0
1996-07-22,1996,7,22,6.1578986
1996-07-23,1996,7,23,0.19927
1996-07-24,1996,7,24,0
1996-07-25,1996,7,25,5.7830044
1996-07-26,1996,7,26,0.6287319
1996-07-27,1996,7,27,6.8146539
1996-07-28,1996,7,28,0.25684288
1996-07-29,1996,7,29,0
1996-07-30,1996,7,30,0
1996-07-31,1996,7,31,0
1996-08-01,1996,8,1,0.063357414
1996-08-02,1996,8,2,7.9590246
1996-08-03,1996,8,3,11.998597
1996-08-04,1996,8,4,6.3849346
1996-08-05,1996,8,5,15.546833
1996-08-06,1996,8,6,0.25972839
1996-08-07,1996,8,7,18.130893
1996-08-08,1996,8,8,18.757185
1996-08-09,1996,8,9,3.3391249
1996-08-10,1996,8,10,16.193709
1996-08-11,1996,8,11,0
1996-08-12,1996,8,12,40.577638
1996-08-13,1996,8,13,45.472894
1996-08-14,1996,8,14,3.7793644
1996-08-15,1996,8,15,0
1996-08-16,1996,8,16,0
1996-08-17,1996,8,17,0
1996-08-18,1996,8,18,9.8713986
1996-08-19,1996,8,19,6.9009587
1996-08-20,1996,8,20,11.724565
1996-08-21,1996,8,21,8.0360034
1996-08-22,1996,8,22,0
1996-08-23,1996,8,23,64.870051
1996-08-24,1996,8,24,4.3481964
1996-08-25,1996,8,25,0
1996-08-26,1996,8,26,0
1996-08-27,1996,8,27,0
1996-08-28,1996,8,28,0
1996-08-29,1996,8,29,0
1996-08-30,1996,8,30,15.462621
1996-08-31,1996,8,31,1.0204493
1996-09-01,1996,9,1,5.5903199
1996-09-02,1996,9,2,9.8289795
1996-09-03,1996,9,3,31.389975
1996-09-04,1996,9,4,7.2606818
1996-09-05,1996,9,5,0
1996-09-06,1996,9,6,4.0160719
1996-09-07,1996,9,7,2.5470794
1996-09-08,1996,9,8,0.85748065
1996-09-09,1996,9,9,0
1996-09-10,1996,9,10,0
1996-09-11,1996,9,11,0
1996-09-12,1996,9,12,0.49239099
1996-09-13,1996,9,13,4.6496413
1996-09-14,1996,9,14,0
1996-09-15,1996,9,15,0
1996-09-16,1996,9,16,0
1996-09-17,1996,9,17,7.4340326
1996-09-18,1996,9,18,28.370573
1996-09-19,1996,9,19,18.361816
1996-09-20,1996,9,20,14.647804
1996-09-21,1996,9,21,0
1996-09-22,1996,9,22,0
1996-09-23,1996,9,23,0
1996-09-24,1996,9,24,0
1996-09-25,1996,9,25,0
1996-09-26,1996,9,26,9.8703632e-17
1996-09-27,1996,9,27,0
1996-09-28,1996,9,28,0
1996-09-29,1996,9,29,0
1996-09-30,1996,9,30,0.079278769
1996-10-01,1996,10,1,0
1996-10-02,1996,10,2,16.235727
1996-10-03,1996,10,3,21.90481
1996-10-04,1996,10,4,0.10399343
1996-10-05,1996,10,5,1.9155593
1996-10-06,1996,10,6,0
1996-10-07,1996,10,7,0
1996-10-08,1996,10,8,0
1996-10-09,1996,10,9,9.7901975
1996-10-10,1996,10,10,2.3707358
1996-10-11,1996,10,11,0
1996-10-12,1996,10,12,0
1996-10-13,1996,10,13,0
1996-10-14,1996,10,14,0
1996-10-15,1996,10,15,13.088462
1996-10-16,1996,10,16,24.914766
1996-10-17,1996,10,17,8.6241996
1996-10-18,1996,10,18,32.007672
1996-10-19,1996,10,19,0
1996-10-20,1996,10,20,0
1996-10-21,1996,10,21,0
1996-10-22,1996,10,22,0
1996-10-23,1996,10,23,0.38665426
1996-10-24,1996,10,24,0
1996-10-25,1996,10,25,0
1996-10-26,1996,10,26,0
1996-10-27,1996,10,27,0
1996-10-28,1996,10,28,0
1996-10-29,1996,10,29,0
1996-10-30,1996,10,30,0
1996-10-31,1996,10,31,7.4035807
1996-11-01,1996,11,1,6.6123464
1996-11-02,1996,11,2,0
1996-11-03,1996,11,3,0
1996-11-04,1996,11,4,0.14037315
1996-11-05,1996,11,5,47.429503
1996-11-06,1996,11,6,0.74490134
1996-11-07,1996,11,7,0
1996-11-08,1996,11,8,0.00053771841
1996-11-09,1996,11,9,0
1996-11-10,1996,11,10,0
1996-11-11,1996,11,11,0.41498355
1996-11-12,1996,11,12,0
1996-11-13,1996,11,13,0
1996-11-14,1996,11,14,0
1996-11-15,1996,11,15,0
1996-11-16,1996,11,16,0
1996-11-17,1996,11,17,0
1996-11-18,1996,11,18,0
1996-11-19,1996,11,19,0
1996-11-20,1996,11,20,0
1996-11-21,1996,11,21,28.13392
1996-11-22,1996,11,22,0.51495646
1996-11-23,1996,11,23,0
1996-11-24,1996,11,24,0
1996-11-25,1996,11,25,0
1996-11-26,1996,11,26,0
1996-11-27,1996,11,27,0
1996-11-28,1996,11,28,26.18324
1996-11-29,1996,11,29,0
1996-11-30,1996,11,30,0
1996-12-01,1996,12,1,0
1996-12-02,1996,12,2,0
1996-12-03,1996,12,3,0
1996-12-04,1996,12,4,15.248964
1996-12-05,1996,12,5,11.761519
1996-12-06,1996,12,6,0.01955448
1996-12-07,1996,12,7,8.3588318
1996-12-08,1996,12,8,5.1138591
1996-12-09,1996,12,9,0
1996-12-10,1996,12,10,0
1996-12-11,1996,12,11,0
1996-12-12,1996,12,12,0
1996-12-13,1996,12,13,0
1996-12-14,1996,12,14,0
1996-12-15,1996,12,15,0
1996-12-16,1996,12,16,0
1996-12-17,1996,12,17,0
1996-12-18,1996,12,18,0
1996-12-19,1996,12,19,0
1996-12-20,1996,12,20,0
1996-12-21,1996,12,21,2.1591172
1996-12-22,1996,12,22,0
1996-12-23,1996,12,23,0
1996-12-24,1996,12,24,0.95452634
1996-12-25,1996,12,25,0.051613093
1996-12-26,1996,12,26,0
1996-12-27,1996,12,27,0
1996-12-28,1996,12,28,0
1996-12-29,1996,12,29,0
1996-12-30,1996,12,30,3.6948052
1996-12-31,1996,12,31,0
1997-01-01,1997,1,1,0
1997-01-02,1997,1,2,0
1997-01-03,1997,1,3,0
1997-01-04,1997,1,4,0
1997-01-05,1997,1,5,4.8849368
1997-01-06,1997,1,6,0
1997-01-07,1997,1,7,4.7106521
1997-01-08,1997,1,8,0
1997-01-09,1997,1,9,0
1997-01-10,1997,1,10,0.017509329
1997-01-11,1997,1,11,22.612116
1997-01-12,1997,1,12,14.94458
1997-01-13,1997,1,13,0
1997-01-14,1997,1,14,0
1997-01-15,1997,1,15,0
1997-01-16,1997,1,16,0
1997-01-17,1997,1,17,1.137323
1997-01-18,1997,1,18,0
1997-01-19,1997,1,19,0
1997-01-20,1997,1,20,0
1997-01-21,1997,1,21,0
1997-01-22,1997,1,22,13.352296
1997-01-23,1997,1,23,0.93644718
1997-01-24,1997,1,24,0
1997-01-25,1997,1,25,0
1997-01-26,1997,1,26,0
1997-01-27,1997,1,27,11.860768
1997-01-28,1997,1,28,18.049451
1997-01-29,1997,1,29,2.1721247
1997-01-30,1997,1,30,0
1997-01-31,1997,1,31,32.410815
1997-02-01,1997,2,1,14.655352
1997-02-02,1997,2,2,6.3831135
1997-02-03,1997,2,3,30.401478
1997-02-04,1997,2,4,0
1997-02-05,1997,2,5,0
1997-02-06,1997,2,6,0
1997-02-07,1997,2,7,0
1997-02-08,1997,2,8,6.3241258
1997-02-09,1997,2,9,0.00017271317
1997-02-10,1997,2,10,0
1997-02-11,1997,2,11,0
1997-02-12,1997,2,12,0
1997-02-13,1997,2,13,0
1997-02-14,1997,2,14,0
1997-02-15,1997,2,15,0
1997-02-16,1997,2,16,0
1997-02-17,1997,2,17,0.015795079
1997-02-18,1997,2,18,0
1997-02-19,1997,2,19,0
1997-02-20,1997,2,20,0
1997-02-21,1997,2,21,0
1997-02-22,1997,2,22,0
1997-02-23,1997,2,23,0
1997-02-24,1997,2,24,0
1997-02-25,1997,2,25,0
1997-02-26,1997,2,26,0
1997-02-27,1997,2,27,0
1997-02-28,1997,2,28,0
1997-03-01,1997,3,1,0
1997-03-02,1997,3,2,0
1997-03-03,1997,3,3,0
1997-03-04,1997,3,4,0
1997-03-05,1997,3,5,0
1997-03-06,1997,3,6,0
1997-03-07,1997,3,7,0
1997-03-08,1997,3,8,0
1997-03-09,1997,3,9,0
1997-03-10,1997,3,10,0
1997-03-11,1997,3,11,0
1997-03-12,1997,3,12,0
1997-03-13,1997,3,13,0
1997-03-14,1997,3,14,0
1997-03-15,1997,3,15,0
1997-03-16,1997,3,16,0.23909822
1997-03-17,1997,3,17,0
1997-03-18,1997,3,18,5.9711867
1997-03-19,1997,3,19,0
1997-03-20,1997,3,20,0
1997-03-21,1997,3,21,5.153049
1997-03-22,1997,3,22,1.2617464
1997-03-23,1997,3,23,0
1997-03-24,1997,3,24,0
1997-03-25,1997,3,25,0
1997-03-26,1997,3,26,0
1997-03-27,1997,3,27,0
1997-03-28,1997,3,28,0
1997-03-29,1997,3,29,0
1997-03-30,1997,3,30,0
1997-03-31,1997,3,31,1.6381734
1997-04-01,1997,4,1,6.1005076
1997-04-02,1997,4,2,0
1997-04-03,1997,4,3,0
1997-04-04,1997,4,4,0
1997-04-05,1997,4,5,0
1997-04-06,1997,4,6,0
1997-04-07,1997,4,7,0
1997-04-08,1997,4,8,0
1997-04-09,1997,4,9,0
1997-04-10,1997,4,10,0
1997-04-11,1997,4,11,0
1997-04-12,1997,4,12,0
1997-04-13,1997,4,13,6.5898388
1997-04-14,1997,4,14,41.43964
1997-04-15,1997,4,15,0.024239341
1997-04-16,1997,4,16,0
1997-04-17,1997,4,17,0
1997-04-18,1997,4,18,0
1997-04-19,1997,4,19,3.2755286
1997-04-20,1997,4,20,15.225088
1997-04-21,1997,4,21,48.012791
1997-04-22,1997,4,22,167.45789
1997-04-23,1997,4,23,64.295159
1997-04-24,1997,4,24,0.51751898
1997-04-25,1997,4,25,12.459813
1997-04-26,1997,4,26,5.6174615
1997-04-27,1997,4,27,0.019793258
1997-04-28,1997,4,28,70.003753
1997-04-29,1997,4,29,46.510461
1997-04-30,1997,4,30,151.52198
1997-05-01,1997,5,1,13.366122
1997-05-02,1997,5,2,0
1997-05-03,1997,5,3,0
1997-05-04,1997,5,4,0
1997-05-05,1997,5,5,0
1997-05-06,1997,5,6,0
1997-05-07,1997,5,7,0
1997-05-08,1997,5,8,0
1997-05-09,1997,5,9,0
1997-05-10,1997,5,10,0
1997-05-11,1997,5,11,0
1997-05-12,1997,5,12,0
1997-05-13,1997,5,13,0
1997-05-14,1997,5,14,0
1997-05-15,1997,5,15,6.999402
1997-05-16,1997,5,16,66.439828
1997-05-17,1997,5,17,24.825353
1997-05-18,1997,5,18,10.141923
1997-05-19,1997,5,19,32.894896
1997-05-20,1997,5,20,5.9082953
1997-05-21,1997,5,21,0
1997-05-22,1997,5,22,0
1997-05-23,1997,5,23,0
1997-05-24,1997,5,24,0
1997-05-25,1997,5,25,2.5713191
1997-05-26,1997,5,26,11.998436
1997-05-27,1997,5,27,0
1997-05-28,1997,5,28,22.483979
1997-05-29,1997,5,29,22.233319
1997-05-30,1997,5,30,11.159832
1997-05-31,1997,5,31,0.0044905423
1997-06-01,1997,6,1,2.9175753
1997-06-02,1997,6,2,32.072418
1997-06-03,1997,6,3,36.251492
1997-06-04,1997,6,4,28.290685
1997-06-05,1997,6,5,6.708352
1997-06-06,1997,6,6,0
1997-06-07,1997,6,7,9.4426818
1997-06-08,1997,6,8,81.820553
1997-06-09,1997,6,9,42.171484
1997-06-10,1997,6,10,12.64798
1997-06-11,1997,6,11,16.664518
1997-06-12,1997,6,12,19.680491
1997-06-13,1997,6,13,6.7930035
1997-06-14,1997,6,14,22.644207
1997-06-15,1997,6,15,57.663568
1997-06-16,1997,6,16,4.7634084
1997-06-17,1997,6,17,25.971149
1997-06-18,1997,6,18,35.493832
1997-06-19,1997,6,19,76.370231
1997-06-20,1997,6,20,42.00294
1997-06-21,1997,6,21,37.225579
1997-06-22,1997,6,22,35.347606
1997-06-23,1997,6,23,30.425374
1997-06-24,1997,6,24,16.128779
1997-06-25,1997,6,25,17.306825
1997-06-26,1997,6,26,5.3349233
1997-06-27,1997,6,27,1.5604847
1997-06-28,1997,6,28,0.29074096
1997-06-29,1997,6,29,8.2565799
1997-06-30,1997,6,30,0
1997-07-01,1997,7,1,24.106992
1997-07-02,1997,7,2,30.137404
1997-07-03,1997,7,3,20.931142
1997-07-04,1997,7,4,13.553183
1997-07-05,1997,7,5,13.331055
1997-07-06,1997,7,6,11.917336
1997-07-07,1997,7,7,31.622627
1997-07-08,1997,7,8,14.83852
1997-07-09,1997,7,9,0.099202031
1997-07-10,1997,7,10,0
1997-07-11,1997,7,11,0
1997-07-12,1997,7,12,3.7708948
1997-07-13,1997,7,13,5.620383
1997-07-14,1997,7,14,21.254736
1997-07-15,1997,7,15,18.050902
1997-07-16,1997,7,16,0
1997-07-17,1997,7,17,0
1997-07-18,1997,7,18,0
1997-07-19,1997,7,19,0
1997-07-20,1997,7,20,11.042219
1997-07-21,1997,7,21,24.229565
1997-07-22,1997,7,22,0
1997-07-23,1997,7,23,0
1997-07-24,1997,7,24,15.174915
1997-07-25,1997,7,25,42.440986
1997-07-26,1997,7,26,16.536286
1997-07-27,1997,7,27,43.467555
1997-07-28,1997,7,28,77.232265
1997-07-29,1997,7,29,30.895793
1997-07-30,1997,7,30,30.712885
1997-07-31,1997,7,31,10.42132
1997-08-01,1997,8,1,0
1997-08-02,1997,8,2,0
1997-08-03,1997,8,3,0
1997-08-04,1997,8,4,0
1997-08-05,1997,8,5,0
1997-08-06,1997,8,6,0
1997-08-07,1997,8,7,0
1997-08-08,1997,8,8,0
1997-08-09,1997,8,9,0
1997-08-10,1997,8,10,0.61046468
1997-08-11,1997,8,11,0
1997-08-12,1997,8,12,11.537584
1997-08-13,1997,8,13,30.342727
1997-08-14,1997,8,14,6.7640788
1997-08-15,1997,8,15,17.462561
1997-08-16,1997,8,16,22.894316
1997-08-17,1997,8,17,25.170018
1997-08-18,1997,8,18,8.2902479
1997-08-19,1997,8,19,3.0114604
1997-08-20,1997,8,20,0
1997-08-21,1997,8,21,0
1997-08-22,1997,8,22,0
1997-08-23,1997,8,23,17.255749
1997-08-24,1997,8,24,69.606828
1997-08-25,1997,8,25,39.420119
1997-08-26,1997,8,26,2.0860434
1997-08-27,1997,8,27,0
1997-08-28,1997,8,28,23.021125
1997-08-29,1997,8,29,9.8783036
1997-08-30,1997,8,30,0
1997-08-31,1997,8,31,0
1997-09-01,1997,9,1,17.343864
1997-09-02,1997,9,2,21.218113
1997-09-03,1997,9,3,36.172083
1997-09-04,1997,9,4,6.1388097
1997-09-05,1997,9,5,31.244459
1997-09-06,1997,9,6,26.498107
1997-09-07,1997,9,7,28.188106
1997-09-08,1997,9,8,14.968533
1997-09-09,1997,9,9,0
1997-09-10,1997,9,10,0
1997-09-11,1997,9,11,9.3330019
1997-09-12,1997,9,12,6.9219534
1997-09-13,1997,9,13,4.3045861
1997-09-14,1997,9,14,0.020029559
1997-09-15,1997,9,15,0
1997-09-16,1997,9,16,0
1997-09-17,1997,9,17,0
1997-09-18,1997,9,18,0.58554803
1997-09-19,1997,9,19,0
1997-09-20,1997,9,20,8.3575012
1997-09-21,1997,9,21,27.223093
1997-09-22,1997,9,22,13.562665
1997-09-23,1997,9,23,1.263424
1997-09-24,1997,9,24,0
1997-09-25,1997,9,25,0
1997-09-26,1997,9,26,6.3248901
1997-09-27,1997,9,27,11.418892
1997-09-28,1997,9,28,14.314339
1997-09-29,1997,9,29,8.6224626
1997-09-30,1997,9,30,3.6373246
1997-10-01,1997,10,1,16.73276
1997-10-02,1997,10,2,26.099747
1997-10-03,1997,10,3,25.542885
1997-10-04,1997,10,4,29.752792
1997-10-05,1997,10,5,5.2833942
1997-10-06,1997,10,6,0
1997-10-07,1997,10,7,0
1997-10-08,1997,10,8,0
1997-10-09,1997,10,9,12.59094
1997-10-10,1997,10,10,24.098785
1997-10-11,1997,10,11,6.3875309
1997-10-12,1997,10,12,5.6558485
1997-10-13,1997,10,13,4.440789
1997-10-14,1997,10,14,24.030365
1997-10-15,1997,10,15,9.5516466
1997-10-16,1997,10,16,0.87910352
1997-10-17,1997,10,17,0
1997-10-18,1997,10,18,0
1997-10-19,1997,10,19,0
1997-10-20,1997,10,20,9.1896529
1997-10-21,1997,10,21,0
1997-10-22,1997,10,22,0
1997-10-23,1997,10,23,26.155937
1997-10-24,1997,10,24,19.740072
1997-10-25,1997,10,25,5.856958
1997-10-26,1997,10,26,40.570905
1997-10-27,1997,10,27,10.253138
1997-10-28,1997,10,28,5.7816607
1997-10-29,1997,10,29,0
1997-10-30,1997,10,30,0
1997-10-31,1997,10,31,0
1997-11-01,1997,11,1,0.010362037
1997-11-02,1997,11,2,0
1997-11-03,1997,11,3,0.95659147
1997-11-04,1997,11,4,2.1985794
1997-11-05,1997,11,5,0
1997-11-06,1997,11,6,0.09842055
1997-11-07,1997,11,7,38.056748
1997-11-08,1997,11,8,10.354348
1997-11-09,1997,11,9,15.292353
1997-11-10,1997,11,10,36.804978
1997-11-11,1997,11,11,23.573051
1997-11-12,1997,11,12,16.835644
1997-11-13,1997,11,13,4.8722194
1997-11-14,1997,11,14,0
1997-11-15,1997,11,15,0
1997-11-16,1997,11,16,0
1997-11-17,1997,11,17,0
1997-11-18,1997,11,18,0
1997-11-19,1997,11,19,0
1997-11-20,1997,11,20,0.60903569
1997-11-21,1997,11,21,0
1997-11-22,1997,11,22,0.016388033
1997-11-23,1997,11,23,0
1997-11-24,1997,11,24,0
1997-11-25,1997,11,25,19.878635
1997-11-26,1997,11,26,20.599624
1997-11-27,1997,11,27,9.2320766
1997-11-28,1997,11,28,0
1997-11-29,1997,11,29,0
1997-11-30,1997,11,30,0
1997-12-01,1997,12,1,27.523774
1997-12-02,1997,12,2,7.2692455
1997-12-03,1997,12,3,0.028839892
1997-12-04,1997,12,4,0
1997-12-05,1997,12,5,0
1997-12-06,1997,12,6,0
1997-12-07,1997,12,7,0
1997-12-08,1997,12,8,0
1997-12-09,1997,12,9,0
1997-12-10,1997,12,10,0
1997-12-11,1997,12,11,3.0391112
1997-12-12,1997,12,12,11.314489
1997-12-13,1997,12,13,0
1997-12-14,1997,12,14,0
1997-12-15,1997,12,15,0
1997-12-16,1997,12,16,0
1997-12-17,1997,12,17,0
1997-12-18,1997,12,18,0
1997-12-19,1997,12,19,0
1997-12-20,1997,12,20,0
1997-12-21,1997,12,21,0
1997-12-22,1997,12,22,0
1997-12-23,1997,12,23,0
1997-12-24,1997,12,24,0
1997-12-25,1997,12,25,40.676479
1997-12-26,1997,12,26,12.788337
1997-12-27,1997,12,27,13.398852
1997-12-28,1997,12,28,7.0863326
1997-12-29,1997,12,29,0.009556374
1997-12-30,1997,12,30,0
1997-12-31,1997,12,31,0.14001084
1998-01-01,1998,1,1,0
1998-01-02,1998,1,2,0
1998-01-03,1998,1,3,0
1998-01-04,1998,1,4,0
1998-01-05,1998,1,5,0
1998-01-06,1998,1,6,0
1998-01-07,1998,1,7,0
1998-01-08,1998,1,8,0
1998-01-09,1998,1,9,0
1998-01-10,1998,1,10,0
1998-01-11,1998,1,11,0
1998-01-12,1998,1,12,0
1998-01-13,1998,1,13,0.074064511
1998-01-14,1998,1,14,0
1998-01-15,1998,1,15,0
1998-01-16,1998,1,16,5.9783612
1998-01-17,1998,1,17,0
1998-01-18,1998,1,18,0
1998-01-19,1998,1,19,1.5822907
1998-01-20,1998,1,20,5.7872078
1998-01-21,1998,1,21,0.020043524
1998-01-22,1998,1,22,0
1998-01-23,1998,1,23,0
1998-01-24,1998,1,24,0
1998-01-25,1998,1,25,0
1998-01-26,1998,1,26,17.066181
1998-01-27,1998,1,27,3.047455
1998-01-28,1998,1,28,0
1998-01-29,1998,1,29,0
1998-01-30,1998,1,30,0
1998-01-31,1998,1,31,0
1998-02-01,1998,2,1,0
1998-02-02,1998,2,2,1.6488129
1998-02-03,1998,2,3,0
1998-02-04,1998,2,4,0
1998-02-05,1998,2,5,0
1998-02-06,1998,2,6,0
1998-02-07,1998,2,7,0
1998-02-08,1998,2,8,0
1998-02-09,1998,2,9,0
1998-02-10,1998,2,10,0
1998-02-11,1998,2,11,0
1998-02-12,1998,2,12,0.56654484
1998-02-13,1998,2,13,2.4014356
1998-02-14,1998,2,14,0
1998-02-15,1998,2,15,0.0027233664
1998-02-16,1998,2,16,0
1998-02-17,1998,2,17,0
1998-02-18,1998,2,18,0
1998-02-19,1998,2,19,0
1998-02-20,1998,2,20,0
1998-02-21,1998,2,21,0
1998-02-22,1998,2,22,14.158329
1998-02-23,1998,2,23,7.2841189
1998-02-24,1998,2,24,0
1998-02-25,1998,2,25,0
1998-02-26,1998,2,26,0
1998-02-27,1998,2,27,0
1998-02-28,1998,2,28,0
1998-03-01,1998,3,1,0
1998-03-02,1998,3,2,0
1998-03-03,1998,3,3,13.155586
1998-03-04,1998,3,4,16.441722
1998-03-05,1998,3,5,0
1998-03-06,1998,3,6,0.73852379
1998-03-07,1998,3,7,0
1998-03-08,1998,3,8,0
1998-03-09,1998,3,9,0
1998-03-10,1998,3,10,0
1998-03-11,1998,3,11,0
1998-03-12,1998,3,12,0
1998-03-13,1998,3,13,0
1998-03-14,1998,3,14,0.047190767
1998-03-15,1998,3,15,0
1998-03-16,1998,3,16,0
1998-03-17,1998,3,17,5.4807419
1998-03-18,1998,3,18,5.7177381
1998-03-19,1998,3,19,0
1998-03-20,1998,3,20,0
1998-03-21,1998,3,21,0
1998-03-22,1998,3,22,0
1998-03-23,1998,3,23,0
1998-03-24,1998,3,24,0
1998-03-25,1998,3,25,0
1998-03-26,1998,3,26,6.6984781
1998-03-27,1998,3,27,0
1998-03-28,1998,3,28,0
1998-03-29,1998,3,29,0
1998-03-30,1998,3,30,0
1998-03-31,1998,3,31,0
1998-04-01,1998,4,1,0
1998-04-02,1998,4,2,0
1998-04-03,1998,4,3,0
1998-04-04,1998,4,4,0
1998-04-05,1998,4,5,0
1998-04-06,1998,4,6,0
1998-04-07,1998,4,7,0
1998-04-08,1998,4,8,11.802812
1998-04-09,1998,4,9,29.601258
1998-04-10,1998,4,10,35.138249
1998-04-11,1998,4,11,8.5565728
1998-04-12,1998,4,12,0
1998-04-13,1998,4,13,0.11058797
1998-04-14,1998,4,14,17.277578
1998-04-15,1998,4,15,0
1998-04-16,1998,4,16,0
1998-04-17,1998,4,17,0
1998-04-18,1998,4,18,0
1998-04-19,1998,4,19,0
1998-04-20,1998,4,20,0
1998-04-21,1998,4,21,0.077292304
1998-04-22,1998,4,22,0
1998-04-23,1998,4,23,0
1998-04-24,1998,4,24,0
1998-04-25,1998,4,25,0
1998-04-26,1998,4,26,0.17940417
1998-04-27,1998,4,27,0
1998-04-28,1998,4,28,0
1998-04-29,1998,4,29,0
1998-04-30,1998,4,30,0
1998-05-01,1998,5,1,0
1998-05-02,1998,5,2,0
1998-05-03,1998,5,3,0
1998-05-04,1998,5,4,0
1998-05-05,1998,5,5,5.4254874
1998-05-06,1998,5,6,17.074058
1998-05-07,1998,5,7,30.83325
1998-05-08,1998,5,8,0
1998-05-09,1998,5,9,25.287572
1998-05-10,1998,5,10,16.292373
1998-05-11,1998,5,11,10.376705
1998-05-12,1998,5,12,0
1998-05-13,1998,5,13,0
1998-05-14,1998,5,14,0
1998-05-15,1998,5,15,0
1998-05-16,1998,5,16,0
1998-05-17,1998,5,17,0
1998-05-18,1998,5,18,0
1998-05-19,1998,5,19,0
1998-05-20,1998,5,20,5.9822974
1998-05-21,1998,5,21,7.3619909
1998-05-22,1998,5,22,5.8970532
1998-05-23,1998,5,23,0.14425561
1998-05-24,1998,5,24,3.0604678
1998-05-25,1998,5,25,5.1147805
1998-05-26,1998,5,26,11.0894
1998-05-27,1998,5,27,16.491401
1998-05-28,1998,5,28,6.3762703
1998-05-29,1998,5,29,2.8835091
1998-05-30,1998,5,30,0
1998-05-31,1998,5,31,0
1998-06-01,1998,6,1,0
1998-06-02,1998,6,2,0
1998-06-03,1998,6,3,0
1998-06-04,1998,6,4,9.8094774
1998-06-05,1998,6,5,25.227965
1998-06-06,1998,6,6,13.930426
1998-06-07,1998,6,7,4.066863
1998-06-08,1998,6,8,0
1998-06-09,1998,6,9,0
1998-06-10,1998,6,10,2.1085242
1998-06-11,1998,6,11,0
1998-06-12,1998,6,12,0
1998-06-13,1998,6,13,0
1998-06-14,1998,6,14,0
1998-06-15,1998,6,15,7.691948
1998-06-16,1998,6,16,42.932294
1998-06-17,1998,6,17,9.5184717
1998-06-18,1998,6,18,25.822748
1998-06-19,1998,6,19,7.172342
1998-06-20,1998,6,20,0
1998-06-21,1998,6,21,0
1998-06-22,1998,6,22,1.2476756
1998-06-23,1998,6,23,0
1998-06-24,1998,6,24,0
1998-06-25,1998,6,25,0
1998-06-26,1998,6,26,0
1998-06-27,1998,6,27,0
1998-06-28,1998,6,28,14.644626
1998-06-29,1998,6,29,5.7986989
1998-06-30,1998,6,30,0
1998-07-01,1998,7,1,21.729163
1998-07-02,1998,7,2,43.15019
1998-07-03,1998,7,3,18.221958
1998-07-04,1998,7,4,26.996442
1998-07-05,1998,7,5,14.726795
1998-07-06,1998,7,6,23.73844
1998-07-07,1998,7,7,4.2562417
1998-07-08,1998,7,8,0
1998-07-09,1998,7,9,0
1998-07-10,1998,7,10,0
1998-07-11,1998,7,11,0
1998-07-12,1998,7,12,0
1998-07-13,1998,7,13,6.3876961
1998-07-14,1998,7,14,9.7255809
1998-07-15,1998,7,15,0
1998-07-16,1998,7,16,0
1998-07-17,1998,7,17,0.30472857
1998-07-18,1998,7,18,0
1998-07-19,1998,7,19,0
1998-07-20,1998,7,20,0
1998-07-21,1998,7,21,0
1998-07-22,1998,7,22,0
1998-07-23,1998,7,23,0
1998-07-24,1998,7,24,0
1998-07-25,1998,7,25,0
1998-07-26,1998,7,26,26.203771
1998-07-27,1998,7,27,5.1109303
1998-07-28,1998,7,28,0
1998-07-29,1998,7,29,0
1998-07-30,1998,7,30,0
1998-07-31,1998,7,31,0
1998-08-01,1998,8,1,0
1998-08-02,1998,8,2,0
1998-08-03,1998,8,3,0
1998-08-04,1998,8,4,0
1998-08-05,1998,8,5,12.104853
1998-08-06,1998,8,6,7.0943737
1998-08-07,1998,8,7,40.382491
1998-08-08,1998,8,8,4.1341637
1998-08-09,1998,8,9,2.6542612
1998-08-10,1998,8,10,0
1998-08-11,1998,8,11,14.039
1998-08-12,1998,8,12,8.6710549
1998-08-13,1998,8,13,24.122851
1998-08-14,1998,8,14,56.23349
1998-08-15,1998,8,15,31.187221
1998-08-16,1998,8,16,19.813794
1998-08-17,1998,8,17,0
1998-08-18,1998,8,18,24.194776
1998-08-19,1998,8,19,0
1998-08-20,1998,8,20,0
1998-08-21,1998,8,21,0
1998-08-22,1998,8,22,0
1998-08-23,1998,8,23,0
1998-08-24,1998,8,24,0
1998-08-25,1998,8,25,0
1998-08-26,1998,8,26,0
1998-08-27,1998,8,27,0
1998-08-28,1998,8,28,0
1998-08-29,1998,8,29,0
1998-08-30,1998,8,30,0
1998-08-31,1998,8,31,0
1998-09-01,1998,9,1,0
1998-09-02,1998,9,2,0
1998-09-03,1998,9,3,0
1998-09-04,1998,9,4,0
1998-09-05,1998,9,5,0
1998-09-06,1998,9,6,6.1008877
1998-09-07,1998,9,7,13.344311
1998-09-08,1998,9,8,0
1998-09-09,1998,9,9,21.021041
1998-09-10,1998,9,10,37.436321
1998-09-11,1998,9,11,9.5324965
1998-09-12,1998,9,12,0.8677062
1998-09-13,1998,9,13,0
1998-09-14,1998,9,14,0
1998-09-15,1998,9,15,0
1998-09-16,1998,9,16,0
1998-09-17,1998,9,17,0
1998-09-18,1998,9,18,0
1998-09-19,1998,9,19,0
1998-09-20,1998,9,20,0
1998-09-21,1998,9,21,12.785603
1998-09-22,1998,9,22,3.3561353
1998-09-23,1998,9,23,0
1998-09-24,1998,9,24,0
1998-09-25,1998,9,25,0
1998-09-26,1998,9,26,1.338522
1998-09-27,1998,9,27,8.0173083
1998-09-28,1998,9,28,0
1998-09-29,1998,9,29,0
1998-09-30,1998,9,30,0
1998-10-01,1998,10,1,0
1998-10-02,1998,10,2,0
1998-10-03,1998,10,3,9.124969
1998-10-04,1998,10,4,0
1998-10-05,1998,10,5,0
1998-10-06,1998,10,6,0
1998-10-07,1998,10,7,0
1998-10-08,1998,10,8,0
1998-10-09,1998,10,9,0
1998-10-10,1998,10,10,5.5940245
1998-10-11,1998,10,11,0
1998-10-12,1998,10,12,0
1998-10-13,1998,10,13,0
1998-10-14,1998,10,14,0
1998-10-15,1998,10,15,0
1998-10-16,1998,10,16,0
1998-10-17,1998,10,17,0
1998-10-18,1998,10,18,0
1998-10-19,1998,10,19,0
1998-10-20,1998,10,20,0
1998-10-21,1998,10,21,0
1998-10-22,1998,10,22,1.1059016
1998-10-23,1998,10,23,0
1998-10-24,1998,10,24,0
1998-10-25,1998,10,25,0
1998-10-26,1998,10,26,4.405048
1998-10-27,1998,10,27,0
1998-10-28,1998,10,28,0
1998-10-29,1998,10,29,0
1998-10-30,1998,10,30,0
1998-10-31,1998,10,31,0
1998-11-01,1998,11,1,0
1998-11-02,1998,11,2,0
1998-11-03,1998,11,3,0.17192207
1998-11-04,1998,11,4,0
1998-11-05,1998,11,5,0
1998-11-06,1998,11,6,0
1998-11-07,1998,11,7,12.788754
1998-11-08,1998,11,8,0
1998-11-09,1998,11,9,0
1998-11-10,1998,11,10,0
1998-11-11,1998,11,11,0
1998-11-12,1998,11,12,0
1998-11-13,1998,11,13,0.019493768
1998-11-14,1998,11,14,0
1998-11-15,1998,11,15,0.51260117
1998-11-16,1998,11,16,0
1998-11-17,1998,11,17,0
1998-11-18,1998,11,18,0
1998-11-19,1998,11,19,0
1998-11-20,1998,11,20,0
1998-11-21,1998,11,21,0
1998-11-22,1998,11,22,0
1998-11-23,1998,11,23,0
1998-11-24,1998,11,24,0
1998-11-25,1998,11,25,0
1998-11-26,1998,11,26,42.088869
1998-11-27,1998,11,27,0.0084839854
1998-11-28,1998,11,28,0
1998-11-29,1998,11,29,0
1998-11-30,1998,11,30,0
1998-12-01,1998,12,1,0
1998-12-02,1998,12,2,0
1998-12-03,1998,12,3,0
1998-12-04,1998,12,4,0
1998-12-05,1998,12,5,0
1998-12-06,1998,12,6,0
1998-12-07,1998,12,7,1.9252177e-05
1998-12-08,1998,12,8,2.054134
1998-12-09,1998,12,9,0
1998-12-10,1998,12,10,0
1998-12-11,1998,12,11,0
1998-12-12,1998,12,12,0
1998-12-13,1998,12,13,0
1998-12-14,1998,12,14,0
1998-12-15,1998,12,15,8.5795092
1998-12-16,1998,12,16,0
1998-12-17,1998,12,17,0
1998-12-18,1998,12,18,0
1998-12-19,1998,12,19,0
1998-12-20,1998,12,20,0
1998-12-21,1998,12,21,0
1998-12-22,1998,12,22,0
1998-12-23,1998,12,23,0
1998-12-24,1998,12,24,0
1998-12-25,1998,12,25,0
1998-12-26,1998,12,26,4.2952633
1998-12-27,1998,12,27,70.509113
1998-12-28,1998,12,28,0.1060618
1998-12-29,1998,12,29,0
1998-12-30,1998,12,30,0
1998-12-31,1998,12,31,0
1999-01-01,1999,1,1,0.001344296
1999-01-02,1999,1,2,0
1999-01-03,1999,1,3,2.0761119
1999-01-04,1999,1,4,0
1999-01-05,1999,1,5,0
1999-01-06,1999,1,6,0
1999-01-07,1999,1,7,22.701824
1999-01-08,1999,1,8,0
1999-01-09,1999,1,9,0
1999-01-10,1999,1,10,0
1999-01-11,1999,1,11,0
1999-01-12,1999,1,12,0
1999-01-13,1999,1,13,0
1999-01-14,1999,1,14,0
1999-01-15,1999,1,15,0
1999-01-16,1999,1,16,0
1999-01-17,1999,1,17,0
1999-01-18,1999,1,18,0
1999-01-19,1999,1,19,0
1999-01-20,1999,1,20,0
1999-01-21,1999,1,21,0
1999-01-22,1999,1,22,0
1999-01-23,1999,1,23,0
1999-01-24,1999,1,24,0
1999-01-25,1999,1,25,0
1999-01-26,1999,1,26,0
1999-01-27,1999,1,27,0
1999-01-28,1999,1,28,0
1999-01-29,1999,1,29,3.363455
1999-01-30,1999,1,30,0
1999-01-31,1999,1,31,8.9832141
1999-02-01,1999,2,1,13.67236
1999-02-02,1999,2,2,6.8338106
1999-02-03,1999,2,3,0
1999-02-04,1999,2,4,0
1999-02-05,1999,2,5,0
1999-02-06,1999,2,6,0
1999-02-07,1999,2,7,0
1999-02-08,1999,2,8,0
1999-02-09,1999,2,9,0
1999-02-10,1999,2,10,0
1999-02-11,1999,2,11,0
1999-02-12,1999,2,12,0
1999-02-13,1999,2,13,0
1999-02-14,1999,2,14,0
1999-02-15,1999,2,15,0
1999-02-16,1999,2,16,0
1999-02-17,1999,2,17,0
1999-02-18,1999,2,18,0
1999-02-19,1999,2,19,0
1999-02-20,1999,2,20,0
1999-02-21,1999,2,21,0.14589483
1999-02-22,1999,2,22,0
1999-02-23,1999,2,23,1.6884154
1999-02-24,1999,2,24,0
1999-02-25,1999,2,25,3.5094598
1999-02-26,1999,2,26,0
1999-02-27,1999,2,27,0
1999-02-28,1999,2,28,28.882606
1999-03-01,1999,3,1,11.364803
1999-03-02,1999,3,2,0
1999-03-03,1999,3,3,0
1999-03-04,1999,3,4,0
1999-03-05,1999,3,5,4.7491377
1999-03-06,1999,3,6,15.205311
1999-03-07,1999,3,7,2.4579518
1999-03-08,1999,3,8,0
1999-03-09,1999,3,9,0
1999-03-10,1999,3,10,0
1999-03-11,1999,3,11,0
1999-03-12,1999,3,12,0
1999-03-13,1999,3,13,2.7573916
1999-03-14,1999,3,14,9.2243283
1999-03-15,1999,3,15,6.2684996
1999-03-16,1999,3,16,0
1999-03-17,1999,3,17,0
1999-03-18,1999,3,18,0
1999-03-19,1999,3,19,0
1999-03-20,1999,3,20,0
1999-03-21,1999,3,21,0
1999-03-22,1999,3,22,0
1999-03-23,1999,3,23,5.8741204
1999-03-24,1999,3,24,0
1999-03-25,1999,3,25,0
1999-03-26,1999,3,26,0
1999-03-27,1999,3,27,0.023737461
1999-03-28,1999,3,28,4.2836899
1999-03-29,1999,3,29,0
1999-03-30,1999,3,30,0
1999-03-31,1999,3,31,0
1999-04-01,1999,4,1,0
1999-04-02,1999,4,2,0
1999-04-03,1999,4,3,0
1999-04-04,1999,4,4,0.029258403
1999-04-05,1999,4,5,0
1999-04-06,1999,4,6,0
1999-04-07,1999,4,7,0
1999-04-08,1999,4,8,0
1999-04-09,1999,4,9,0
1999-04-10,1999,4,10,0
1999-04-11,1999,4,11,0
1999-04-12,1999,4,12,0
1999-04-13,1999,4,13,24.843926
1999-04-14,1999,4,14,7.0621233
1999-04-15,1999,4,15,0
1999-04-16,1999,4,16,0
1999-04-17,1999,4,17,0
1999-04-18,1999,4,18,0
1999-04-19,1999,4,19,0
1999-04-20,1999,4,20,8.8890735
1999-04-21,1999,4,21,0.024331758
1999-04-22,1999,4,22,0
1999-04-23,1999,4,23,0
1999-04-24,1999,4,24,0
1999-04-25,1999,4,25,2.0230629
1999-04-26,1999,4,26,3.7253215
1999-04-27,1999,4,27,0
1999-04-28,1999,4,28,0
1999-04-29,1999,4,29,13.617691
1999-04-30,1999,4,30,18.751347
1999-05-01,1999,5,1,12.132974
1999-05-02,1999,5,2,28.107037
1999-05-03,1999,5,3,0
1999-05-04,1999,5,4,3.9745703
1999-05-05,1999,5,5,46.664224
1999-05-06,1999,5,6,13.232529
1999-05-07,1999,5,7,0
1999-05-08,1999,5,8,0
1999-05-09,1999,5,9,7.3011428
1999-05-10,1999,5,10,0
1999-05-11,1999,5,11,0
1999-05-12,1999,5,12,0
1999-05-13,1999,5,13,15.162945
1999-05-14,1999,5,14,9.7020271
1999-05-15,1999,5,15,13.551678
1999-05-16,1999,5,16,4.4811188
1999-05-17,1999,5,17,0
1999-05-18,1999,5,18,0
1999-05-19,1999,5,19,8.1232299
1999-05-20,1999,5,20,0
1999-05-21,1999,5,21,0
1999-05-22,1999,5,22,0
1999-05-23,1999,5,23,0
1999-05-24,1999,5,24,0
1999-05-25,1999,5,25,24.500438
1999-05-26,1999,5,26,32.503664
1999-05-27,1999,5,27,24.412973
1999-05-28,1999,5,28,7.218007
1999-05-29,1999,5,29,0
1999-05-30,1999,5,30,0
1999-05-31,1999,5,31,0.017138756
1999-06-01,1999,6,1,0
1999-06-02,1999,6,2,0
1999-06-03,1999,6,3,0
1999-06-04,1999,6,4,0
1999-06-05,1999,6,5,0
1999-06-06,1999,6,6,0
1999-06-07,1999,6,7,0
1999-06-08,1999,6,8,0
1999-06-09,1999,6,9,0
1999-06-10,1999,6,10,45.664946
1999-06-11,1999,6,11,3.7292025
1999-06-12,1999,6,12,13.121206
1999-06-13,1999,6,13,73.647248
1999-06-14,1999,6,14,18.025813
1999-06-15,1999,6,15,0
1999-06-16,1999,6,16,16.128242
1999-06-17,1999,6,17,22.860887
1999-06-18,1999,6,18,3.34903
1999-06-19,1999,6,19,42.906686
1999-06-20,1999,6,20,67.940674
1999-06-21,1999,6,21,36.214233
1999-06-22,1999,6,22,14.284521
1999-06-23,1999,6,23,27.84581
1999-06-24,1999,6,24,32.673516
1999-06-25,1999,6,25,53.146105
1999-06-26,1999,6,26,17.61348
1999-06-27,1999,6,27,12.562886
1999-06-28,1999,6,28,13.465832
1999-06-29,1999,6,29,6.9483217
1999-06-30,1999,6,30,29.587918
1999-07-01,1999,7,1,12.745198
1999-07-02,1999,7,2,0
1999-07-03,1999,7,3,0
1999-07-04,1999,7,4,0
1999-07-05,1999,7,5,0
1999-07-06,1999,7,6,0
1999-07-07,1999,7,7,0
1999-07-08,1999,7,8,0
1999-07-09,1999,7,9,21.926654
1999-07-10,1999,7,10,11.590686
1999-07-11,1999,7,11,10.189602
1999-07-12,1999,7,12,0
1999-07-13,1999,7,13,0
1999-07-14,1999,7,14,0
1999-07-15,1999,7,15,0
1999-07-16,1999,7,16,0
1999-07-17,1999,7,17,0
1999-07-18,1999,7,18,0
1999-07-19,1999,7,19,3.8400295
1999-07-20,1999,7,20,16.82945
1999-07-21,1999,7,21,0
1999-07-22,1999,7,22,8.6280726
1999-07-23,1999,7,23,3.232496
1999-07-24,1999,7,24,0
1999-07-25,1999,7,25,12.66237
1999-07-26,1999,7,26,0
1999-07-27,1999,7,27,0
1999-07-28,1999,7,28,48.8105
1999-07-29,1999,7,29,12.929732
1999-07-30,1999,7,30,0
1999-07-31,1999,7,31,0
1999-08-01,1999,8,1,0
1999-08-02,1999,8,2,0
1999-08-03,1999,8,3,9.9826642
1999-08-04,1999,8,4,45.436192
1999-08-05,1999,8,5,19.21582
1999-08-06,1999,8,6,0
1999-08-07,1999,8,7,22.322949
1999-08-08,1999,8,8,6.1184185
1999-08-09,1999,8,9,30.249642
1999-08-10,1999,8,10,16.90707
1999-08-11,1999,8,11,4.9524849
1999-08-12,1999,8,12,0
1999-08-13,1999,8,13,0.037876375
1999-08-14,1999,8,14,0
1999-08-15,1999,8,15,0
1999-08-16,1999,8,16,6.5865644
1999-08-17,1999,8,17,23.678525
1999-08-18,1999,8,18,73.776758
1999-08-19,1999,8,19,33.915267
1999-08-20,1999,8,20,19.056721
1999-08-21,1999,8,21,0
1999-08-22,1999,8,22,0
1999-08-23,1999,8,23,0
1999-08-24,1999,8,24,3.0626617
1999-08-25,1999,8,25,0
1999-08-26,1999,8,26,0
1999-08-27,1999,8,27,22.691495
1999-08-28,1999,8,28,6.668997
1999-08-29,1999,8,29,31.198349
1999-08-30,1999,8,30,21.938751
1999-08-31,1999,8,31,27.894112
1999-09-01,1999,9,1,33.443224
1999-09-02,1999,9,2,10.033452
1999-09-03,1999,9,3,0.71487952
1999-09-04,1999,9,4,29.179322
1999-09-05,1999,9,5,56.450546
1999-09-06,1999,9,6,39.356227
1999-09-07,1999,9,7,30.470342
1999-09-08,1999,9,8,18.268064
1999-09-09,1999,9,9,11.05824
1999-09-10,1999,9,10,16.819307
1999-09-11,1999,9,11,30.365468
1999-09-12,1999,9,12,42.350569
1999-09-13,1999,9,13,30.327335
1999-09-14,1999,9,14,17.92217
1999-09-15,1999,9,15,9.9238266
1999-09-16,1999,9,16,0
1999-09-17,1999,9,17,0.53225047
1999-09-18,1999,9,18,0
1999-09-19,1999,9,19,0
1999-09-20,1999,9,20,0
1999-09-21,1999,9,21,0
1999-09-22,1999,9,22,0
1999-09-23,1999,9,23,0
1999-09-24,1999,9,24,0
1999-09-25,1999,9,25,0
1999-09-26,1999,9,26,0.3612434
1999-09-27,1999,9,27,4.0910264
1999-09-28,1999,9,28,0
1999-09-29,1999,9,29,0
1999-09-30,1999,9,30,0
1999-10-01,1999,10,1,0
1999-10-02,1999,10,2,0
1999-10-03,1999,10,3,0
1999-10-04,1999,10,4,0
1999-10-05,1999,10,5,2.577451
1999-10-06,1999,10,6,0
1999-10-07,1999,10,7,0
1999-10-08,1999,10,8,0
1999-10-09,1999,10,9,4.9004889
1999-10-10,1999,10,10,0
1999-10-11,1999,10,11,12.989944
1999-10-12,1999,10,12,3.8389576
1999-10-13,1999,10,13,0
1999-10-14,1999,10,14,0
1999-10-15,1999,10,15,0
1999-10-16,1999,10,16,0
1999-10-17,1999,10,17,0
1999-10-18,1999,10,18,0
1999-10-19,1999,10,19,0
1999-10-20,1999,10,20,0
1999-10-21,1999,10,21,0
1999-10-22,1999,10,22,0
1999-10-23,1999,10,23,0
1999-10-24,1999,10,24,0
1999-10-25,1999,10,25,6.1718767
1999-10-26,1999,10,26,16.653598
1999-10-27,1999,10,27,0
1999-10-28,1999,10,28,0
1999-10-29,1999,10,29,0
1999-10-30,1999,10,30,0
1999-10-31,1999,10,31,19.976973
1999-11-01,1999,11,1,7.2600182
1999-11-02,1999,11,2,0
1999-11-03,1999,11,3,0
1999-11-04,1999,11,4,11.71715
1999-11-05,1999,11,5,15.13344
1999-11-06,1999,11,6,8.7767814
1999-11-07,1999,11,7,0
1999-11-08,1999,11,8,0
1999-11-09,1999,11,9,0
1999-11-10,1999,11,10,0
1999-11-11,1999,11,11,0
1999-11-12,1999,11,12,0
1999-11-13,1999,11,13,0
1999-11-14,1999,11,14,0.39292655
1999-11-15,1999,11,15,8.2302439
1999-11-16,1999,11,16,0
1999-11-17,1999,11,17,7.1885828
1999-11-18,1999,11,18,0
1999-11-19,1999,11,19,0
1999-11-20,1999,11,20,0
1999-11-21,1999,11,21,0
1999-11-22,1999,11,22,0
1999-11-23,1999,11,23,0
1999-11-24,1999,11,24,0
1999-11-25,1999,11,25,0
1999-11-26,1999,11,26,0
1999-11-27,1999,11,27,0
1999-11-28,1999,11,28,0
1999-11-29,1999,11,29,10.482975
1999-11-30,1999,11,30,3.5125961
1999-12-01,1999,12,1,0
1999-12-02,1999,12,2,0
1999-12-03,1999,12,3,8.756154
1999-12-04,1999,12,4,4.937484
1999-12-05,1999,12,5,0
1999-12-06,1999,12,6,0
1999-12-07,1999,12,7,0
1999-12-08,1999,12,8,0
1999-12-09,1999,12,9,0
1999-12-10,1999,12,10,0
1999-12-11,1999,12,11,0
1999-12-12,1999,12,12,0
1999-12-13,1999,12,13,0
1999-12-14,1999,12,14,0
1999-12-15,1999,12,15,0.020382189
1999-12-16,1999,12,16,6.7330012
1999-12-17,1999,12,17,17.833951
1999-12-18,1999,12,18,3.88125
1999-12-19,1999,12,19,0
1999-12-20,1999,12,20,0
1999-12-21,1999,12,21,0
1999-12-22,1999,12,22,0
1999-12-23,1999,12,23,0
1999-12-24,1999,12,24,0
1999-12-25,1999,12,25,0
1999-12-26,1999,12,26,0
1999-12-27,1999,12,27,0
1999-12-28,1999,12,28,9.3091508
1999-12-29,1999,12,29,0
1999-12-30,1999,12,30,0
1999-12-31,1999,12,31,0
2000-01-01,2000,1,1,0
2000-01-02,2000,1,2,1.1504833
2000-01-03,2000,1,3,0.81988336
2000-01-04,2000,1,4,1.1520653
2000-01-05,2000,1,5,0
2000-01-06,2000,1,6,1.408429
2000-01-07,2000,1,7,0.64900908
2000-01-08,2000,1,8,0
2000-01-09,2000,1,9,0
2000-01-10,2000,1,10,0
2000-01-11,2000,1,11,0
2000-01-12,2000,1,12,4.2404889
2000-01-13,2000,1,13,0
2000-01-14,2000,1,14,0
2000-01-15,2000,1,15,8.6546874
2000-01-16,2000,1,16,0
2000-01-17,2000,1,17,0
2000-01-18,2000,1,18,0
2000-01-19,2000,1,19,0
2000-01-20,2000,1,20,2.830676
2000-01-21,2000,1,21,0
2000-01-22,2000,1,22,0
2000-01-23,2000,1,23,0
2000-01-24,2000,1,24,0
2000-01-25,2000,1,25,0
2000-01-26,2000,1,26,0
2000-01-27,2000,1,27,0
2000-01-28,2000,1,28,31.912654
2000-01-29,2000,1,29,4.2285216
2000-01-30,2000,1,30,0
2000-01-31,2000,1,31,0
2000-02-01,2000,2,1,24.301642
2000-02-02,2000,2,2,1.1359727
2000-02-03,2000,2,3,0
2000-02-04,2000,2,4,23.591578
2000-02-05,2000,2,5,0.4969111
2000-02-06,2000,2,6,0
2000-02-07,2000,2,7,0
2000-02-08,2000,2,8,20.630766
2000-02-09,2000,2,9,26.275191
2000-02-10,2000,2,10,94.8305
2000-02-11,2000,2,11,24.734509
2000-02-12,2000,2,12,0.13720564
2000-02-13,2000,2,13,0
2000-02-14,2000,2,14,0
2000-02-15,2000,2,15,0
2000-02-16,2000,2,16,0
2000-02-17,2000,2,17,0.052052933
2000-02-18,2000,2,18,0
2000-02-19,2000,2,19,0
2000-02-20,2000,2,20,0
2000-02-21,2000,2,21,0
2000-02-22,2000,2,22,0
2000-02-23,2000,2,23,0
2000-02-24,2000,2,24,0
2000-02-25,2000,2,25,0.00049251279
2000-02-26,2000,2,26,31.104244
2000-02-27,2000,2,27,12.192575
2000-02-28,2000,2,28,0
2000-02-29,2000,2,29,0
2000-03-01,2000,3,1,0
2000-03-02,2000,3,2,0
2000-03-03,2000,3,3,0
2000-03-04,2000,3,4,0
2000-03-05,2000,3,5,0
2000-03-06,2000,3,6,0
2000-03-07,2000,3,7,0.15856844
2000-03-08,2000,3,8,8.3274474
2000-03-09,2000,3,9,5.199052
2000-03-10,2000,3,10,0
2000-03-11,2000,3,11,2.032819
2000-03-12,2000,3,12,27.672553
2000-03-13,2000,3,13,3.2233919
2000-03-14,2000,3,14,11.376748
2000-03-15,2000,3,15,10.673258
2000-03-16,2000,3,16,0
2000-03-17,2000,3,17,0
2000-03-18,2000,3,18,0
2000-03-19,2000,3,19,0.16817187
2000-03-20,2000,3,20,5.8095204
2000-03-21,2000,3,21,0
2000-03-22,2000,3,22,14.654126
2000-03-23,2000,3,23,9.4765244
2000-03-24,2000,3,24,0
2000-03-25,2000,3,25,7.1345903
2000-03-26,2000,3,26,10.102715
2000-03-27,2000,3,27,0
2000-03-28,2000,3,28,0
2000-03-29,2000,3,29,0
2000-03-30,2000,3,30,0
2000-03-31,2000,3,31,0
2000-04-01,2000,4,1,0
2000-04-02,2000,4,2,0
2000-04-03,2000,4,3,0
2000-04-04,2000,4,4,0.056941591
2000-04-05,2000,4,5,0
2000-04-06,2000,4,6,0
2000-04-07,2000,4,7,8.1079325
2000-04-08,2000,4,8,24.005733
2000-04-09,2000,4,9,0
2000-04-10,2000,4,10,0
2000-04-11,2000,4,11,0
2000-04-12,2000,4,12,0
2000-04-13,2000,4,13,7.6489565
2000-04-14,2000,4,14,15.599747
2000-04-15,2000,4,15,0.10276175
2000-04-16,2000,4,16,0
2000-04-17,2000,4,17,0
2000-04-18,2000,4,18,0
2000-04-19,2000,4,19,0
2000-04-20,2000,4,20,0
2000-04-21,2000,4,21,0
2000-04-22,2000,4,22,0
2000-04-23,2000,4,23,0
2000-04-24,2000,4,24,29.337944
2000-04-25,2000,4,25,3.3174396
2000-04-26,2000,4,26,0
2000-04-27,2000,4,27,0
2000-04-28,2000,4,28,8.3912371
2000-04-29,2000,4,29,26.136789
2000-04-30,2000,4,30,35.433618
2000-05-01,2000,5,1,20.315352
2000-05-02,2000,5,2,10.800529
2000-05-03,2000,5,3,0
2000-05-04,2000,5,4,0
2000-05-05,2000,5,5,0
2000-05-06,2000,5,6,0
2000-05-07,2000,5,7,0
2000-05-08,2000,5,8,0
2000-05-09,2000,5,9,0
2000-05-10,2000,5,10,0
2000-05-11,2000,5,11,0
2000-05-12,2000,5,12,0
2000-05-13,2000,5,13,0
2000-05-14,2000,5,14,5.8534159
2000-05-15,2000,5,15,6.6651257
2000-05-16,2000,5,16,0
2000-05-17,2000,5,17,0
2000-05-18,2000,5,18,0
2000-05-19,2000,5,19,17.450399
2000-05-20,2000,5,20,24.714973
2000-05-21,2000,5,21,6.7677935
2000-05-22,2000,5,22,0
2000-05-23,2000,5,23,0
2000-05-24,2000,5,24,24.890245
2000-05-25,2000,5,25,13.243574
2000-05-26,2000,5,26,3.7037065
2000-05-27,2000,5,27,0
2000-05-28,2000,5,28,22.091666
2000-05-29,2000,5,29,2.0554324
2000-05-30,2000,5,30,0
2000-05-31,2000,5,31,0
2000-06-01,2000,6,1,15.784086
2000-06-02,2000,6,2,86.258042
2000-06-03,2000,6,3,72.202928
2000-06-04,2000,6,4,28.217575
2000-06-05,2000,6,5,0
2000-06-06,2000,6,6,0
2000-06-07,2000,6,7,3.993556
2000-06-08,2000,6,8,10.727837
2000-06-09,2000,6,9,19.295371
2000-06-10,2000,6,10,3.4827909
2000-06-11,2000,6,11,75.649502
2000-06-12,2000,6,12,56.901023
2000-06-13,2000,6,13,53.073764
2000-06-14,2000,6,14,11.331911
2000-06-15,2000,6,15,0
2000-06-16,2000,6,16,0
2000-06-17,2000,6,17,0
2000-06-18,2000,6,18,0
2000-06-19,2000,6,19,10.071701
2000-06-20,2000,6,20,40.083543
2000-06-21,2000,6,21,39.481687
2000-06-22,2000,6,22,10.290294
2000-06-23,2000,6,23,49.461288
2000-06-24,2000,6,24,32.260416
2000-06-25,2000,6,25,28.457742
2000-06-26,2000,6,26,53.032001
2000-06-27,2000,6,27,35.192214
2000-06-28,2000,6,28,20.740565
2000-06-29,2000,6,29,79.073498
2000-06-30,2000,6,30,41.082692
2000-07-01,2000,7,1,31.296284
2000-07-02,2000,7,2,25.642504
2000-07-03,2000,7,3,29.569268
2000-07-04,2000,7,4,7.0466767
2000-07-05,2000,7,5,43.848068
2000-07-06,2000,7,6,27.084861
2000-07-07,2000,7,7,1.3868061
2000-07-08,2000,7,8,0
2000-07-09,2000,7,9,0.0034151966
2000-07-10,2000,7,10,0
2000-07-11,2000,7,11,0
2000-07-12,2000,7,12,0
2000-07-13,2000,7,13,3.8858035
2000-07-14,2000,7,14,0
2000-07-15,2000,7,15,0
2000-07-16,2000,7,16,0
2000-07-17,2000,7,17,0
2000-07-18,2000,7,18,0
2000-07-19,2000,7,19,27.192444
2000-07-20,2000,7,20,14.205797
2000-07-21,2000,7,21,0
2000-07-22,2000,7,22,4.5192603
2000-07-23,2000,7,23,12.775777
2000-07-24,2000,7,24,0
2000-07-25,2000,7,25,0
2000-07-26,2000,7,26,0
2000-07-27,2000,7,27,0
2000-07-28,2000,7,28,0
2000-07-29,2000,7,29,0
2000-07-30,2000,7,30,3.2191764
2000-07-31,2000,7,31,22.87461
2000-08-01,2000,8,1,0
2000-08-02,2000,8,2,0
2000-08-03,2000,8,3,0
2000-08-04,2000,8,4,9.2830271
2000-08-05,2000,8,5,60.044066
2000-08-06,2000,8,6,36.36164
2000-08-07,2000,8,7,0.0036491221
2000-08-08,2000,8,8,0
2000-08-09,2000,8,9,0
2000-08-10,2000,8,10,0
2000-08-11,2000,8,11,0
2000-08-12,2000,8,12,11.776078
2000-08-13,2000,8,13,23.889414
2000-08-14,2000,8,14,14.681365
2000-08-15,2000,8,15,23.688573
2000-08-16,2000,8,16,14.917862
2000-08-17,2000,8,17,0
2000-08-18,2000,8,18,0
2000-08-19,2000,8,19,0.045580923
2000-08-20,2000,8,20,0
2000-08-21,2000,8,21,7.2500872
2000-08-22,2000,8,22,0
2000-08-23,2000,8,23,9.5672188
2000-08-24,2000,8,24,14.447012
2000-08-25,2000,8,25,0.093876332
2000-08-26,2000,8,26,11.891765
2000-08-27,2000,8,27,9.3852911
2000-08-28,2000,8,28,23.768102
2000-08-29,2000,8,29,31.118883
2000-08-30,2000,8,30,0
2000-08-31,2000,8,31,0
2000-09-01,2000,9,1,0
2000-09-02,2000,9,2,0
2000-09-03,2000,9,3,0
2000-09-04,2000,9,4,0
2000-09-05,2000,9,5,6.7357062
2000-09-06,2000,9,6,36.559909
2000-09-07,2000,9,7,37.102602
2000-09-08,2000,9,8,40.027993
2000-09-09,2000,9,9,49.854433
2000-09-10,2000,9,10,29.075426
2000-09-11,2000,9,11,13.731572
2000-09-12,2000,9,12,0
2000-09-13,2000,9,13,3.7588089
2000-09-14,2000,9,14,4.1626823
2000-09-15,2000,9,15,2.8344291
2000-09-16,2000,9,16,30.219908
2000-09-17,2000,9,17,20.204475
2000-09-18,2000,9,18,5.5982914
2000-09-19,2000,9,19,15.11309
2000-09-20,2000,9,20,20.889047
2000-09-21,2000,9,21,9.2168118
2000-09-22,2000,9,22,22.529572
2000-09-23,2000,9,23,0.4323121
2000-09-24,2000,9,24,0
2000-09-25,2000,9,25,0
2000-09-26,2000,9,26,0
2000-09-27,2000,9,27,0
2000-09-28,2000,9,28,0.26188856
2000-09-29,2000,9,29,0
2000-09-30,2000,9,30,0
2000-10-01,2000,10,1,0.0073572761
2000-10-02,2000,10,2,29.463184
2000-10-03,2000,10,3,6.9301912
2000-10-04,2000,10,4,0
2000-10-05,2000,10,5,1.2454519
2000-10-06,2000,10,6,0
2000-10-07,2000,10,7,1.6190924
2000-10-08,2000,10,8,16.615029
2000-10-09,2000,10,9,0.21455682
2000-10-10,2000,10,10,0.13260725
2000-10-11,2000,10,11,36.713916
2000-10-12,2000,10,12,2.8167819
2000-10-13,2000,10,13,0
2000-10-14,2000,10,14,0
2000-10-15,2000,10,15,0
2000-10-16,2000,10,16,0
2000-10-17,2000,10,17,0
2000-10-18,2000,10,18,0
2000-10-19,2000,10,19,0
2000-10-20,2000,10,20,0
2000-10-21,2000,10,21,20.902423
2000-10-22,2000,10,22,0
2000-10-23,2000,10,23,0
2000-10-24,2000,10,24,0
2000-10-25,2000,10,25,0.47669255
2000-10-26,2000,10,26,0
2000-10-27,2000,10,27,0
2000-10-28,2000,10,28,0
2000-10-29,2000,10,29,0
2000-10-30,2000,10,30,3.4813701
2000-10-31,2000,10,31,8.3564841
2000-11-01,2000,11,1,0
2000-11-02,2000,11,2,0
2000-11-03,2000,11,3,0
2000-11-04,2000,11,4,16.48509
2000-11-05,2000,11,5,3.1778313
2000-11-06,2000,11,6,0.015117659
2000-11-07,2000,11,7,0.050114732
2000-11-08,2000,11,8,0
2000-11-09,2000,11,9,2.465398
2000-11-10,2000,11,10,39.336916
2000-11-11,2000,11,11,42.325596
2000-11-12,2000,11,12,10.522559
2000-11-13,2000,11,13,1.012174
2000-11-14,2000,11,14,0
2000-11-15,2000,11,15,0
2000-11-16,2000,11,16,0
2000-11-17,2000,11,17,0
2000-11-18,2000,11,18,0.0033536752
2000-11-19,2000,11,19,0
2000-11-20,2000,11,20,0.0049738953
2000-11-21,2000,11,21,0
2000-11-22,2000,11,22,0.0098281624
2000-11-23,2000,11,23,0
2000-11-24,2000,11,24,0
2000-11-25,2000,11,25,5.8697699
2000-11-26,2000,11,26,8.7958107
2000-11-27,2000,11,27,0
2000-11-28,2000,11,28,0
2000-11-29,2000,11,29,0
2000-11-30,2000,11,30,0
2000-12-01,2000,12,1,0
2000-12-02,2000,12,2,0
2000-12-03,2000,12,3,0
2000-12-04,2000,12,4,0
2000-12-05,2000,12,5,0
2000-12-06,2000,12,6,0
2000-12-07,2000,12,7,0
2000-12-08,2000,12,8,0
2000-12-09,2000,12,9,0
2000-12-10,2000,12,10,0.065026127
2000-12-11,2000,12,11,0
2000-12-12,2000,12,12,0
2000-12-13,2000,12,13,17.885579
2000-12-14,2000,12,14,25.474236
2000-12-15,2000,12,15,0
2000-12-16,2000,12,16,0
2000-12-17,2000,12,17,0
2000-12-18,2000,12,18,0
2000-12-19,2000,12,19,0
2000-12-20,2000,12,20,0
2000-12-21,2000,12,21,1.9042456
2000-12-22,2000,12,22,0
2000-12-23,2000,12,23,2.0827339
2000-12-24,2000,12,24,45.458093
2000-12-25,2000,12,25,11.546849
2000-12-26,2000,12,26,18.019005
2000-12-27,2000,12,27,0
2000-12-28,2000,12,28,0
2000-12-29,2000,12,29,0
2000-12-30,2000,12,30,0
2000-12-31,2000,12,31,0
2001-01-01,2001,1,1,0
2001-01-02,2001,1,2,0
2001-01-03,2001,1,3,0
2001-01-04,2001,1,4,3.738824
2001-01-05,2001,1,5,9.1306955
2001-01-06,2001,1,6,28.370833
2001-01-07,2001,1,7,39.715193
2001-01-08,2001,1,8,16.496366
2001-01-09,2001,1,9,26.757927
2001-01-10,2001,1,10,0
2001-01-11,2001,1,11,0
2001-01-12,2001,1,12,0
2001-01-13,2001,1,13,0
2001-01-14,2001,1,14,0
2001-01-15,2001,1,15,0
2001-01-16,2001,1,16,0
2001-01-17,2001,1,17,0
2001-01-18,2001,1,18,0
2001-01-19,2001,1,19,0
2001-01-20,2001,1,20,0
2001-01-21,2001,1,21,0.17121039
2001-01-22,2001,1,22,0
2001-01-23,2001,1,23,0
2001-01-24,2001,1,24,0
2001-01-25,2001,1,25,0
2001-01-26,2001,1,26,0
2001-01-27,2001,1,27,0
2001-01-28,2001,1,28,0
2001-01-29,2001,1,29,12.553891
2001-01-30,2001,1,30,51.58048
2001-01-31,2001,1,31,0
2001-02-01,2001,2,1,9.9594707
2001-02-02,2001,2,2,0
2001-02-03,2001,2,3,0
2001-02-04,2001,2,4,0
2001-02-05,2001,2,5,0
2001-02-06,2001,2,6,0
2001-02-07,2001,2,7,0
2001-02-08,2001,2,8,0
2001-02-09,2001,2,9,23.841518
2001-02-10,2001,2,10,0
2001-02-11,2001,2,11,0
2001-02-12,2001,2,12,0
2001-02-13,2001,2,13,0
2001-02-14,2001,2,14,0
2001-02-15,2001,2,15,0
2001-02-16,2001,2,16,0
2001-02-17,2001,2,17,0
2001-02-18,2001,2,18,0
2001-02-19,2001,2,19,0
2001-02-20,2001,2,20,7.1084963e-05
2001-02-21,2001,2,21,0
2001-02-22,2001,2,22,0
2001-02-23,2001,2,23,0
2001-02-24,2001,2,24,0
2001-02-25,2001,2,25,0
2001-02-26,2001,2,26,5.3388315
2001-02-27,2001,2,27,0
2001-02-28,2001,2,28,4.021239
2001-03-01,2001,3,1,0
2001-03-02,2001,3,2,0
2001-03-03,2001,3,3,0
2001-03-04,2001,3,4,2.9412512
2001-03-05,2001,3,5,0
2001-03-06,2001,3,6,0
2001-03-07,2001,3,7,0
2001-03-08,2001,3,8,0
2001-03-09,2001,3,9,38.232756
2001-03-10,2001,3,10,18.921829
2001-03-11,2001,3,11,13.145574
2001-03-12,2001,3,12,13.302721
2001-03-13,2001,3,13,0
2001-03-14,2001,3,14,0
2001-03-15,2001,3,15,0
2001-03-16,2001,3,16,0
2001-03-17,2001,3,17,0.16844959
2001-03-18,2001,3,18,0
2001-03-19,2001,3,19,0
2001-03-20,2001,3,20,0
2001-03-21,2001,3,21,6.461192
2001-03-22,2001,3,22,0
2001-03-23,2001,3,23,0
2001-03-24,2001,3,24,0
2001-03-25,2001,3,25,0
2001-03-26,2001,3,26,0
2001-03-27,2001,3,27,0
2001-03-28,2001,3,28,0
2001-03-29,2001,3,29,0
2001-03-30,2001,3,30,0
2001-03-31,2001,3,31,0.11388436
2001-04-01,2001,4,1,0.24364016
2001-04-02,2001,4,2,0
2001-04-03,2001,4,3,0
2001-04-04,2001,4,4,0
2001-04-05,2001,4,5,0
2001-04-06,2001,4,6,0
2001-04-07,2001,4,7,0
2001-04-08,2001,4,8,0
2001-04-09,2001,4,9,0
2001-04-10,2001,4,10,1.0063745
2001-04-11,2001,4,11,0
2001-04-12,2001,4,12,0
2001-04-13,2001,4,13,7.8504432
2001-04-14,2001,4,14,5.2809954
2001-04-15,2001,4,15,0
2001-04-16,2001,4,16,0
2001-04-17,2001,4,17,5.5648028
2001-04-18,2001,4,18,0.86407549
2001-04-19,2001,4,19,1.1505312
2001-04-20,2001,4,20,0.021365254
2001-04-21,2001,4,21,40.299528
2001-04-22,2001,4,22,21.102678
2001-04-23,2001,4,23,0
2001-04-24,2001,4,24,0
2001-04-25,2001,4,25,2.7630667
2001-04-26,2001,4,26,17.115089
2001-04-27,2001,4,27,5.2425041
2001-04-28,2001,4,28,0
2001-04-29,2001,4,29,0
2001-04-30,2001,4,30,7.3680083
2001-05-01,2001,5,1,2.2777474
2001-05-02,2001,5,2,0
2001-05-03,2001,5,3,0
2001-05-04,2001,5,4,0
2001-05-05,2001,5,5,0
2001-05-06,2001,5,6,7.0205175
2001-05-07,2001,5,7,8.1395907
2001-05-08,2001,5,8,15.495414
2001-05-09,2001,5,9,0
2001-05-10,2001,5,10,0
2001-05-11,2001,5,11,0
2001-05-12,2001,5,12,0
2001-05-13,2001,5,13,0
2001-05-14,2001,5,14,0.79825222
2001-05-15,2001,5,15,3.6531735
2001-05-16,2001,5,16,25.681571
2001-05-17,2001,5,17,27.974029
2001-05-18,2001,5,18,0
2001-05-19,2001,5,19,26.243753
2001-05-20,2001,5,20,41.062015
2001-05-21,2001,5,21,63.103198
2001-05-22,2001,5,22,15.484794
2001-05-23,2001,5,23,0
2001-05-24,2001,5,24,34.256923
2001-05-25,2001,5,25,71.386941
2001-05-26,2001,5,26,82.725837
2001-05-27,2001,5,27,69.939569
2001-05-28,2001,5,28,57.108051
2001-05-29,2001,5,29,14.693227
2001-05-30,2001,5,30,24.060575
2001-05-31,2001,5,31,8.4434977
2001-06-01,2001,6,1,26.011018
2001-06-02,2001,6,2,5.4976677
2001-06-03,2001,6,3,10.203654
2001-06-04,2001,6,4,25.919124
2001-06-05,2001,6,5,39.829868
2001-06-06,2001,6,6,90.702554
2001-06-07,2001,6,7,26.038886
2001-06-08,2001,6,8,7.5482803
2001-06-09,2001,6,9,0
2001-06-10,2001,6,10,0
2001-06-11,2001,6,11,20.983472
2001-06-12,2001,6,12,41.097764
2001-06-13,2001,6,13,52.573673
2001-06-14,2001,6,14,15.925737
2001-06-15,2001,6,15,0
2001-06-16,2001,6,16,0
2001-06-17,2001,6,17,0
2001-06-18,2001,6,18,0
2001-06-19,2001,6,19,0
2001-06-20,2001,6,20,0
2001-06-21,2001,6,21,0
2001-06-22,2001,6,22,6.6837912
2001-06-23,2001,6,23,0.18113873
2001-06-24,2001,6,24,0
2001-06-25,2001,6,25,0
2001-06-26,2001,6,26,0
2001-06-27,2001,6,27,0
2001-06-28,2001,6,28,14.823359
2001-06-29,2001,6,29,48.866594
2001-06-30,2001,6,30,43.435955
2001-07-01,2001,7,1,31.895582
2001-07-02,2001,7,2,94.974114
2001-07-03,2001,7,3,36.697813
2001-07-04,2001,7,4,0
2001-07-05,2001,7,5,0
2001-07-06,2001,7,6,32.8464
2001-07-07,2001,7,7,63.714637
2001-07-08,2001,7,8,19.915551
2001-07-09,2001,7,9,20.938671
2001-07-10,2001,7,10,16.729142
2001-07-11,2001,7,11,34.122147
2001-07-12,2001,7,12,39.737156
2001-07-13,2001,7,13,16.075709
2001-07-14,2001,7,14,8.3618806
2001-07-15,2001,7,15,46.774568
2001-07-16,2001,7,16,49.08845
2001-07-17,2001,7,17,25.941281
2001-07-18,2001,7,18,37.596588
2001-07-19,2001,7,19,65.741426
2001-07-20,2001,7,20,29.631254
2001-07-21,2001,7,21,0
2001-07-22,2001,7,22,0
2001-07-23,2001,7,23,0
2001-07-24,2001,7,24,0
2001-07-25,2001,7,25,0
2001-07-26,2001,7,26,0
2001-07-27,2001,7,27,0
2001-07-28,2001,7,28,22.075553
2001-07-29,2001,7,29,25.504673
2001-07-30,2001,7,30,29.113453
2001-07-31,2001,7,31,43.989443
2001-08-01,2001,8,1,32.040056
2001-08-02,2001,8,2,0
2001-08-03,2001,8,3,0
2001-08-04,2001,8,4,3.4597566
2001-08-05,2001,8,5,9.9016252
2001-08-06,2001,8,6,0
2001-08-07,2001,8,7,0
2001-08-08,2001,8,8,0
2001-08-09,2001,8,9,0
2001-08-10,2001,8,10,0
2001-08-11,2001,8,11,15.441708
2001-08-12,2001,8,12,8.4322742
2001-08-13,2001,8,13,26.379983
2001-08-14,2001,8,14,0
2001-08-15,2001,8,15,0
2001-08-16,2001,8,16,0
2001-08-17,2001,8,17,0
2001-08-18,2001,8,18,12.005855
2001-08-19,2001,8,19,0
2001-08-20,2001,8,20,0
2001-08-21,2001,8,21,0
2001-08-22,2001,8,22,0
2001-08-23,2001,8,23,0
2001-08-24,2001,8,24,13.213018
2001-08-25,2001,8,25,35.789416
2001-08-26,2001,8,26,21.937745
2001-08-27,2001,8,27,24.560023
2001-08-28,2001,8,28,56.489952
2001-08-29,2001,8,29,5.3968873
2001-08-30,2001,8,30,0
2001-08-31,2001,8,31,0
2001-09-01,2001,9,1,0
2001-09-02,2001,9,2,0
2001-09-03,2001,9,3,0
2001-09-04,2001,9,4,0.000136292
2001-09-05,2001,9,5,0
2001-09-06,2001,9,6,5.6997235
2001-09-07,2001,9,7,12.549737
2001-09-08,2001,9,8,5.3219028
2001-09-09,2001,9,9,0
2001-09-10,2001,9,10,0
2001-09-11,2001,9,11,0
2001-09-12,2001,9,12,0.85550031
2001-09-13,2001,9,13,0
2001-09-14,2001,9,14,0
2001-09-15,2001,9,15,0
2001-09-16,2001,9,16,0
2001-09-17,2001,9,17,0
2001-09-18,2001,9,18,0
2001-09-19,2001,9,19,7.4425321
2001-09-20,2001,9,20,0
2001-09-21,2001,9,21,1.4285803
2001-09-22,2001,9,22,2.9594188
2001-09-23,2001,9,23,5.3263752
2001-09-24,2001,9,24,0
2001-09-25,2001,9,25,0.53054283
2001-09-26,2001,9,26,7.9514402
2001-09-27,2001,9,27,9.8378492
2001-09-28,2001,9,28,0
2001-09-29,2001,9,29,4.6899269
2001-09-30,2001,9,30,0
2001-10-01,2001,10,1,0
2001-10-02,2001,10,2,0
2001-10-03,2001,10,3,0.019350754
2001-10-04,2001,10,4,0
2001-10-05,2001,10,5,5.4903883
2001-10-06,2001,10,6,11.189373
2001-10-07,2001,10,7,0.33094782
2001-10-08,2001,10,8,0
2001-10-09,2001,10,9,2.9708232
2001-10-10,2001,10,10,0
2001-10-11,2001,10,11,0
2001-10-12,2001,10,12,0
2001-10-13,2001,10,13,0
2001-10-14,2001,10,14,0
2001-10-15,2001,10,15,0
2001-10-16,2001,10,16,0
2001-10-17,2001,10,17,0
2001-10-18,2001,10,18,0
2001-10-19,2001,10,19,6.8536195
2001-10-20,2001,10,20,0
2001-10-21,2001,10,21,0
2001-10-22,2001,10,22,0
2001-10-23,2001,10,23,0
2001-10-24,2001,10,24,3.2224389
2001-10-25,2001,10,25,8.1634077
2001-10-26,2001,10,26,9.8428254
2001-10-27,2001,10,27,0.42349536
2001-10-28,2001,10,28,0
2001-10-29,2001,10,29,0
2001-10-30,2001,10,30,0
2001-10-31,2001,10,31,0
2001-11-01,2001,11,1,0
2001-11-02,2001,11,2,0.16968544
2001-11-03,2001,11,3,0
2001-11-04,2001,11,4,3.7278718
2001-11-05,2001,11,5,8.6633751
2001-11-06,2001,11,6,0
2001-11-07,2001,11,7,0
2001-11-08,2001,11,8,0
2001-11-09,2001,11,9,10.165201
2001-11-10,2001,11,10,34.670747
2001-11-11,2001,11,11,0
2001-11-12,2001,11,12,14.807417
2001-11-13,2001,11,13,11.186745
2001-11-14,2001,11,14,7.222871
2001-11-15,2001,11,15,0
2001-11-16,2001,11,16,0
2001-11-17,2001,11,17,0
2001-11-18,2001,11,18,0
2001-11-19,2001,11,19,4.4679083
2001-11-20,2001,11,20,8.3578106
2001-11-21,2001,11,21,0
2001-11-22,2001,11,22,26.469873
2001-11-23,2001,11,23,4.8546127
2001-11-24,2001,11,24,0
2001-11-25,2001,11,25,0.016847526
2001-11-26,2001,11,26,0
2001-11-27,2001,11,27,0
2001-11-28,2001,11,28,0
2001-11-29,2001,11,29,0
2001-11-30,2001,11,30,0
2001-12-01,2001,12,1,0
2001-12-02,2001,12,2,0
2001-12-03,2001,12,3,0
2001-12-04,2001,12,4,0
2001-12-05,2001,12,5,0
2001-12-06,2001,12,6,0
2001-12-07,2001,12,7,0
2001-12-08,2001,12,8,0
2001-12-09,2001,12,9,0
2001-12-10,2001,12,10,0
2001-12-11,2001,12,11,0
2001-12-12,2001,12,12,0
2001-12-13,2001,12,13,0
2001-12-14,2001,12,14,0
2001-12-15,2001,12,15,0
2001-12-16,2001,12,16,0
2001-12-17,2001,12,17,0
2001-12-18,2001,12,18,0
2001-12-19,2001,12,19,0
2001-12-20,2001,12,20,0
2001-12-21,2001,12,21,0
2001-12-22,2001,12,22,0
2001-12-23,2001,12,23,0
2001-12-24,2001,12,24,0
2001-12-25,2001,12,25,0
2001-12-26,2001,12,26,0
2001-12-27,2001,12,27,0
2001-12-28,2001,12,28,0
2001-12-29,2001,12,29,0
2001-12-30,2001,12,30,0
2001-12-31,2001,12,31,0.60874263
2002-01-01,2002,1,1,2.1430759
2002-01-02,2002,1,2,0
2002-01-03,2002,1,3,3.6188707
2002-01-04,2002,1,4,0
2002-01-05,2002,1,5,0
2002-01-06,2002,1,6,0
2002-01-07,2002,1,7,21.933075
2002-01-08,2002,1,8,6.3033014
2002-01-09,2002,1,9,0
2002-01-10,2002,1,10,0
2002-01-11,2002,1,11,0
2002-01-12,2002,1,12,5.7577923
2002-01-13,2002,1,13,0
2002-01-14,2002,1,14,0
2002-01-15,2002,1,15,0
2002-01-16,2002,1,16,0
2002-01-17,2002,1,17,0
2002-01-18,2002,1,18,5.197865
2002-01-19,2002,1,19,0
2002-01-20,2002,1,20,0
2002-01-21,2002,1,21,0
2002-01-22,2002,1,22,0
2002-01-23,2002,1,23,0
2002-01-24,2002,1,24,3.2151203
2002-01-25,2002,1,25,4.3442307
2002-01-26,2002,1,26,0
2002-01-27,2002,1,27,0
2002-01-28,2002,1,28,0
2002-01-29,2002,1,29,0
2002-01-30,2002,1,30,4.5591609
2002-01-31,2002,1,31,0
2002-02-01,2002,2,1,0
2002-02-02,2002,2,2,0
2002-02-03,2002,2,3,0
2002-02-04,2002,2,4,0
2002-02-05,2002,2,5,0
2002-02-06,2002,2,6,0
2002-02-07,2002,2,7,0
2002-02-08,2002,2,8,0.39778854
2002-02-09,2002,2,9,0
2002-02-10,2002,2,10,0
2002-02-11,2002,2,11,0
2002-02-12,2002,2,12,0
2002-02-13,2002,2,13,0
2002-02-14,2002,2,14,0
2002-02-15,2002,2,15,0
2002-02-16,2002,2,16,0
2002-02-17,2002,2,17,0.047292533
2002-02-18,2002,2,18,0
2002-02-19,2002,2,19,0
2002-02-20,2002,2,20,0
2002-02-21,2002,2,21,0
2002-02-22,2002,2,22,0
2002-02-23,2002,2,23,0
2002-02-24,2002,2,24,0
2002-02-25,2002,2,25,69.687291
2002-02-26,2002,2,26,17.713084
2002-02-27,2002,2,27,29.74607
2002-02-28,2002,2,28,0.042282903
2002-03-01,2002,3,1,0
2002-03-02,2002,3,2,0
2002-03-03,2002,3,3,5.7269895
2002-03-04,2002,3,4,0
2002-03-05,2002,3,5,4.6346219
2002-03-06,2002,3,6,10.059273
2002-03-07,2002,3,7,1.3545358
2002-03-08,2002,3,8,27.89192
2002-03-09,2002,3,9,14.543445
2002-03-10,2002,3,10,0
2002-03-11,2002,3,11,0
2002-03-12,2002,3,12,0.069098663
2002-03-13,2002,3,13,37.479561
2002-03-14,2002,3,14,79.786912
2002-03-15,2002,3,15,24.038172
2002-03-16,2002,3,16,10.908582
2002-03-17,2002,3,17,0
2002-03-18,2002,3,18,2.1276416
2002-03-19,2002,3,19,0
2002-03-20,2002,3,20,0
2002-03-21,2002,3,21,4.0848404
2002-03-22,2002,3,22,0
2002-03-23,2002,3,23,16.287083
2002-03-24,2002,3,24,0
2002-03-25,2002,3,25,0
2002-03-26,2002,3,26,0
2002-03-27,2002,3,27,0
2002-03-28,2002,3,28,5.0365288
2002-03-29,2002,3,29,0.6183128
2002-03-30,2002,3,30,0
2002-03-31,2002,3,31,0
2002-04-01,2002,4,1,0.84447541
2002-04-02,2002,4,2,0
2002-04-03,2002,4,3,0
2002-04-04,2002,4,4,0
2002-04-05,2002,4,5,20.77863
2002-04-06,2002,4,6,40.931197
2002-04-07,2002,4,7,7.1840099
2002-04-08,2002,4,8,0
2002-04-09,2002,4,9,0
2002-04-10,2002,4,10,0
2002-04-11,2002,4,11,12.165089
2002-04-12,2002,4,12,0.088315443
2002-04-13,2002,4,13,0
2002-04-14,2002,4,14,0
2002-04-15,2002,4,15,0
2002-04-16,2002,4,16,18.494061
2002-04-17,2002,4,17,0
2002-04-18,2002,4,18,0
2002-04-19,2002,4,19,4.7352788
2002-04-20,2002,4,20,0
2002-04-21,2002,4,21,0
2002-04-22,2002,4,22,7.2513006
2002-04-23,2002,4,23,33.468972
2002-04-24,2002,4,24,31.78237
2002-04-25,2002,4,25,13.034264
2002-04-26,2002,4,26,0
2002-04-27,2002,4,27,0
2002-04-28,2002,4,28,11.430858
2002-04-29,2002,4,29,3.7888373
2002-04-30,2002,4,30,0.22371186
2002-05-01,2002,5,1,7.1837059
2002-05-02,2002,5,2,16.060571
2002-05-03,2002,5,3,3.1485791
2002-05-04,2002,5,4,0
2002-05-05,2002,5,5,0
2002-05-06,2002,5,6,0
2002-05-07,2002,5,7,0
2002-05-08,2002,5,8,0
2002-05-09,2002,5,9,0
2002-05-10,2002,5,10,0.0016111372
2002-05-11,2002,5,11,8.5195975
2002-05-12,2002,5,12,0
2002-05-13,2002,5,13,15.439604
2002-05-14,2002,5,14,29.624244
2002-05-15,2002,5,15,28.38923
2002-05-16,2002,5,16,0
2002-05-17,2002,5,17,5.177354
2002-05-18,2002,5,18,11.692703
2002-05-19,2002,5,19,0.62934845
2002-05-20,2002,5,20,0
2002-05-21,2002,5,21,0.54058297
2002-05-22,2002,5,22,17.817652
2002-05-23,2002,5,23,0
2002-05-24,2002,5,24,21.551707
2002-05-25,2002,5,25,44.519517
2002-05-26,2002,5,26,47.035699
2002-05-27,2002,5,27,18.847557
2002-05-28,2002,5,28,0
2002-05-29,2002,5,29,0
2002-05-30,2002,5,30,7.1340507
2002-05-31,2002,5,31,36.279253
2002-06-01,2002,6,1,13.393807
2002-06-02,2002,6,2,27.970584
2002-06-03,2002,6,3,24.358749
2002-06-04,2002,6,4,32.342805
2002-06-05,2002,6,5,35.438404
2002-06-06,2002,6,6,36.74302
2002-06-07,2002,6,7,28.372651
2002-06-08,2002,6,8,56.13123
2002-06-09,2002,6,9,1.7427357
2002-06-10,2002,6,10,0
2002-06-11,2002,6,11,0
2002-06-12,2002,6,12,0
2002-06-13,2002,6,13,0
2002-06-14,2002,6,14,0
2002-06-15,2002,6,15,0
2002-06-16,2002,6,16,0
2002-06-17,2002,6,17,0.88489042
2002-06-18,2002,6,18,8.8844133
2002-06-19,2002,6,19,0.0063854061
2002-06-20,2002,6,20,0
2002-06-21,2002,6,21,0
2002-06-22,2002,6,22,0
2002-06-23,2002,6,23,0
2002-06-24,2002,6,24,0
2002-06-25,2002,6,25,0
2002-06-26,2002,6,26,36.627812
2002-06-27,2002,6,27,23.33034
2002-06-28,2002,6,28,5.5847743
2002-06-29,2002,6,29,0
2002-06-30,2002,6,30,0
2002-07-01,2002,7,1,0
2002-07-02,2002,7,2,0.27261254
2002-07-03,2002,7,3,0
2002-07-04,2002,7,4,0
2002-07-05,2002,7,5,0
2002-07-06,2002,7,6,0
2002-07-07,2002,7,7,0
2002-07-08,2002,7,8,0
2002-07-09,2002,7,9,0
2002-07-10,2002,7,10,4.5281283
2002-07-11,2002,7,11,2.9931752
2002-07-12,2002,7,12,0
2002-07-13,2002,7,13,0
2002-07-14,2002,7,14,0
2002-07-15,2002,7,15,0
2002-07-16,2002,7,16,0
2002-07-17,2002,7,17,0
2002-07-18,2002,7,18,14.749221
2002-07-19,2002,7,19,37.772427
2002-07-20,2002,7,20,47.508345
2002-07-21,2002,7,21,17.737202
2002-07-22,2002,7,22,21.496183
2002-07-23,2002,7,23,28.151275
2002-07-24,2002,7,24,17.408519
2002-07-25,2002,7,25,17.796567
2002-07-26,2002,7,26,16.25101
2002-07-27,2002,7,27,2.833656
2002-07-28,2002,7,28,0
2002-07-29,2002,7,29,16.487725
2002-07-30,2002,7,30,0
2002-07-31,2002,7,31,0
2002-08-01,2002,8,1,0
2002-08-02,2002,8,2,1.3844446
2002-08-03,2002,8,3,4.7617766
2002-08-04,2002,8,4,0
2002-08-05,2002,8,5,31.114877
2002-08-06,2002,8,6,28.58455
2002-08-07,2002,8,7,21.275487
2002-08-08,2002,8,8,10.995911
2002-08-09,2002,8,9,3.9984003
2002-08-10,2002,8,10,9.8170167
2002-08-11,2002,8,11,0
2002-08-12,2002,8,12,0
2002-08-13,2002,8,13,0
2002-08-14,2002,8,14,0
2002-08-15,2002,8,15,0.16790768
2002-08-16,2002,8,16,0.0169703
2002-08-17,2002,8,17,18.470379
2002-08-18,2002,8,18,14.973419
2002-08-19,2002,8,19,4.4652218
2002-08-20,2002,8,20,0
2002-08-21,2002,8,21,10.057516
2002-08-22,2002,8,22,44.732025
2002-08-23,2002,8,23,89.887373
2002-08-24,2002,8,24,38.383591
2002-08-25,2002,8,25,39.945856
2002-08-26,2002,8,26,21.749958
2002-08-27,2002,8,27,20.962044
2002-08-28,2002,8,28,13.510954
2002-08-29,2002,8,29,0
2002-08-30,2002,8,30,0
2002-08-31,2002,8,31,0
2002-09-01,2002,9,1,0
2002-09-02,2002,9,2,0
2002-09-03,2002,9,3,29.355607
2002-09-04,2002,9,4,12.766495
2002-09-05,2002,9,5,12.467849
2002-09-06,2002,9,6,0
2002-09-07,2002,9,7,5.9311466
2002-09-08,2002,9,8,0
2002-09-09,2002,9,9,22.787759
2002-09-10,2002,9,10,18.965476
2002-09-11,2002,9,11,1.9952618
2002-09-12,2002,9,12,4.1431182
2002-09-13,2002,9,13,0
2002-09-14,2002,9,14,29.89915
2002-09-15,2002,9,15,16.978685
2002-09-16,2002,9,16,35.742817
2002-09-17,2002,9,17,17.281633
2002-09-18,2002,9,18,5.8266201
2002-09-19,2002,9,19,8.4696305
2002-09-20,2002,9,20,0
2002-09-21,2002,9,21,0
2002-09-22,2002,9,22,0
2002-09-23,2002,9,23,17.842387
2002-09-24,2002,9,24,13.065921
2002-09-25,2002,9,25,0
2002-09-26,2002,9,26,0
2002-09-27,2002,9,27,0
2002-09-28,2002,9,28,0
2002-09-29,2002,9,29,15.919816
2002-09-30,2002,9,30,0.35880133
2002-10-01,2002,10,1,23.32235
2002-10-02,2002,10,2,14.385451
2002-10-03,2002,10,3,35.820778
2002-10-04,2002,10,4,13.205078
2002-10-05,2002,10,5,39.547896
2002-10-06,2002,10,6,41.301401
2002-10-07,2002,10,7,6.9184468
2002-10-08,2002,10,8,26.097844
2002-10-09,2002,10,9,9.6151588
2002-10-10,2002,10,10,6.4318835
2002-10-11,2002,10,11,76.952273
2002-10-12,2002,10,12,74.956054
2002-10-13,2002,10,13,64.215652
2002-10-14,2002,10,14,22.465724
2002-10-15,2002,10,15,7.6829672
2002-10-16,2002,10,16,0
2002-10-17,2002,10,17,12.407216
2002-10-18,2002,10,18,5.0730429
2002-10-19,2002,10,19,16.783916
2002-10-20,2002,10,20,7.9486139
2002-10-21,2002,10,21,0
2002-10-22,2002,10,22,0
2002-10-23,2002,10,23,7.0039811
2002-10-24,2002,10,24,0
2002-10-25,2002,10,25,35.886588
2002-10-26,2002,10,26,7.4703754
2002-10-27,2002,10,27,0
2002-10-28,2002,10,28,0
2002-10-29,2002,10,29,0
2002-10-30,2002,10,30,0
2002-10-31,2002,10,31,11.495128
2002-11-01,2002,11,1,31.720675
2002-11-02,2002,11,2,6.5160223
2002-11-03,2002,11,3,0
2002-11-04,2002,11,4,0
2002-11-05,2002,11,5,0
2002-11-06,2002,11,6,19.424984
2002-11-07,2002,11,7,15.350165
2002-11-08,2002,11,8,7.3030261
2002-11-09,2002,11,9,0.024349182
2002-11-10,2002,11,10,0
2002-11-11,2002,11,11,0
2002-11-12,2002,11,12,2.9114642
2002-11-13,2002,11,13,47.589744
2002-11-14,2002,11,14,6.8336798
2002-11-15,2002,11,15,0
2002-11-16,2002,11,16,12.344211
2002-11-17,2002,11,17,17.225432
2002-11-18,2002,11,18,28.112637
2002-11-19,2002,11,19,31.7787
2002-11-20,2002,11,20,7.9037742
2002-11-21,2002,11,21,0
2002-11-22,2002,11,22,0
2002-11-23,2002,11,23,0
2002-11-24,2002,11,24,0
2002-11-25,2002,11,25,17.833841
2002-11-26,2002,11,26,4.0737617
2002-11-27,2002,11,27,0
2002-11-28,2002,11,28,0
2002-11-29,2002,11,29,0
2002-11-30,2002,11,30,0
2002-12-01,2002,12,1,0
2002-12-02,2002,12,2,0
2002-12-03,2002,12,3,0
2002-12-04,2002,12,4,0.077051658
2002-12-05,2002,12,5,1.8405219
2002-12-06,2002,12,6,0
2002-12-07,2002,12,7,1.4099605
2002-12-08,2002,12,8,0
2002-12-09,2002,12,9,0
2002-12-10,2002,12,10,0
2002-12-11,2002,12,11,0
2002-12-12,2002,12,12,0
2002-12-13,2002,12,13,0
2002-12-14,2002,12,14,2.9386656
2002-12-15,2002,12,15,11.058661
2002-12-16,2002,12,16,0
2002-12-17,2002,12,17,0
2002-12-18,2002,12,18,38.649512
2002-12-19,2002,12,19,0.86832998
2002-12-20,2002,12,20,0
2002-12-21,2002,12,21,11.038509
2002-12-22,2002,12,22,0
2002-12-23,2002,12,23,6.4475264
2002-12-24,2002,12,24,16.854007
2002-12-25,2002,12,25,12.309289
2002-12-26,2002,12,26,23.068926
2002-12-27,2002,12,27,0
2002-12-28,2002,12,28,0
2002-12-29,2002,12,29,0
2002-12-30,2002,12,30,0
2002-12-31,2002,12,31,0
2003-01-01,2003,1,1,0
2003-01-02,2003,1,2,0
2003-01-03,2003,1,3,0
2003-01-04,2003,1,4,0
2003-01-05,2003,1,5,0
2003-01-06,2003,1,6,0
2003-01-07,2003,1,7,0
2003-01-08,2003,1,8,0
2003-01-09,2003,1,9,0
2003-01-10,2003,1,10,0
2003-01-11,2003,1,11,0
2003-01-12,2003,1,12,0
2003-01-13,2003,1,13,0
2003-01-14,2003,1,14,0
2003-01-15,2003,1,15,0.27851789
2003-01-16,2003,1,16,15.724184
2003-01-17,2003,1,17,0
2003-01-18,2003,1,18,23.832092
2003-01-19,2003,1,19,6.152614
2003-01-20,2003,1,20,11.545189
2003-01-21,2003,1,21,8.750879
2003-01-22,2003,1,22,0.0086917425
2003-01-23,2003,1,23,0
2003-01-24,2003,1,24,0
2003-01-25,2003,1,25,0
2003-01-26,2003,1,26,0
2003-01-27,2003,1,27,0
2003-01-28,2003,1,28,0
2003-01-29,2003,1,29,0
2003-01-30,2003,1,30,0.031517483
2003-01-31,2003,1,31,0
2003-02-01,2003,2,1,0
2003-02-02,2003,2,2,0
2003-02-03,2003,2,3,0
2003-02-04,2003,2,4,0
2003-02-05,2003,2,5,0
2003-02-06,2003,2,6,0
2003-02-07,2003,2,7,0
2003-02-08,2003,2,8,0
2003-02-09,2003,2,9,0
2003-02-10,2003,2,10,0
2003-02-11,2003,2,11,0
2003-02-12,2003,2,12,0
2003-02-13,2003,2,13,0
2003-02-14,2003,2,14,6.5267147
2003-02-15,2003,2,15,0
2003-02-16,2003,2,16,0
2003-02-17,2003,2,17,8.0745562
2003-02-18,2003,2,18,5.7791296
2003-02-19,2003,2,19,0
2003-02-20,2003,2,20,0
2003-02-21,2003,2,21,0
2003-02-22,2003,2,22,0
2003-02-23,2003,2,23,0
2003-02-24,2003,2,24,0
2003-02-25,2003,2,25,0
2003-02-26,2003,2,26,0
2003-02-27,2003,2,27,0
2003-02-28,2003,2,28,0
2003-03-01,2003,3,1,0
2003-03-02,2003,3,2,0
2003-03-03,2003,3,3,0
2003-03-04,2003,3,4,0
2003-03-05,2003,3,5,0
2003-03-06,2003,3,6,0
2003-03-07,2003,3,7,0
2003-03-08,2003,3,8,0
2003-03-09,2003,3,9,0
2003-03-10,2003,3,10,0
2003-03-11,2003,3,11,0
2003-03-12,2003,3,12,0
2003-03-13,2003,3,13,4.2471488
2003-03-14,2003,3,14,7.5904465
2003-03-15,2003,3,15,0
2003-03-16,2003,3,16,0
2003-03-17,2003,3,17,0
2003-03-18,2003,3,18,0
2003-03-19,2003,3,19,12.188585
2003-03-20,2003,3,20,0
2003-03-21,2003,3,21,0
2003-03-22,2003,3,22,0
2003-03-23,2003,3,23,0.02589299
2003-03-24,2003,3,24,0
2003-03-25,2003,3,25,13.041642
2003-03-26,2003,3,26,10.781699
2003-03-27,2003,3,27,0
2003-03-28,2003,3,28,0
2003-03-29,2003,3,29,0
2003-03-30,2003,3,30,0
2003-03-31,2003,3,31,0
2003-04-01,2003,4,1,0
2003-04-02,2003,4,2,0.20399526
2003-04-03,2003,4,3,0
2003-04-04,2003,4,4,0
2003-04-05,2003,4,5,0
2003-04-06,2003,4,6,0
2003-04-07,2003,4,7,2.6363413
2003-04-08,2003,4,8,3.4869291
2003-04-09,2003,4,9,0
2003-04-10,2003,4,10,0
2003-04-11,2003,4,11,0
2003-04-12,2003,4,12,0
2003-04-13,2003,4,13,0
2003-04-14,2003,4,14,0
2003-04-15,2003,4,15,0
2003-04-16,2003,4,16,0
2003-04-17,2003,4,17,0
2003-04-18,2003,4,18,0
2003-04-19,2003,4,19,9.5075317
2003-04-20,2003,4,20,41.304237
2003-04-21,2003,4,21,10.675042
2003-04-22,2003,4,22,0
2003-04-23,2003,4,23,0
2003-04-24,2003,4,24,0
2003-04-25,2003,4,25,0
2003-04-26,2003,4,26,0
2003-04-27,2003,4,27,0
2003-04-28,2003,4,28,0
2003-04-29,2003,4,29,9.5882679
2003-04-30,2003,4,30,0.11075666
2003-05-01,2003,5,1,0
2003-05-02,2003,5,2,0
2003-05-03,2003,5,3,0
2003-05-04,2003,5,4,0
2003-05-05,2003,5,5,0
2003-05-06,2003,5,6,0
2003-05-07,2003,5,7,0
2003-05-08,2003,5,8,0
2003-05-09,2003,5,9,15.098601
2003-05-10,2003,5,10,0
2003-05-11,2003,5,11,0
2003-05-12,2003,5,12,0
2003-05-13,2003,5,13,0.40901269
2003-05-14,2003,5,14,0
2003-05-15,2003,5,15,0
2003-05-16,2003,5,16,0
2003-05-17,2003,5,17,0
2003-05-18,2003,5,18,0
2003-05-19,2003,5,19,0
2003-05-20,2003,5,20,26.671615
2003-05-21,2003,5,21,36.882871
2003-05-22,2003,5,22,17.003238
2003-05-23,2003,5,23,4.1140246
2003-05-24,2003,5,24,0
2003-05-25,2003,5,25,14.916878
2003-05-26,2003,5,26,0
2003-05-27,2003,5,27,0
2003-05-28,2003,5,28,0
2003-05-29,2003,5,29,8.776841
2003-05-30,2003,5,30,10.068024
2003-05-31,2003,5,31,0
2003-06-01,2003,6,1,0
2003-06-02,2003,6,2,0
2003-06-03,2003,6,3,0
2003-06-04,2003,6,4,51.493076
2003-06-05,2003,6,5,20.743336
2003-06-06,2003,6,6,0
2003-06-07,2003,6,7,0
2003-06-08,2003,6,8,0
2003-06-09,2003,6,9,29.445633
2003-06-10,2003,6,10,26.77938
2003-06-11,2003,6,11,32.93228
2003-06-12,2003,6,12,29.110947
2003-06-13,2003,6,13,33.949039
2003-06-14,2003,6,14,50.545565
2003-06-15,2003,6,15,59.131324
2003-06-16,2003,6,16,15.735459
2003-06-17,2003,6,17,21.353634
2003-06-18,2003,6,18,77.709065
2003-06-19,2003,6,19,150.88369
2003-06-20,2003,6,20,33.561925
2003-06-21,2003,6,21,61.717509
2003-06-22,2003,6,22,31.076573
2003-06-23,2003,6,23,16.852537
2003-06-24,2003,6,24,0
2003-06-25,2003,6,25,18.647118
2003-06-26,2003,6,26,22.409427
2003-06-27,2003,6,27,3.6604204
2003-06-28,2003,6,28,0
2003-06-29,2003,6,29,20.334384
2003-06-30,2003,6,30,22.479601
2003-07-01,2003,7,1,0
2003-07-02,2003,7,2,0
2003-07-03,2003,7,3,0
2003-07-04,2003,7,4,0
2003-07-05,2003,7,5,0
2003-07-06,2003,7,6,33.451753
2003-07-07,2003,7,7,38.344041
2003-07-08,2003,7,8,3.9304235
2003-07-09,2003,7,9,0
2003-07-10,2003,7,10,0
2003-07-11,2003,7,11,0
2003-07-12,2003,7,12,0
2003-07-13,2003,7,13,36.769177
2003-07-14,2003,7,14,9.9055006
2003-07-15,2003,7,15,0
2003-07-16,2003,7,16,0
2003-07-17,2003,7,17,25.163277
2003-07-18,2003,7,18,71.398735
2003-07-19,2003,7,19,58.87724
2003-07-20,2003,7,20,13.998605
2003-07-21,2003,7,21,10.936916
2003-07-22,2003,7,22,4.3748443
2003-07-23,2003,7,23,5.0888111
2003-07-24,2003,7,24,0
2003-07-25,2003,7,25,0
2003-07-26,2003,7,26,0
2003-07-27,2003,7,27,0
2003-07-28,2003,7,28,0
2003-07-29,2003,7,29,0
2003-07-30,2003,7,30,0
2003-07-31,2003,7,31,17.176096
2003-08-01,2003,8,1,8.2505226
2003-08-02,2003,8,2,0
2003-08-03,2003,8,3,23.265836
2003-08-04,2003,8,4,8.9366877
2003-08-05,2003,8,5,0
2003-08-06,2003,8,6,17.138985
2003-08-07,2003,8,7,13.388153
2003-08-08,2003,8,8,0
2003-08-09,2003,8,9,0
2003-08-10,2003,8,10,0
2003-08-11,2003,8,11,1.3848555
2003-08-12,2003,8,12,0
2003-08-13,2003,8,13,0
2003-08-14,2003,8,14,0
2003-08-15,2003,8,15,0
2003-08-16,2003,8,16,0
2003-08-17,2003,8,17,15.920504
2003-08-18,2003,8,18,32.427167
2003-08-19,2003,8,19,20.829933
2003-08-20,2003,8,20,21.706369
2003-08-21,2003,8,21,0
2003-08-22,2003,8,22,0
2003-08-23,2003,8,23,0
2003-08-24,2003,8,24,3.7809162
2003-08-25,2003,8,25,0
2003-08-26,2003,8,26,0
2003-08-27,2003,8,27,0
2003-08-28,2003,8,28,0
2003-08-29,2003,8,29,0
2003-08-30,2003,8,30,25.068684
2003-08-31,2003,8,31,0
2003-09-01,2003,9,1,0
2003-09-02,2003,9,2,0
2003-09-03,2003,9,3,0
2003-09-04,2003,9,4,45.323401
2003-09-05,2003,9,5,36.19254
2003-09-06,2003,9,6,12.196911
2003-09-07,2003,9,7,2.7386217
2003-09-08,2003,9,8,0
2003-09-09,2003,9,9,0
2003-09-10,2003,9,10,1.6634843
2003-09-11,2003,9,11,40.793837
2003-09-12,2003,9,12,1.5733349
2003-09-13,2003,9,13,0
2003-09-14,2003,9,14,0
2003-09-15,2003,9,15,0
2003-09-16,2003,9,16,16.740404
2003-09-17,2003,9,17,12.182216
2003-09-18,2003,9,18,29.300874
2003-09-19,2003,9,19,0.59116833
2003-09-20,2003,9,20,0.0097484487
2003-09-21,2003,9,21,0
2003-09-22,2003,9,22,13.23332
2003-09-23,2003,9,23,0
2003-09-24,2003,9,24,0
2003-09-25,2003,9,25,0
2003-09-26,2003,9,26,45.514887
2003-09-27,2003,9,27,0.045939817
2003-09-28,2003,9,28,0
2003-09-29,2003,9,29,0
2003-09-30,2003,9,30,26.679985
2003-10-01,2003,10,1,0
2003-10-02,2003,10,2,0
2003-10-03,2003,10,3,0
2003-10-04,2003,10,4,0
2003-10-05,2003,10,5,0
2003-10-06,2003,10,6,10.067402
2003-10-07,2003,10,7,48.359199
2003-10-08,2003,10,8,18.563688
2003-10-09,2003,10,9,0
2003-10-10,2003,10,10,0
2003-10-11,2003,10,11,0
2003-10-12,2003,10,12,0
2003-10-13,2003,10,13,0
2003-10-14,2003,10,14,0
2003-10-15,2003,10,15,9.4296566
2003-10-16,2003,10,16,0
2003-10-17,2003,10,17,22.042274
2003-10-18,2003,10,18,0.4147039
2003-10-19,2003,10,19,0
2003-10-20,2003,10,20,0
2003-10-21,2003,10,21,0
2003-10-22,2003,10,22,0
2003-10-23,2003,10,23,19.920623
2003-10-24,2003,10,24,11.038926
2003-10-25,2003,10,25,36.967176
2003-10-26,2003,10,26,0
2003-10-27,2003,10,27,0
2003-10-28,2003,10,28,0
2003-10-29,2003,10,29,2.1116556
2003-10-30,2003,10,30,0
2003-10-31,2003,10,31,0
2003-11-01,2003,11,1,0
2003-11-02,2003,11,2,0
2003-11-03,2003,11,3,0
2003-11-04,2003,11,4,0
2003-11-05,2003,11,5,0
2003-11-06,2003,11,6,18.726553
2003-11-07,2003,11,7,4.0148496
2003-11-08,2003,11,8,5.9493364
2003-11-09,2003,11,9,0
2003-11-10,2003,11,10,8.7773754
2003-11-11,2003,11,11,10.292218
2003-11-12,2003,11,12,0
2003-11-13,2003,11,13,0
2003-11-14,2003,11,14,4.3510028
2003-11-15,2003,11,15,34.344561
2003-11-16,2003,11,16,69.504221
2003-11-17,2003,11,17,13.318471
2003-11-18,2003,11,18,6.4090243
2003-11-19,2003,11,19,0
2003-11-20,2003,11,20,0
2003-11-21,2003,11,21,7.1346587
2003-11-22,2003,11,22,0
2003-11-23,2003,11,23,0
2003-11-24,2003,11,24,0
2003-11-25,2003,11,25,0
2003-11-26,2003,11,26,0
2003-11-27,2003,11,27,0
2003-11-28,2003,11,28,0
2003-11-29,2003,11,29,0.13309216
2003-11-30,2003,11,30,0
2003-12-01,2003,12,1,6.3875602
2003-12-02,2003,12,2,0.042996685
2003-12-03,2003,12,3,9.893185
2003-12-04,2003,12,4,8.5028723
2003-12-05,2003,12,5,3.5625041
2003-12-06,2003,12,6,0
2003-12-07,2003,12,7,0.80632033
2003-12-08,2003,12,8,0
2003-12-09,2003,12,9,38.403145
2003-12-10,2003,12,10,23.807872
2003-12-11,2003,12,11,0.038978616
2003-12-12,2003,12,12,0
2003-12-13,2003,12,13,7.6211168
2003-12-14,2003,12,14,11.898112
2003-12-15,2003,12,15,0
2003-12-16,2003,12,16,0
2003-12-17,2003,12,17,0
2003-12-18,2003,12,18,0
2003-12-19,2003,12,19,0
2003-12-20,2003,12,20,13.54033
2003-12-21,2003,12,21,8.6343769
2003-12-22,2003,12,22,0
2003-12-23,2003,12,23,0
2003-12-24,2003,12,24,0
2003-12-25,2003,12,25,3.9413803
2003-12-26,2003,12,26,10.162961
2003-12-27,2003,12,27,0
2003-12-28,2003,12,28,0
2003-12-29,2003,12,29,0
2003-12-30,2003,12,30,0
2003-12-31,2003,12,31,0
2004-01-01,2004,1,1,0
2004-01-02,2004,1,2,0
2004-01-03,2004,1,3,0
2004-01-04,2004,1,4,0
2004-01-05,2004,1,5,0
2004-01-06,2004,1,6,0
2004-01-07,2004,1,7,0
2004-01-08,2004,1,8,0
2004-01-09,2004,1,9,0
2004-01-10,2004,1,10,0
2004-01-11,2004,1,11,0
2004-01-12,2004,1,12,0
2004-01-13,2004,1,13,0
2004-01-14,2004,1,14,0
2004-01-15,2004,1,15,0
2004-01-16,2004,1,16,3.4511126
2004-01-17,2004,1,17,0
2004-01-18,2004,1,18,0
2004-01-19,2004,1,19,0
2004-01-20,2004,1,20,0
2004-01-21,2004,1,21,0
2004-01-22,2004,1,22,0
2004-01-23,2004,1,23,0
2004-01-24,2004,1,24,2.747387
2004-01-25,2004,1,25,8.6135172e-05
2004-01-26,2004,1,26,0
2004-01-27,2004,1,27,0
2004-01-28,2004,1,28,11.264395
2004-01-29,2004,1,29,0
2004-01-30,2004,1,30,0
2004-01-31,2004,1,31,0
2004-02-01,2004,2,1,0
2004-02-02,2004,2,2,0
2004-02-03,2004,2,3,0
2004-02-04,2004,2,4,0
2004-02-05,2004,2,5,0
2004-02-06,2004,2,6,0
2004-02-07,2004,2,7,0
2004-02-08,2004,2,8,0
2004-02-09,2004,2,9,0
2004-02-10,2004,2,10,0
2004-02-11,2004,2,11,0
2004-02-12,2004,2,12,0
2004-02-13,2004,2,13,0
2004-02-14,2004,2,14,0
2004-02-15,2004,2,15,27.036553
2004-02-16,2004,2,16,2.9246686
2004-02-17,2004,2,17,0
2004-02-18,2004,2,18,0
2004-02-19,2004,2,19,0
2004-02-20,2004,2,20,0
2004-02-21,2004,2,21,0
2004-02-22,2004,2,22,0
2004-02-23,2004,2,23,0
2004-02-24,2004,2,24,0
2004-02-25,2004,2,25,0
2004-02-26,2004,2,26,0
2004-02-27,2004,2,27,0
2004-02-28,2004,2,28,5.2310083
2004-02-29,2004,2,29,5.9967935
2004-03-01,2004,3,1,28.12237
2004-03-02,2004,3,2,7.1005194
2004-03-03,2004,3,3,0
2004-03-04,2004,3,4,0
2004-03-05,2004,3,5,16.415713
2004-03-06,2004,3,6,0.00068669151
2004-03-07,2004,3,7,0
2004-03-08,2004,3,8,0
2004-03-09,2004,3,9,0
2004-03-10,2004,3,10,0
2004-03-11,2004,3,11,5.8701765
2004-03-12,2004,3,12,0
2004-03-13,2004,3,13,3.4477872
2004-03-14,2004,3,14,0
2004-03-15,2004,3,15,0
2004-03-16,2004,3,16,17.844993
2004-03-17,2004,3,17,0
2004-03-18,2004,3,18,0
2004-03-19,2004,3,19,0
2004-03-20,2004,3,20,0
2004-03-21,2004,3,21,0
2004-03-22,2004,3,22,0
2004-03-23,2004,3,23,0
2004-03-24,2004,3,24,0
2004-03-25,2004,3,25,0
2004-03-26,2004,3,26,0
2004-03-27,2004,3,27,0
2004-03-28,2004,3,28,9.4386338
2004-03-29,2004,3,29,0
2004-03-30,2004,3,30,12.739789
2004-03-31,2004,3,31,43.924036
2004-04-01,2004,4,1,16.659681
2004-04-02,2004,4,2,23.114199
2004-04-03,2004,4,3,27.053488
2004-04-04,2004,4,4,1.2888111
2004-04-05,2004,4,5,45.798745
2004-04-06,2004,4,6,18.590784
2004-04-07,2004,4,7,38.142898
2004-04-08,2004,4,8,0
2004-04-09,2004,4,9,0
2004-04-10,2004,4,10,7.5112835
2004-04-11,2004,4,11,94.085475
2004-04-12,2004,4,12,32.934724
2004-04-13,2004,4,13,13.44613
2004-04-14,2004,4,14,0
2004-04-15,2004,4,15,5.3525718
2004-04-16,2004,4,16,9.5875554
2004-04-17,2004,4,17,12.939657
2004-04-18,2004,4,18,0
2004-04-19,2004,4,19,9.9909618
2004-04-20,2004,4,20,45.823472
2004-04-21,2004,4,21,18.111079
2004-04-22,2004,4,22,4.2488743
2004-04-23,2004,4,23,0
2004-04-24,2004,4,24,0
2004-04-25,2004,4,25,0
2004-04-26,2004,4,26,0
2004-04-27,2004,4,27,0
2004-04-28,2004,4,28,5.4980708
2004-04-29,2004,4,29,5.9383087
2004-04-30,2004,4,30,11.778895
2004-05-01,2004,5,1,29.449451
2004-05-02,2004,5,2,0
2004-05-03,2004,5,3,0
2004-05-04,2004,5,4,0
2004-05-05,2004,5,5,0
2004-05-06,2004,5,6,0
2004-05-07,2004,5,7,0
2004-05-08,2004,5,8,0
2004-05-09,2004,5,9,0
2004-05-10,2004,5,10,0
2004-05-11,2004,5,11,0
2004-05-12,2004,5,12,0
2004-05-13,2004,5,13,0
2004-05-14,2004,5,14,0
2004-05-15,2004,5,15,0
2004-05-16,2004,5,16,0
2004-05-17,2004,5,17,0
2004-05-18,2004,5,18,0
2004-05-19,2004,5,19,0
2004-05-20,2004,5,20,6.6731586
2004-05-21,2004,5,21,0
2004-05-22,2004,5,22,0
2004-05-23,2004,5,23,0
2004-05-24,2004,5,24,0
2004-05-25,2004,5,25,0
2004-05-26,2004,5,26,0
2004-05-27,2004,5,27,0
2004-05-28,2004,5,28,0
2004-05-29,2004,5,29,0
2004-05-30,2004,5,30,0
2004-05-31,2004,5,31,0
2004-06-01,2004,6,1,0
2004-06-02,2004,6,2,0
2004-06-03,2004,6,3,16.710506
2004-06-04,2004,6,4,16.515879
2004-06-05,2004,6,5,3.1760157
2004-06-06,2004,6,6,0
2004-06-07,2004,6,7,21.14267
2004-06-08,2004,6,8,78.32004
2004-06-09,2004,6,9,17.877373
2004-06-10,2004,6,10,0
2004-06-11,2004,6,11,0
2004-06-12,2004,6,12,0
2004-06-13,2004,6,13,25.115069
2004-06-14,2004,6,14,60.797279
2004-06-15,2004,6,15,39.576531
2004-06-16,2004,6,16,0
2004-06-17,2004,6,17,27.627962
2004-06-18,2004,6,18,30.161789
2004-06-19,2004,6,19,46.221884
2004-06-20,2004,6,20,3.4065408
2004-06-21,2004,6,21,28.47089
2004-06-22,2004,6,22,22.737362
2004-06-23,2004,6,23,1.1774748
2004-06-24,2004,6,24,7.7430713
2004-06-25,2004,6,25,5.1626236
2004-06-26,2004,6,26,38.5982
2004-06-27,2004,6,27,57.781868
2004-06-28,2004,6,28,42.703619
2004-06-29,2004,6,29,0
2004-06-30,2004,6,30,24.376489
2004-07-01,2004,7,1,56.175669
2004-07-02,2004,7,2,29.05478
2004-07-03,2004,7,3,15.063813
2004-07-04,2004,7,4,9.6201603
2004-07-05,2004,7,5,0
2004-07-06,2004,7,6,0.22762208
2004-07-07,2004,7,7,0
2004-07-08,2004,7,8,38.263156
2004-07-09,2004,7,9,0
2004-07-10,2004,7,10,0
2004-07-11,2004,7,11,36.050324
2004-07-12,2004,7,12,51.609331
2004-07-13,2004,7,13,29.718215
2004-07-14,2004,7,14,30.793495
2004-07-15,2004,7,15,0.0087203753
2004-07-16,2004,7,16,0
2004-07-17,2004,7,17,0
2004-07-18,2004,7,18,20.758381
2004-07-19,2004,7,19,0
2004-07-20,2004,7,20,14.409859
2004-07-21,2004,7,21,24.959575
2004-07-22,2004,7,22,13.70759
2004-07-23,2004,7,23,20.019286
2004-07-24,2004,7,24,7.7852834
2004-07-25,2004,7,25,14.097484
2004-07-26,2004,7,26,17.306321
2004-07-27,2004,7,27,14.15537
2004-07-28,2004,7,28,4.559987
2004-07-29,2004,7,29,0
2004-07-30,2004,7,30,0
2004-07-31,2004,7,31,0
2004-08-01,2004,8,1,8.5093556
2004-08-02,2004,8,2,16.771191
2004-08-03,2004,8,3,6.9597739
2004-08-04,2004,8,4,14.971995
2004-08-05,2004,8,5,3.6781748
2004-08-06,2004,8,6,0
2004-08-07,2004,8,7,0
2004-08-08,2004,8,8,0
2004-08-09,2004,8,9,0
2004-08-10,2004,8,10,0
2004-08-11,2004,8,11,7.3571589
2004-08-12,2004,8,12,0
2004-08-13,2004,8,13,25.363941
2004-08-14,2004,8,14,0
2004-08-15,2004,8,15,0
2004-08-16,2004,8,16,0
2004-08-17,2004,8,17,0
2004-08-18,2004,8,18,0
2004-08-19,2004,8,19,0
2004-08-20,2004,8,20,0
2004-08-21,2004,8,21,0
2004-08-22,2004,8,22,0
2004-08-23,2004,8,23,6.9566209
2004-08-24,2004,8,24,0
2004-08-25,2004,8,25,0
2004-08-26,2004,8,26,13.346846
2004-08-27,2004,8,27,43.379889
2004-08-28,2004,8,28,27.00422
2004-08-29,2004,8,29,0
2004-08-30,2004,8,30,0
2004-08-31,2004,8,31,0
2004-09-01,2004,9,1,0
2004-09-02,2004,9,2,0
2004-09-03,2004,9,3,30.999682
2004-09-04,2004,9,4,42.273707
2004-09-05,2004,9,5,39.349387
2004-09-06,2004,9,6,20.562594
2004-09-07,2004,9,7,2.7846747
2004-09-08,2004,9,8,0
2004-09-09,2004,9,9,0
2004-09-10,2004,9,10,0
2004-09-11,2004,9,11,0
2004-09-12,2004,9,12,0
2004-09-13,2004,9,13,0.72921742
2004-09-14,2004,9,14,0
2004-09-15,2004,9,15,0
2004-09-16,2004,9,16,0
2004-09-17,2004,9,17,38.722485
2004-09-18,2004,9,18,23.365368
2004-09-19,2004,9,19,0
2004-09-20,2004,9,20,0
2004-09-21,2004,9,21,0.036954095
2004-09-22,2004,9,22,0
2004-09-23,2004,9,23,0.70492409
2004-09-24,2004,9,24,0
2004-09-25,2004,9,25,0
2004-09-26,2004,9,26,0.89933799
2004-09-27,2004,9,27,0.56286672
2004-09-28,2004,9,28,0
2004-09-29,2004,9,29,0
2004-09-30,2004,9,30,0
2004-10-01,2004,10,1,0
2004-10-02,2004,10,2,0
2004-10-03,2004,10,3,0
2004-10-04,2004,10,4,0
2004-10-05,2004,10,5,0
2004-10-06,2004,10,6,4.0368335
2004-10-07,2004,10,7,0
2004-10-08,2004,10,8,17.378501
2004-10-09,2004,10,9,19.13556
2004-10-10,2004,10,10,25.335873
2004-10-11,2004,10,11,4.3286129
2004-10-12,2004,10,12,0
2004-10-13,2004,10,13,0
2004-10-14,2004,10,14,2.9756355
2004-10-15,2004,10,15,33.889387
2004-10-16,2004,10,16,12.100313
2004-10-17,2004,10,17,16.149174
2004-10-18,2004,10,18,0
2004-10-19,2004,10,19,0
2004-10-20,2004,10,20,0
2004-10-21,2004,10,21,30.837577
2004-10-22,2004,10,22,14.611601
2004-10-23,2004,10,23,13.601264
2004-10-24,2004,10,24,28.873546
2004-10-25,2004,10,25,56.263999
2004-10-26,2004,10,26,2.4762177
2004-10-27,2004,10,27,0.092874778
2004-10-28,2004,10,28,0
2004-10-29,2004,10,29,0
2004-10-30,2004,10,30,0
2004-10-31,2004,10,31,12.429733
2004-11-01,2004,11,1,63.168296
2004-11-02,2004,11,2,22.829579
2004-11-03,2004,11,3,12.53458
2004-11-04,2004,11,4,3.4472166
2004-11-05,2004,11,5,0
2004-11-06,2004,11,6,0
2004-11-07,2004,11,7,0
2004-11-08,2004,11,8,2.9462016
2004-11-09,2004,11,9,0
2004-11-10,2004,11,10,0
2004-11-11,2004,11,11,3.7484394
2004-11-12,2004,11,12,28.668017
2004-11-13,2004,11,13,9.7277186
2004-11-14,2004,11,14,15.529677
2004-11-15,2004,11,15,0
2004-11-16,2004,11,16,0
2004-11-17,2004,11,17,0
2004-11-18,2004,11,18,0
2004-11-19,2004,11,19,0
2004-11-20,2004,11,20,0
2004-11-21,2004,11,21,0
2004-11-22,2004,11,22,0.13273357
2004-11-23,2004,11,23,1.1984721
2004-11-24,2004,11,24,0.22178169
2004-11-25,2004,11,25,6.6723224
2004-11-26,2004,11,26,0
2004-11-27,2004,11,27,0
2004-11-28,2004,11,28,0
2004-11-29,2004,11,29,0
2004-11-30,2004,11,30,26.437538
2004-12-01,2004,12,1,12.994655
2004-12-02,2004,12,2,8.8119838
2004-12-03,2004,12,3,12.326493
2004-12-04,2004,12,4,0
2004-12-05,2004,12,5,0
2004-12-06,2004,12,6,0
2004-12-07,2004,12,7,0
2004-12-08,2004,12,8,0
2004-12-09,2004,12,9,0
2004-12-10,2004,12,10,0
2004-12-11,2004,12,11,0
2004-12-12,2004,12,12,0
2004-12-13,2004,12,13,0
2004-12-14,2004,12,14,11.524874
2004-12-15,2004,12,15,0
2004-12-16,2004,12,16,0
2004-12-17,2004,12,17,7.9761761
2004-12-18,2004,12,18,2.6632496
2004-12-19,2004,12,19,0
2004-12-20,2004,12,20,0
2004-12-21,2004,12,21,0
2004-12-22,2004,12,22,0
2004-12-23,2004,12,23,29.867397
2004-12-24,2004,12,24,0
2004-12-25,2004,12,25,0
2004-12-26,2004,12,26,0
2004-12-27,2004,12,27,0
2004-12-28,2004,12,28,0.025656964
2004-12-29,2004,12,29,0.39047195
2004-12-30,2004,12,30,0.022475054
2004-12-31,2004,12,31,0
2005-01-01,2005,1,1,0
2005-01-02,2005,1,2,0
2005-01-03,2005,1,3,0
2005-01-04,2005,1,4,7.0884006
2005-01-05,2005,1,5,0.21393217
2005-01-06,2005,1,6,0
2005-01-07,2005,1,7,0
2005-01-08,2005,1,8,4.7727492
2005-01-09,2005,1,9,0
2005-01-10,2005,1,10,0
2005-01-11,2005,1,11,0
2005-01-12,2005,1,12,0
2005-01-13,2005,1,13,0
2005-01-14,2005,1,14,0
2005-01-15,2005,1,15,0
2005-01-16,2005,1,16,0
2005-01-17,2005,1,17,0
2005-01-18,2005,1,18,0
2005-01-19,2005,1,19,0
2005-01-20,2005,1,20,0
2005-01-21,2005,1,21,31.870621
2005-01-22,2005,1,22,0
2005-01-23,2005,1,23,0.016236687
2005-01-24,2005,1,24,0
2005-01-25,2005,1,25,0
2005-01-26,2005,1,26,0
2005-01-27,2005,1,27,0
2005-01-28,2005,1,28,12.051435
2005-01-29,2005,1,29,4.2549381
2005-01-30,2005,1,30,0.16529001
2005-01-31,2005,1,31,0
2005-02-01,2005,2,1,0
2005-02-02,2005,2,2,0
2005-02-03,2005,2,3,0
2005-02-04,2005,2,4,0
2005-02-05,2005,2,5,0
2005-02-06,2005,2,6,4.4787846
2005-02-07,2005,2,7,0
2005-02-08,2005,2,8,0
2005-02-09,2005,2,9,0
2005-02-10,2005,2,10,0
2005-02-11,2005,2,11,0
2005-02-12,2005,2,12,0
2005-02-13,2005,2,13,0
2005-02-14,2005,2,14,0
2005-02-15,2005,2,15,0
2005-02-16,2005,2,16,0
2005-02-17,2005,2,17,0
2005-02-18,2005,2,18,0
2005-02-19,2005,2,19,0
2005-02-20,2005,2,20,0
2005-02-21,2005,2,21,0
2005-02-22,2005,2,22,0
2005-02-23,2005,2,23,0
2005-02-24,2005,2,24,0
2005-02-25,2005,2,25,0
2005-02-26,2005,2,26,0
2005-02-27,2005,2,27,0
2005-02-28,2005,2,28,0
2005-03-01,2005,3,1,0
2005-03-02,2005,3,2,0
2005-03-03,2005,3,3,24.761528
2005-03-04,2005,3,4,0
2005-03-05,2005,3,5,0
2005-03-06,2005,3,6,26.131633
2005-03-07,2005,3,7,8.0288352
2005-03-08,2005,3,8,0
2005-03-09,2005,3,9,0
2005-03-10,2005,3,10,0
2005-03-11,2005,3,11,0
2005-03-12,2005,3,12,0
2005-03-13,2005,3,13,0
2005-03-14,2005,3,14,0.095860979
2005-03-15,2005,3,15,22.022118
2005-03-16,2005,3,16,0
2005-03-17,2005,3,17,0
2005-03-18,2005,3,18,0.43186781
2005-03-19,2005,3,19,32.614349
2005-03-20,2005,3,20,6.1363477
2005-03-21,2005,3,21,0
2005-03-22,2005,3,22,0
2005-03-23,2005,3,23,0
2005-03-24,2005,3,24,0
2005-03-25,2005,3,25,0
2005-03-26,2005,3,26,0
2005-03-27,2005,3,27,0
2005-03-28,2005,3,28,0
2005-03-29,2005,3,29,0
2005-03-30,2005,3,30,0
2005-03-31,2005,3,31,0
2005-04-01,2005,4,1,0
2005-04-02,2005,4,2,0
2005-04-03,2005,4,3,0
2005-04-04,2005,4,4,19.33953
2005-04-05,2005,4,5,8.7947513
2005-04-06,2005,4,6,30.27707
2005-04-07,2005,4,7,0.36088549
2005-04-08,2005,4,8,0
2005-04-09,2005,4,9,0
2005-04-10,2005,4,10,17.062723
2005-04-11,2005,4,11,0
2005-04-12,2005,4,12,0
2005-04-13,2005,4,13,0
2005-04-14,2005,4,14,0
2005-04-15,2005,4,15,0
2005-04-16,2005,4,16,0
2005-04-17,2005,4,17,0
2005-04-18,2005,4,18,0
2005-04-19,2005,4,19,0
2005-04-20,2005,4,20,0
2005-04-21,2005,4,21,0
2005-04-22,2005,4,22,0
2005-04-23,2005,4,23,0
2005-04-24,2005,4,24,0
2005-04-25,2005,4,25,0
2005-04-26,2005,4,26,0
2005-04-27,2005,4,27,0
2005-04-28,2005,4,28,0
2005-04-29,2005,4,29,0
2005-04-30,2005,4,30,0.019146435
2005-05-01,2005,5,1,0
2005-05-02,2005,5,2,0
2005-05-03,2005,5,3,45.449021
2005-05-04,2005,5,4,9.396027
2005-05-05,2005,5,5,0
2005-05-06,2005,5,6,0
2005-05-07,2005,5,7,13.786155
2005-05-08,2005,5,8,29.824683
2005-05-09,2005,5,9,50.86952
2005-05-10,2005,5,10,15.585196
2005-05-11,2005,5,11,52.724931
2005-05-12,2005,5,12,12.778218
2005-05-13,2005,5,13,10.117414
2005-05-14,2005,5,14,0
2005-05-15,2005,5,15,15.606318
2005-05-16,2005,5,16,61.715166
2005-05-17,2005,5,17,42.175947
2005-05-18,2005,5,18,34.927978
2005-05-19,2005,5,19,24.087748
2005-05-20,2005,5,20,13.003591
2005-05-21,2005,5,21,0
2005-05-22,2005,5,22,23.318578
2005-05-23,2005,5,23,37.016584
2005-05-24,2005,5,24,14.604655
2005-05-25,2005,5,25,36.539692
2005-05-26,2005,5,26,24.198242
2005-05-27,2005,5,27,86.082529
2005-05-28,2005,5,28,66.785888
2005-05-29,2005,5,29,4.8301187
2005-05-30,2005,5,30,0
2005-05-31,2005,5,31,22.908552
2005-06-01,2005,6,1,20.928014
2005-06-02,2005,6,2,19.753648
2005-06-03,2005,6,3,23.85551
2005-06-04,2005,6,4,23.061971
2005-06-05,2005,6,5,7.9501499
2005-06-06,2005,6,6,87.201731
2005-06-07,2005,6,7,6.1411638
2005-06-08,2005,6,8,3.4538397
2005-06-09,2005,6,9,35.002147
2005-06-10,2005,6,10,13.648959
2005-06-11,2005,6,11,33.701862
2005-06-12,2005,6,12,3.9437342
2005-06-13,2005,6,13,0
2005-06-14,2005,6,14,0
2005-06-15,2005,6,15,5.7757452
2005-06-16,2005,6,16,2.4967714
2005-06-17,2005,6,17,20.444549
2005-06-18,2005,6,18,18.486698
2005-06-19,2005,6,19,0
2005-06-20,2005,6,20,0.70159359
2005-06-21,2005,6,21,18.237181
2005-06-22,2005,6,22,0.010619939
2005-06-23,2005,6,23,13.250541
2005-06-24,2005,6,24,14.775792
2005-06-25,2005,6,25,10.152107
2005-06-26,2005,6,26,88.409486
2005-06-27,2005,6,27,21.524683
2005-06-28,2005,6,28,30.673381
2005-06-29,2005,6,29,20.40049
2005-06-30,2005,6,30,57.549647
2005-07-01,2005,7,1,54.934569
2005-07-02,2005,7,2,45.869456
2005-07-03,2005,7,3,9.613534
2005-07-04,2005,7,4,0
2005-07-05,2005,7,5,0
2005-07-06,2005,7,6,0
2005-07-07,2005,7,7,36.570148
2005-07-08,2005,7,8,0
2005-07-09,2005,7,9,14.683056
2005-07-10,2005,7,10,0
2005-07-11,2005,7,11,0
2005-07-12,2005,7,12,34.04544
2005-07-13,2005,7,13,12.45038
2005-07-14,2005,7,14,0
2005-07-15,2005,7,15,0
2005-07-16,2005,7,16,3.818027
2005-07-17,2005,7,17,0
2005-07-18,2005,7,18,0
2005-07-19,2005,7,19,0
2005-07-20,2005,7,20,0.20998556
2005-07-21,2005,7,21,0
2005-07-22,2005,7,22,0
2005-07-23,2005,7,23,0
2005-07-24,2005,7,24,0
2005-07-25,2005,7,25,0
2005-07-26,2005,7,26,0
2005-07-27,2005,7,27,12.038782
2005-07-28,2005,7,28,24.107451
2005-07-29,2005,7,29,44.731084
2005-07-30,2005,7,30,33.951357
2005-07-31,2005,7,31,19.707393
2005-08-01,2005,8,1,37.240735
2005-08-02,2005,8,2,28.722973
2005-08-03,2005,8,3,18.585954
2005-08-04,2005,8,4,4.3672654
2005-08-05,2005,8,5,14.171035
2005-08-06,2005,8,6,0
2005-08-07,2005,8,7,0
2005-08-08,2005,8,8,0
2005-08-09,2005,8,9,16.909806
2005-08-10,2005,8,10,0
2005-08-11,2005,8,11,45.524801
2005-08-12,2005,8,12,31.534458
2005-08-13,2005,8,13,0.00043416078
2005-08-14,2005,8,14,0.2641171
2005-08-15,2005,8,15,30.595626
2005-08-16,2005,8,16,26.289078
2005-08-17,2005,8,17,0
2005-08-18,2005,8,18,0
2005-08-19,2005,8,19,0
2005-08-20,2005,8,20,21.026043
2005-08-21,2005,8,21,17.411548
2005-08-22,2005,8,22,1.8961245
2005-08-23,2005,8,23,0
2005-08-24,2005,8,24,0
2005-08-25,2005,8,25,31.020747
2005-08-26,2005,8,26,54.283618
2005-08-27,2005,8,27,31.432538
2005-08-28,2005,8,28,38.656827
2005-08-29,2005,8,29,12.924548
2005-08-30,2005,8,30,0
2005-08-31,2005,8,31,0
2005-09-01,2005,9,1,0
2005-09-02,2005,9,2,13.542653
2005-09-03,2005,9,3,26.657021
2005-09-04,2005,9,4,6.9956379
2005-09-05,2005,9,5,21.986189
2005-09-06,2005,9,6,7.7170905
2005-09-07,2005,9,7,0
2005-09-08,2005,9,8,0
2005-09-09,2005,9,9,0
2005-09-10,2005,9,10,0
2005-09-11,2005,9,11,0
2005-09-12,2005,9,12,0
2005-09-13,2005,9,13,0
2005-09-14,2005,9,14,0
2005-09-15,2005,9,15,0
2005-09-16,2005,9,16,0
2005-09-17,2005,9,17,0
2005-09-18,2005,9,18,0
2005-09-19,2005,9,19,0
2005-09-20,2005,9,20,0
2005-09-21,2005,9,21,0
2005-09-22,2005,9,22,0
2005-09-23,2005,9,23,4.1047531
2005-09-24,2005,9,24,0
2005-09-25,2005,9,25,0
2005-09-26,2005,9,26,0
2005-09-27,2005,9,27,0
2005-09-28,2005,9,28,8.1222289
2005-09-29,2005,9,29,3.3827315
2005-09-30,2005,9,30,0.0027192175
2005-10-01,2005,10,1,0
2005-10-02,2005,10,2,5.768184
2005-10-03,2005,10,3,0.89064524
2005-10-04,2005,10,4,3.6262765
2005-10-05,2005,10,5,0
2005-10-06,2005,10,6,0
2005-10-07,2005,10,7,0
2005-10-08,2005,10,8,0
2005-10-09,2005,10,9,0
2005-10-10,2005,10,10,14.103913
2005-10-11,2005,10,11,22.029453
2005-10-12,2005,10,12,0.2360836
2005-10-13,2005,10,13,0
2005-10-14,2005,10,14,0
2005-10-15,2005,10,15,0
2005-10-16,2005,10,16,0
2005-10-17,2005,10,17,0
2005-10-18,2005,10,18,0
2005-10-19,2005,10,19,0
2005-10-20,2005,10,20,0.1399032
2005-10-21,2005,10,21,3.5154543
2005-10-22,2005,10,22,0
2005-10-23,2005,10,23,0
2005-10-24,2005,10,24,0
2005-10-25,2005,10,25,0
2005-10-26,2005,10,26,0
2005-10-27,2005,10,27,5.2208549
2005-10-28,2005,10,28,5.7456823
2005-10-29,2005,10,29,0
2005-10-30,2005,10,30,0
2005-10-31,2005,10,31,0
2005-11-01,2005,11,1,0
2005-11-02,2005,11,2,24.68614
2005-11-03,2005,11,3,3.5711253
2005-11-04,2005,11,4,0
2005-11-05,2005,11,5,0
2005-11-06,2005,11,6,0
2005-11-07,2005,11,7,0
2005-11-08,2005,11,8,0
2005-11-09,2005,11,9,0
2005-11-10,2005,11,10,0
2005-11-11,2005,11,11,0
2005-11-12,2005,11,12,0
2005-11-13,2005,11,13,0
2005-11-14,2005,11,14,9.1042907
2005-11-15,2005,11,15,0
2005-11-16,2005,11,16,6.5295179
2005-11-17,2005,11,17,13.061966
2005-11-18,2005,11,18,4.7615097
2005-11-19,2005,11,19,0
2005-11-20,2005,11,20,16.799249
2005-11-21,2005,11,21,24.33837
2005-11-22,2005,11,22,61.19176
2005-11-23,2005,11,23,28.918052
2005-11-24,2005,11,24,42.263549
2005-11-25,2005,11,25,8.5855696
2005-11-26,2005,11,26,49.669985
2005-11-27,2005,11,27,49.915427
2005-11-28,2005,11,28,2.4749893
2005-11-29,2005,11,29,0
2005-11-30,2005,11,30,0
2005-12-01,2005,12,1,0
2005-12-02,2005,12,2,6.4308967
2005-12-03,2005,12,3,28.261929
2005-12-04,2005,12,4,15.896699
2005-12-05,2005,12,5,2.5608687
2005-12-06,2005,12,6,17.176153
2005-12-07,2005,12,7,27.111137
2005-12-08,2005,12,8,0
2005-12-09,2005,12,9,0
2005-12-10,2005,12,10,0
2005-12-11,2005,12,11,0
2005-12-12,2005,12,12,0
2005-12-13,2005,12,13,0
2005-12-14,2005,12,14,0
2005-12-15,2005,12,15,0
2005-12-16,2005,12,16,0
2005-12-17,2005,12,17,0
2005-12-18,2005,12,18,0
2005-12-19,2005,12,19,0
2005-12-20,2005,12,20,0
2005-12-21,2005,12,21,0
2005-12-22,2005,12,22,0
2005-12-23,2005,12,23,0
2005-12-24,2005,12,24,0
2005-12-25,2005,12,25,0
2005-12-26,2005,12,26,0
2005-12-27,2005,12,27,0
2005-12-28,2005,12,28,0
2005-12-29,2005,12,29,0
2005-12-30,2005,12,30,0
2005-12-31,2005,12,31,0
2006-01-01,2006,1,1,8.45792
2006-01-02,2006,1,2,0
2006-01-03,2006,1,3,0
2006-01-04,2006,1,4,6.3838947
2006-01-05,2006,1,5,33.975299
2006-01-06,2006,1,6,0
2006-01-07,2006,1,7,28.31729
2006-01-08,2006,1,8,13.800306
2006-01-09,2006,1,9,42.175167
2006-01-10,2006,1,10,0
2006-01-11,2006,1,11,0.045939517
2006-01-12,2006,1,12,0
2006-01-13,2006,1,13,0
2006-01-14,2006,1,14,8.1578749
2006-01-15,2006,1,15,0
2006-01-16,2006,1,16,0
2006-01-17,2006,1,17,0
2006-01-18,2006,1,18,4.7314663
2006-01-19,2006,1,19,0
2006-01-20,2006,1,20,0
2006-01-21,2006,1,21,0
2006-01-22,2006,1,22,0
2006-01-23,2006,1,23,0
2006-01-24,2006,1,24,0
2006-01-25,2006,1,25,0
2006-01-26,2006,1,26,0
2006-01-27,2006,1,27,0
2006-01-28,2006,1,28,0
2006-01-29,2006,1,29,0
2006-01-30,2006,1,30,0
2006-01-31,2006,1,31,0
2006-02-01,2006,2,1,0
2006-02-02,2006,2,2,0
2006-02-03,2006,2,3,8.5179063
2006-02-04,2006,2,4,0
2006-02-05,2006,2,5,0
2006-02-06,2006,2,6,0
2006-02-07,2006,2,7,0
2006-02-08,2006,2,8,0
2006-02-09,2006,2,9,0
2006-02-10,2006,2,10,0
2006-02-11,2006,2,11,0
2006-02-12,2006,2,12,0
2006-02-13,2006,2,13,0
2006-02-14,2006,2,14,0
2006-02-15,2006,2,15,6.514066
2006-02-16,2006,2,16,1.1467681
2006-02-17,2006,2,17,0
2006-02-18,2006,2,18,0
2006-02-19,2006,2,19,0
2006-02-20,2006,2,20,0
2006-02-21,2006,2,21,13.283751
2006-02-22,2006,2,22,12.403677
2006-02-23,2006,2,23,0
2006-02-24,2006,2,24,0
2006-02-25,2006,2,25,0.012522841
2006-02-26,2006,2,26,11.016788
2006-02-27,2006,2,27,7.5527773e-05
2006-02-28,2006,2,28,0
2006-03-01,2006,3,1,0
2006-03-02,2006,3,2,0
2006-03-03,2006,3,3,0
2006-03-04,2006,3,4,0
2006-03-05,2006,3,5,4.6725817
2006-03-06,2006,3,6,8.5232944
2006-03-07,2006,3,7,21.459762
2006-03-08,2006,3,8,20.180971
2006-03-09,2006,3,9,0
2006-03-10,2006,3,10,0
2006-03-11,2006,3,11,0
2006-03-12,2006,3,12,5.9335513
2006-03-13,2006,3,13,13.364209
2006-03-14,2006,3,14,0
2006-03-15,2006,3,15,0
2006-03-16,2006,3,16,20.709045
2006-03-17,2006,3,17,0
2006-03-18,2006,3,18,0
2006-03-19,2006,3,19,0
2006-03-20,2006,3,20,0
2006-03-21,2006,3,21,0
2006-03-22,2006,3,22,0
2006-03-23,2006,3,23,19.199297
2006-03-24,2006,3,24,0
2006-03-25,2006,3,25,0
2006-03-26,2006,3,26,0
2006-03-27,2006,3,27,0
2006-03-28,2006,3,28,0
2006-03-29,2006,3,29,0
2006-03-30,2006,3,30,0
2006-03-31,2006,3,31,0
2006-04-01,2006,4,1,0
2006-04-02,2006,4,2,0
2006-04-03,2006,4,3,0.97107369
2006-04-04,2006,4,4,0
2006-04-05,2006,4,5,0
2006-04-06,2006,4,6,0
2006-04-07,2006,4,7,0
2006-04-08,2006,4,8,0
2006-04-09,2006,4,9,0
2006-04-10,2006,4,10,0
2006-04-11,2006,4,11,32.985339
2006-04-12,2006,4,12,10.405306
2006-04-13,2006,4,13,3.0449317
2006-04-14,2006,4,14,0
2006-04-15,2006,4,15,0
2006-04-16,2006,4,16,0
2006-04-17,2006,4,17,6.1622817
2006-04-18,2006,4,18,96.25403
2006-04-19,2006,4,19,63.098357
2006-04-20,2006,4,20,8.6067633
2006-04-21,2006,4,21,20.660664
2006-04-22,2006,4,22,0
2006-04-23,2006,4,23,0
2006-04-24,2006,4,24,0
2006-04-25,2006,4,25,0
2006-04-26,2006,4,26,0
2006-04-27,2006,4,27,9.2843569
2006-04-28,2006,4,28,0
2006-04-29,2006,4,29,0
2006-04-30,2006,4,30,0
2006-05-01,2006,5,1,0
2006-05-02,2006,5,2,0
2006-05-03,2006,5,3,0
2006-05-04,2006,5,4,0
2006-05-05,2006,5,5,0
2006-05-06,2006,5,6,0
2006-05-07,2006,5,7,0
2006-05-08,2006,5,8,0
2006-05-09,2006,5,9,0
2006-05-10,2006,5,10,0
2006-05-11,2006,5,11,0
2006-05-12,2006,5,12,0
2006-05-13,2006,5,13,0
2006-05-14,2006,5,14,5.6810746
2006-05-15,2006,5,15,44.315507
2006-05-16,2006,5,16,11.926048
2006-05-17,2006,5,17,13.259756
2006-05-18,2006,5,18,0
2006-05-19,2006,5,19,0
2006-05-20,2006,5,20,0
2006-05-21,2006,5,21,0
2006-05-22,2006,5,22,10.440296
2006-05-23,2006,5,23,26.302395
2006-05-24,2006,5,24,53.963753
2006-05-25,2006,5,25,59.776691
2006-05-26,2006,5,26,6.7721317
2006-05-27,2006,5,27,0
2006-05-28,2006,5,28,5.2897376
2006-05-29,2006,5,29,0
2006-05-30,2006,5,30,0
2006-05-31,2006,5,31,17.006629
2006-06-01,2006,6,1,15.917568
2006-06-02,2006,6,2,4.9548527
2006-06-03,2006,6,3,12.330957
2006-06-04,2006,6,4,31.817056
2006-06-05,2006,6,5,29.46982
2006-06-06,2006,6,6,87.01204
2006-06-07,2006,6,7,59.278041
2006-06-08,2006,6,8,6.7015688
2006-06-09,2006,6,9,0
2006-06-10,2006,6,10,10.589658
2006-06-11,2006,6,11,69.482515
2006-06-12,2006,6,12,31.45485
2006-06-13,2006,6,13,1.2556784
2006-06-14,2006,6,14,30.694767
2006-06-15,2006,6,15,0
2006-06-16,2006,6,16,16.317484
2006-06-17,2006,6,17,21.360825
2006-06-18,2006,6,18,42.841995
2006-06-19,2006,6,19,36.296407
2006-06-20,2006,6,20,16.429254
2006-06-21,2006,6,21,0.40361074
2006-06-22,2006,6,22,0.018551285
2006-06-23,2006,6,23,27.93877
2006-06-24,2006,6,24,15.790862
2006-06-25,2006,6,25,5.5082365
2006-06-26,2006,6,26,0
2006-06-27,2006,6,27,0.35477714
2006-06-28,2006,6,28,0
2006-06-29,2006,6,29,21.866009
2006-06-30,2006,6,30,31.020714
2006-07-01,2006,7,1,48.285874
2006-07-02,2006,7,2,13.827702
2006-07-03,2006,7,3,1.0799976
2006-07-04,2006,7,4,0
2006-07-05,2006,7,5,0.13334983
2006-07-06,2006,7,6,51.073836
2006-07-07,2006,7,7,33.410138
2006-07-08,2006,7,8,19.42574
2006-07-09,2006,7,9,34.263856
2006-07-10,2006,7,10,109.53041
2006-07-11,2006,7,11,53.036643
2006-07-12,2006,7,12,17.750069
2006-07-13,2006,7,13,0
2006-07-14,2006,7,14,0
2006-07-15,2006,7,15,23.762829
2006-07-16,2006,7,16,2.1851391
2006-07-17,2006,7,17,25.870887
2006-07-18,2006,7,18,0
2006-07-19,2006,7,19,23.685139
2006-07-20,2006,7,20,23.556597
2006-07-21,2006,7,21,34.195543
2006-07-22,2006,7,22,9.6095365
2006-07-23,2006,7,23,13.637006
2006-07-24,2006,7,24,17.373723
2006-07-25,2006,7,25,29.892156
2006-07-26,2006,7,26,15.300079
2006-07-27,2006,7,27,11.863838
2006-07-28,2006,7,28,0
2006-07-29,2006,7,29,0
2006-07-30,2006,7,30,0
2006-07-31,2006,7,31,0
2006-08-01,2006,8,1,0
2006-08-02,2006,8,2,8.3907541
2006-08-03,2006,8,3,27.721113
2006-08-04,2006,8,4,7.9670657
2006-08-05,2006,8,5,9.5242315
2006-08-06,2006,8,6,38.420918
2006-08-07,2006,8,7,4.8165812
2006-08-08,2006,8,8,38.900393
2006-08-09,2006,8,9,31.67583
2006-08-10,2006,8,10,64.083046
2006-08-11,2006,8,11,37.513492
2006-08-12,2006,8,12,35.634033
2006-08-13,2006,8,13,29.469087
2006-08-14,2006,8,14,5.3184857
2006-08-15,2006,8,15,0
2006-08-16,2006,8,16,1.6615821
2006-08-17,2006,8,17,0
2006-08-18,2006,8,18,0
2006-08-19,2006,8,19,0
2006-08-20,2006,8,20,0
2006-08-21,2006,8,21,0
2006-08-22,2006,8,22,0
2006-08-23,2006,8,23,0
2006-08-24,2006,8,24,0
2006-08-25,2006,8,25,5.1212023
2006-08-26,2006,8,26,0
2006-08-27,2006,8,27,0
2006-08-28,2006,8,28,0
2006-08-29,2006,8,29,1.0352265
2006-08-30,2006,8,30,51.440791
2006-08-31,2006,8,31,6.2769387
2006-09-01,2006,9,1,0
2006-09-02,2006,9,2,0
2006-09-03,2006,9,3,0
2006-09-04,2006,9,4,0
2006-09-05,2006,9,5,0
2006-09-06,2006,9,6,22.380908
2006-09-07,2006,9,7,9.9685675
2006-09-08,2006,9,8,10.19538
2006-09-09,2006,9,9,76.153016
2006-09-10,2006,9,10,32.263733
2006-09-11,2006,9,11,10.964342
2006-09-12,2006,9,12,0
2006-09-13,2006,9,13,0
2006-09-14,2006,9,14,0
2006-09-15,2006,9,15,0
2006-09-16,2006,9,16,0
2006-09-17,2006,9,17,0
2006-09-18,2006,9,18,0
2006-09-19,2006,9,19,0
2006-09-20,2006,9,20,10.202277
2006-09-21,2006,9,21,28.600699
2006-09-22,2006,9,22,8.9948831
2006-09-23,2006,9,23,0
2006-09-24,2006,9,24,0
2006-09-25,2006,9,25,8.7540804
2006-09-26,2006,9,26,5.6382696
2006-09-27,2006,9,27,0
2006-09-28,2006,9,28,0
2006-09-29,2006,9,29,0
2006-09-30,2006,9,30,11.771273
2006-10-01,2006,10,1,0
2006-10-02,2006,10,2,0
2006-10-03,2006,10,3,17.134486
2006-10-04,2006,10,4,6.5000252
2006-10-05,2006,10,5,7.6357441
2006-10-06,2006,10,6,4.421994
2006-10-07,2006,10,7,0
2006-10-08,2006,10,8,5.6556914
2006-10-09,2006,10,9,0
2006-10-10,2006,10,10,0
2006-10-11,2006,10,11,39.193766
2006-10-12,2006,10,12,20.699917
2006-10-13,2006,10,13,31.898278
2006-10-14,2006,10,14,16.944544
2006-10-15,2006,10,15,0
2006-10-16,2006,10,16,0
2006-10-17,2006,10,17,0
2006-10-18,2006,10,18,0
2006-10-19,2006,10,19,0.38704502
2006-10-20,2006,10,20,0
2006-10-21,2006,10,21,0
2006-10-22,2006,10,22,0
2006-10-23,2006,10,23,11.511913
2006-10-24,2006,10,24,14.829822
2006-10-25,2006,10,25,0
2006-10-26,2006,10,26,15.149334
2006-10-27,2006,10,27,29.783398
2006-10-28,2006,10,28,16.465849
2006-10-29,2006,10,29,18.35739
2006-10-30,2006,10,30,4.7260013
2006-10-31,2006,10,31,7.7828189
2006-11-01,2006,11,1,12.853079
2006-11-02,2006,11,2,0.96075408
2006-11-03,2006,11,3,0
2006-11-04,2006,11,4,0
2006-11-05,2006,11,5,7.5401217
2006-11-06,2006,11,6,0
2006-11-07,2006,11,7,0
2006-11-08,2006,11,8,0
2006-11-09,2006,11,9,0
2006-11-10,2006,11,10,0
2006-11-11,2006,11,11,0
2006-11-12,2006,11,12,12.402769
2006-11-13,2006,11,13,17.902797
2006-11-14,2006,11,14,11.676016
2006-11-15,2006,11,15,8.5235864
2006-11-16,2006,11,16,0
2006-11-17,2006,11,17,0
2006-11-18,2006,11,18,0
2006-11-19,2006,11,19,0
2006-11-20,2006,11,20,0
2006-11-21,2006,11,21,0
2006-11-22,2006,11,22,0
2006-11-23,2006,11,23,0
2006-11-24,2006,11,24,0
2006-11-25,2006,11,25,0
2006-11-26,2006,11,26,2.2299291
2006-11-27,2006,11,27,0
2006-11-28,2006,11,28,0
2006-11-29,2006,11,29,0
2006-11-30,2006,11,30,0
2006-12-01,2006,12,1,8.9683308
2006-12-02,2006,12,2,0
2006-12-03,2006,12,3,0
2006-12-04,2006,12,4,0
2006-12-05,2006,12,5,0
2006-12-06,2006,12,6,0
2006-12-07,2006,12,7,0.00042022822
2006-12-08,2006,12,8,0
2006-12-09,2006,12,9,0
2006-12-10,2006,12,10,0
2006-12-11,2006,12,11,0
2006-12-12,2006,12,12,0
2006-12-13,2006,12,13,9.8682097
2006-12-14,2006,12,14,3.576471
2006-12-15,2006,12,15,25.166011
2006-12-16,2006,12,16,4.6449747
2006-12-17,2006,12,17,6.395643
2006-12-18,2006,12,18,4.421161
2006-12-19,2006,12,19,8.333805
2006-12-20,2006,12,20,1.8970341
2006-12-21,2006,12,21,0.015044424
2006-12-22,2006,12,22,50.568393
2006-12-23,2006,12,23,30.975143
2006-12-24,2006,12,24,3.2963456
2006-12-25,2006,12,25,0
2006-12-26,2006,12,26,29.372926
2006-12-27,2006,12,27,0
2006-12-28,2006,12,28,0
2006-12-29,2006,12,29,0
2006-12-30,2006,12,30,0
2006-12-31,2006,12,31,3.4303345
2007-01-01,2007,1,1,0
2007-01-02,2007,1,2,0
2007-01-03,2007,1,3,0
2007-01-04,2007,1,4,0
2007-01-05,2007,1,5,0
2007-01-06,2007,1,6,0
2007-01-07,2007,1,7,0.40395212
2007-01-08,2007,1,8,0
2007-01-09,2007,1,9,0
2007-01-10,2007,1,10,0
2007-01-11,2007,1,11,0
2007-01-12,2007,1,12,0
2007-01-13,2007,1,13,0
2007-01-14,2007,1,14,0
2007-01-15,2007,1,15,0
2007-01-16,2007,1,16,0
2007-01-17,2007,1,17,0
2007-01-18,2007,1,18,0
2007-01-19,2007,1,19,6.3492079
2007-01-20,2007,1,20,0
2007-01-21,2007,1,21,0
2007-01-22,2007,1,22,45.110876
2007-01-23,2007,1,23,0.13927576
2007-01-24,2007,1,24,0
2007-01-25,2007,1,25,0
2007-01-26,2007,1,26,0
2007-01-27,2007,1,27,0
2007-01-28,2007,1,28,0
2007-01-29,2007,1,29,0
2007-01-30,2007,1,30,0
2007-01-31,2007,1,31,0
2007-02-01,2007,2,1,0
2007-02-02,2007,2,2,0
2007-02-03,2007,2,3,0
2007-02-04,2007,2,4,0
2007-02-05,2007,2,5,0.0020783582
2007-02-06,2007,2,6,0
2007-02-07,2007,2,7,0
2007-02-08,2007,2,8,0
2007-02-09,2007,2,9,0
2007-02-10,2007,2,10,0
2007-02-11,2007,2,11,0.47094272
2007-02-12,2007,2,12,0
2007-02-13,2007,2,13,4.6302372
2007-02-14,2007,2,14,9.7364785
2007-02-15,2007,2,15,54.484843
2007-02-16,2007,2,16,0.57526391
2007-02-17,2007,2,17,0
2007-02-18,2007,2,18,0
2007-02-19,2007,2,19,0
2007-02-20,2007,2,20,4.7816275
2007-02-21,2007,2,21,11.861258
2007-02-22,2007,2,22,0
2007-02-23,2007,2,23,0
2007-02-24,2007,2,24,0
2007-02-25,2007,2,25,0
2007-02-26,2007,2,26,0
2007-02-27,2007,2,27,0
2007-02-28,2007,2,28,0
2007-03-01,2007,3,1,0
2007-03-02,2007,3,2,0
2007-03-03,2007,3,3,0
2007-03-04,2007,3,4,0
2007-03-05,2007,3,5,0
2007-03-06,2007,3,6,0
2007-03-07,2007,3,7,9.8204004
2007-03-08,2007,3,8,11.981334
2007-03-09,2007,3,9,0
2007-03-10,2007,3,10,0
2007-03-11,2007,3,11,8.9103876
2007-03-12,2007,3,12,0
2007-03-13,2007,3,13,0
2007-03-14,2007,3,14,2.9362853
2007-03-15,2007,3,15,7.9128617
2007-03-16,2007,3,16,0
2007-03-17,2007,3,17,0
2007-03-18,2007,3,18,0
2007-03-19,2007,3,19,0
2007-03-20,2007,3,20,0
2007-03-21,2007,3,21,8.1290366
2007-03-22,2007,3,22,4.5943792
2007-03-23,2007,3,23,0
2007-03-24,2007,3,24,0
2007-03-25,2007,3,25,0
2007-03-26,2007,3,26,0
2007-03-27,2007,3,27,0
2007-03-28,2007,3,28,0
2007-03-29,2007,3,29,0
2007-03-30,2007,3,30,0
2007-03-31,2007,3,31,0
2007-04-01,2007,4,1,0
2007-04-02,2007,4,2,0
2007-04-03,2007,4,3,0
2007-04-04,2007,4,4,0
2007-04-05,2007,4,5,0
2007-04-06,2007,4,6,0
2007-04-07,2007,4,7,0
2007-04-08,2007,4,8,0
2007-04-09,2007,4,9,23.106167
2007-04-10,2007,4,10,28.635963
2007-04-11,2007,4,11,10.745491
2007-04-12,2007,4,12,0
2007-04-13,2007,4,13,46.035066
2007-04-14,2007,4,14,6.103874
2007-04-15,2007,4,15,0
2007-04-16,2007,4,16,44.563023
2007-04-17,2007,4,17,10.94045
2007-04-18,2007,4,18,29.248014
2007-04-19,2007,4,19,7.0184232
2007-04-20,2007,4,20,0
2007-04-21,2007,4,21,0
2007-04-22,2007,4,22,2.5651415
2007-04-23,2007,4,23,1.0520092
2007-04-24,2007,4,24,0
2007-04-25,2007,4,25,0
2007-04-26,2007,4,26,0
2007-04-27,2007,4,27,0
2007-04-28,2007,4,28,0
2007-04-29,2007,4,29,0.48647028
2007-04-30,2007,4,30,15.351478
2007-05-01,2007,5,1,11.319462
2007-05-02,2007,5,2,11.053408
2007-05-03,2007,5,3,31.792985
2007-05-04,2007,5,4,19.327454
2007-05-05,2007,5,5,0.43677624
2007-05-06,2007,5,6,0
2007-05-07,2007,5,7,0
2007-05-08,2007,5,8,0
2007-05-09,2007,5,9,0
2007-05-10,2007,5,10,5.6636718
2007-05-11,2007,5,11,0
2007-05-12,2007,5,12,0
2007-05-13,2007,5,13,7.4839777
2007-05-14,2007,5,14,1.3682473
2007-05-15,2007,5,15,6.6114087
2007-05-16,2007,5,16,0
2007-05-17,2007,5,17,0
2007-05-18,2007,5,18,0
2007-05-19,2007,5,19,9.2871543
2007-05-20,2007,5,20,9.3748586
2007-05-21,2007,5,21,0
2007-05-22,2007,5,22,0
2007-05-23,2007,5,23,0
2007-05-24,2007,5,24,0
2007-05-25,2007,5,25,0
2007-05-26,2007,5,26,0
2007-05-27,2007,5,27,0
2007-05-28,2007,5,28,0
2007-05-29,2007,5,29,0
2007-05-30,2007,5,30,14.545153
2007-05-31,2007,5,31,15.09236
2007-06-01,2007,6,1,7.9069234
2007-06-02,2007,6,2,0
2007-06-03,2007,6,3,0
2007-06-04,2007,6,4,0
2007-06-05,2007,6,5,0.22061651
2007-06-06,2007,6,6,8.0267723
2007-06-07,2007,6,7,27.457391
2007-06-08,2007,6,8,16.889815
2007-06-09,2007,6,9,22.322226
2007-06-10,2007,6,10,19.970946
2007-06-11,2007,6,11,36.333816
2007-06-12,2007,6,12,31.805883
2007-06-13,2007,6,13,24.358816
2007-06-14,2007,6,14,2.3032957
2007-06-15,2007,6,15,0
2007-06-16,2007,6,16,14.732015
2007-06-17,2007,6,17,0
2007-06-18,2007,6,18,0
2007-06-19,2007,6,19,18.714285
2007-06-20,2007,6,20,21.600871
2007-06-21,2007,6,21,50.576047
2007-06-22,2007,6,22,31.83013
2007-06-23,2007,6,23,10.351824
2007-06-24,2007,6,24,0
2007-06-25,2007,6,25,0
2007-06-26,2007,6,26,0
2007-06-27,2007,6,27,0
2007-06-28,2007,6,28,0
2007-06-29,2007,6,29,0
2007-06-30,2007,6,30,0
2007-07-01,2007,7,1,0
2007-07-02,2007,7,2,28.693263
2007-07-03,2007,7,3,20.81665
2007-07-04,2007,7,4,47.083645
2007-07-05,2007,7,5,26.710362
2007-07-06,2007,7,6,15.856605
2007-07-07,2007,7,7,0
2007-07-08,2007,7,8,0
2007-07-09,2007,7,9,0
2007-07-10,2007,7,10,0
2007-07-11,2007,7,11,0
2007-07-12,2007,7,12,42.624474
2007-07-13,2007,7,13,24.755855
2007-07-14,2007,7,14,15.174503
2007-07-15,2007,7,15,7.3824533
2007-07-16,2007,7,16,38.47426
2007-07-17,2007,7,17,22.498018
2007-07-18,2007,7,18,35.796663
2007-07-19,2007,7,19,19.793311
2007-07-20,2007,7,20,14.660468
2007-07-21,2007,7,21,20.061858
2007-07-22,2007,7,22,43.593474
2007-07-23,2007,7,23,24.585653
2007-07-24,2007,7,24,9.3886032
2007-07-25,2007,7,25,0
2007-07-26,2007,7,26,0
2007-07-27,2007,7,27,0
2007-07-28,2007,7,28,0
2007-07-29,2007,7,29,3.314581
2007-07-30,2007,7,30,16.194505
2007-07-31,2007,7,31,0
2007-08-01,2007,8,1,0.08588612
2007-08-02,2007,8,2,0
2007-08-03,2007,8,3,0
2007-08-04,2007,8,4,0
2007-08-05,2007,8,5,0
2007-08-06,2007,8,6,20.53285
2007-08-07,2007,8,7,37.553817
2007-08-08,2007,8,8,0.014094619
2007-08-09,2007,8,9,0
2007-08-10,2007,8,10,0
2007-08-11,2007,8,11,0
2007-08-12,2007,8,12,37.77008
2007-08-13,2007,8,13,51.614104
2007-08-14,2007,8,14,32.371412
2007-08-15,2007,8,15,2.6308582
2007-08-16,2007,8,16,0
2007-08-17,2007,8,17,0
2007-08-18,2007,8,18,0
2007-08-19,2007,8,19,0
2007-08-20,2007,8,20,0.28789396
2007-08-21,2007,8,21,5.8236463
2007-08-22,2007,8,22,0
2007-08-23,2007,8,23,13.080883
2007-08-24,2007,8,24,0
2007-08-25,2007,8,25,7.0998235
2007-08-26,2007,8,26,0
2007-08-27,2007,8,27,17.470716
2007-08-28,2007,8,28,0
2007-08-29,2007,8,29,0
2007-08-30,2007,8,30,0
2007-08-31,2007,8,31,0
2007-09-01,2007,9,1,0
2007-09-02,2007,9,2,0.86151597
2007-09-03,2007,9,3,49.002953
2007-09-04,2007,9,4,4.2373541
2007-09-05,2007,9,5,0
2007-09-06,2007,9,6,0
2007-09-07,2007,9,7,0
2007-09-08,2007,9,8,7.0452589
2007-09-09,2007,9,9,8.4227428
2007-09-10,2007,9,10,1.6861769
2007-09-11,2007,9,11,0
2007-09-12,2007,9,12,0
2007-09-13,2007,9,13,4.7966572
2007-09-14,2007,9,14,0
2007-09-15,2007,9,15,0
2007-09-16,2007,9,16,0
2007-09-17,2007,9,17,2.0389665
2007-09-18,2007,9,18,0
2007-09-19,2007,9,19,19.036808
2007-09-20,2007,9,20,18.230388
2007-09-21,2007,9,21,4.8919349
2007-09-22,2007,9,22,0
2007-09-23,2007,9,23,0
2007-09-24,2007,9,24,0
2007-09-25,2007,9,25,0
2007-09-26,2007,9,26,0.3627325
2007-09-27,2007,9,27,0
2007-09-28,2007,9,28,0
2007-09-29,2007,9,29,0
2007-09-30,2007,9,30,0
2007-10-01,2007,10,1,0
2007-10-02,2007,10,2,0
2007-10-03,2007,10,3,5.6477667
2007-10-04,2007,10,4,4.9573789
2007-10-05,2007,10,5,6.523814
2007-10-06,2007,10,6,0
2007-10-07,2007,10,7,0
2007-10-08,2007,10,8,0
2007-10-09,2007,10,9,0.37598251
2007-10-10,2007,10,10,0.41806098
2007-10-11,2007,10,11,6.0584733
2007-10-12,2007,10,12,4.8768922
2007-10-13,2007,10,13,9.4651827
2007-10-14,2007,10,14,0
2007-10-15,2007,10,15,0.38190835
2007-10-16,2007,10,16,16.649602
2007-10-17,2007,10,17,0
2007-10-18,2007,10,18,6.0228061
2007-10-19,2007,10,19,18.98913
2007-10-20,2007,10,20,1.4407268
2007-10-21,2007,10,21,0
2007-10-22,2007,10,22,0
2007-10-23,2007,10,23,0
2007-10-24,2007,10,24,24.472568
2007-10-25,2007,10,25,21.607703
2007-10-26,2007,10,26,9.6282221
2007-10-27,2007,10,27,0
2007-10-28,2007,10,28,7.9039575
2007-10-29,2007,10,29,0
2007-10-30,2007,10,30,15.364444
2007-10-31,2007,10,31,0
2007-11-01,2007,11,1,1.3994373
2007-11-02,2007,11,2,0
2007-11-03,2007,11,3,0
2007-11-04,2007,11,4,0
2007-11-05,2007,11,5,0
2007-11-06,2007,11,6,0
2007-11-07,2007,11,7,0
2007-11-08,2007,11,8,0.22206626
2007-11-09,2007,11,9,7.6602021
2007-11-10,2007,11,10,0
2007-11-11,2007,11,11,0
2007-11-12,2007,11,12,4.1720866
2007-11-13,2007,11,13,0.0092341868
2007-11-14,2007,11,14,0
2007-11-15,2007,11,15,0.081792525
2007-11-16,2007,11,16,19.053719
2007-11-17,2007,11,17,8.8589841
2007-11-18,2007,11,18,0
2007-11-19,2007,11,19,0
2007-11-20,2007,11,20,0
2007-11-21,2007,11,21,0.0022853032
2007-11-22,2007,11,22,0
2007-11-23,2007,11,23,0
2007-11-24,2007,11,24,0
2007-11-25,2007,11,25,0
2007-11-26,2007,11,26,0
2007-11-27,2007,11,27,0
2007-11-28,2007,11,28,0
2007-11-29,2007,11,29,0
2007-11-30,2007,11,30,6.7534244
2007-12-01,2007,12,1,0
2007-12-02,2007,12,2,0
2007-12-03,2007,12,3,0.0023516824
2007-12-04,2007,12,4,0
2007-12-05,2007,12,5,2.7362328
2007-12-06,2007,12,6,26.842957
2007-12-07,2007,12,7,2.709494
2007-12-08,2007,12,8,0
2007-12-09,2007,12,9,19.303608
2007-12-10,2007,12,10,0
2007-12-11,2007,12,11,0
2007-12-12,2007,12,12,0
2007-12-13,2007,12,13,3.3139584
2007-12-14,2007,12,14,0
2007-12-15,2007,12,15,0
2007-12-16,2007,12,16,0
2007-12-17,2007,12,17,0
2007-12-18,2007,12,18,0
2007-12-19,2007,12,19,0
2007-12-20,2007,12,20,0
2007-12-21,2007,12,21,0
2007-12-22,2007,12,22,0
2007-12-23,2007,12,23,0
2007-12-24,2007,12,24,0
2007-12-25,2007,12,25,0.00064702536
2007-12-26,2007,12,26,4.7655669
2007-12-27,2007,12,27,0
2007-12-28,2007,12,28,0
2007-12-29,2007,12,29,10.206125
2007-12-30,2007,12,30,4.7496113
2007-12-31,2007,12,31,0
2008-01-01,2008,1,1,0
2008-01-02,2008,1,2,0
2008-01-03,2008,1,3,0
2008-01-04,2008,1,4,0
2008-01-05,2008,1,5,0
2008-01-06,2008,1,6,0
2008-01-07,2008,1,7,0
2008-01-08,2008,1,8,12.326445
2008-01-09,2008,1,9,34.346867
2008-01-10,2008,1,10,4.2295659
2008-01-11,2008,1,11,0
2008-01-12,2008,1,12,0.0036295992
2008-01-13,2008,1,13,20.406098
2008-01-14,2008,1,14,0
2008-01-15,2008,1,15,0
2008-01-16,2008,1,16,0
2008-01-17,2008,1,17,0
2008-01-18,2008,1,18,0
2008-01-19,2008,1,19,0
2008-01-20,2008,1,20,0
2008-01-21,2008,1,21,0
2008-01-22,2008,1,22,0
2008-01-23,2008,1,23,0
2008-01-24,2008,1,24,0
2008-01-25,2008,1,25,1.3155697
2008-01-26,2008,1,26,0
2008-01-27,2008,1,27,0
2008-01-28,2008,1,28,0
2008-01-29,2008,1,29,0
2008-01-30,2008,1,30,0.22542882
2008-01-31,2008,1,31,0
2008-02-01,2008,2,1,0
2008-02-02,2008,2,2,0
2008-02-03,2008,2,3,0
2008-02-04,2008,2,4,0
2008-02-05,2008,2,5,3.3023601
2008-02-06,2008,2,6,0
2008-02-07,2008,2,7,0.11890293
2008-02-08,2008,2,8,0.0041134313
2008-02-09,2008,2,9,0
2008-02-10,2008,2,10,0
2008-02-11,2008,2,11,0
2008-02-12,2008,2,12,0
2008-02-13,2008,2,13,3.6319013
2008-02-14,2008,2,14,0
2008-02-15,2008,2,15,0
2008-02-16,2008,2,16,0
2008-02-17,2008,2,17,0
2008-02-18,2008,2,18,0
2008-02-19,2008,2,19,0
2008-02-20,2008,2,20,0
2008-02-21,2008,2,21,0
2008-02-22,2008,2,22,0
2008-02-23,2008,2,23,0
2008-02-24,2008,2,24,0
2008-02-25,2008,2,25,0.0017982132
2008-02-26,2008,2,26,0
2008-02-27,2008,2,27,0
2008-02-28,2008,2,28,0
2008-02-29,2008,2,29,64.763906
2008-03-01,2008,3,1,3.6620165
2008-03-02,2008,3,2,0
2008-03-03,2008,3,3,0
2008-03-04,2008,3,4,0
2008-03-05,2008,3,5,0
2008-03-06,2008,3,6,0
2008-03-07,2008,3,7,17.929248
2008-03-08,2008,3,8,9.6106272
2008-03-09,2008,3,9,0
2008-03-10,2008,3,10,0
2008-03-11,2008,3,11,0
2008-03-12,2008,3,12,0
2008-03-13,2008,3,13,0
2008-03-14,2008,3,14,5.4794659e-05
2008-03-15,2008,3,15,6.5162998
2008-03-16,2008,3,16,3.1906544
2008-03-17,2008,3,17,0
2008-03-18,2008,3,18,5.0760713
2008-03-19,2008,3,19,7.4202629
2008-03-20,2008,3,20,0
2008-03-21,2008,3,21,0
2008-03-22,2008,3,22,0
2008-03-23,2008,3,23,0
2008-03-24,2008,3,24,0
2008-03-25,2008,3,25,0
2008-03-26,2008,3,26,0
2008-03-27,2008,3,27,0
2008-03-28,2008,3,28,0
2008-03-29,2008,3,29,0
2008-03-30,2008,3,30,0
2008-03-31,2008,3,31,0
2008-04-01,2008,4,1,0
2008-04-02,2008,4,2,0
2008-04-03,2008,4,3,0
2008-04-04,2008,4,4,0
2008-04-05,2008,4,5,16.856797
2008-04-06,2008,4,6,3.4166947
2008-04-07,2008,4,7,2.9043738
2008-04-08,2008,4,8,0
2008-04-09,2008,4,9,11.957172
2008-04-10,2008,4,10,48.084479
2008-04-11,2008,4,11,0
2008-04-12,2008,4,12,14.73384
2008-04-13,2008,4,13,0
2008-04-14,2008,4,14,0
2008-04-15,2008,4,15,0
2008-04-16,2008,4,16,7.1802837
2008-04-17,2008,4,17,0
2008-04-18,2008,4,18,0
2008-04-19,2008,4,19,0
2008-04-20,2008,4,20,0.0013005416
2008-04-21,2008,4,21,0
2008-04-22,2008,4,22,0
2008-04-23,2008,4,23,0
2008-04-24,2008,4,24,0
2008-04-25,2008,4,25,2.8841801
2008-04-26,2008,4,26,12.847871
2008-04-27,2008,4,27,19.462945
2008-04-28,2008,4,28,0
2008-04-29,2008,4,29,0
2008-04-30,2008,4,30,0
2008-05-01,2008,5,1,0
2008-05-02,2008,5,2,0
2008-05-03,2008,5,3,0
2008-05-04,2008,5,4,4.5252249
2008-05-05,2008,5,5,5.537666
2008-05-06,2008,5,6,0
2008-05-07,2008,5,7,0
2008-05-08,2008,5,8,0
2008-05-09,2008,5,9,0
2008-05-10,2008,5,10,0
2008-05-11,2008,5,11,0
2008-05-12,2008,5,12,0
2008-05-13,2008,5,13,0
2008-05-14,2008,5,14,0
2008-05-15,2008,5,15,0
2008-05-16,2008,5,16,10.447047
2008-05-17,2008,5,17,38.608528
2008-05-18,2008,5,18,101.32311
2008-05-19,2008,5,19,83.272494
2008-05-20,2008,5,20,80.854434
2008-05-21,2008,5,21,55.653773
2008-05-22,2008,5,22,75.768045
2008-05-23,2008,5,23,0
2008-05-24,2008,5,24,3.0267826
2008-05-25,2008,5,25,44.288375
2008-05-26,2008,5,26,30.802712
2008-05-27,2008,5,27,0
2008-05-28,2008,5,28,0
2008-05-29,2008,5,29,0
2008-05-30,2008,5,30,0
2008-05-31,2008,5,31,0
2008-06-01,2008,6,1,0
2008-06-02,2008,6,2,26.857108
2008-06-03,2008,6,3,37.355464
2008-06-04,2008,6,4,40.673324
2008-06-05,2008,6,5,15.805096
2008-06-06,2008,6,6,15.758047
2008-06-07,2008,6,7,39.201636
2008-06-08,2008,6,8,11.138256
2008-06-09,2008,6,9,12.356163
2008-06-10,2008,6,10,16.640174
2008-06-11,2008,6,11,3.7717803
2008-06-12,2008,6,12,0
2008-06-13,2008,6,13,5.8799359
2008-06-14,2008,6,14,0.6405877
2008-06-15,2008,6,15,0
2008-06-16,2008,6,16,0
2008-06-17,2008,6,17,0
2008-06-18,2008,6,18,3.4826838
2008-06-19,2008,6,19,2.92991
2008-06-20,2008,6,20,0
2008-06-21,2008,6,21,0
2008-06-22,2008,6,22,6.2149831
2008-06-23,2008,6,23,0
2008-06-24,2008,6,24,0
2008-06-25,2008,6,25,0
2008-06-26,2008,6,26,0
2008-06-27,2008,6,27,0
2008-06-28,2008,6,28,0
2008-06-29,2008,6,29,34.039191
2008-06-30,2008,6,30,17.882438
2008-07-01,2008,7,1,0.056198447
2008-07-02,2008,7,2,0
2008-07-03,2008,7,3,0
2008-07-04,2008,7,4,48.801355
2008-07-05,2008,7,5,30.035018
2008-07-06,2008,7,6,17.321671
2008-07-07,2008,7,7,29.515294
2008-07-08,2008,7,8,13.478868
2008-07-09,2008,7,9,0
2008-07-10,2008,7,10,33.284519
2008-07-11,2008,7,11,12.104973
2008-07-12,2008,7,12,32.668619
2008-07-13,2008,7,13,19.285391
2008-07-14,2008,7,14,6.0160387
2008-07-15,2008,7,15,22.899608
2008-07-16,2008,7,16,46.544671
2008-07-17,2008,7,17,14.873568
2008-07-18,2008,7,18,0
2008-07-19,2008,7,19,0
2008-07-20,2008,7,20,5.0856144
2008-07-21,2008,7,21,8.8061176
2008-07-22,2008,7,22,33.795277
2008-07-23,2008,7,23,9.9487704
2008-07-24,2008,7,24,10.653794
2008-07-25,2008,7,25,0.30286948
2008-07-26,2008,7,26,2.5726507
2008-07-27,2008,7,27,7.8608621
2008-07-28,2008,7,28,0
2008-07-29,2008,7,29,7.1432014
2008-07-30,2008,7,30,25.62139
2008-07-31,2008,7,31,24.631955
2008-08-01,2008,8,1,34.196533
2008-08-02,2008,8,2,22.709448
2008-08-03,2008,8,3,37.858264
2008-08-04,2008,8,4,8.0790521
2008-08-05,2008,8,5,24.588934
2008-08-06,2008,8,6,23.028418
2008-08-07,2008,8,7,0
2008-08-08,2008,8,8,0
2008-08-09,2008,8,9,33.613612
2008-08-10,2008,8,10,22.795177
2008-08-11,2008,8,11,8.7046723
2008-08-12,2008,8,12,0
2008-08-13,2008,8,13,0
2008-08-14,2008,8,14,46.466555
2008-08-15,2008,8,15,41.58518
2008-08-16,2008,8,16,5.1741898
2008-08-17,2008,8,17,0
2008-08-18,2008,8,18,0
2008-08-19,2008,8,19,16.365191
2008-08-20,2008,8,20,1.9012879
2008-08-21,2008,8,21,0
2008-08-22,2008,8,22,0
2008-08-23,2008,8,23,0
2008-08-24,2008,8,24,20.448428
2008-08-25,2008,8,25,54.741673
2008-08-26,2008,8,26,24.36527
2008-08-27,2008,8,27,32.167385
2008-08-28,2008,8,28,19.141447
2008-08-29,2008,8,29,50.05396
2008-08-30,2008,8,30,30.778226
2008-08-31,2008,8,31,59.314561
2008-09-01,2008,9,1,62.139383
2008-09-02,2008,9,2,9.4540695
2008-09-03,2008,9,3,0
2008-09-04,2008,9,4,0
2008-09-05,2008,9,5,0
2008-09-06,2008,9,6,8.1850743
2008-09-07,2008,9,7,3.7332051
2008-09-08,2008,9,8,0
2008-09-09,2008,9,9,13.332318
2008-09-10,2008,9,10,0
2008-09-11,2008,9,11,0
2008-09-12,2008,9,12,0
2008-09-13,2008,9,13,0
2008-09-14,2008,9,14,0
2008-09-15,2008,9,15,0
2008-09-16,2008,9,16,0
2008-09-17,2008,9,17,0
2008-09-18,2008,9,18,0
2008-09-19,2008,9,19,0
2008-09-20,2008,9,20,0
2008-09-21,2008,9,21,0
2008-09-22,2008,9,22,0
2008-09-23,2008,9,23,0
2008-09-24,2008,9,24,0
2008-09-25,2008,9,25,0
2008-09-26,2008,9,26,2.0478555
2008-09-27,2008,9,27,0
2008-09-28,2008,9,28,0
2008-09-29,2008,9,29,0
2008-09-30,2008,9,30,8.5736355
2008-10-01,2008,10,1,16.198045
2008-10-02,2008,10,2,12.312593
2008-10-03,2008,10,3,0.00028399631
2008-10-04,2008,10,4,0
2008-10-05,2008,10,5,0
2008-10-06,2008,10,6,0
2008-10-07,2008,10,7,0
2008-10-08,2008,10,8,0
2008-10-09,2008,10,9,0
2008-10-10,2008,10,10,18.39532
2008-10-11,2008,10,11,0.0095108744
2008-10-12,2008,10,12,5.861721
2008-10-13,2008,10,13,0.021096637
2008-10-14,2008,10,14,0
2008-10-15,2008,10,15,0
2008-10-16,2008,10,16,0
2008-10-17,2008,10,17,0
2008-10-18,2008,10,18,0
2008-10-19,2008,10,19,7.772212
2008-10-20,2008,10,20,21.182199
2008-10-21,2008,10,21,1.4449137
2008-10-22,2008,10,22,0
2008-10-23,2008,10,23,0
2008-10-24,2008,10,24,0
2008-10-25,2008,10,25,0
2008-10-26,2008,10,26,0
2008-10-27,2008,10,27,5.783632
2008-10-28,2008,10,28,3.5116343
2008-10-29,2008,10,29,0
2008-10-30,2008,10,30,0
2008-10-31,2008,10,31,0
2008-11-01,2008,11,1,0
2008-11-02,2008,11,2,0
2008-11-03,2008,11,3,0
2008-11-04,2008,11,4,0
2008-11-05,2008,11,5,0
2008-11-06,2008,11,6,10.553536
2008-11-07,2008,11,7,33.346497
2008-11-08,2008,11,8,16.993786
2008-11-09,2008,11,9,0
2008-11-10,2008,11,10,0
2008-11-11,2008,11,11,0
2008-11-12,2008,11,12,0
2008-11-13,2008,11,13,0
2008-11-14,2008,11,14,0
2008-11-15,2008,11,15,0
2008-11-16,2008,11,16,0
2008-11-17,2008,11,17,0
2008-11-18,2008,11,18,0
2008-11-19,2008,11,19,0
2008-11-20,2008,11,20,0
2008-11-21,2008,11,21,0
2008-11-22,2008,11,22,0.99107179
2008-11-23,2008,11,23,0
2008-11-24,2008,11,24,0
2008-11-25,2008,11,25,0
2008-11-26,2008,11,26,0
2008-11-27,2008,11,27,20.937422
2008-11-28,2008,11,28,18.908047
2008-11-29,2008,11,29,0
2008-11-30,2008,11,30,0
2008-12-01,2008,12,1,0
2008-12-02,2008,12,2,0
2008-12-03,2008,12,3,8.031393
2008-12-04,2008,12,4,0
2008-12-05,2008,12,5,0
2008-12-06,2008,12,6,0
2008-12-07,2008,12,7,0
2008-12-08,2008,12,8,0
2008-12-09,2008,12,9,0
2008-12-10,2008,12,10,0
2008-12-11,2008,12,11,0
2008-12-12,2008,12,12,0
2008-12-13,2008,12,13,0
2008-12-14,2008,12,14,0
2008-12-15,2008,12,15,0
2008-12-16,2008,12,16,0
2008-12-17,2008,12,17,0
2008-12-18,2008,12,18,0
2008-12-19,2008,12,19,0
2008-12-20,2008,12,20,26.013622
2008-12-21,2008,12,21,0
2008-12-22,2008,12,22,0
2008-12-23,2008,12,23,0
2008-12-24,2008,12,24,0
2008-12-25,2008,12,25,0
2008-12-26,2008,12,26,0
2008-12-27,2008,12,27,5.8981173
2008-12-28,2008,12,28,0
2008-12-29,2008,12,29,0
2008-12-30,2008,12,30,0
2008-12-31,2008,12,31,0
2009-01-01,2009,1,1,0.0097722409
2009-01-02,2009,1,2,0
2009-01-03,2009,1,3,0
2009-01-04,2009,1,4,0
2009-01-05,2009,1,5,0.29132402
2009-01-06,2009,1,6,0
2009-01-07,2009,1,7,0
2009-01-08,2009,1,8,0
2009-01-09,2009,1,9,0
2009-01-10,2009,1,10,0
2009-01-11,2009,1,11,0
2009-01-12,2009,1,12,0
2009-01-13,2009,1,13,0
2009-01-14,2009,1,14,0
2009-01-15,2009,1,15,0
2009-01-16,2009,1,16,4.1436208
2009-01-17,2009,1,17,0
2009-01-18,2009,1,18,0
2009-01-19,2009,1,19,0
2009-01-20,2009,1,20,0
2009-01-21,2009,1,21,0
2009-01-22,2009,1,22,0
2009-01-23,2009,1,23,0.85889264
2009-01-24,2009,1,24,17.114911
2009-01-25,2009,1,25,0
2009-01-26,2009,1,26,0
2009-01-27,2009,1,27,0
2009-01-28,2009,1,28,0
2009-01-29,2009,1,29,0
2009-01-30,2009,1,30,0
2009-01-31,2009,1,31,0
2009-02-01,2009,2,1,1.4494476
2009-02-02,2009,2,2,16.961171
2009-02-03,2009,2,3,0.19597214
2009-02-04,2009,2,4,37.229755
2009-02-05,2009,2,5,7.1914098
2009-02-06,2009,2,6,0
2009-02-07,2009,2,7,0
2009-02-08,2009,2,8,0
2009-02-09,2009,2,9,0
2009-02-10,2009,2,10,1.0568499
2009-02-11,2009,2,11,0
2009-02-12,2009,2,12,0
2009-02-13,2009,2,13,0
2009-02-14,2009,2,14,0
2009-02-15,2009,2,15,18.504081
2009-02-16,2009,2,16,0
2009-02-17,2009,2,17,0
2009-02-18,2009,2,18,1.8164813
2009-02-19,2009,2,19,5.8037189
2009-02-20,2009,2,20,0
2009-02-21,2009,2,21,0
2009-02-22,2009,2,22,0
2009-02-23,2009,2,23,0
2009-02-24,2009,2,24,0
2009-02-25,2009,2,25,0
2009-02-26,2009,2,26,0
2009-02-27,2009,2,27,0
2009-02-28,2009,2,28,8.8797925
2009-03-01,2009,3,1,5.4818098
2009-03-02,2009,3,2,0
2009-03-03,2009,3,3,0
2009-03-04,2009,3,4,0
2009-03-05,2009,3,5,0
2009-03-06,2009,3,6,0
2009-03-07,2009,3,7,0
2009-03-08,2009,3,8,0
2009-03-09,2009,3,9,0
2009-03-10,2009,3,10,0
2009-03-11,2009,3,11,0
2009-03-12,2009,3,12,0
2009-03-13,2009,3,13,0
2009-03-14,2009,3,14,0
2009-03-15,2009,3,15,4.5986391
2009-03-16,2009,3,16,0
2009-03-17,2009,3,17,0
2009-03-18,2009,3,18,0
2009-03-19,2009,3,19,0
2009-03-20,2009,3,20,0
2009-03-21,2009,3,21,0
2009-03-22,2009,3,22,0
2009-03-23,2009,3,23,0
2009-03-24,2009,3,24,0
2009-03-25,2009,3,25,0
2009-03-26,2009,3,26,0
2009-03-27,2009,3,27,0.31535952
2009-03-28,2009,3,28,40.599192
2009-03-29,2009,3,29,1.7081781
2009-03-30,2009,3,30,0
2009-03-31,2009,3,31,0
2009-04-01,2009,4,1,41.575037
2009-04-02,2009,4,2,34.545266
2009-04-03,2009,4,3,28.677824
2009-04-04,2009,4,4,5.4160802
2009-04-05,2009,4,5,19.956191
2009-04-06,2009,4,6,0.41908026
2009-04-07,2009,4,7,0
2009-04-08,2009,4,8,0
2009-04-09,2009,4,9,0
2009-04-10,2009,4,10,0
2009-04-11,2009,4,11,0
2009-04-12,2009,4,12,0
2009-04-13,2009,4,13,0
2009-04-14,2009,4,14,0
2009-04-15,2009,4,15,0
2009-04-16,2009,4,16,0
2009-04-17,2009,4,17,0
2009-04-18,2009,4,18,0
2009-04-19,2009,4,19,0
2009-04-20,2009,4,20,0
2009-04-21,2009,4,21,0
2009-04-22,2009,4,22,24.312529
2009-04-23,2009,4,23,0
2009-04-24,2009,4,24,0
2009-04-25,2009,4,25,0
2009-04-26,2009,4,26,0
2009-04-27,2009,4,27,0
2009-04-28,2009,4,28,0
2009-04-29,2009,4,29,0
2009-04-30,2009,4,30,0
2009-05-01,2009,5,1,0
2009-05-02,2009,5,2,14.808698
2009-05-03,2009,5,3,26.663002
2009-05-04,2009,5,4,0
2009-05-05,2009,5,5,0
2009-05-06,2009,5,6,0
2009-05-07,2009,5,7,0
2009-05-08,2009,5,8,17.832297
2009-05-09,2009,5,9,55.635854
2009-05-10,2009,5,10,65.124828
2009-05-11,2009,5,11,0
2009-05-12,2009,5,12,11.470173
2009-05-13,2009,5,13,0
2009-05-14,2009,5,14,0
2009-05-15,2009,5,15,40.751533
2009-05-16,2009,5,16,47.693769
2009-05-17,2009,5,17,0
2009-05-18,2009,5,18,0
2009-05-19,2009,5,19,31.214079
2009-05-20,2009,5,20,85.239697
2009-05-21,2009,5,21,43.254639
2009-05-22,2009,5,22,46.413817
2009-05-23,2009,5,23,39.731281
2009-05-24,2009,5,24,37.038489
2009-05-25,2009,5,25,6.6963291
2009-05-26,2009,5,26,0
2009-05-27,2009,5,27,0
2009-05-28,2009,5,28,0
2009-05-29,2009,5,29,0
2009-05-30,2009,5,30,1.0419935
2009-05-31,2009,5,31,0
2009-06-01,2009,6,1,0
2009-06-02,2009,6,2,0
2009-06-03,2009,6,3,17.536361
2009-06-04,2009,6,4,2.550117
2009-06-05,2009,6,5,0
2009-06-06,2009,6,6,0
2009-06-07,2009,6,7,0
2009-06-08,2009,6,8,0
2009-06-09,2009,6,9,0
2009-06-10,2009,6,10,0
2009-06-11,2009,6,11,0
2009-06-12,2009,6,12,0
2009-06-13,2009,6,13,41.985526
2009-06-14,2009,6,14,7.5073099
2009-06-15,2009,6,15,7.8329336
2009-06-16,2009,6,16,48.273837
2009-06-17,2009,6,17,46.818469
2009-06-18,2009,6,18,81.891042
2009-06-19,2009,6,19,11.777124
2009-06-20,2009,6,20,5.1332099
2009-06-21,2009,6,21,17.913343
2009-06-22,2009,6,22,1.9132385
2009-06-23,2009,6,23,0
2009-06-24,2009,6,24,0
2009-06-25,2009,6,25,0
2009-06-26,2009,6,26,9.498426
2009-06-27,2009,6,27,28.622057
2009-06-28,2009,6,28,25.801335
2009-06-29,2009,6,29,6.3721011
2009-06-30,2009,6,30,29.452435
2009-07-01,2009,7,1,25.993992
2009-07-02,2009,7,2,11.754366
2009-07-03,2009,7,3,26.454537
2009-07-04,2009,7,4,53.473609
2009-07-05,2009,7,5,32.266075
2009-07-06,2009,7,6,40.192382
2009-07-07,2009,7,7,0
2009-07-08,2009,7,8,4.136885
2009-07-09,2009,7,9,17.366621
2009-07-10,2009,7,10,0
2009-07-11,2009,7,11,8.1353642
2009-07-12,2009,7,12,3.2830648
2009-07-13,2009,7,13,0
2009-07-14,2009,7,14,0
2009-07-15,2009,7,15,0
2009-07-16,2009,7,16,0
2009-07-17,2009,7,17,0
2009-07-18,2009,7,18,3.214574
2009-07-19,2009,7,19,1.8648293
2009-07-20,2009,7,20,10.140935
2009-07-21,2009,7,21,6.8283688
2009-07-22,2009,7,22,0
2009-07-23,2009,7,23,0
2009-07-24,2009,7,24,0.11190934
2009-07-25,2009,7,25,0
2009-07-26,2009,7,26,0
2009-07-27,2009,7,27,0
2009-07-28,2009,7,28,0
2009-07-29,2009,7,29,0
2009-07-30,2009,7,30,0.001540467
2009-07-31,2009,7,31,1.5173979
2009-08-01,2009,8,1,0
2009-08-02,2009,8,2,12.395915
2009-08-03,2009,8,3,64.302514
2009-08-04,2009,8,4,43.045486
2009-08-05,2009,8,5,9.1774091
2009-08-06,2009,8,6,0
2009-08-07,2009,8,7,0
2009-08-08,2009,8,8,0
2009-08-09,2009,8,9,17.808193
2009-08-10,2009,8,10,9.2101026
2009-08-11,2009,8,11,20.341461
2009-08-12,2009,8,12,18.924309
2009-08-13,2009,8,13,34.701328
2009-08-14,2009,8,14,59.159171
2009-08-15,2009,8,15,20.928735
2009-08-16,2009,8,16,21.860058
2009-08-17,2009,8,17,10.639766
2009-08-18,2009,8,18,15.500375
2009-08-19,2009,8,19,14.126111
2009-08-20,2009,8,20,5.6224166
2009-08-21,2009,8,21,19.340663
2009-08-22,2009,8,22,24.058206
2009-08-23,2009,8,23,41.594497
2009-08-24,2009,8,24,22.692342
2009-08-25,2009,8,25,23.205544
2009-08-26,2009,8,26,9.3922758
2009-08-27,2009,8,27,0
2009-08-28,2009,8,28,19.048714
2009-08-29,2009,8,29,29.216146
2009-08-30,2009,8,30,0
2009-08-31,2009,8,31,0
2009-09-01,2009,9,1,0
2009-09-02,2009,9,2,0
2009-09-03,2009,9,3,0
2009-09-04,2009,9,4,49.997599
2009-09-05,2009,9,5,52.4235
2009-09-06,2009,9,6,24.03698
2009-09-07,2009,9,7,0
2009-09-08,2009,9,8,0
2009-09-09,2009,9,9,0
2009-09-10,2009,9,10,0
2009-09-11,2009,9,11,0
2009-09-12,2009,9,12,0
2009-09-13,2009,9,13,22.223895
2009-09-14,2009,9,14,7.5161488
2009-09-15,2009,9,15,0
2009-09-16,2009,9,16,0
2009-09-17,2009,9,17,10.516769
2009-09-18,2009,9,18,0
2009-09-19,2009,9,19,0
2009-09-20,2009,9,20,0
2009-09-21,2009,9,21,0
2009-09-22,2009,9,22,0
2009-09-23,2009,9,23,0
2009-09-24,2009,9,24,0
2009-09-25,2009,9,25,0.44844213
2009-09-26,2009,9,26,0.39088462
2009-09-27,2009,9,27,0
2009-09-28,2009,9,28,0
2009-09-29,2009,9,29,0
2009-09-30,2009,9,30,0
2009-10-01,2009,10,1,0
2009-10-02,2009,10,2,0
2009-10-03,2009,10,3,0
2009-10-04,2009,10,4,35.040489
2009-10-05,2009,10,5,4.1117537
2009-10-06,2009,10,6,0
2009-10-07,2009,10,7,0
2009-10-08,2009,10,8,3.3310028
2009-10-09,2009,10,9,27.517441
2009-10-10,2009,10,10,22.638337
2009-10-11,2009,10,11,8.8381913
2009-10-12,2009,10,12,0.96273941
2009-10-13,2009,10,13,0
2009-10-14,2009,10,14,0
2009-10-15,2009,10,15,0.45162294
2009-10-16,2009,10,16,0
2009-10-17,2009,10,17,0
2009-10-18,2009,10,18,0
2009-10-19,2009,10,19,0
2009-10-20,2009,10,20,0
2009-10-21,2009,10,21,42.92142
2009-10-22,2009,10,22,83.961969
2009-10-23,2009,10,23,15.362637
2009-10-24,2009,10,24,9.2407449
2009-10-25,2009,10,25,0
2009-10-26,2009,10,26,13.664622
2009-10-27,2009,10,27,34.231598
2009-10-28,2009,10,28,22.32765
2009-10-29,2009,10,29,23.299905
2009-10-30,2009,10,30,7.4725981
2009-10-31,2009,10,31,37.086778
2009-11-01,2009,11,1,19.330126
2009-11-02,2009,11,2,5.3332562
2009-11-03,2009,11,3,24.021735
2009-11-04,2009,11,4,17.702638
2009-11-05,2009,11,5,26.117539
2009-11-06,2009,11,6,1.2885013
2009-11-07,2009,11,7,3.5498908
2009-11-08,2009,11,8,23.962591
2009-11-09,2009,11,9,2.5455083
2009-11-10,2009,11,10,0
2009-11-11,2009,11,11,0
2009-11-12,2009,11,12,0
2009-11-13,2009,11,13,0
2009-11-14,2009,11,14,0
2009-11-15,2009,11,15,0
2009-11-16,2009,11,16,20.464395
2009-11-17,2009,11,17,3.3413361
2009-11-18,2009,11,18,46.897584
2009-11-19,2009,11,19,11.713964
2009-11-20,2009,11,20,0
2009-11-21,2009,11,21,0
2009-11-22,2009,11,22,18.305612
2009-11-23,2009,11,23,15.755099
2009-11-24,2009,11,24,15.803239
2009-11-25,2009,11,25,0.33291207
2009-11-26,2009,11,26,0
2009-11-27,2009,11,27,0
2009-11-28,2009,11,28,11.702263
2009-11-29,2009,11,29,6.3757465
2009-11-30,2009,11,30,1.3128169
2009-12-01,2009,12,1,6.9055604
2009-12-02,2009,12,2,0
2009-12-03,2009,12,3,0
2009-12-04,2009,12,4,0
2009-12-05,2009,12,5,0
2009-12-06,2009,12,6,0
2009-12-07,2009,12,7,8.2640076
2009-12-08,2009,12,8,2.8538671
2009-12-09,2009,12,9,0
2009-12-10,2009,12,10,0
2009-12-11,2009,12,11,0
2009-12-12,2009,12,12,2.5063607
2009-12-13,2009,12,13,0.0020366045
2009-12-14,2009,12,14,0
2009-12-15,2009,12,15,0
2009-12-16,2009,12,16,0
2009-12-17,2009,12,17,0
2009-12-18,2009,12,18,0
2009-12-19,2009,12,19,0
2009-12-20,2009,12,20,0
2009-12-21,2009,12,21,0
2009-12-22,2009,12,22,0
2009-12-23,2009,12,23,22.90885
2009-12-24,2009,12,24,1.7114809
2009-12-25,2009,12,25,1.5663829
2009-12-26,2009,12,26,4.2378287
2009-12-27,2009,12,27,4.2160122
2009-12-28,2009,12,28,32.397888
2009-12-29,2009,12,29,12.593015
2009-12-30,2009,12,30,0.77530731
2009-12-31,2009,12,31,6.4926619
2010-01-01,2010,1,1,0
2010-01-02,2010,1,2,0
2010-01-03,2010,1,3,0.020423536
2010-01-04,2010,1,4,9.2772488
2010-01-05,2010,1,5,1.5029463
2010-01-06,2010,1,6,0
2010-01-07,2010,1,7,0
2010-01-08,2010,1,8,0
2010-01-09,2010,1,9,0
2010-01-10,2010,1,10,0
2010-01-11,2010,1,11,29.196992
2010-01-12,2010,1,12,2.3003066
2010-01-13,2010,1,13,0
2010-01-14,2010,1,14,0
2010-01-15,2010,1,15,0
2010-01-16,2010,1,16,0.03377766
2010-01-17,2010,1,17,0
2010-01-18,2010,1,18,0
2010-01-19,2010,1,19,0
2010-01-20,2010,1,20,0
2010-01-21,2010,1,21,0
2010-01-22,2010,1,22,0
2010-01-23,2010,1,23,0
2010-01-24,2010,1,24,0
2010-01-25,2010,1,25,0
2010-01-26,2010,1,26,0
2010-01-27,2010,1,27,0
2010-01-28,2010,1,28,0
2010-01-29,2010,1,29,0
2010-01-30,2010,1,30,0
2010-01-31,2010,1,31,0
2010-02-01,2010,2,1,0
2010-02-02,2010,2,2,18.104025
2010-02-03,2010,2,3,2.4867834
2010-02-04,2010,2,4,0
2010-02-05,2010,2,5,2.3952998
2010-02-06,2010,2,6,49.847987
2010-02-07,2010,2,7,10.28872
2010-02-08,2010,2,8,0
2010-02-09,2010,2,9,4.8199834
2010-02-10,2010,2,10,0
2010-02-11,2010,2,11,0
2010-02-12,2010,2,12,0
2010-02-13,2010,2,13,0
2010-02-14,2010,2,14,0
2010-02-15,2010,2,15,0
2010-02-16,2010,2,16,0.646994
2010-02-17,2010,2,17,15.345333
2010-02-18,2010,2,18,19.363816
2010-02-19,2010,2,19,0
2010-02-20,2010,2,20,0
2010-02-21,2010,2,21,0
2010-02-22,2010,2,22,0
2010-02-23,2010,2,23,0
2010-02-24,2010,2,24,0
2010-02-25,2010,2,25,0
2010-02-26,2010,2,26,0
2010-02-27,2010,2,27,0
2010-02-28,2010,2,28,0
2010-03-01,2010,3,1,0.27818599
2010-03-02,2010,3,2,7.4906477
2010-03-03,2010,3,3,0
2010-03-04,2010,3,4,0
2010-03-05,2010,3,5,0
2010-03-06,2010,3,6,0
2010-03-07,2010,3,7,8.964707
2010-03-08,2010,3,8,0
2010-03-09,2010,3,9,0
2010-03-10,2010,3,10,0
2010-03-11,2010,3,11,0
2010-03-12,2010,3,12,0
2010-03-13,2010,3,13,0.030340706
2010-03-14,2010,3,14,0
2010-03-15,2010,3,15,0
2010-03-16,2010,3,16,0
2010-03-17,2010,3,17,0
2010-03-18,2010,3,18,0
2010-03-19,2010,3,19,0
2010-03-20,2010,3,20,29.780664
2010-03-21,2010,3,21,10.628274
2010-03-22,2010,3,22,19.35867
2010-03-23,2010,3,23,11.280504
2010-03-24,2010,3,24,0
2010-03-25,2010,3,25,0
2010-03-26,2010,3,26,0
2010-03-27,2010,3,27,0
2010-03-28,2010,3,28,0
2010-03-29,2010,3,29,0
2010-03-30,2010,3,30,0
2010-03-31,2010,3,31,20.331536
2010-04-01,2010,4,1,0.33425953
2010-04-02,2010,4,2,0
2010-04-03,2010,4,3,0
2010-04-04,2010,4,4,0
2010-04-05,2010,4,5,0
2010-04-06,2010,4,6,0
2010-04-07,2010,4,7,0
2010-04-08,2010,4,8,0
2010-04-09,2010,4,9,0
2010-04-10,2010,4,10,2.9560471
2010-04-11,2010,4,11,0
2010-04-12,2010,4,12,0
2010-04-13,2010,4,13,0
2010-04-14,2010,4,14,0
2010-04-15,2010,4,15,0
2010-04-16,2010,4,16,15.615544
2010-04-17,2010,4,17,23.459246
2010-04-18,2010,4,18,11.65912
2010-04-19,2010,4,19,15.220207
2010-04-20,2010,4,20,0
2010-04-21,2010,4,21,0
2010-04-22,2010,4,22,0
2010-04-23,2010,4,23,0
2010-04-24,2010,4,24,0
2010-04-25,2010,4,25,0
2010-04-26,2010,4,26,0
2010-04-27,2010,4,27,4.1693764
2010-04-28,2010,4,28,0
2010-04-29,2010,4,29,0
2010-04-30,2010,4,30,0
2010-05-01,2010,5,1,0
2010-05-02,2010,5,2,9.5865037
2010-05-03,2010,5,3,0.6906866
2010-05-04,2010,5,4,46.531017
2010-05-05,2010,5,5,22.579055
2010-05-06,2010,5,6,0
2010-05-07,2010,5,7,0
2010-05-08,2010,5,8,0
2010-05-09,2010,5,9,0
2010-05-10,2010,5,10,0
2010-05-11,2010,5,11,0
2010-05-12,2010,5,12,0
2010-05-13,2010,5,13,0
2010-05-14,2010,5,14,0
2010-05-15,2010,5,15,0
2010-05-16,2010,5,16,0
2010-05-17,2010,5,17,0
2010-05-18,2010,5,18,20.597277
2010-05-19,2010,5,19,0
2010-05-20,2010,5,20,0
2010-05-21,2010,5,21,7.5033817
2010-05-22,2010,5,22,6.0598432
2010-05-23,2010,5,23,0.74237312
2010-05-24,2010,5,24,19.225732
2010-05-25,2010,5,25,6.716732
2010-05-26,2010,5,26,1.386606
2010-05-27,2010,5,27,0
2010-05-28,2010,5,28,0
2010-05-29,2010,5,29,0
2010-05-30,2010,5,30,0
2010-05-31,2010,5,31,0
2010-06-01,2010,6,1,9.9853476
2010-06-02,2010,6,2,10.05421
2010-06-03,2010,6,3,24.022408
2010-06-04,2010,6,4,1.3473185
2010-06-05,2010,6,5,0
2010-06-06,2010,6,6,3.4933908
2010-06-07,2010,6,7,0
2010-06-08,2010,6,8,0
2010-06-09,2010,6,9,0
2010-06-10,2010,6,10,15.570157
2010-06-11,2010,6,11,15.512899
2010-06-12,2010,6,12,0
2010-06-13,2010,6,13,13.965039
2010-06-14,2010,6,14,45.146079
2010-06-15,2010,6,15,14.443546
2010-06-16,2010,6,16,19.879286
2010-06-17,2010,6,17,26.611726
2010-06-18,2010,6,18,30.052327
2010-06-19,2010,6,19,22.314073
2010-06-20,2010,6,20,34.722046
2010-06-21,2010,6,21,52.575704
2010-06-22,2010,6,22,87.171005
2010-06-23,2010,6,23,50.753128
2010-06-24,2010,6,24,13.508775
2010-06-25,2010,6,25,0
2010-06-26,2010,6,26,0
2010-06-27,2010,6,27,0
2010-06-28,2010,6,28,0
2010-06-29,2010,6,29,6.5158461
2010-06-30,2010,6,30,4.5026017
2010-07-01,2010,7,1,42.987733
2010-07-02,2010,7,2,7.6333953
2010-07-03,2010,7,3,9.3022546
2010-07-04,2010,7,4,46.306295
2010-07-05,2010,7,5,10.066917
2010-07-06,2010,7,6,33.0111
2010-07-07,2010,7,7,68.174113
2010-07-08,2010,7,8,16.595936
2010-07-09,2010,7,9,0
2010-07-10,2010,7,10,29.182527
2010-07-11,2010,7,11,5.7903606
2010-07-12,2010,7,12,0
2010-07-13,2010,7,13,0
2010-07-14,2010,7,14,0
2010-07-15,2010,7,15,0.036849774
2010-07-16,2010,7,16,0.02400713
2010-07-17,2010,7,17,0
2010-07-18,2010,7,18,0
2010-07-19,2010,7,19,20.613911
2010-07-20,2010,7,20,15.668103
2010-07-21,2010,7,21,5.3988844
2010-07-22,2010,7,22,4.447752
2010-07-23,2010,7,23,18.85569
2010-07-24,2010,7,24,0
2010-07-25,2010,7,25,7.0847595
2010-07-26,2010,7,26,0
2010-07-27,2010,7,27,18.917707
2010-07-28,2010,7,28,0.2126227
2010-07-29,2010,7,29,28.143884
2010-07-30,2010,7,30,19.742804
2010-07-31,2010,7,31,2.9171129
2010-08-01,2010,8,1,0
2010-08-02,2010,8,2,0
2010-08-03,2010,8,3,0.11537706
2010-08-04,2010,8,4,0
2010-08-05,2010,8,5,9.4612335
2010-08-06,2010,8,6,0.00021325489
2010-08-07,2010,8,7,1.1259573
2010-08-08,2010,8,8,0
2010-08-09,2010,8,9,0
2010-08-10,2010,8,10,0
2010-08-11,2010,8,11,0.069140929
2010-08-12,2010,8,12,0
2010-08-13,2010,8,13,0
2010-08-14,2010,8,14,0
2010-08-15,2010,8,15,18.030722
2010-08-16,2010,8,16,52.525345
2010-08-17,2010,8,17,46.363262
2010-08-18,2010,8,18,11.001351
2010-08-19,2010,8,19,0
2010-08-20,2010,8,20,0.86566337
2010-08-21,2010,8,21,37.901876
2010-08-22,2010,8,22,16.104615
2010-08-23,2010,8,23,0.19140843
2010-08-24,2010,8,24,11.196335
2010-08-25,2010,8,25,14.012755
2010-08-26,2010,8,26,42.468619
2010-08-27,2010,8,27,58.351877
2010-08-28,2010,8,28,4.125215
2010-08-29,2010,8,29,6.22911
2010-08-30,2010,8,30,12.464272
2010-08-31,2010,8,31,0
2010-09-01,2010,9,1,0
2010-09-02,2010,9,2,0
2010-09-03,2010,9,3,0
2010-09-04,2010,9,4,0
2010-09-05,2010,9,5,0
2010-09-06,2010,9,6,0
2010-09-07,2010,9,7,0
2010-09-08,2010,9,8,0
2010-09-09,2010,9,9,0
2010-09-10,2010,9,10,0
2010-09-11,2010,9,11,9.6555388
2010-09-12,2010,9,12,4.8835942
2010-09-13,2010,9,13,5.4129165
2010-09-14,2010,9,14,10.284792
2010-09-15,2010,9,15,0.0042345324
2010-09-16,2010,9,16,0
2010-09-17,2010,9,17,0
2010-09-18,2010,9,18,8.3096931
2010-09-19,2010,9,19,0
2010-09-20,2010,9,20,14.156635
2010-09-21,2010,9,21,0
2010-09-22,2010,9,22,0
2010-09-23,2010,9,23,0
2010-09-24,2010,9,24,0
2010-09-25,2010,9,25,0
2010-09-26,2010,9,26,5.6276617
2010-09-27,2010,9,27,12.017658
2010-09-28,2010,9,28,1.7514508
2010-09-29,2010,9,29,0
2010-09-30,2010,9,30,0
2010-10-01,2010,10,1,0
2010-10-02,2010,10,2,0
2010-10-03,2010,10,3,0
2010-10-04,2010,10,4,0
2010-10-05,2010,10,5,5.9827074
2010-10-06,2010,10,6,13.235469
2010-10-07,2010,10,7,0
2010-10-08,2010,10,8,0
2010-10-09,2010,10,9,0
2010-10-10,2010,10,10,0
2010-10-11,2010,10,11,0
2010-10-12,2010,10,12,7.7739351
2010-10-13,2010,10,13,9.0851404
2010-10-14,2010,10,14,13.067314
2010-10-15,2010,10,15,2.072228
2010-10-16,2010,10,16,0
2010-10-17,2010,10,17,6.7865616
2010-10-18,2010,10,18,7.3651717
2010-10-19,2010,10,19,14.368339
2010-10-20,2010,10,20,13.884384
2010-10-21,2010,10,21,0
2010-10-22,2010,10,22,8.3087244
2010-10-23,2010,10,23,9.0782565
2010-10-24,2010,10,24,0
2010-10-25,2010,10,25,0
2010-10-26,2010,10,26,1.0977484
2010-10-27,2010,10,27,10.377285
2010-10-28,2010,10,28,35.587505
2010-10-29,2010,10,29,18.553384
2010-10-30,2010,10,30,3.5357664
2010-10-31,2010,10,31,0
2010-11-01,2010,11,1,0
2010-11-02,2010,11,2,0
2010-11-03,2010,11,3,0.022619254
2010-11-04,2010,11,4,0
2010-11-05,2010,11,5,5.4548085
2010-11-06,2010,11,6,40.520787
2010-11-07,2010,11,7,10.546521
2010-11-08,2010,11,8,0.38426263
2010-11-09,2010,11,9,0
2010-11-10,2010,11,10,0
2010-11-11,2010,11,11,0
2010-11-12,2010,11,12,0
2010-11-13,2010,11,13,0
2010-11-14,2010,11,14,0
2010-11-15,2010,11,15,0
2010-11-16,2010,11,16,0
2010-11-17,2010,11,17,0
2010-11-18,2010,11,18,12.434962
2010-11-19,2010,11,19,17.942374
2010-11-20,2010,11,20,38.856453
2010-11-21,2010,11,21,11.093961
2010-11-22,2010,11,22,0
2010-11-23,2010,11,23,0
2010-11-24,2010,11,24,0
2010-11-25,2010,11,25,0
2010-11-26,2010,11,26,0
2010-11-27,2010,11,27,0
2010-11-28,2010,11,28,0
2010-11-29,2010,11,29,2.9999486
2010-11-30,2010,11,30,0
2010-12-01,2010,12,1,5.7602943
2010-12-02,2010,12,2,5.8337129
2010-12-03,2010,12,3,0
2010-12-04,2010,12,4,0
2010-12-05,2010,12,5,0
2010-12-06,2010,12,6,6.9581557
2010-12-07,2010,12,7,9.7143932
2010-12-08,2010,12,8,0
2010-12-09,2010,12,9,31.788395
2010-12-10,2010,12,10,56.151305
2010-12-11,2010,12,11,4.9341602
2010-12-12,2010,12,12,0
2010-12-13,2010,12,13,0
2010-12-14,2010,12,14,0
2010-12-15,2010,12,15,0
2010-12-16,2010,12,16,18.761968
2010-12-17,2010,12,17,9.2463241
2010-12-18,2010,12,18,0
2010-12-19,2010,12,19,0
2010-12-20,2010,12,20,0
2010-12-21,2010,12,21,0
2010-12-22,2010,12,22,0
2010-12-23,2010,12,23,0.84859011
2010-12-24,2010,12,24,0
2010-12-25,2010,12,25,0
2010-12-26,2010,12,26,0
2010-12-27,2010,12,27,0
2010-12-28,2010,12,28,0
2010-12-29,2010,12,29,3.965655
2010-12-30,2010,12,30,3.6006094
2010-12-31,2010,12,31,0
2011-01-01,2011,1,1,3.1983979
2011-01-02,2011,1,2,11.467715
2011-01-03,2011,1,3,8.6657391
2011-01-04,2011,1,4,6.0329838
2011-01-05,2011,1,5,0
2011-01-06,2011,1,6,0.58076155
2011-01-07,2011,1,7,0.067498121
2011-01-08,2011,1,8,0
2011-01-09,2011,1,9,0
2011-01-10,2011,1,10,0
2011-01-11,2011,1,11,0
2011-01-12,2011,1,12,0
2011-01-13,2011,1,13,8.6759678
2011-01-14,2011,1,14,0
2011-01-15,2011,1,15,39.605674
2011-01-16,2011,1,16,7.7142949
2011-01-17,2011,1,17,0
2011-01-18,2011,1,18,30.566899
2011-01-19,2011,1,19,0
2011-01-20,2011,1,20,0
2011-01-21,2011,1,21,0
2011-01-22,2011,1,22,0
2011-01-23,2011,1,23,0
2011-01-24,2011,1,24,0
2011-01-25,2011,1,25,3.5962062
2011-01-26,2011,1,26,0
2011-01-27,2011,1,27,0
2011-01-28,2011,1,28,0
2011-01-29,2011,1,29,0
2011-01-30,2011,1,30,5.0209737
2011-01-31,2011,1,31,0
2011-02-01,2011,2,1,0
2011-02-02,2011,2,2,4.1745729
2011-02-03,2011,2,3,0.02372685
2011-02-04,2011,2,4,0
2011-02-05,2011,2,5,0
2011-02-06,2011,2,6,0
2011-02-07,2011,2,7,0
2011-02-08,2011,2,8,0
2011-02-09,2011,2,9,0
2011-02-10,2011,2,10,1.6871838e-05
2011-02-11,2011,2,11,24.558879
2011-02-12,2011,2,12,51.37659
2011-02-13,2011,2,13,0
2011-02-14,2011,2,14,0
2011-02-15,2011,2,15,0
2011-02-16,2011,2,16,3.5052306
2011-02-17,2011,2,17,0
2011-02-18,2011,2,18,0
2011-02-19,2011,2,19,0
2011-02-20,2011,2,20,0
2011-02-21,2011,2,21,0
2011-02-22,2011,2,22,0
2011-02-23,2011,2,23,0
2011-02-24,2011,2,24,0
2011-02-25,2011,2,25,0
2011-02-26,2011,2,26,0
2011-02-27,2011,2,27,0
2011-02-28,2011,2,28,0
2011-03-01,2011,3,1,0
2011-03-02,2011,3,2,0
2011-03-03,2011,3,3,0
2011-03-04,2011,3,4,0
2011-03-05,2011,3,5,0
2011-03-06,2011,3,6,0
2011-03-07,2011,3,7,0
2011-03-08,2011,3,8,0
2011-03-09,2011,3,9,0
2011-03-10,2011,3,10,14.96498
2011-03-11,2011,3,11,36.690456
2011-03-12,2011,3,12,0.10414842
2011-03-13,2011,3,13,0
2011-03-14,2011,3,14,11.05312
2011-03-15,2011,3,15,1.556753
2011-03-16,2011,3,16,9.1505567
2011-03-17,2011,3,17,0
2011-03-18,2011,3,18,0
2011-03-19,2011,3,19,0
2011-03-20,2011,3,20,0
2011-03-21,2011,3,21,21.517211
2011-03-22,2011,3,22,0
2011-03-23,2011,3,23,0
2011-03-24,2011,3,24,0
2011-03-25,2011,3,25,16.123121
2011-03-26,2011,3,26,0
2011-03-27,2011,3,27,0
2011-03-28,2011,3,28,0
2011-03-29,2011,3,29,0
2011-03-30,2011,3,30,6.2854992
2011-03-31,2011,3,31,0
2011-04-01,2011,4,1,0
2011-04-02,2011,4,2,0
2011-04-03,2011,4,3,0
2011-04-04,2011,4,4,0
2011-04-05,2011,4,5,0
2011-04-06,2011,4,6,0
2011-04-07,2011,4,7,0
2011-04-08,2011,4,8,0
2011-04-09,2011,4,9,0
2011-04-10,2011,4,10,0
2011-04-11,2011,4,11,14.002709
2011-04-12,2011,4,12,75.984293
2011-04-13,2011,4,13,33.783096
2011-04-14,2011,4,14,2.2404164
2011-04-15,2011,4,15,0
2011-04-16,2011,4,16,6.2028026
2011-04-17,2011,4,17,0
2011-04-18,2011,4,18,0
2011-04-19,2011,4,19,0
2011-04-20,2011,4,20,5.3039703
2011-04-21,2011,4,21,53.530258
2011-04-22,2011,4,22,15.560599
2011-04-23,2011,4,23,4.5176057
2011-04-24,2011,4,24,0.00012439868
2011-04-25,2011,4,25,0
2011-04-26,2011,4,26,0
2011-04-27,2011,4,27,30.195843
2011-04-28,2011,4,28,0
2011-04-29,2011,4,29,0
2011-04-30,2011,4,30,0
2011-05-01,2011,5,1,0
2011-05-02,2011,5,2,0
2011-05-03,2011,5,3,0
2011-05-04,2011,5,4,0
2011-05-05,2011,5,5,0
2011-05-06,2011,5,6,0
2011-05-07,2011,5,7,0.02274864
2011-05-08,2011,5,8,0
2011-05-09,2011,5,9,0
2011-05-10,2011,5,10,25.840019
2011-05-11,2011,5,11,0
2011-05-12,2011,5,12,0
2011-05-13,2011,5,13,0
2011-05-14,2011,5,14,0
2011-05-15,2011,5,15,0
2011-05-16,2011,5,16,0
2011-05-17,2011,5,17,0
2011-05-18,2011,5,18,7.7094988
2011-05-19,2011,5,19,44.297098
2011-05-20,2011,5,20,0.42178135
2011-05-21,2011,5,21,7.8595412
2011-05-22,2011,5,22,0
2011-05-23,2011,5,23,0
2011-05-24,2011,5,24,9.7442808
2011-05-25,2011,5,25,0
2011-05-26,2011,5,26,0
2011-05-27,2011,5,27,11.203747
2011-05-28,2011,5,28,0
2011-05-29,2011,5,29,0
2011-05-30,2011,5,30,0
2011-05-31,2011,5,31,0
2011-06-01,2011,6,1,0
2011-06-02,2011,6,2,0.14462641
2011-06-03,2011,6,3,0
2011-06-04,2011,6,4,8.8655785
2011-06-05,2011,6,5,0
2011-06-06,2011,6,6,22.816117
2011-06-07,2011,6,7,55.514674
2011-06-08,2011,6,8,35.43969
2011-06-09,2011,6,9,20.096109
2011-06-10,2011,6,10,48.402276
2011-06-11,2011,6,11,16.674364
2011-06-12,2011,6,12,0
2011-06-13,2011,6,13,0
2011-06-14,2011,6,14,10.085066
2011-06-15,2011,6,15,18.195527
2011-06-16,2011,6,16,0
2011-06-17,2011,6,17,26.121395
2011-06-18,2011,6,18,43.889973
2011-06-19,2011,6,19,10.561781
2011-06-20,2011,6,20,0
2011-06-21,2011,6,21,0
2011-06-22,2011,6,22,0
2011-06-23,2011,6,23,10.504282
2011-06-24,2011,6,24,0
2011-06-25,2011,6,25,0
2011-06-26,2011,6,26,0
2011-06-27,2011,6,27,0
2011-06-28,2011,6,28,51.400309
2011-06-29,2011,6,29,21.057796
2011-06-30,2011,6,30,4.9714691
2011-07-01,2011,7,1,0
2011-07-02,2011,7,2,0
2011-07-03,2011,7,3,0
2011-07-04,2011,7,4,0
2011-07-05,2011,7,5,0
2011-07-06,2011,7,6,0
2011-07-07,2011,7,7,0
2011-07-08,2011,7,8,0
2011-07-09,2011,7,9,11.546535
2011-07-10,2011,7,10,6.5360266
2011-07-11,2011,7,11,28.197336
2011-07-12,2011,7,12,3.1220179
2011-07-13,2011,7,13,50.883327
2011-07-14,2011,7,14,43.796003
2011-07-15,2011,7,15,25.585094
2011-07-16,2011,7,16,27.281509
2011-07-17,2011,7,17,9.5198886
2011-07-18,2011,7,18,0
2011-07-19,2011,7,19,0
2011-07-20,2011,7,20,22.808367
2011-07-21,2011,7,21,6.194871
2011-07-22,2011,7,22,0
2011-07-23,2011,7,23,0
2011-07-24,2011,7,24,28.943086
2011-07-25,2011,7,25,11.695938
2011-07-26,2011,7,26,9.1623133
2011-07-27,2011,7,27,24.644805
2011-07-28,2011,7,28,11.86588
2011-07-29,2011,7,29,0
2011-07-30,2011,7,30,0
2011-07-31,2011,7,31,0
2011-08-01,2011,8,1,19.284255
2011-08-02,2011,8,2,6.5358562
2011-08-03,2011,8,3,0.31542143
2011-08-04,2011,8,4,34.990604
2011-08-05,2011,8,5,33.784369
2011-08-06,2011,8,6,20.251906
2011-08-07,2011,8,7,24.068773
2011-08-08,2011,8,8,17.449597
2011-08-09,2011,8,9,43.303415
2011-08-10,2011,8,10,29.752883
2011-08-11,2011,8,11,36.254616
2011-08-12,2011,8,12,17.892331
2011-08-13,2011,8,13,0
2011-08-14,2011,8,14,0
2011-08-15,2011,8,15,8.874022
2011-08-16,2011,8,16,41.287722
2011-08-17,2011,8,17,16.418188
2011-08-18,2011,8,18,0
2011-08-19,2011,8,19,0
2011-08-20,2011,8,20,0
2011-08-21,2011,8,21,0
2011-08-22,2011,8,22,5.9506415
2011-08-23,2011,8,23,15.107874
2011-08-24,2011,8,24,0
2011-08-25,2011,8,25,0
2011-08-26,2011,8,26,21.041267
2011-08-27,2011,8,27,11.297268
2011-08-28,2011,8,28,47.464589
2011-08-29,2011,8,29,19.292115
2011-08-30,2011,8,30,0
2011-08-31,2011,8,31,0
2011-09-01,2011,9,1,10.884794
2011-09-02,2011,9,2,33.200499
2011-09-03,2011,9,3,14.548697
2011-09-04,2011,9,4,20.436764
2011-09-05,2011,9,5,9.6758042
2011-09-06,2011,9,6,0
2011-09-07,2011,9,7,1.9533515
2011-09-08,2011,9,8,36.380185
2011-09-09,2011,9,9,30.097482
2011-09-10,2011,9,10,0
2011-09-11,2011,9,11,15.253848
2011-09-12,2011,9,12,0
2011-09-13,2011,9,13,0
2011-09-14,2011,9,14,0
2011-09-15,2011,9,15,29.123265
2011-09-16,2011,9,16,7.1872267
2011-09-17,2011,9,17,0
2011-09-18,2011,9,18,0
2011-09-19,2011,9,19,0
2011-09-20,2011,9,20,0
2011-09-21,2011,9,21,0
2011-09-22,2011,9,22,0
2011-09-23,2011,9,23,0.47657999
2011-09-24,2011,9,24,4.970815
2011-09-25,2011,9,25,0
2011-09-26,2011,9,26,0
2011-09-27,2011,9,27,41.393187
2011-09-28,2011,9,28,12.265082
2011-09-29,2011,9,29,0
2011-09-30,2011,9,30,0.78039274
2011-10-01,2011,10,1,0.00013772712
2011-10-02,2011,10,2,0
2011-10-03,2011,10,3,0
2011-10-04,2011,10,4,0
2011-10-05,2011,10,5,10.81879
2011-10-06,2011,10,6,12.441841
2011-10-07,2011,10,7,1.0487126
2011-10-08,2011,10,8,0
2011-10-09,2011,10,9,3.2870975
2011-10-10,2011,10,10,0
2011-10-11,2011,10,11,10.351543
2011-10-12,2011,10,12,3.4469897
2011-10-13,2011,10,13,0
2011-10-14,2011,10,14,0.0096789313
2011-10-15,2011,10,15,8.8562174
2011-10-16,2011,10,16,0
2011-10-17,2011,10,17,0
2011-10-18,2011,10,18,0
2011-10-19,2011,10,19,0
2011-10-20,2011,10,20,0
2011-10-21,2011,10,21,0
2011-10-22,2011,10,22,0
2011-10-23,2011,10,23,0
2011-10-24,2011,10,24,0
2011-10-25,2011,10,25,0
2011-10-26,2011,10,26,0
2011-10-27,2011,10,27,0.0075900416
2011-10-28,2011,10,28,0
2011-10-29,2011,10,29,0
2011-10-30,2011,10,30,0
2011-10-31,2011,10,31,0
2011-11-01,2011,11,1,0
2011-11-02,2011,11,2,0
2011-11-03,2011,11,3,0
2011-11-04,2011,11,4,0
2011-11-05,2011,11,5,0
2011-11-06,2011,11,6,0
2011-11-07,2011,11,7,0.0049738953
2011-11-08,2011,11,8,56.612674
2011-11-09,2011,11,9,10.120305
2011-11-10,2011,11,10,0
2011-11-11,2011,11,11,0
2011-11-12,2011,11,12,0
2011-11-13,2011,11,13,0
2011-11-14,2011,11,14,0
2011-11-15,2011,11,15,3.3324766
2011-11-16,2011,11,16,13.421587
2011-11-17,2011,11,17,3.2282739
2011-11-18,2011,11,18,2.6887571
2011-11-19,2011,11,19,0.86424193
2011-11-20,2011,11,20,2.5530789
2011-11-21,2011,11,21,0
2011-11-22,2011,11,22,12.352569
2011-11-23,2011,11,23,9.133981
2011-11-24,2011,11,24,0.015310149
2011-11-25,2011,11,25,0
2011-11-26,2011,11,26,0
2011-11-27,2011,11,27,0
2011-11-28,2011,11,28,0
2011-11-29,2011,11,29,0
2011-11-30,2011,11,30,0
2011-12-01,2011,12,1,0
2011-12-02,2011,12,2,0
2011-12-03,2011,12,3,7.8383009
2011-12-04,2011,12,4,0
2011-12-05,2011,12,5,0
2011-12-06,2011,12,6,0
2011-12-07,2011,12,7,0
2011-12-08,2011,12,8,0
2011-12-09,2011,12,9,0
2011-12-10,2011,12,10,3.323774
2011-12-11,2011,12,11,0
2011-12-12,2011,12,12,0
2011-12-13,2011,12,13,0
2011-12-14,2011,12,14,0
2011-12-15,2011,12,15,0
2011-12-16,2011,12,16,0
2011-12-17,2011,12,17,0
2011-12-18,2011,12,18,0
2011-12-19,2011,12,19,0
2011-12-20,2011,12,20,2.897216
2011-12-21,2011,12,21,0.79223615
2011-12-22,2011,12,22,0
2011-12-23,2011,12,23,0
2011-12-24,2011,12,24,0
2011-12-25,2011,12,25,0
2011-12-26,2011,12,26,0
2011-12-27,2011,12,27,0
2011-12-28,2011,12,28,0
2011-12-29,2011,12,29,0
2011-12-30,2011,12,30,0
2011-12-31,2011,12,31,0
2012-01-01,2012,1,1,0
2012-01-02,2012,1,2,0
2012-01-03,2012,1,3,0
2012-01-04,2012,1,4,0
2012-01-05,2012,1,5,0
2012-01-06,2012,1,6,0
2012-01-07,2012,1,7,0.035066832
2012-01-08,2012,1,8,6.6896856
2012-01-09,2012,1,9,36.689882
2012-01-10,2012,1,10,1.126162
2012-01-11,2012,1,11,0
2012-01-12,2012,1,12,0
2012-01-13,2012,1,13,0
2012-01-14,2012,1,14,0
2012-01-15,2012,1,15,0
2012-01-16,2012,1,16,0.00020178339
2012-01-17,2012,1,17,0.10245007
2012-01-18,2012,1,18,0
2012-01-19,2012,1,19,0
2012-01-20,2012,1,20,0
2012-01-21,2012,1,21,0.9035548
2012-01-22,2012,1,22,15.966815
2012-01-23,2012,1,23,14.234221
2012-01-24,2012,1,24,0
2012-01-25,2012,1,25,0
2012-01-26,2012,1,26,0
2012-01-27,2012,1,27,0
2012-01-28,2012,1,28,3.4616187
2012-01-29,2012,1,29,7.1699288
2012-01-30,2012,1,30,44.442601
2012-01-31,2012,1,31,0
2012-02-01,2012,2,1,0
2012-02-02,2012,2,2,0
2012-02-03,2012,2,3,5.4937565
2012-02-04,2012,2,4,0
2012-02-05,2012,2,5,0
2012-02-06,2012,2,6,0
2012-02-07,2012,2,7,0
2012-02-08,2012,2,8,0
2012-02-09,2012,2,9,0
2012-02-10,2012,2,10,0
2012-02-11,2012,2,11,0
2012-02-12,2012,2,12,0
2012-02-13,2012,2,13,6.2996918
2012-02-14,2012,2,14,19.824195
2012-02-15,2012,2,15,0.11662015
2012-02-16,2012,2,16,0
2012-02-17,2012,2,17,50.662334
2012-02-18,2012,2,18,21.20254
2012-02-19,2012,2,19,0
2012-02-20,2012,2,20,0
2012-02-21,2012,2,21,5.5037442
2012-02-22,2012,2,22,0
2012-02-23,2012,2,23,0
2012-02-24,2012,2,24,30.991563
2012-02-25,2012,2,25,15.509886
2012-02-26,2012,2,26,13.079078
2012-02-27,2012,2,27,37.386241
2012-02-28,2012,2,28,36.366624
2012-02-29,2012,2,29,0.77042592
2012-03-01,2012,3,1,9.7911391
2012-03-02,2012,3,2,17.857763
2012-03-03,2012,3,3,0.50843715
2012-03-04,2012,3,4,35.158186
2012-03-05,2012,3,5,0.016407751
2012-03-06,2012,3,6,0
2012-03-07,2012,3,7,0
2012-03-08,2012,3,8,0
2012-03-09,2012,3,9,0
2012-03-10,2012,3,10,0
2012-03-11,2012,3,11,4.5609831
2012-03-12,2012,3,12,0
2012-03-13,2012,3,13,0
2012-03-14,2012,3,14,0
2012-03-15,2012,3,15,0
2012-03-16,2012,3,16,0
2012-03-17,2012,3,17,0
2012-03-18,2012,3,18,4.4560296
2012-03-19,2012,3,19,5.7904508
2012-03-20,2012,3,20,0
2012-03-21,2012,3,21,0
2012-03-22,2012,3,22,0
2012-03-23,2012,3,23,0
2012-03-24,2012,3,24,0
2012-03-25,2012,3,25,0
2012-03-26,2012,3,26,0
2012-03-27,2012,3,27,0
2012-03-28,2012,3,28,0
2012-03-29,2012,3,29,0
2012-03-30,2012,3,30,0
2012-03-31,2012,3,31,0
2012-04-01,2012,4,1,0
2012-04-02,2012,4,2,0
2012-04-03,2012,4,3,8.2056789
2012-04-04,2012,4,4,7.2380545
2012-04-05,2012,4,5,16.495936
2012-04-06,2012,4,6,11.228381
2012-04-07,2012,4,7,9.4476895
2012-04-08,2012,4,8,0
2012-04-09,2012,4,9,0
2012-04-10,2012,4,10,0
2012-04-11,2012,4,11,0
2012-04-12,2012,4,12,0.13800165
2012-04-13,2012,4,13,2.5011362
2012-04-14,2012,4,14,0
2012-04-15,2012,4,15,0
2012-04-16,2012,4,16,0
2012-04-17,2012,4,17,0
2012-04-18,2012,4,18,0
2012-04-19,2012,4,19,0
2012-04-20,2012,4,20,0
2012-04-21,2012,4,21,0
2012-04-22,2012,4,22,0
2012-04-23,2012,4,23,0
2012-04-24,2012,4,24,0
2012-04-25,2012,4,25,0
2012-04-26,2012,4,26,1.9206711
2012-04-27,2012,4,27,12.537206
2012-04-28,2012,4,28,8.427334
2012-04-29,2012,4,29,0
2012-04-30,2012,4,30,13.306102
2012-05-01,2012,5,1,8.1971325
2012-05-02,2012,5,2,20.904391
2012-05-03,2012,5,3,0
2012-05-04,2012,5,4,0
2012-05-05,2012,5,5,0
2012-05-06,2012,5,6,35.565953
2012-05-07,2012,5,7,0
2012-05-08,2012,5,8,0
2012-05-09,2012,5,9,8.399436
2012-05-10,2012,5,10,11.535649
2012-05-11,2012,5,11,0
2012-05-12,2012,5,12,0
2012-05-13,2012,5,13,0
2012-05-14,2012,5,14,0
2012-05-15,2012,5,15,26.444789
2012-05-16,2012,5,16,10.698838
2012-05-17,2012,5,17,21.895186
2012-05-18,2012,5,18,18.151978
2012-05-19,2012,5,19,44.871631
2012-05-20,2012,5,20,0
2012-05-21,2012,5,21,0
2012-05-22,2012,5,22,0
2012-05-23,2012,5,23,0
2012-05-24,2012,5,24,0
2012-05-25,2012,5,25,16.9727
2012-05-26,2012,5,26,58.906059
2012-05-27,2012,5,27,56.828163
2012-05-28,2012,5,28,51.800585
2012-05-29,2012,5,29,4.7585137
2012-05-30,2012,5,30,0
2012-05-31,2012,5,31,14.034076
2012-06-01,2012,6,1,63.251074
2012-06-02,2012,6,2,11.314489
2012-06-03,2012,6,3,3.6800225
2012-06-04,2012,6,4,0
2012-06-05,2012,6,5,1.9299241
2012-06-06,2012,6,6,0
2012-06-07,2012,6,7,0
2012-06-08,2012,6,8,0
2012-06-09,2012,6,9,0
2012-06-10,2012,6,10,0
2012-06-11,2012,6,11,39.902537
2012-06-12,2012,6,12,51.702044
2012-06-13,2012,6,13,19.517794
2012-06-14,2012,6,14,13.929324
2012-06-15,2012,6,15,15.429141
2012-06-16,2012,6,16,6.9642764
2012-06-17,2012,6,17,14.210411
2012-06-18,2012,6,18,12.686761
2012-06-19,2012,6,19,57.930571
2012-06-20,2012,6,20,34.539907
2012-06-21,2012,6,21,33.189096
2012-06-22,2012,6,22,57.735786
2012-06-23,2012,6,23,16.300354
2012-06-24,2012,6,24,0
2012-06-25,2012,6,25,0
2012-06-26,2012,6,26,0.22149539
2012-06-27,2012,6,27,37.071202
2012-06-28,2012,6,28,21.330512
2012-06-29,2012,6,29,17.758597
2012-06-30,2012,6,30,37.686422
2012-07-01,2012,7,1,12.924461
2012-07-02,2012,7,2,0
2012-07-03,2012,7,3,25.330294
2012-07-04,2012,7,4,14.686757
2012-07-05,2012,7,5,7.3625346
2012-07-06,2012,7,6,8.5574911
2012-07-07,2012,7,7,30.59271
2012-07-08,2012,7,8,0
2012-07-09,2012,7,9,0
2012-07-10,2012,7,10,5.6226364
2012-07-11,2012,7,11,6.3795306
2012-07-12,2012,7,12,0.4475414
2012-07-13,2012,7,13,0
2012-07-14,2012,7,14,0
2012-07-15,2012,7,15,0
2012-07-16,2012,7,16,0
2012-07-17,2012,7,17,0
2012-07-18,2012,7,18,0
2012-07-19,2012,7,19,6.6387702
2012-07-20,2012,7,20,36.200233
2012-07-21,2012,7,21,1.4214152
2012-07-22,2012,7,22,5.7798556
2012-07-23,2012,7,23,11.755368
2012-07-24,2012,7,24,0
2012-07-25,2012,7,25,4.0411055
2012-07-26,2012,7,26,0
2012-07-27,2012,7,27,0
2012-07-28,2012,7,28,6.6359902
2012-07-29,2012,7,29,0
2012-07-30,2012,7,30,0
2012-07-31,2012,7,31,0
2012-08-01,2012,8,1,11.00493
2012-08-02,2012,8,2,6.9020422
2012-08-03,2012,8,3,0
2012-08-04,2012,8,4,0
2012-08-05,2012,8,5,0
2012-08-06,2012,8,6,0
2012-08-07,2012,8,7,0
2012-08-08,2012,8,8,0
2012-08-09,2012,8,9,0
2012-08-10,2012,8,10,0
2012-08-11,2012,8,11,7.4761407
2012-08-12,2012,8,12,17.997725
2012-08-13,2012,8,13,9.271816
2012-08-14,2012,8,14,15.795376
2012-08-15,2012,8,15,19.839314
2012-08-16,2012,8,16,13.853172
2012-08-17,2012,8,17,6.2334993
2012-08-18,2012,8,18,10.431472
2012-08-19,2012,8,19,13.001804
2012-08-20,2012,8,20,0
2012-08-21,2012,8,21,29.721651
2012-08-22,2012,8,22,14.145295
2012-08-23,2012,8,23,0
2012-08-24,2012,8,24,0
2012-08-25,2012,8,25,0
2012-08-26,2012,8,26,0
2012-08-27,2012,8,27,0
2012-08-28,2012,8,28,0
2012-08-29,2012,8,29,0
2012-08-30,2012,8,30,6.2279308
2012-08-31,2012,8,31,0.23286565
2012-09-01,2012,9,1,0
2012-09-02,2012,9,2,0
2012-09-03,2012,9,3,18.934064
2012-09-04,2012,9,4,0
2012-09-05,2012,9,5,0
2012-09-06,2012,9,6,0
2012-09-07,2012,9,7,0.022113669
2012-09-08,2012,9,8,0
2012-09-09,2012,9,9,0
2012-09-10,2012,9,10,0
2012-09-11,2012,9,11,0
2012-09-12,2012,9,12,0
2012-09-13,2012,9,13,0
2012-09-14,2012,9,14,14.429345
2012-09-15,2012,9,15,11.142501
2012-09-16,2012,9,16,19.451212
2012-09-17,2012,9,17,5.6456495
2012-09-18,2012,9,18,0.015255011
2012-09-19,2012,9,19,31.071051
2012-09-20,2012,9,20,9.8176512
2012-09-21,2012,9,21,0
2012-09-22,2012,9,22,0
2012-09-23,2012,9,23,0
2012-09-24,2012,9,24,0
2012-09-25,2012,9,25,0
2012-09-26,2012,9,26,0
2012-09-27,2012,9,27,1.8723885
2012-09-28,2012,9,28,0
2012-09-29,2012,9,29,10.923209
2012-09-30,2012,9,30,7.8006427
2012-10-01,2012,10,1,0
2012-10-02,2012,10,2,0
2012-10-03,2012,10,3,0.80459647
2012-10-04,2012,10,4,40.821221
2012-10-05,2012,10,5,5.884453
2012-10-06,2012,10,6,9.4281587
2012-10-07,2012,10,7,0
2012-10-08,2012,10,8,0
2012-10-09,2012,10,9,0
2012-10-10,2012,10,10,0
2012-10-11,2012,10,11,0
2012-10-12,2012,10,12,0
2012-10-13,2012,10,13,0
2012-10-14,2012,10,14,7.8010067
2012-10-15,2012,10,15,0.68027006
2012-10-16,2012,10,16,0
2012-10-17,2012,10,17,3.2733774
2012-10-18,2012,10,18,0
2012-10-19,2012,10,19,6.9733859
2012-10-20,2012,10,20,11.104872
2012-10-21,2012,10,21,18.258655
2012-10-22,2012,10,22,10.909679
2012-10-23,2012,10,23,7.0766767e-05
2012-10-24,2012,10,24,0
2012-10-25,2012,10,25,0
2012-10-26,2012,10,26,0.26004933
2012-10-27,2012,10,27,0
2012-10-28,2012,10,28,0
2012-10-29,2012,10,29,0
2012-10-30,2012,10,30,0
2012-10-31,2012,10,31,2.5175924e-05
2012-11-01,2012,11,1,0
2012-11-02,2012,11,2,0
2012-11-03,2012,11,3,0
2012-11-04,2012,11,4,0
2012-11-05,2012,11,5,0
2012-11-06,2012,11,6,0
2012-11-07,2012,11,7,0
2012-11-08,2012,11,8,23.110407
2012-11-09,2012,11,9,0
2012-11-10,2012,11,10,0
2012-11-11,2012,11,11,0
2012-11-12,2012,11,12,0
2012-11-13,2012,11,13,0
2012-11-14,2012,11,14,0
2012-11-15,2012,11,15,0
2012-11-16,2012,11,16,13.537649
2012-11-17,2012,11,17,7.3833946
2012-11-18,2012,11,18,0
2012-11-19,2012,11,19,0
2012-11-20,2012,11,20,0
2012-11-21,2012,11,21,0
2012-11-22,2012,11,22,0
2012-11-23,2012,11,23,0
2012-11-24,2012,11,24,0
2012-11-25,2012,11,25,0
2012-11-26,2012,11,26,0
2012-11-27,2012,11,27,0
2012-11-28,2012,11,28,0.12391935
2012-11-29,2012,11,29,15.199227
2012-11-30,2012,11,30,0.013829155
2012-12-01,2012,12,1,22.687495
2012-12-02,2012,12,2,25.383987
2012-12-03,2012,12,3,6.8750347
2012-12-04,2012,12,4,0
2012-12-05,2012,12,5,40.769391
2012-12-06,2012,12,6,25.511719
2012-12-07,2012,12,7,0
2012-12-08,2012,12,8,0
2012-12-09,2012,12,9,0
2012-12-10,2012,12,10,0
2012-12-11,2012,12,11,16.971595
2012-12-12,2012,12,12,8.108261
2012-12-13,2012,12,13,0
2012-12-14,2012,12,14,6.7747399
2012-12-15,2012,12,15,14.737631
2012-12-16,2012,12,16,5.3426821
2012-12-17,2012,12,17,24.224209
2012-12-18,2012,12,18,43.145749
2012-12-19,2012,12,19,26.063242
2012-12-20,2012,12,20,12.50642
2012-12-21,2012,12,21,0
2012-12-22,2012,12,22,1.1738624
2012-12-23,2012,12,23,16.658092
2012-12-24,2012,12,24,43.376307
2012-12-25,2012,12,25,7.8798739
2012-12-26,2012,12,26,0
2012-12-27,2012,12,27,0
2012-12-28,2012,12,28,0
2012-12-29,2012,12,29,0
2012-12-30,2012,12,30,0.028674216
2012-12-31,2012,12,31,0
2013-01-01,2013,1,1,0
2013-01-02,2013,1,2,0
2013-01-03,2013,1,3,0
2013-01-04,2013,1,4,0
2013-01-05,2013,1,5,0
2013-01-06,2013,1,6,40.262327
2013-01-07,2013,1,7,0
2013-01-08,2013,1,8,0
2013-01-09,2013,1,9,0
2013-01-10,2013,1,10,0
2013-01-11,2013,1,11,0
2013-01-12,2013,1,12,0
2013-01-13,2013,1,13,0
2013-01-14,2013,1,14,0
2013-01-15,2013,1,15,0
2013-01-16,2013,1,16,0
2013-01-17,2013,1,17,0
2013-01-18,2013,1,18,0
2013-01-19,2013,1,19,0
2013-01-20,2013,1,20,0
2013-01-21,2013,1,21,0
2013-01-22,2013,1,22,0
2013-01-23,2013,1,23,0
2013-01-24,2013,1,24,0
2013-01-25,2013,1,25,0
2013-01-26,2013,1,26,0
2013-01-27,2013,1,27,0
2013-01-28,2013,1,28,0.015715398
2013-01-29,2013,1,29,0
2013-01-30,2013,1,30,0
2013-01-31,2013,1,31,0
2013-02-01,2013,2,1,5.9326913
2013-02-02,2013,2,2,0
2013-02-03,2013,2,3,0
2013-02-04,2013,2,4,0
2013-02-05,2013,2,5,0
2013-02-06,2013,2,6,0
2013-02-07,2013,2,7,0
2013-02-08,2013,2,8,13.749631
2013-02-09,2013,2,9,10.647186
2013-02-10,2013,2,10,26.945153
2013-02-11,2013,2,11,23.131569
2013-02-12,2013,2,12,0.69107627
2013-02-13,2013,2,13,0
2013-02-14,2013,2,14,4.4946908
2013-02-15,2013,2,15,22.978731
2013-02-16,2013,2,16,15.453596
2013-02-17,2013,2,17,0
2013-02-18,2013,2,18,0
2013-02-19,2013,2,19,0
2013-02-20,2013,2,20,0
2013-02-21,2013,2,21,0
2013-02-22,2013,2,22,4.5121836
2013-02-23,2013,2,23,12.102936
2013-02-24,2013,2,24,0
2013-02-25,2013,2,25,0
2013-02-26,2013,2,26,0
2013-02-27,2013,2,27,0
2013-02-28,2013,2,28,0.029502755
2013-03-01,2013,3,1,2.1600486
2013-03-02,2013,3,2,0
2013-03-03,2013,3,3,0
2013-03-04,2013,3,4,0
2013-03-05,2013,3,5,17.559377
2013-03-06,2013,3,6,2.6149017
2013-03-07,2013,3,7,0
2013-03-08,2013,3,8,0
2013-03-09,2013,3,9,10.716546
2013-03-10,2013,3,10,0
2013-03-11,2013,3,11,0
2013-03-12,2013,3,12,0
2013-03-13,2013,3,13,0
2013-03-14,2013,3,14,0
2013-03-15,2013,3,15,0
2013-03-16,2013,3,16,0
2013-03-17,2013,3,17,0
2013-03-18,2013,3,18,0
2013-03-19,2013,3,19,0
2013-03-20,2013,3,20,13.890853
2013-03-21,2013,3,21,0
2013-03-22,2013,3,22,0
2013-03-23,2013,3,23,5.7956967
2013-03-24,2013,3,24,5.3324873
2013-03-25,2013,3,25,0
2013-03-26,2013,3,26,0
2013-03-27,2013,3,27,0
2013-03-28,2013,3,28,0
2013-03-29,2013,3,29,0
2013-03-30,2013,3,30,0.0026067896
2013-03-31,2013,3,31,0
2013-04-01,2013,4,1,0
2013-04-02,2013,4,2,0
2013-04-03,2013,4,3,0
2013-04-04,2013,4,4,25.480508
2013-04-05,2013,4,5,17.658456
2013-04-06,2013,4,6,0
2013-04-07,2013,4,7,0
2013-04-08,2013,4,8,0
2013-04-09,2013,4,9,5.8876811
2013-04-10,2013,4,10,20.584888
2013-04-11,2013,4,11,0.0075414362
2013-04-12,2013,4,12,0
2013-04-13,2013,4,13,0
2013-04-14,2013,4,14,0
2013-04-15,2013,4,15,0
2013-04-16,2013,4,16,0
2013-04-17,2013,4,17,0
2013-04-18,2013,4,18,0
2013-04-19,2013,4,19,0
2013-04-20,2013,4,20,0.45785118
2013-04-21,2013,4,21,0
2013-04-22,2013,4,22,0
2013-04-23,2013,4,23,0
2013-04-24,2013,4,24,0
2013-04-25,2013,4,25,1.1912233
2013-04-26,2013,4,26,33.193374
2013-04-27,2013,4,27,0
2013-04-28,2013,4,28,4.6391539
2013-04-29,2013,4,29,4.0404306
2013-04-30,2013,4,30,0
2013-05-01,2013,5,1,25.448791
2013-05-02,2013,5,2,26.939011
2013-05-03,2013,5,3,49.105986
2013-05-04,2013,5,4,0.005964828
2013-05-05,2013,5,5,9.0147521
2013-05-06,2013,5,6,0
2013-05-07,2013,5,7,0
2013-05-08,2013,5,8,0
2013-05-09,2013,5,9,15.661599
2013-05-10,2013,5,10,23.959411
2013-05-11,2013,5,11,1.2658392
2013-05-12,2013,5,12,0
2013-05-13,2013,5,13,6.9340046
2013-05-14,2013,5,14,0
2013-05-15,2013,5,15,0
2013-05-16,2013,5,16,0
2013-05-17,2013,5,17,0
2013-05-18,2013,5,18,10.942244
2013-05-19,2013,5,19,0
2013-05-20,2013,5,20,0
2013-05-21,2013,5,21,0
2013-05-22,2013,5,22,0
2013-05-23,2013,5,23,10.564569
2013-05-24,2013,5,24,0
2013-05-25,2013,5,25,7.6499997
2013-05-26,2013,5,26,19.669947
2013-05-27,2013,5,27,42.73879
2013-05-28,2013,5,28,42.789263
2013-05-29,2013,5,29,8.3104342
2013-05-30,2013,5,30,52.225153
2013-05-31,2013,5,31,69.310327
2013-06-01,2013,6,1,18.8884
2013-06-02,2013,6,2,13.072934
2013-06-03,2013,6,3,0.23299632
2013-06-04,2013,6,4,9.464505
2013-06-05,2013,6,5,0
2013-06-06,2013,6,6,4.6698143
2013-06-07,2013,6,7,0
2013-06-08,2013,6,8,0
2013-06-09,2013,6,9,0
2013-06-10,2013,6,10,0
2013-06-11,2013,6,11,0
2013-06-12,2013,6,12,0.64851774
2013-06-13,2013,6,13,0.0077297021
2013-06-14,2013,6,14,17.630645
2013-06-15,2013,6,15,21.78206
2013-06-16,2013,6,16,0
2013-06-17,2013,6,17,23.431149
2013-06-18,2013,6,18,0
2013-06-19,2013,6,19,0
2013-06-20,2013,6,20,0
2013-06-21,2013,6,21,38.22261
2013-06-22,2013,6,22,2.2830844
2013-06-23,2013,6,23,0
2013-06-24,2013,6,24,0
2013-06-25,2013,6,25,7.613551
2013-06-26,2013,6,26,34.427339
2013-06-27,2013,6,27,49.793359
2013-06-28,2013,6,28,20.425015
2013-06-29,2013,6,29,24.101895
2013-06-30,2013,6,30,21.088008
2013-07-01,2013,7,1,14.641403
2013-07-02,2013,7,2,63.027263
2013-07-03,2013,7,3,18.758894
2013-07-04,2013,7,4,6.9325877
2013-07-05,2013,7,5,5.1415471
2013-07-06,2013,7,6,0
2013-07-07,2013,7,7,0
2013-07-08,2013,7,8,4.8798612
2013-07-09,2013,7,9,36.414537
2013-07-10,2013,7,10,29.513486
2013-07-11,2013,7,11,11.130811
2013-07-12,2013,7,12,40.333967
2013-07-13,2013,7,13,15.384322
2013-07-14,2013,7,14,6.1068175
2013-07-15,2013,7,15,0
2013-07-16,2013,7,16,0.087520355
2013-07-17,2013,7,17,10.297507
2013-07-18,2013,7,18,0
2013-07-19,2013,7,19,3.5068631
2013-07-20,2013,7,20,0
2013-07-21,2013,7,21,0
2013-07-22,2013,7,22,0
2013-07-23,2013,7,23,0
2013-07-24,2013,7,24,0
2013-07-25,2013,7,25,0
2013-07-26,2013,7,26,10.896012
2013-07-27,2013,7,27,0
2013-07-28,2013,7,28,0
2013-07-29,2013,7,29,0
2013-07-30,2013,7,30,5.2419382
2013-07-31,2013,7,31,0
2013-08-01,2013,8,1,0
2013-08-02,2013,8,2,14.193118
2013-08-03,2013,8,3,46.469317
2013-08-04,2013,8,4,54.730671
2013-08-05,2013,8,5,10.971695
2013-08-06,2013,8,6,58.345062
2013-08-07,2013,8,7,16.716397
2013-08-08,2013,8,8,0.0047835891
2013-08-09,2013,8,9,0.79944394
2013-08-10,2013,8,10,56.654149
2013-08-11,2013,8,11,21.39085
2013-08-12,2013,8,12,0
2013-08-13,2013,8,13,0
2013-08-14,2013,8,14,3.207764
2013-08-15,2013,8,15,10.269068
2013-08-16,2013,8,16,0
2013-08-17,2013,8,17,0
2013-08-18,2013,8,18,21.157969
2013-08-19,2013,8,19,0
2013-08-20,2013,8,20,9.8081076
2013-08-21,2013,8,21,7.1160059
2013-08-22,2013,8,22,0
2013-08-23,2013,8,23,0
2013-08-24,2013,8,24,0
2013-08-25,2013,8,25,0
2013-08-26,2013,8,26,10.236252
2013-08-27,2013,8,27,6.8611356
2013-08-28,2013,8,28,0
2013-08-29,2013,8,29,0
2013-08-30,2013,8,30,0.0035168491
2013-08-31,2013,8,31,12.591271
2013-09-01,2013,9,1,11.641564
2013-09-02,2013,9,2,1.6722184
2013-09-03,2013,9,3,4.3990962
2013-09-04,2013,9,4,28.82019
2013-09-05,2013,9,5,20.821491
2013-09-06,2013,9,6,36.307527
2013-09-07,2013,9,7,15.721398
2013-09-08,2013,9,8,19.814453
2013-09-09,2013,9,9,47.807592
2013-09-10,2013,9,10,7.8772956
2013-09-11,2013,9,11,7.353257
2013-09-12,2013,9,12,0
2013-09-13,2013,9,13,0
2013-09-14,2013,9,14,1.4656622
2013-09-15,2013,9,15,1.2183336
2013-09-16,2013,9,16,3.0370359
2013-09-17,2013,9,17,0
2013-09-18,2013,9,18,0
2013-09-19,2013,9,19,15.173891
2013-09-20,2013,9,20,21.600274
2013-09-21,2013,9,21,0
2013-09-22,2013,9,22,0
2013-09-23,2013,9,23,0
2013-09-24,2013,9,24,0
2013-09-25,2013,9,25,0
2013-09-26,2013,9,26,0
2013-09-27,2013,9,27,0
2013-09-28,2013,9,28,0
2013-09-29,2013,9,29,0
2013-09-30,2013,9,30,8.1527839
2013-10-01,2013,10,1,4.6019951
2013-10-02,2013,10,2,0
2013-10-03,2013,10,3,0
2013-10-04,2013,10,4,0
2013-10-05,2013,10,5,0
2013-10-06,2013,10,6,0
2013-10-07,2013,10,7,0.015324975
2013-10-08,2013,10,8,10.904402
2013-10-09,2013,10,9,0
2013-10-10,2013,10,10,0
2013-10-11,2013,10,11,0
2013-10-12,2013,10,12,0
2013-10-13,2013,10,13,0
2013-10-14,2013,10,14,0
2013-10-15,2013,10,15,0
2013-10-16,2013,10,16,0
2013-10-17,2013,10,17,0
2013-10-18,2013,10,18,0
2013-10-19,2013,10,19,36.030344
2013-10-20,2013,10,20,13.218734
2013-10-21,2013,10,21,0
2013-10-22,2013,10,22,11.315424
2013-10-23,2013,10,23,0
2013-10-24,2013,10,24,0
2013-10-25,2013,10,25,1.0186233
2013-10-26,2013,10,26,0
2013-10-27,2013,10,27,0
2013-10-28,2013,10,28,0
2013-10-29,2013,10,29,0
2013-10-30,2013,10,30,0
2013-10-31,2013,10,31,15.636284
2013-11-01,2013,11,1,0
2013-11-02,2013,11,2,0
2013-11-03,2013,11,3,0
2013-11-04,2013,11,4,0
2013-11-05,2013,11,5,0
2013-11-06,2013,11,6,20.844703
2013-11-07,2013,11,7,6.2831479
2013-11-08,2013,11,8,9.531627
2013-11-09,2013,11,9,0
2013-11-10,2013,11,10,0
2013-11-11,2013,11,11,6.7176122
2013-11-12,2013,11,12,0
2013-11-13,2013,11,13,17.713403
2013-11-14,2013,11,14,21.098534
2013-11-15,2013,11,15,0
2013-11-16,2013,11,16,0
2013-11-17,2013,11,17,0
2013-11-18,2013,11,18,0
2013-11-19,2013,11,19,0
2013-11-20,2013,11,20,0
2013-11-21,2013,11,21,0
2013-11-22,2013,11,22,0
2013-11-23,2013,11,23,9.7396791
2013-11-24,2013,11,24,0
2013-11-25,2013,11,25,0
2013-11-26,2013,11,26,6.3896976
2013-11-27,2013,11,27,0
2013-11-28,2013,11,28,0
2013-11-29,2013,11,29,0
2013-11-30,2013,11,30,0
2013-12-01,2013,12,1,0
2013-12-02,2013,12,2,0
2013-12-03,2013,12,3,0
2013-12-04,2013,12,4,0
2013-12-05,2013,12,5,0
2013-12-06,2013,12,6,0
2013-12-07,2013,12,7,0
2013-12-08,2013,12,8,0
2013-12-09,2013,12,9,0
2013-12-10,2013,12,10,0
2013-12-11,2013,12,11,0
2013-12-12,2013,12,12,0
2013-12-13,2013,12,13,0
2013-12-14,2013,12,14,0
2013-12-15,2013,12,15,0
2013-12-16,2013,12,16,0
2013-12-17,2013,12,17,0
2013-12-18,2013,12,18,0
2013-12-19,2013,12,19,0
2013-12-20,2013,12,20,0
2013-12-21,2013,12,21,0
2013-12-22,2013,12,22,0
2013-12-23,2013,12,23,0
2013-12-24,2013,12,24,0
2013-12-25,2013,12,25,0
2013-12-26,2013,12,26,0
2013-12-27,2013,12,27,0
2013-12-28,2013,12,28,0
2013-12-29,2013,12,29,6.9304068
2013-12-30,2013,12,30,0.068577367
2013-12-31,2013,12,31,13.788401
2014-01-01,2014,1,1,2.6129269
2014-01-02,2014,1,2,0
2014-01-03,2014,1,3,0
2014-01-04,2014,1,4,0
2014-01-05,2014,1,5,0
2014-01-06,2014,1,6,0
2014-01-07,2014,1,7,0
2014-01-08,2014,1,8,0
2014-01-09,2014,1,9,5.8501941
2014-01-10,2014,1,10,0
2014-01-11,2014,1,11,0
2014-01-12,2014,1,12,0
2014-01-13,2014,1,13,0
2014-01-14,2014,1,14,0
2014-01-15,2014,1,15,0
2014-01-16,2014,1,16,0
2014-01-17,2014,1,17,0
2014-01-18,2014,1,18,0
2014-01-19,2014,1,19,8.2576374
2014-01-20,2014,1,20,27.131835
2014-01-21,2014,1,21,14.082052
2014-01-22,2014,1,22,55.136636
2014-01-23,2014,1,23,22.324053
2014-01-24,2014,1,24,0
2014-01-25,2014,1,25,0
2014-01-26,2014,1,26,0
2014-01-27,2014,1,27,0
2014-01-28,2014,1,28,0
2014-01-29,2014,1,29,0
2014-01-30,2014,1,30,12.291674
2014-01-31,2014,1,31,0
2014-02-01,2014,2,1,0.43480648
2014-02-02,2014,2,2,14.354485
2014-02-03,2014,2,3,6.5408351
2014-02-04,2014,2,4,45.085582
2014-02-05,2014,2,5,0.2428545
2014-02-06,2014,2,6,0.16288359
2014-02-07,2014,2,7,0.55938089
2014-02-08,2014,2,8,1.3335713
2014-02-09,2014,2,9,0
2014-02-10,2014,2,10,0
2014-02-11,2014,2,11,0
2014-02-12,2014,2,12,0
2014-02-13,2014,2,13,0
2014-02-14,2014,2,14,0
2014-02-15,2014,2,15,0.1111942
2014-02-16,2014,2,16,1.9016466
2014-02-17,2014,2,17,0
2014-02-18,2014,2,18,0
2014-02-19,2014,2,19,0
2014-02-20,2014,2,20,0
2014-02-21,2014,2,21,0
2014-02-22,2014,2,22,0
2014-02-23,2014,2,23,0
2014-02-24,2014,2,24,0
2014-02-25,2014,2,25,0
2014-02-26,2014,2,26,0
2014-02-27,2014,2,27,0
2014-02-28,2014,2,28,0
2014-03-01,2014,3,1,0
2014-03-02,2014,3,2,0
2014-03-03,2014,3,3,0
2014-03-04,2014,3,4,0
2014-03-05,2014,3,5,0
2014-03-06,2014,3,6,0
2014-03-07,2014,3,7,0
2014-03-08,2014,3,8,15.674488
2014-03-09,2014,3,9,0
2014-03-10,2014,3,10,9.9182166
2014-03-11,2014,3,11,0.97131785
2014-03-12,2014,3,12,0.0045706064
2014-03-13,2014,3,13,0.6936446
2014-03-14,2014,3,14,0
2014-03-15,2014,3,15,23.768752
2014-03-16,2014,3,16,6.1343138
2014-03-17,2014,3,17,0.68796808
2014-03-18,2014,3,18,0
2014-03-19,2014,3,19,0
2014-03-20,2014,3,20,2.365607
2014-03-21,2014,3,21,0
2014-03-22,2014,3,22,0
2014-03-23,2014,3,23,0
2014-03-24,2014,3,24,0
2014-03-25,2014,3,25,0
2014-03-26,2014,3,26,0
2014-03-27,2014,3,27,0
2014-03-28,2014,3,28,26.829852
2014-03-29,2014,3,29,62.948873
2014-03-30,2014,3,30,12.703131
2014-03-31,2014,3,31,11.79336
2014-04-01,2014,4,1,0
2014-04-02,2014,4,2,0.4434663
2014-04-03,2014,4,3,0
2014-04-04,2014,4,4,0
2014-04-05,2014,4,5,0
2014-04-06,2014,4,6,8.0131445
2014-04-07,2014,4,7,17.511888
2014-04-08,2014,4,8,10.16552
2014-04-09,2014,4,9,5.03638
2014-04-10,2014,4,10,4.5865003
2014-04-11,2014,4,11,31.13323
2014-04-12,2014,4,12,0
2014-04-13,2014,4,13,0
2014-04-14,2014,4,14,0
2014-04-15,2014,4,15,0.05143941
2014-04-16,2014,4,16,0
2014-04-17,2014,4,17,0
2014-04-18,2014,4,18,0.03230439
2014-04-19,2014,4,19,0
2014-04-20,2014,4,20,0
2014-04-21,2014,4,21,0
2014-04-22,2014,4,22,0
2014-04-23,2014,4,23,0
2014-04-24,2014,4,24,0
2014-04-25,2014,4,25,0
2014-04-26,2014,4,26,15.417409
2014-04-27,2014,4,27,0
2014-04-28,2014,4,28,0
2014-04-29,2014,4,29,0
2014-04-30,2014,4,30,68.260785
2014-05-01,2014,5,1,26.311883
2014-05-02,2014,5,2,9.2955559
2014-05-03,2014,5,3,40.977347
2014-05-04,2014,5,4,17.927431
2014-05-05,2014,5,5,11.847479
2014-05-06,2014,5,6,31.120352
2014-05-07,2014,5,7,0
2014-05-08,2014,5,8,0
2014-05-09,2014,5,9,4.8214413
2014-05-10,2014,5,10,0
2014-05-11,2014,5,11,0.059812854
2014-05-12,2014,5,12,20.027492
2014-05-13,2014,5,13,68.166684
2014-05-14,2014,5,14,25.047805
2014-05-15,2014,5,15,18.479577
2014-05-16,2014,5,16,0
2014-05-17,2014,5,17,9.805556
2014-05-18,2014,5,18,12.506072
2014-05-19,2014,5,19,0
2014-05-20,2014,5,20,9.5702199
2014-05-21,2014,5,21,0
2014-05-22,2014,5,22,0
2014-05-23,2014,5,23,0
2014-05-24,2014,5,24,0
2014-05-25,2014,5,25,0
2014-05-26,2014,5,26,5.959417
2014-05-27,2014,5,27,0
2014-05-28,2014,5,28,38.609736
2014-05-29,2014,5,29,20.598797
2014-05-30,2014,5,30,0
2014-05-31,2014,5,31,0
2014-06-01,2014,6,1,0.011964235
2014-06-02,2014,6,2,36.638496
2014-06-03,2014,6,3,54.884526
2014-06-04,2014,6,4,30.059198
2014-06-05,2014,6,5,14.213904
2014-06-06,2014,6,6,32.325285
2014-06-07,2014,6,7,62.610771
2014-06-08,2014,6,8,25.927836
2014-06-09,2014,6,9,0
2014-06-10,2014,6,10,62.205325
2014-06-11,2014,6,11,26.926804
2014-06-12,2014,6,12,7.6844881
2014-06-13,2014,6,13,25.134589
2014-06-14,2014,6,14,69.058403
2014-06-15,2014,6,15,2.9560966
2014-06-16,2014,6,16,0
2014-06-17,2014,6,17,0
2014-06-18,2014,6,18,0
2014-06-19,2014,6,19,0
2014-06-20,2014,6,20,0
2014-06-21,2014,6,21,32.594435
2014-06-22,2014,6,22,25.723718
2014-06-23,2014,6,23,0
2014-06-24,2014,6,24,0
2014-06-25,2014,6,25,0
2014-06-26,2014,6,26,0
2014-06-27,2014,6,27,0
2014-06-28,2014,6,28,0
2014-06-29,2014,6,29,0
2014-06-30,2014,6,30,0.0066542653
2014-07-01,2014,7,1,42.238424
2014-07-02,2014,7,2,7.8185587
2014-07-03,2014,7,3,14.937175
2014-07-04,2014,7,4,10.847992
2014-07-05,2014,7,5,0.61496719
2014-07-06,2014,7,6,0.046508267
2014-07-07,2014,7,7,0
2014-07-08,2014,7,8,0
2014-07-09,2014,7,9,0
2014-07-10,2014,7,10,0
2014-07-11,2014,7,11,0
2014-07-12,2014,7,12,0
2014-07-13,2014,7,13,19.573952
2014-07-14,2014,7,14,37.49268
2014-07-15,2014,7,15,35.779326
2014-07-16,2014,7,16,17.763354
2014-07-17,2014,7,17,0
2014-07-18,2014,7,18,0
2014-07-19,2014,7,19,0
2014-07-20,2014,7,20,18.300013
2014-07-21,2014,7,21,8.3670301
2014-07-22,2014,7,22,0
2014-07-23,2014,7,23,0
2014-07-24,2014,7,24,10.257996
2014-07-25,2014,7,25,3.0243257
2014-07-26,2014,7,26,18.132006
2014-07-27,2014,7,27,83.292255
2014-07-28,2014,7,28,61.06605
2014-07-29,2014,7,29,8.7899005
2014-07-30,2014,7,30,30.092089
2014-07-31,2014,7,31,51.50011
2014-08-01,2014,8,1,56.152602
2014-08-02,2014,8,2,52.220959
2014-08-03,2014,8,3,4.5309222
2014-08-04,2014,8,4,4.0455534
2014-08-05,2014,8,5,42.685169
2014-08-06,2014,8,6,13.563375
2014-08-07,2014,8,7,0
2014-08-08,2014,8,8,0
2014-08-09,2014,8,9,14.199573
2014-08-10,2014,8,10,0.247118
2014-08-11,2014,8,11,7.7297515
2014-08-12,2014,8,12,0
2014-08-13,2014,8,13,0
2014-08-14,2014,8,14,0
2014-08-15,2014,8,15,11.407578
2014-08-16,2014,8,16,0
2014-08-17,2014,8,17,0
2014-08-18,2014,8,18,0
2014-08-19,2014,8,19,0
2014-08-20,2014,8,20,0
2014-08-21,2014,8,21,0
2014-08-22,2014,8,22,18.238892
2014-08-23,2014,8,23,12.417372
2014-08-24,2014,8,24,5.7712684
2014-08-25,2014,8,25,0
2014-08-26,2014,8,26,0
2014-08-27,2014,8,27,0
2014-08-28,2014,8,28,5.0234796
2014-08-29,2014,8,29,13.93433
2014-08-30,2014,8,30,17.432353
2014-08-31,2014,8,31,10.683793
2014-09-01,2014,9,1,17.360061
2014-09-02,2014,9,2,17.795828
2014-09-03,2014,9,3,9.7543567
2014-09-04,2014,9,4,13.999651
2014-09-05,2014,9,5,12.603892
2014-09-06,2014,9,6,31.940399
2014-09-07,2014,9,7,38.755751
2014-09-08,2014,9,8,21.53203
2014-09-09,2014,9,9,10.804273
2014-09-10,2014,9,10,0
2014-09-11,2014,9,11,0
2014-09-12,2014,9,12,0
2014-09-13,2014,9,13,0
2014-09-14,2014,9,14,0
2014-09-15,2014,9,15,0
2014-09-16,2014,9,16,0
2014-09-17,2014,9,17,0
2014-09-18,2014,9,18,6.8098153
2014-09-19,2014,9,19,7.7793256
2014-09-20,2014,9,20,8.4474158
2014-09-21,2014,9,21,11.781447
2014-09-22,2014,9,22,13.629708
2014-09-23,2014,9,23,48.4201
2014-09-24,2014,9,24,58.112381
2014-09-25,2014,9,25,8.4122102
2014-09-26,2014,9,26,7.6012096
2014-09-27,2014,9,27,43.014261
2014-09-28,2014,9,28,7.5716531
2014-09-29,2014,9,29,4.5131301
2014-09-30,2014,9,30,0
2014-10-01,2014,10,1,0
2014-10-02,2014,10,2,0
2014-10-03,2014,10,3,0
2014-10-04,2014,10,4,0.044163171
2014-10-05,2014,10,5,0
2014-10-06,2014,10,6,0
2014-10-07,2014,10,7,0
2014-10-08,2014,10,8,9.2821939
2014-10-09,2014,10,9,2.1822032
2014-10-10,2014,10,10,0
2014-10-11,2014,10,11,0
2014-10-12,2014,10,12,0
2014-10-13,2014,10,13,0
2014-10-14,2014,10,14,0
2014-10-15,2014,10,15,10.152639
2014-10-16,2014,10,16,0
2014-10-17,2014,10,17,30.114724
2014-10-18,2014,10,18,8.7060897
2014-10-19,2014,10,19,8.8630651
2014-10-20,2014,10,20,2.6342242
2014-10-21,2014,10,21,0
2014-10-22,2014,10,22,0
2014-10-23,2014,10,23,0
2014-10-24,2014,10,24,0
2014-10-25,2014,10,25,0
2014-10-26,2014,10,26,0.186929
2014-10-27,2014,10,27,10.498707
2014-10-28,2014,10,28,40.570036
2014-10-29,2014,10,29,19.019924
2014-10-30,2014,10,30,5.6798317
2014-10-31,2014,10,31,0
2014-11-01,2014,11,1,4.199962
2014-11-02,2014,11,2,8.6878012
2014-11-03,2014,11,3,2.9775238
2014-11-04,2014,11,4,0
2014-11-05,2014,11,5,0.54775246
2014-11-06,2014,11,6,5.5920079
2014-11-07,2014,11,7,0
2014-11-08,2014,11,8,0
2014-11-09,2014,11,9,0
2014-11-10,2014,11,10,0
2014-11-11,2014,11,11,0
2014-11-12,2014,11,12,0
2014-11-13,2014,11,13,0
2014-11-14,2014,11,14,0
2014-11-15,2014,11,15,0
2014-11-16,2014,11,16,0
2014-11-17,2014,11,17,0.46898207
2014-11-18,2014,11,18,10.396955
2014-11-19,2014,11,19,0
2014-11-20,2014,11,20,0
2014-11-21,2014,11,21,0
2014-11-22,2014,11,22,0.36057539
2014-11-23,2014,11,23,16.050448
2014-11-24,2014,11,24,0
2014-11-25,2014,11,25,0
2014-11-26,2014,11,26,0
2014-11-27,2014,11,27,0
2014-11-28,2014,11,28,8.499775
2014-11-29,2014,11,29,0
2014-11-30,2014,11,30,0
2014-12-01,2014,12,1,0
2014-12-02,2014,12,2,0
2014-12-03,2014,12,3,0
2014-12-04,2014,12,4,0
2014-12-05,2014,12,5,0
2014-12-06,2014,12,6,5.9749094
2014-12-07,2014,12,7,0
2014-12-08,2014,12,8,0
2014-12-09,2014,12,9,0
2014-12-10,2014,12,10,0
2014-12-11,2014,12,11,0
2014-12-12,2014,12,12,0
2014-12-13,2014,12,13,0
2014-12-14,2014,12,14,3.098522
2014-12-15,2014,12,15,0
2014-12-16,2014,12,16,0
2014-12-17,2014,12,17,0
2014-12-18,2014,12,18,0
2014-12-19,2014,12,19,18.537623
2014-12-20,2014,12,20,5.5725489
2014-12-21,2014,12,21,0.0049227343
2014-12-22,2014,12,22,0
2014-12-23,2014,12,23,0
2014-12-24,2014,12,24,0
2014-12-25,2014,12,25,0
2014-12-26,2014,12,26,0
2014-12-27,2014,12,27,0
2014-12-28,2014,12,28,0
2014-12-29,2014,12,29,1.4667046
2014-12-30,2014,12,30,18.321422
2014-12-31,2014,12,31,14.346524
2015-01-01,2015,1,1,0
2015-01-02,2015,1,2,0
2015-01-03,2015,1,3,0
2015-01-04,2015,1,4,0
2015-01-05,2015,1,5,0
2015-01-06,2015,1,6,0
2015-01-07,2015,1,7,0
2015-01-08,2015,1,8,0
2015-01-09,2015,1,9,0
2015-01-10,2015,1,10,0
2015-01-11,2015,1,11,0
2015-01-12,2015,1,12,0
2015-01-13,2015,1,13,0
2015-01-14,2015,1,14,0
2015-01-15,2015,1,15,0
2015-01-16,2015,1,16,0
2015-01-17,2015,1,17,0
2015-01-18,2015,1,18,0
2015-01-19,2015,1,19,0
2015-01-20,2015,1,20,0
2015-01-21,2015,1,21,0.057397338
2015-01-22,2015,1,22,0
2015-01-23,2015,1,23,0
2015-01-24,2015,1,24,0
2015-01-25,2015,1,25,0
2015-01-26,2015,1,26,0
2015-01-27,2015,1,27,0
2015-01-28,2015,1,28,0
2015-01-29,2015,1,29,0
2015-01-30,2015,1,30,0
2015-01-31,2015,1,31,0
2015-02-01,2015,2,1,0
2015-02-02,2015,2,2,0
2015-02-03,2015,2,3,0
2015-02-04,2015,2,4,0
2015-02-05,2015,2,5,0
2015-02-06,2015,2,6,0
2015-02-07,2015,2,7,0
2015-02-08,2015,2,8,0.024452808
2015-02-09,2015,2,9,0
2015-02-10,2015,2,10,0
2015-02-11,2015,2,11,0
2015-02-12,2015,2,12,0
2015-02-13,2015,2,13,0
2015-02-14,2015,2,14,0
2015-02-15,2015,2,15,0
2015-02-16,2015,2,16,0
2015-02-17,2015,2,17,0
2015-02-18,2015,2,18,0
2015-02-19,2015,2,19,0
2015-02-20,2015,2,20,0
2015-02-21,2015,2,21,3.1892682
2015-02-22,2015,2,22,0
2015-02-23,2015,2,23,0
2015-02-24,2015,2,24,0
2015-02-25,2015,2,25,0
2015-02-26,2015,2,26,0
2015-02-27,2015,2,27,0
2015-02-28,2015,2,28,0
2015-03-01,2015,3,1,0
2015-03-02,2015,3,2,0
2015-03-03,2015,3,3,0
2015-03-04,2015,3,4,0
2015-03-05,2015,3,5,0
2015-03-06,2015,3,6,0
2015-03-07,2015,3,7,0.35602233
2015-03-08,2015,3,8,0
2015-03-09,2015,3,9,0
2015-03-10,2015,3,10,0
2015-03-11,2015,3,11,0
2015-03-12,2015,3,12,0
2015-03-13,2015,3,13,0
2015-03-14,2015,3,14,0
2015-03-15,2015,3,15,0
2015-03-16,2015,3,16,0
2015-03-17,2015,3,17,0
2015-03-18,2015,3,18,0
2015-03-19,2015,3,19,0
2015-03-20,2015,3,20,0
2015-03-21,2015,3,21,0
2015-03-22,2015,3,22,0
2015-03-23,2015,3,23,0
2015-03-24,2015,3,24,0
2015-03-25,2015,3,25,0
2015-03-26,2015,3,26,0
2015-03-27,2015,3,27,0
2015-03-28,2015,3,28,1.6687258
2015-03-29,2015,3,29,0
2015-03-30,2015,3,30,0
2015-03-31,2015,3,31,0
2015-04-01,2015,4,1,9.9103445
2015-04-02,2015,4,2,22.454614
2015-04-03,2015,4,3,5.8067
2015-04-04,2015,4,4,0
2015-04-05,2015,4,5,0
2015-04-06,2015,4,6,0.052345727
2015-04-07,2015,4,7,6.9571065
2015-04-08,2015,4,8,0
2015-04-09,2015,4,9,0
2015-04-10,2015,4,10,0
2015-04-11,2015,4,11,0
2015-04-12,2015,4,12,6.5087532
2015-04-13,2015,4,13,4.8568267
2015-04-14,2015,4,14,0
2015-04-15,2015,4,15,12.296314
2015-04-16,2015,4,16,9.0596247
2015-04-17,2015,4,17,0
2015-04-18,2015,4,18,44.66228
2015-04-19,2015,4,19,1.8376915
2015-04-20,2015,4,20,0
2015-04-21,2015,4,21,0
2015-04-22,2015,4,22,0
2015-04-23,2015,4,23,0
2015-04-24,2015,4,24,0
2015-04-25,2015,4,25,0
2015-04-26,2015,4,26,0
2015-04-27,2015,4,27,0
2015-04-28,2015,4,28,0
2015-04-29,2015,4,29,0
2015-04-30,2015,4,30,0
2015-05-01,2015,5,1,30.521499
2015-05-02,2015,5,2,1.4891028
2015-05-03,2015,5,3,1.8856934
2015-05-04,2015,5,4,0
2015-05-05,2015,5,5,0
2015-05-06,2015,5,6,0
2015-05-07,2015,5,7,0
2015-05-08,2015,5,8,17.732663
2015-05-09,2015,5,9,8.5642894
2015-05-10,2015,5,10,0
2015-05-11,2015,5,11,0
2015-05-12,2015,5,12,5.6346191
2015-05-13,2015,5,13,0
2015-05-14,2015,5,14,0
2015-05-15,2015,5,15,0.43805522
2015-05-16,2015,5,16,10.027355
2015-05-17,2015,5,17,13.002877
2015-05-18,2015,5,18,0
2015-05-19,2015,5,19,0
2015-05-20,2015,5,20,65.112751
2015-05-21,2015,5,21,18.210983
2015-05-22,2015,5,22,14.333087
2015-05-23,2015,5,23,0.05906428
2015-05-24,2015,5,24,0
2015-05-25,2015,5,25,0
2015-05-26,2015,5,26,0
2015-05-27,2015,5,27,0
2015-05-28,2015,5,28,30.825034
2015-05-29,2015,5,29,8.9582211
2015-05-30,2015,5,30,27.948781
2015-05-31,2015,5,31,122.59833
2015-06-01,2015,6,1,78.972702
2015-06-02,2015,6,2,61.765467
2015-06-03,2015,6,3,12.148117
2015-06-04,2015,6,4,109.73903
2015-06-05,2015,6,5,46.496338
2015-06-06,2015,6,6,26.014339
2015-06-07,2015,6,7,42.760738
2015-06-08,2015,6,8,42.256202
2015-06-09,2015,6,9,10.393809
2015-06-10,2015,6,10,10.262538
2015-06-11,2015,6,11,0
2015-06-12,2015,6,12,5.1553219
2015-06-13,2015,6,13,33.429129
2015-06-14,2015,6,14,7.1021226
2015-06-15,2015,6,15,0.87858469
2015-06-16,2015,6,16,13.182056
2015-06-17,2015,6,17,0
2015-06-18,2015,6,18,0
2015-06-19,2015,6,19,19.48489
2015-06-20,2015,6,20,0
2015-06-21,2015,6,21,0
2015-06-22,2015,6,22,0
2015-06-23,2015,6,23,0
2015-06-24,2015,6,24,0.076535878
2015-06-25,2015,6,25,6.843097
2015-06-26,2015,6,26,0
2015-06-27,2015,6,27,0
2015-06-28,2015,6,28,0
2015-06-29,2015,6,29,0
2015-06-30,2015,6,30,0
2015-07-01,2015,7,1,1.6529526
2015-07-02,2015,7,2,0
2015-07-03,2015,7,3,0
2015-07-04,2015,7,4,23.365039
2015-07-05,2015,7,5,34.833138
2015-07-06,2015,7,6,11.613339
2015-07-07,2015,7,7,33.714321
2015-07-08,2015,7,8,48.754066
2015-07-09,2015,7,9,11.132742
2015-07-10,2015,7,10,7.2788385
2015-07-11,2015,7,11,34.645922
2015-07-12,2015,7,12,0
2015-07-13,2015,7,13,16.689059
2015-07-14,2015,7,14,18.306343
2015-07-15,2015,7,15,18.817986
2015-07-16,2015,7,16,14.90309
2015-07-17,2015,7,17,43.36618
2015-07-18,2015,7,18,16.055991
2015-07-19,2015,7,19,1.7514119
2015-07-20,2015,7,20,0
2015-07-21,2015,7,21,0
2015-07-22,2015,7,22,0
2015-07-23,2015,7,23,0
2015-07-24,2015,7,24,0.091783148
2015-07-25,2015,7,25,13.249064
2015-07-26,2015,7,26,60.810894
2015-07-27,2015,7,27,20.860825
2015-07-28,2015,7,28,9.6759067
2015-07-29,2015,7,29,13.111876
2015-07-30,2015,7,30,29.877969
2015-07-31,2015,7,31,24.03607
2015-08-01,2015,8,1,32.488469
2015-08-02,2015,8,2,21.671729
2015-08-03,2015,8,3,0
2015-08-04,2015,8,4,4.9895562
2015-08-05,2015,8,5,32.733571
2015-08-06,2015,8,6,20.53012
2015-08-07,2015,8,7,7.4090785
2015-08-08,2015,8,8,20.546159
2015-08-09,2015,8,9,21.317923
2015-08-10,2015,8,10,0.037070816
2015-08-11,2015,8,11,0
2015-08-12,2015,8,12,0
2015-08-13,2015,8,13,0
2015-08-14,2015,8,14,23.083112
2015-08-15,2015,8,15,5.0695524
2015-08-16,2015,8,16,0
2015-08-17,2015,8,17,8.8734697
2015-08-18,2015,8,18,0
2015-08-19,2015,8,19,0
2015-08-20,2015,8,20,0.16640677
2015-08-21,2015,8,21,32.591759
2015-08-22,2015,8,22,21.538833
2015-08-23,2015,8,23,0
2015-08-24,2015,8,24,20.726418
2015-08-25,2015,8,25,52.224405
2015-08-26,2015,8,26,14.332213
2015-08-27,2015,8,27,41.107305
2015-08-28,2015,8,28,51.101963
2015-08-29,2015,8,29,15.515767
2015-08-30,2015,8,30,14.84239
2015-08-31,2015,8,31,0
2015-09-01,2015,9,1,0
2015-09-02,2015,9,2,0
2015-09-03,2015,9,3,0
2015-09-04,2015,9,4,0
2015-09-05,2015,9,5,0
2015-09-06,2015,9,6,34.501552
2015-09-07,2015,9,7,19.546079
2015-09-08,2015,9,8,21.343287
2015-09-09,2015,9,9,3.5030241
2015-09-10,2015,9,10,4.6062517
2015-09-11,2015,9,11,0
2015-09-12,2015,9,12,0
2015-09-13,2015,9,13,0
2015-09-14,2015,9,14,4.6199027
2015-09-15,2015,9,15,4.3172678
2015-09-16,2015,9,16,0
2015-09-17,2015,9,17,0
2015-09-18,2015,9,18,0
2015-09-19,2015,9,19,0
2015-09-20,2015,9,20,0
2015-09-21,2015,9,21,0.044695135
2015-09-22,2015,9,22,9.4315332
2015-09-23,2015,9,23,14.265201
2015-09-24,2015,9,24,22.447462
2015-09-25,2015,9,25,2.0113594
2015-09-26,2015,9,26,16.86845
2015-09-27,2015,9,27,50.719072
2015-09-28,2015,9,28,7.2156442
2015-09-29,2015,9,29,11.849296
2015-09-30,2015,9,30,17.008041
2015-10-01,2015,10,1,11.6207
2015-10-02,2015,10,2,0
2015-10-03,2015,10,3,2.6619617
2015-10-04,2015,10,4,21.791922
2015-10-05,2015,10,5,12.902601
2015-10-06,2015,10,6,6.1791311
2015-10-07,2015,10,7,4.8012153
2015-10-08,2015,10,8,0
2015-10-09,2015,10,9,0
2015-10-10,2015,10,10,0
2015-10-11,2015,10,11,0
2015-10-12,2015,10,12,13.123618
2015-10-13,2015,10,13,28.001752
2015-10-14,2015,10,14,9.2320971
2015-10-15,2015,10,15,0.027683641
2015-10-16,2015,10,16,0
2015-10-17,2015,10,17,0
2015-10-18,2015,10,18,0
2015-10-19,2015,10,19,14.072059
2015-10-20,2015,10,20,2.5364828
2015-10-21,2015,10,21,0
2015-10-22,2015,10,22,0
2015-10-23,2015,10,23,0
2015-10-24,2015,10,24,17.375068
2015-10-25,2015,10,25,9.1645037
2015-10-26,2015,10,26,0
2015-10-27,2015,10,27,0
2015-10-28,2015,10,28,0.00038085584
2015-10-29,2015,10,29,0
2015-10-30,2015,10,30,0
2015-10-31,2015,10,31,0
2015-11-01,2015,11,1,0
2015-11-02,2015,11,2,0
2015-11-03,2015,11,3,0
2015-11-04,2015,11,4,0
2015-11-05,2015,11,5,0
2015-11-06,2015,11,6,1.2371689
2015-11-07,2015,11,7,0
2015-11-08,2015,11,8,19.390654
2015-11-09,2015,11,9,0.028444382
2015-11-10,2015,11,10,0
2015-11-11,2015,11,11,0.086950138
2015-11-12,2015,11,12,1.2589478
2015-11-13,2015,11,13,0
2015-11-14,2015,11,14,0
2015-11-15,2015,11,15,0
2015-11-16,2015,11,16,17.365826
2015-11-17,2015,11,17,0
2015-11-18,2015,11,18,12.802609
2015-11-19,2015,11,19,0.10327865
2015-11-20,2015,11,20,4.0461716
2015-11-21,2015,11,21,0.32232819
2015-11-22,2015,11,22,0.016333197
2015-11-23,2015,11,23,1.4987771
2015-11-24,2015,11,24,10.12368
2015-11-25,2015,11,25,0
2015-11-26,2015,11,26,5.092439
2015-11-27,2015,11,27,0
2015-11-28,2015,11,28,0
2015-11-29,2015,11,29,0
2015-11-30,2015,11,30,0
2015-12-01,2015,12,1,0
2015-12-02,2015,12,2,11.682289
2015-12-03,2015,12,3,0
2015-12-04,2015,12,4,0
2015-12-05,2015,12,5,0
2015-12-06,2015,12,6,0
2015-12-07,2015,12,7,0
2015-12-08,2015,12,8,0
2015-12-09,2015,12,9,0
2015-12-10,2015,12,10,0
2015-12-11,2015,12,11,0
2015-12-12,2015,12,12,1.3663312
2015-12-13,2015,12,13,51.877327
2015-12-14,2015,12,14,1.6355382
2015-12-15,2015,12,15,0
2015-12-16,2015,12,16,0
2015-12-17,2015,12,17,0
2015-12-18,2015,12,18,0
2015-12-19,2015,12,19,0
2015-12-20,2015,12,20,0
2015-12-21,2015,12,21,17.121027
2015-12-22,2015,12,22,16.940327
2015-12-23,2015,12,23,0
2015-12-24,2015,12,24,0
2015-12-25,2015,12,25,0
2015-12-26,2015,12,26,0
2015-12-27,2015,12,27,0
2015-12-28,2015,12,28,0
2015-12-29,2015,12,29,0
2015-12-30,2015,12,30,0
2015-12-31,2015,12,31,0
2016-01-01,2016,1,1,0
2016-01-02,2016,1,2,0
2016-01-03,2016,1,3,0
2016-01-04,2016,1,4,0
2016-01-05,2016,1,5,0
2016-01-06,2016,1,6,0
2016-01-07,2016,1,7,10.795427
2016-01-08,2016,1,8,7.7170916
2016-01-09,2016,1,9,6.2104731
2016-01-10,2016,1,10,0
2016-01-11,2016,1,11,1.8323073
2016-01-12,2016,1,12,0
2016-01-13,2016,1,13,0
2016-01-14,2016,1,14,0
2016-01-15,2016,1,15,0
2016-01-16,2016,1,16,0
2016-01-17,2016,1,17,0
2016-01-18,2016,1,18,0
2016-01-19,2016,1,19,0
2016-01-20,2016,1,20,0
2016-01-21,2016,1,21,0
2016-01-22,2016,1,22,0
2016-01-23,2016,1,23,0.78126018
2016-01-24,2016,1,24,4.892545
2016-01-25,2016,1,25,0
2016-01-26,2016,1,26,6.9271779
2016-01-27,2016,1,27,13.498643
2016-01-28,2016,1,28,0
2016-01-29,2016,1,29,0
2016-01-30,2016,1,30,0
2016-01-31,2016,1,31,0
2016-02-01,2016,2,1,0
2016-02-02,2016,2,2,0
2016-02-03,2016,2,3,0
2016-02-04,2016,2,4,0
2016-02-05,2016,2,5,0
2016-02-06,2016,2,6,0
2016-02-07,2016,2,7,0
2016-02-08,2016,2,8,0
2016-02-09,2016,2,9,0
2016-02-10,2016,2,10,0
2016-02-11,2016,2,11,0
2016-02-12,2016,2,12,4.8624686
2016-02-13,2016,2,13,0
2016-02-14,2016,2,14,0
2016-02-15,2016,2,15,0
2016-02-16,2016,2,16,0
2016-02-17,2016,2,17,0
2016-02-18,2016,2,18,1.2900888
2016-02-19,2016,2,19,0
2016-02-20,2016,2,20,0
2016-02-21,2016,2,21,0
2016-02-22,2016,2,22,0
2016-02-23,2016,2,23,0
2016-02-24,2016,2,24,0
2016-02-25,2016,2,25,1.3909105
2016-02-26,2016,2,26,0
2016-02-27,2016,2,27,0
2016-02-28,2016,2,28,0
2016-02-29,2016,2,29,0
2016-03-01,2016,3,1,0
2016-03-02,2016,3,2,0
2016-03-03,2016,3,3,0
2016-03-04,2016,3,4,0
2016-03-05,2016,3,5,0
2016-03-06,2016,3,6,0
2016-03-07,2016,3,7,0
2016-03-08,2016,3,8,0
2016-03-09,2016,3,9,0
2016-03-10,2016,3,10,0
2016-03-11,2016,3,11,0
2016-03-12,2016,3,12,0
2016-03-13,2016,3,13,0
2016-03-14,2016,3,14,0
2016-03-15,2016,3,15,0
2016-03-16,2016,3,16,0
2016-03-17,2016,3,17,9.1337602
2016-03-18,2016,3,18,0
2016-03-19,2016,3,19,0
2016-03-20,2016,3,20,0
2016-03-21,2016,3,21,0
2016-03-22,2016,3,22,0
2016-03-23,2016,3,23,0
2016-03-24,2016,3,24,0
2016-03-25,2016,3,25,0
2016-03-26,2016,3,26,0
2016-03-27,2016,3,27,0
2016-03-28,2016,3,28,0
2016-03-29,2016,3,29,0
2016-03-30,2016,3,30,29.361128
2016-03-31,2016,3,31,0
2016-04-01,2016,4,1,0
2016-04-02,2016,4,2,0
2016-04-03,2016,4,3,0.32727748
2016-04-04,2016,4,4,0
2016-04-05,2016,4,5,0
2016-04-06,2016,4,6,16.356703
2016-04-07,2016,4,7,0
2016-04-08,2016,4,8,0
2016-04-09,2016,4,9,0
2016-04-10,2016,4,10,0
2016-04-11,2016,4,11,0
2016-04-12,2016,4,12,3.2147728
2016-04-13,2016,4,13,22.213895
2016-04-14,2016,4,14,39.606232
2016-04-15,2016,4,15,25.88402
2016-04-16,2016,4,16,0
2016-04-17,2016,4,17,0
2016-04-18,2016,4,18,1.1036589
2016-04-19,2016,4,19,32.122295
2016-04-20,2016,4,20,20.037808
2016-04-21,2016,4,21,0
2016-04-22,2016,4,22,42.909156
2016-04-23,2016,4,23,22.739116
2016-04-24,2016,4,24,0.23703072
2016-04-25,2016,4,25,0
2016-04-26,2016,4,26,0
2016-04-27,2016,4,27,0
2016-04-28,2016,4,28,0
2016-04-29,2016,4,29,0
2016-04-30,2016,4,30,0.10293619
2016-05-01,2016,5,1,7.7776849
2016-05-02,2016,5,2,0
2016-05-03,2016,5,3,0
2016-05-04,2016,5,4,0.045545068
2016-05-05,2016,5,5,9.8113895
2016-05-06,2016,5,6,0
2016-05-07,2016,5,7,6.5171057
2016-05-08,2016,5,8,0
2016-05-09,2016,5,9,0
2016-05-10,2016,5,10,0.43175475
2016-05-11,2016,5,11,6.4922846
2016-05-12,2016,5,12,0
2016-05-13,2016,5,13,0
2016-05-14,2016,5,14,11.707494
2016-05-15,2016,5,15,0
2016-05-16,2016,5,16,0
2016-05-17,2016,5,17,0
2016-05-18,2016,5,18,21.254362
2016-05-19,2016,5,19,2.3884826
2016-05-20,2016,5,20,0
2016-05-21,2016,5,21,0
2016-05-22,2016,5,22,0
2016-05-23,2016,5,23,0
2016-05-24,2016,5,24,12.634103
2016-05-25,2016,5,25,6.3717934
2016-05-26,2016,5,26,0
2016-05-27,2016,5,27,0
2016-05-28,2016,5,28,9.5297088
2016-05-29,2016,5,29,19.135398
2016-05-30,2016,5,30,1.6200034
2016-05-31,2016,5,31,1.970703
2016-06-01,2016,6,1,3.1942769
2016-06-02,2016,6,2,0
2016-06-03,2016,6,3,0
2016-06-04,2016,6,4,0
2016-06-05,2016,6,5,7.6317323
2016-06-06,2016,6,6,12.202557
2016-06-07,2016,6,7,0.27554824
2016-06-08,2016,6,8,0
2016-06-09,2016,6,9,0
2016-06-10,2016,6,10,0
2016-06-11,2016,6,11,0
2016-06-12,2016,6,12,0.033300381
2016-06-13,2016,6,13,0
2016-06-14,2016,6,14,0
2016-06-15,2016,6,15,0
2016-06-16,2016,6,16,0
2016-06-17,2016,6,17,0
2016-06-18,2016,6,18,0
2016-06-19,2016,6,19,0
2016-06-20,2016,6,20,0
2016-06-21,2016,6,21,0
2016-06-22,2016,6,22,6.9627616
2016-06-23,2016,6,23,0
2016-06-24,2016,6,24,0
2016-06-25,2016,6,25,0
2016-06-26,2016,6,26,0
2016-06-27,2016,6,27,0
2016-06-28,2016,6,28,0
2016-06-29,2016,6,29,7.9533626
2016-06-30,2016,6,30,0
2016-07-01,2016,7,1,0
2016-07-02,2016,7,2,0
2016-07-03,2016,7,3,0
2016-07-04,2016,7,4,0
2016-07-05,2016,7,5,0
2016-07-06,2016,7,6,4.6617549
2016-07-07,2016,7,7,0
2016-07-08,2016,7,8,7.1853978
2016-07-09,2016,7,9,15.262348
2016-07-10,2016,7,10,44.961112
2016-07-11,2016,7,11,24.799316
2016-07-12,2016,7,12,11.516322
2016-07-13,2016,7,13,28.547569
2016-07-14,2016,7,14,11.124352
2016-07-15,2016,7,15,0
2016-07-16,2016,7,16,0
2016-07-17,2016,7,17,26.226217
2016-07-18,2016,7,18,0
2016-07-19,2016,7,19,3.9813857
2016-07-20,2016,7,20,23.810904
2016-07-21,2016,7,21,25.611093
2016-07-22,2016,7,22,59.941611
2016-07-23,2016,7,23,31.689386
2016-07-24,2016,7,24,33.658184
2016-07-25,2016,7,25,8.8649702
2016-07-26,2016,7,26,0
2016-07-27,2016,7,27,0
2016-07-28,2016,7,28,26.766371
2016-07-29,2016,7,29,10.229996
2016-07-30,2016,7,30,0
2016-07-31,2016,7,31,10.902499
2016-08-01,2016,8,1,0
2016-08-02,2016,8,2,8.0197239
2016-08-03,2016,8,3,10.32083
2016-08-04,2016,8,4,6.8831207
2016-08-05,2016,8,5,7.3507609
2016-08-06,2016,8,6,9.7788169
2016-08-07,2016,8,7,10.070363
2016-08-08,2016,8,8,0
2016-08-09,2016,8,9,0
2016-08-10,2016,8,10,10.765484
2016-08-11,2016,8,11,0
2016-08-12,2016,8,12,32.805508
2016-08-13,2016,8,13,12.86387
2016-08-14,2016,8,14,40.653797
2016-08-15,2016,8,15,68.862217
2016-08-16,2016,8,16,34.945991
2016-08-17,2016,8,17,27.962491
2016-08-18,2016,8,18,24.517847
2016-08-19,2016,8,19,11.479836
2016-08-20,2016,8,20,0
2016-08-21,2016,8,21,0
2016-08-22,2016,8,22,0
2016-08-23,2016,8,23,0
2016-08-24,2016,8,24,0.033382953
2016-08-25,2016,8,25,21.389019
2016-08-26,2016,8,26,0
2016-08-27,2016,8,27,0
2016-08-28,2016,8,28,0
2016-08-29,2016,8,29,12.587746
2016-08-30,2016,8,30,14.97949
2016-08-31,2016,8,31,0
2016-09-01,2016,9,1,0
2016-09-02,2016,9,2,0
2016-09-03,2016,9,3,0
2016-09-04,2016,9,4,0
2016-09-05,2016,9,5,0
2016-09-06,2016,9,6,0
2016-09-07,2016,9,7,0
2016-09-08,2016,9,8,28.433297
2016-09-09,2016,9,9,2.6486976
2016-09-10,2016,9,10,0
2016-09-11,2016,9,11,18.909247
2016-09-12,2016,9,12,28.179212
2016-09-13,2016,9,13,0
2016-09-14,2016,9,14,0
2016-09-15,2016,9,15,3.0006256
2016-09-16,2016,9,16,5.5959763
2016-09-17,2016,9,17,0
2016-09-18,2016,9,18,0
2016-09-19,2016,9,19,0
2016-09-20,2016,9,20,0
2016-09-21,2016,9,21,0
2016-09-22,2016,9,22,0
2016-09-23,2016,9,23,0
2016-09-24,2016,9,24,0
2016-09-25,2016,9,25,0
2016-09-26,2016,9,26,0
2016-09-27,2016,9,27,0
2016-09-28,2016,9,28,0
2016-09-29,2016,9,29,17.285373
2016-09-30,2016,9,30,9.0345521
2016-10-01,2016,10,1,0
2016-10-02,2016,10,2,0
2016-10-03,2016,10,3,15.331939
2016-10-04,2016,10,4,0.11269849
2016-10-05,2016,10,5,0
2016-10-06,2016,10,6,0
2016-10-07,2016,10,7,0
2016-10-08,2016,10,8,0
2016-10-09,2016,10,9,0
2016-10-10,2016,10,10,8.1816956
2016-10-11,2016,10,11,59.366173
2016-10-12,2016,10,12,37.321763
2016-10-13,2016,10,13,0.89198868
2016-10-14,2016,10,14,9.3102131
2016-10-15,2016,10,15,34.005502
2016-10-16,2016,10,16,26.498233
2016-10-17,2016,10,17,0
2016-10-18,2016,10,18,10.814556
2016-10-19,2016,10,19,0
2016-10-20,2016,10,20,0
2016-10-21,2016,10,21,0
2016-10-22,2016,10,22,0
2016-10-23,2016,10,23,7.5197316
2016-10-24,2016,10,24,0.59878333
2016-10-25,2016,10,25,0
2016-10-26,2016,10,26,0
2016-10-27,2016,10,27,0
2016-10-28,2016,10,28,0
2016-10-29,2016,10,29,0
2016-10-30,2016,10,30,0
2016-10-31,2016,10,31,30.557925
2016-11-01,2016,11,1,3.3993509
2016-11-02,2016,11,2,12.424445
2016-11-03,2016,11,3,4.3068951
2016-11-04,2016,11,4,0
2016-11-05,2016,11,5,0
2016-11-06,2016,11,6,0
2016-11-07,2016,11,7,0
2016-11-08,2016,11,8,0
2016-11-09,2016,11,9,0
2016-11-10,2016,11,10,0
2016-11-11,2016,11,11,0
2016-11-12,2016,11,12,0
2016-11-13,2016,11,13,9.341569
2016-11-14,2016,11,14,32.451264
2016-11-15,2016,11,15,0.0071204877
2016-11-16,2016,11,16,0
2016-11-17,2016,11,17,0
2016-11-18,2016,11,18,0
2016-11-19,2016,11,19,0
2016-11-20,2016,11,20,0
2016-11-21,2016,11,21,0
2016-11-22,2016,11,22,0
2016-11-23,2016,11,23,0
2016-11-24,2016,11,24,5.2700821
2016-11-25,2016,11,25,12.422622
2016-11-26,2016,11,26,17.761002
2016-11-27,2016,11,27,0
2016-11-28,2016,11,28,0
2016-11-29,2016,11,29,0
2016-11-30,2016,11,30,0
2016-12-01,2016,12,1,0
2016-12-02,2016,12,2,0
2016-12-03,2016,12,3,0
2016-12-04,2016,12,4,35.027422
2016-12-05,2016,12,5,3.2631838
2016-12-06,2016,12,6,0
2016-12-07,2016,12,7,0
2016-12-08,2016,12,8,0
2016-12-09,2016,12,9,10.548174
2016-12-10,2016,12,10,23.396119
2016-12-11,2016,12,11,7.4386427
2016-12-12,2016,12,12,0
2016-12-13,2016,12,13,0
2016-12-14,2016,12,14,0
2016-12-15,2016,12,15,0
2016-12-16,2016,12,16,0
2016-12-17,2016,12,17,0.49012694
2016-12-18,2016,12,18,0
2016-12-19,2016,12,19,0
2016-12-20,2016,12,20,31.268549
2016-12-21,2016,12,21,0
2016-12-22,2016,12,22,0
2016-12-23,2016,12,23,0
2016-12-24,2016,12,24,7.978875
2016-12-25,2016,12,25,18.872336
2016-12-26,2016,12,26,0
2016-12-27,2016,12,27,0
2016-12-28,2016,12,28,0
2016-12-29,2016,12,29,0
2016-12-30,2016,12,30,1.1021265
2016-12-31,2016,12,31,8.5064891
2017-01-01,2017,1,1,0
2017-01-02,2017,1,2,4.6797359
2017-01-03,2017,1,3,7.3992964
2017-01-04,2017,1,4,0
2017-01-05,2017,1,5,0
2017-01-06,2017,1,6,0
2017-01-07,2017,1,7,3.9265036
2017-01-08,2017,1,8,54.19308
2017-01-09,2017,1,9,1.9041952
2017-01-10,2017,1,10,0
2017-01-11,2017,1,11,0
2017-01-12,2017,1,12,0
2017-01-13,2017,1,13,0
2017-01-14,2017,1,14,0
2017-01-15,2017,1,15,0
2017-01-16,2017,1,16,0.25908884
2017-01-17,2017,1,17,0
2017-01-18,2017,1,18,0
2017-01-19,2017,1,19,0
2017-01-20,2017,1,20,0
2017-01-21,2017,1,21,0
2017-01-22,2017,1,22,0
2017-01-23,2017,1,23,0
2017-01-24,2017,1,24,0
2017-01-25,2017,1,25,0
2017-01-26,2017,1,26,0
2017-01-27,2017,1,27,0
2017-01-28,2017,1,28,0
2017-01-29,2017,1,29,0
2017-01-30,2017,1,30,0
2017-01-31,2017,1,31,0
2017-02-01,2017,2,1,0
2017-02-02,2017,2,2,0
2017-02-03,2017,2,3,7.8137552
2017-02-04,2017,2,4,7.2046065
2017-02-05,2017,2,5,0
2017-02-06,2017,2,6,0
2017-02-07,2017,2,7,0
2017-02-08,2017,2,8,0
2017-02-09,2017,2,9,0
2017-02-10,2017,2,10,0
2017-02-11,2017,2,11,0
2017-02-12,2017,2,12,0
2017-02-13,2017,2,13,0
2017-02-14,2017,2,14,2.6863344
2017-02-15,2017,2,15,3.1976816
2017-02-16,2017,2,16,17.09474
2017-02-17,2017,2,17,11.987074
2017-02-18,2017,2,18,6.723318
2017-02-19,2017,2,19,1.9618196
2017-02-20,2017,2,20,0
2017-02-21,2017,2,21,0
2017-02-22,2017,2,22,0
2017-02-23,2017,2,23,0
2017-02-24,2017,2,24,0
2017-02-25,2017,2,25,0
2017-02-26,2017,2,26,0
2017-02-27,2017,2,27,15.140392
2017-02-28,2017,2,28,29.911548
2017-03-01,2017,3,1,10.124202
2017-03-02,2017,3,2,0.59484823
2017-03-03,2017,3,3,0
2017-03-04,2017,3,4,0
2017-03-05,2017,3,5,0
2017-03-06,2017,3,6,0
2017-03-07,2017,3,7,9.7232935
2017-03-08,2017,3,8,38.439881
2017-03-09,2017,3,9,16.485945
2017-03-10,2017,3,10,8.1486579
2017-03-11,2017,3,11,3.9720715
2017-03-12,2017,3,12,0
2017-03-13,2017,3,13,0
2017-03-14,2017,3,14,0
2017-03-15,2017,3,15,0
2017-03-16,2017,3,16,0
2017-03-17,2017,3,17,0
2017-03-18,2017,3,18,0
2017-03-19,2017,3,19,0
2017-03-20,2017,3,20,0
2017-03-21,2017,3,21,0
2017-03-22,2017,3,22,0
2017-03-23,2017,3,23,0
2017-03-24,2017,3,24,0
2017-03-25,2017,3,25,2.5382806
2017-03-26,2017,3,26,9.3524249
2017-03-27,2017,3,27,0
2017-03-28,2017,3,28,0
2017-03-29,2017,3,29,6.4219396
2017-03-30,2017,3,30,0
2017-03-31,2017,3,31,0
2017-04-01,2017,4,1,14.533953
2017-04-02,2017,4,2,6.5961812
2017-04-03,2017,4,3,0
2017-04-04,2017,4,4,15.673854
2017-04-05,2017,4,5,2.6523477
2017-04-06,2017,4,6,31.278241
2017-04-07,2017,4,7,11.501492
2017-04-08,2017,4,8,0
2017-04-09,2017,4,9,0
2017-04-10,2017,4,10,0
2017-04-11,2017,4,11,0
2017-04-12,2017,4,12,0
2017-04-13,2017,4,13,0
2017-04-14,2017,4,14,1.8370117
2017-04-15,2017,4,15,0
2017-04-16,2017,4,16,0
2017-04-17,2017,4,17,0
2017-04-18,2017,4,18,8.5819793
2017-04-19,2017,4,19,19.529073
2017-04-20,2017,4,20,13.3044
2017-04-21,2017,4,21,0
2017-04-22,2017,4,22,0
2017-04-23,2017,4,23,0
2017-04-24,2017,4,24,21.99091
2017-04-25,2017,4,25,5.1474462
2017-04-26,2017,4,26,0.05125518
2017-04-27,2017,4,27,9.6313809
2017-04-28,2017,4,28,0
2017-04-29,2017,4,29,0
2017-04-30,2017,4,30,0
2017-05-01,2017,5,1,18.582773
2017-05-02,2017,5,2,7.358701
2017-05-03,2017,5,3,0
2017-05-04,2017,5,4,0
2017-05-05,2017,5,5,0
2017-05-06,2017,5,6,29.234317
2017-05-07,2017,5,7,10.537766
2017-05-08,2017,5,8,0
2017-05-09,2017,5,9,0
2017-05-10,2017,5,10,6.1013707
2017-05-11,2017,5,11,8.7270838
2017-05-12,2017,5,12,0.24089949
2017-05-13,2017,5,13,51.355242
2017-05-14,2017,5,14,6.4298583
2017-05-15,2017,5,15,0
2017-05-16,2017,5,16,19.585307
2017-05-17,2017,5,17,7.5508264
2017-05-18,2017,5,18,0
2017-05-19,2017,5,19,0
2017-05-20,2017,5,20,16.709015
2017-05-21,2017,5,21,21.246634
2017-05-22,2017,5,22,0
2017-05-23,2017,5,23,0
2017-05-24,2017,5,24,0
2017-05-25,2017,5,25,0
2017-05-26,2017,5,26,0
2017-05-27,2017,5,27,0
2017-05-28,2017,5,28,0
2017-05-29,2017,5,29,0
2017-05-30,2017,5,30,0
2017-05-31,2017,5,31,9.5742232
2017-06-01,2017,6,1,0
2017-06-02,2017,6,2,18.873974
2017-06-03,2017,6,3,24.674004
2017-06-04,2017,6,4,0
2017-06-05,2017,6,5,0
2017-06-06,2017,6,6,29.512461
2017-06-07,2017,6,7,23.634934
2017-06-08,2017,6,8,9.5065398
2017-06-09,2017,6,9,12.400254
2017-06-10,2017,6,10,5.5092911
2017-06-11,2017,6,11,0
2017-06-12,2017,6,12,0
2017-06-13,2017,6,13,0
2017-06-14,2017,6,14,1.9049947
2017-06-15,2017,6,15,54.077569
2017-06-16,2017,6,16,51.65973
2017-06-17,2017,6,17,13.195832
2017-06-18,2017,6,18,0
2017-06-19,2017,6,19,0
2017-06-20,2017,6,20,13.057324
2017-06-21,2017,6,21,55.792787
2017-06-22,2017,6,22,23.661196
2017-06-23,2017,6,23,6.0328646
2017-06-24,2017,6,24,46.317168
2017-06-25,2017,6,25,10.548844
2017-06-26,2017,6,26,0
2017-06-27,2017,6,27,0
2017-06-28,2017,6,28,9.1732791
2017-06-29,2017,6,29,30.873061
2017-06-30,2017,6,30,0.18066041
2017-07-01,2017,7,1,0
2017-07-02,2017,7,2,0
2017-07-03,2017,7,3,21.553681
2017-07-04,2017,7,4,7.9534231
2017-07-05,2017,7,5,5.6377566
2017-07-06,2017,7,6,5.9873337
2017-07-07,2017,7,7,0
2017-07-08,2017,7,8,24.92984
2017-07-09,2017,7,9,0
2017-07-10,2017,7,10,0
2017-07-11,2017,7,11,0
2017-07-12,2017,7,12,31.759036
2017-07-13,2017,7,13,42.221332
2017-07-14,2017,7,14,53.300027
2017-07-15,2017,7,15,6.6491801
2017-07-16,2017,7,16,0
2017-07-17,2017,7,17,0
2017-07-18,2017,7,18,0
2017-07-19,2017,7,19,0.6535709
2017-07-20,2017,7,20,0.55486917
2017-07-21,2017,7,21,0
2017-07-22,2017,7,22,27.452368
2017-07-23,2017,7,23,7.8888036
2017-07-24,2017,7,24,0
2017-07-25,2017,7,25,0
2017-07-26,2017,7,26,0
2017-07-27,2017,7,27,21.31924
2017-07-28,2017,7,28,9.5028563
2017-07-29,2017,7,29,0
2017-07-30,2017,7,30,0
2017-07-31,2017,7,31,0
2017-08-01,2017,8,1,0
2017-08-02,2017,8,2,0
2017-08-03,2017,8,3,0
2017-08-04,2017,8,4,0.21561067
2017-08-05,2017,8,5,25.759642
2017-08-06,2017,8,6,7.5033788
2017-08-07,2017,8,7,16.457392
2017-08-08,2017,8,8,33.438845
2017-08-09,2017,8,9,14.662058
2017-08-10,2017,8,10,22.598808
2017-08-11,2017,8,11,9.4709625
2017-08-12,2017,8,12,28.99344
2017-08-13,2017,8,13,57.137728
2017-08-14,2017,8,14,26.957976
2017-08-15,2017,8,15,4.2441731
2017-08-16,2017,8,16,1.7503797
2017-08-17,2017,8,17,23.51905
2017-08-18,2017,8,18,31.818979
2017-08-19,2017,8,19,11.125817
2017-08-20,2017,8,20,0
2017-08-21,2017,8,21,5.1802853
2017-08-22,2017,8,22,37.348306
2017-08-23,2017,8,23,26.667551
2017-08-24,2017,8,24,18.89928
2017-08-25,2017,8,25,11.634857
2017-08-26,2017,8,26,11.743277
2017-08-27,2017,8,27,28.948645
2017-08-28,2017,8,28,4.312234
2017-08-29,2017,8,29,0
2017-08-30,2017,8,30,5.8697189
2017-08-31,2017,8,31,20.004347
2017-09-01,2017,9,1,31.964426
2017-09-02,2017,9,2,0
2017-09-03,2017,9,3,0.49780515
2017-09-04,2017,9,4,0
2017-09-05,2017,9,5,9.3967538
2017-09-06,2017,9,6,0
2017-09-07,2017,9,7,10.518828
2017-09-08,2017,9,8,0
2017-09-09,2017,9,9,0
2017-09-10,2017,9,10,3.2527931
2017-09-11,2017,9,11,0
2017-09-12,2017,9,12,0
2017-09-13,2017,9,13,23.727442
2017-09-14,2017,9,14,0
2017-09-15,2017,9,15,0
2017-09-16,2017,9,16,0
2017-09-17,2017,9,17,0
2017-09-18,2017,9,18,0
2017-09-19,2017,9,19,15.099379
2017-09-20,2017,9,20,0
2017-09-21,2017,9,21,0
2017-09-22,2017,9,22,0
2017-09-23,2017,9,23,0
2017-09-24,2017,9,24,0.021526813
2017-09-25,2017,9,25,0
2017-09-26,2017,9,26,0
2017-09-27,2017,9,27,0
2017-09-28,2017,9,28,0
2017-09-29,2017,9,29,48.156393
2017-09-30,2017,9,30,28.723416
2017-10-01,2017,10,1,18.890233
2017-10-02,2017,10,2,42.811329
2017-10-03,2017,10,3,38.956822
2017-10-04,2017,10,4,32.889217
2017-10-05,2017,10,5,40.626076
2017-10-06,2017,10,6,0
2017-10-07,2017,10,7,4.8089746
2017-10-08,2017,10,8,7.0572483
2017-10-09,2017,10,9,1.7759829e-06
2017-10-10,2017,10,10,5.9782977
2017-10-11,2017,10,11,0
2017-10-12,2017,10,12,0
2017-10-13,2017,10,13,0
2017-10-14,2017,10,14,0
2017-10-15,2017,10,15,0
2017-10-16,2017,10,16,5.9167673
2017-10-17,2017,10,17,25.883518
2017-10-18,2017,10,18,0
2017-10-19,2017,10,19,0
2017-10-20,2017,10,20,0
2017-10-21,2017,10,21,0
2017-10-22,2017,10,22,0
2017-10-23,2017,10,23,10.738673
2017-10-24,2017,10,24,0
2017-10-25,2017,10,25,0
2017-10-26,2017,10,26,0
2017-10-27,2017,10,27,14.051022
2017-10-28,2017,10,28,28.500446
2017-10-29,2017,10,29,18.511928
2017-10-30,2017,10,30,8.4663876
2017-10-31,2017,10,31,22.684906
2017-11-01,2017,11,1,8.9389845
2017-11-02,2017,11,2,13.430215
2017-11-03,2017,11,3,0
2017-11-04,2017,11,4,33.194963
2017-11-05,2017,11,5,5.9012957
2017-11-06,2017,11,6,0
2017-11-07,2017,11,7,11.463557
2017-11-08,2017,11,8,0
2017-11-09,2017,11,9,0.0034376425
2017-11-10,2017,11,10,0
2017-11-11,2017,11,11,0
2017-11-12,2017,11,12,0
2017-11-13,2017,11,13,0
2017-11-14,2017,11,14,8.4090654
2017-11-15,2017,11,15,3.8312117
2017-11-16,2017,11,16,14.433669
2017-11-17,2017,11,17,0
2017-11-18,2017,11,18,0.30893632
2017-11-19,2017,11,19,0
2017-11-20,2017,11,20,0
2017-11-21,2017,11,21,0
2017-11-22,2017,11,22,0
2017-11-23,2017,11,23,0
2017-11-24,2017,11,24,0
2017-11-25,2017,11,25,0
2017-11-26,2017,11,26,0
2017-11-27,2017,11,27,0
2017-11-28,2017,11,28,0
2017-11-29,2017,11,29,0.0044198261
2017-11-30,2017,11,30,0
2017-12-01,2017,12,1,0
2017-12-02,2017,12,2,7.1124279
2017-12-03,2017,12,3,6.9062715
2017-12-04,2017,12,4,0
2017-12-05,2017,12,5,0
2017-12-06,2017,12,6,0
2017-12-07,2017,12,7,0
2017-12-08,2017,12,8,0
2017-12-09,2017,12,9,0
2017-12-10,2017,12,10,0
2017-12-11,2017,12,11,3.3055319
2017-12-12,2017,12,12,0
2017-12-13,2017,12,13,1.3747912
2017-12-14,2017,12,14,0
2017-12-15,2017,12,15,2.1975366
2017-12-16,2017,12,16,27.668364
2017-12-17,2017,12,17,0
2017-12-18,2017,12,18,0
2017-12-19,2017,12,19,0
2017-12-20,2017,12,20,5.515697
2017-12-21,2017,12,21,0
2017-12-22,2017,12,22,0
2017-12-23,2017,12,23,0
2017-12-24,2017,12,24,0
2017-12-25,2017,12,25,3.7420541
2017-12-26,2017,12,26,0.53299108
2017-12-27,2017,12,27,0
2017-12-28,2017,12,28,0
2017-12-29,2017,12,29,22.051146
2017-12-30,2017,12,30,0
2017-12-31,2017,12,31,0
2018-01-01,2018,1,1,0
2018-01-02,2018,1,2,3.5932087
2018-01-03,2018,1,3,60.753737
2018-01-04,2018,1,4,5.0571874
2018-01-05,2018,1,5,0
2018-01-06,2018,1,6,0
2018-01-07,2018,1,7,0
2018-01-08,2018,1,8,0
2018-01-09,2018,1,9,0
2018-01-10,2018,1,10,0
2018-01-11,2018,1,11,0
2018-01-12,2018,1,12,0
2018-01-13,2018,1,13,0
2018-01-14,2018,1,14,0
2018-01-15,2018,1,15,1.772481
2018-01-16,2018,1,16,0
2018-01-17,2018,1,17,0
2018-01-18,2018,1,18,0
2018-01-19,2018,1,19,0
2018-01-20,2018,1,20,0
2018-01-21,2018,1,21,0.28640509
2018-01-22,2018,1,22,0
2018-01-23,2018,1,23,0
2018-01-24,2018,1,24,0
2018-01-25,2018,1,25,0
2018-01-26,2018,1,26,0
2018-01-27,2018,1,27,0
2018-01-28,2018,1,28,0
2018-01-29,2018,1,29,0
2018-01-30,2018,1,30,0
2018-01-31,2018,1,31,0
2018-02-01,2018,2,1,0
2018-02-02,2018,2,2,0
2018-02-03,2018,2,3,0
2018-02-04,2018,2,4,0
2018-02-05,2018,2,5,0
2018-02-06,2018,2,6,0
2018-02-07,2018,2,7,0
2018-02-08,2018,2,8,0.0058045095
2018-02-09,2018,2,9,0
2018-02-10,2018,2,10,0
2018-02-11,2018,2,11,0
2018-02-12,2018,2,12,0
2018-02-13,2018,2,13,0
2018-02-14,2018,2,14,0
2018-02-15,2018,2,15,0
2018-02-16,2018,2,16,0
2018-02-17,2018,2,17,0
2018-02-18,2018,2,18,0
2018-02-19,2018,2,19,28.518459
2018-02-20,2018,2,20,0.2755636
2018-02-21,2018,2,21,2.2280544
2018-02-22,2018,2,22,22.379959
2018-02-23,2018,2,23,0
2018-02-24,2018,2,24,0
2018-02-25,2018,2,25,0
2018-02-26,2018,2,26,0
2018-02-27,2018,2,27,0
2018-02-28,2018,2,28,0
2018-03-01,2018,3,1,0
2018-03-02,2018,3,2,0
2018-03-03,2018,3,3,0
2018-03-04,2018,3,4,0.0051509911
2018-03-05,2018,3,5,0
2018-03-06,2018,3,6,0
2018-03-07,2018,3,7,0
2018-03-08,2018,3,8,0.69550537
2018-03-09,2018,3,9,9.6977966
2018-03-10,2018,3,10,0
2018-03-11,2018,3,11,0
2018-03-12,2018,3,12,9.8489042
2018-03-13,2018,3,13,8.7321851
2018-03-14,2018,3,14,21.490688
2018-03-15,2018,3,15,0
2018-03-16,2018,3,16,38.620067
2018-03-17,2018,3,17,22.486227
2018-03-18,2018,3,18,0
2018-03-19,2018,3,19,0
2018-03-20,2018,3,20,0
2018-03-21,2018,3,21,14.021118
2018-03-22,2018,3,22,28.74674
2018-03-23,2018,3,23,11.342179
2018-03-24,2018,3,24,0
2018-03-25,2018,3,25,0
2018-03-26,2018,3,26,0
2018-03-27,2018,3,27,0
2018-03-28,2018,3,28,0.010546008
2018-03-29,2018,3,29,0
2018-03-30,2018,3,30,0
2018-03-31,2018,3,31,0
2018-04-01,2018,4,1,0
2018-04-02,2018,4,2,0
2018-04-03,2018,4,3,13.906829
2018-04-04,2018,4,4,29.596304
2018-04-05,2018,4,5,0
2018-04-06,2018,4,6,0
2018-04-07,2018,4,7,0.074607076
2018-04-08,2018,4,8,1.0545025
2018-04-09,2018,4,9,58.259102
2018-04-10,2018,4,10,78.481008
2018-04-11,2018,4,11,12.641676
2018-04-12,2018,4,12,0
2018-04-13,2018,4,13,0
2018-04-14,2018,4,14,0
2018-04-15,2018,4,15,0
2018-04-16,2018,4,16,8.1336467
2018-04-17,2018,4,17,0
2018-04-18,2018,4,18,0
2018-04-19,2018,4,19,0
2018-04-20,2018,4,20,0
2018-04-21,2018,4,21,11.894013
2018-04-22,2018,4,22,2.7983803
2018-04-23,2018,4,23,0
2018-04-24,2018,4,24,0
2018-04-25,2018,4,25,0
2018-04-26,2018,4,26,35.991203
2018-04-27,2018,4,27,0
2018-04-28,2018,4,28,0
2018-04-29,2018,4,29,0
2018-04-30,2018,4,30,3.3205946
2018-05-01,2018,5,1,0
2018-05-02,2018,5,2,13.711158
2018-05-03,2018,5,3,0
2018-05-04,2018,5,4,6.2435919
2018-05-05,2018,5,5,0
2018-05-06,2018,5,6,5.9445793
2018-05-07,2018,5,7,6.1272865
2018-05-08,2018,5,8,0
2018-05-09,2018,5,9,0
2018-05-10,2018,5,10,0.023189106
2018-05-11,2018,5,11,0
2018-05-12,2018,5,12,0.040945958
2018-05-13,2018,5,13,43.139857
2018-05-14,2018,5,14,10.950997
2018-05-15,2018,5,15,0
2018-05-16,2018,5,16,24.080852
2018-05-17,2018,5,17,17.828874
2018-05-18,2018,5,18,0
2018-05-19,2018,5,19,15.049279
2018-05-20,2018,5,20,0
2018-05-21,2018,5,21,0
2018-05-22,2018,5,22,0
2018-05-23,2018,5,23,0
2018-05-24,2018,5,24,0
2018-05-25,2018,5,25,13.122177
2018-05-26,2018,5,26,19.591847
2018-05-27,2018,5,27,38.578235
2018-05-28,2018,5,28,68.278572
2018-05-29,2018,5,29,5.1346231
2018-05-30,2018,5,30,8.2293793
2018-05-31,2018,5,31,0
2018-06-01,2018,6,1,0
2018-06-02,2018,6,2,0
2018-06-03,2018,6,3,0
2018-06-04,2018,6,4,0
2018-06-05,2018,6,5,21.979065
2018-06-06,2018,6,6,0
2018-06-07,2018,6,7,35.815234
2018-06-08,2018,6,8,27.376486
2018-06-09,2018,6,9,46.539347
2018-06-10,2018,6,10,23.848829
2018-06-11,2018,6,11,2.2931461
2018-06-12,2018,6,12,0
2018-06-13,2018,6,13,0
2018-06-14,2018,6,14,0
2018-06-15,2018,6,15,0.3689213
2018-06-16,2018,6,16,0
2018-06-17,2018,6,17,0
2018-06-18,2018,6,18,0
2018-06-19,2018,6,19,10.487503
2018-06-20,2018,6,20,8.5216633
2018-06-21,2018,6,21,4.57187
2018-06-22,2018,6,22,23.035664
2018-06-23,2018,6,23,0
2018-06-24,2018,6,24,4.8163003
2018-06-25,2018,6,25,54.801713
2018-06-26,2018,6,26,100.11513
2018-06-27,2018,6,27,10.988411
2018-06-28,2018,6,28,7.2288139
2018-06-29,2018,6,29,24.562897
2018-06-30,2018,6,30,0.36587456
2018-07-01,2018,7,1,7.4400569
2018-07-02,2018,7,2,0.036639808
2018-07-03,2018,7,3,14.626303
2018-07-04,2018,7,4,12.856178
2018-07-05,2018,7,5,16.041395
2018-07-06,2018,7,6,24.812518
2018-07-07,2018,7,7,0
2018-07-08,2018,7,8,0
2018-07-09,2018,7,9,0
2018-07-10,2018,7,10,0
2018-07-11,2018,7,11,6.0625505
2018-07-12,2018,7,12,43.902103
2018-07-13,2018,7,13,35.839
2018-07-14,2018,7,14,14.148309
2018-07-15,2018,7,15,0
2018-07-16,2018,7,16,0
2018-07-17,2018,7,17,0
2018-07-18,2018,7,18,0.00081360255
2018-07-19,2018,7,19,0
2018-07-20,2018,7,20,0
2018-07-21,2018,7,21,25.198744
2018-07-22,2018,7,22,1.7253901
2018-07-23,2018,7,23,0
2018-07-24,2018,7,24,0
2018-07-25,2018,7,25,0
2018-07-26,2018,7,26,0
2018-07-27,2018,7,27,0.07602972
2018-07-28,2018,7,28,0
2018-07-29,2018,7,29,0
2018-07-30,2018,7,30,0
2018-07-31,2018,7,31,0
2018-08-01,2018,8,1,0
2018-08-02,2018,8,2,19.338232
2018-08-03,2018,8,3,2.6038648
2018-08-04,2018,8,4,23.740083
2018-08-05,2018,8,5,28.401795
2018-08-06,2018,8,6,29.387058
2018-08-07,2018,8,7,0
2018-08-08,2018,8,8,0
2018-08-09,2018,8,9,0
2018-08-10,2018,8,10,0
2018-08-11,2018,8,11,0
2018-08-12,2018,8,12,14.283044
2018-08-13,2018,8,13,7.6468131
2018-08-14,2018,8,14,0
2018-08-15,2018,8,15,0
2018-08-16,2018,8,16,19.051047
2018-08-17,2018,8,17,16.102913
2018-08-18,2018,8,18,0
2018-08-19,2018,8,19,0
2018-08-20,2018,8,20,0
2018-08-21,2018,8,21,0
2018-08-22,2018,8,22,36.060403
2018-08-23,2018,8,23,17.570879
2018-08-24,2018,8,24,0
2018-08-25,2018,8,25,0
2018-08-26,2018,8,26,0
2018-08-27,2018,8,27,0
2018-08-28,2018,8,28,16.087896
2018-08-29,2018,8,29,10.497784
2018-08-30,2018,8,30,9.0749996
2018-08-31,2018,8,31,3.8220946
2018-09-01,2018,9,1,0
2018-09-02,2018,9,2,5.6347804
2018-09-03,2018,9,3,0
2018-09-04,2018,9,4,0
2018-09-05,2018,9,5,16.023938
2018-09-06,2018,9,6,0
2018-09-07,2018,9,7,0
2018-09-08,2018,9,8,0
2018-09-09,2018,9,9,0
2018-09-10,2018,9,10,0
2018-09-11,2018,9,11,0
2018-09-12,2018,9,12,0
2018-09-13,2018,9,13,0
2018-09-14,2018,9,14,0
2018-09-15,2018,9,15,0
2018-09-16,2018,9,16,41.00627
2018-09-17,2018,9,17,48.425832
2018-09-18,2018,9,18,30.430575
2018-09-19,2018,9,19,24.418967
2018-09-20,2018,9,20,38.94823
2018-09-21,2018,9,21,30.071661
2018-09-22,2018,9,22,24.217883
2018-09-23,2018,9,23,9.6582693
2018-09-24,2018,9,24,0
2018-09-25,2018,9,25,0
2018-09-26,2018,9,26,15.007037
2018-09-27,2018,9,27,27.028394
2018-09-28,2018,9,28,64.003084
2018-09-29,2018,9,29,40.952843
2018-09-30,2018,9,30,9.9427163
2018-10-01,2018,10,1,3.1141078
2018-10-02,2018,10,2,0.28918989
2018-10-03,2018,10,3,0
2018-10-04,2018,10,4,0
2018-10-05,2018,10,5,0
2018-10-06,2018,10,6,0
2018-10-07,2018,10,7,18.004014
2018-10-08,2018,10,8,30.28158
2018-10-09,2018,10,9,1.578449
2018-10-10,2018,10,10,0
2018-10-11,2018,10,11,0.12568071
2018-10-12,2018,10,12,0
2018-10-13,2018,10,13,0
2018-10-14,2018,10,14,1.226437
2018-10-15,2018,10,15,14.514848
2018-10-16,2018,10,16,42.86576
2018-10-17,2018,10,17,46.93468
2018-10-18,2018,10,18,0.0059161651
2018-10-19,2018,10,19,1.6657082
2018-10-20,2018,10,20,0
2018-10-21,2018,10,21,0
2018-10-22,2018,10,22,0
2018-10-23,2018,10,23,28.008393
2018-10-24,2018,10,24,1.5264524
2018-10-25,2018,10,25,0
2018-10-26,2018,10,26,0
2018-10-27,2018,10,27,0.002688592
2018-10-28,2018,10,28,32.5694
2018-10-29,2018,10,29,23.495881
2018-10-30,2018,10,30,2.6465171
2018-10-31,2018,10,31,0
2018-11-01,2018,11,1,21.259463
2018-11-02,2018,11,2,27.86081
2018-11-03,2018,11,3,2.1753327
2018-11-04,2018,11,4,15.316653
2018-11-05,2018,11,5,0
2018-11-06,2018,11,6,0
2018-11-07,2018,11,7,0
2018-11-08,2018,11,8,0
2018-11-09,2018,11,9,68.444246
2018-11-10,2018,11,10,17.001574
2018-11-11,2018,11,11,6.4700175
2018-11-12,2018,11,12,8.3449411
2018-11-13,2018,11,13,3.6463096
2018-11-14,2018,11,14,12.501781
2018-11-15,2018,11,15,0
2018-11-16,2018,11,16,22.385169
2018-11-17,2018,11,17,3.2636003
2018-11-18,2018,11,18,0
2018-11-19,2018,11,19,0
2018-11-20,2018,11,20,0
2018-11-21,2018,11,21,26.345603
2018-11-22,2018,11,22,0
2018-11-23,2018,11,23,0
2018-11-24,2018,11,24,0
2018-11-25,2018,11,25,0
2018-11-26,2018,11,26,0
2018-11-27,2018,11,27,0
2018-11-28,2018,11,28,0
2018-11-29,2018,11,29,0.00073936281
2018-11-30,2018,11,30,0
2018-12-01,2018,12,1,0
2018-12-02,2018,12,2,0
2018-12-03,2018,12,3,0
2018-12-04,2018,12,4,1.4507356
2018-12-05,2018,12,5,0
2018-12-06,2018,12,6,0
2018-12-07,2018,12,7,0
2018-12-08,2018,12,8,8.4087811
2018-12-09,2018,12,9,2.4181995
2018-12-10,2018,12,10,27.646558
2018-12-11,2018,12,11,4.0846466
2018-12-12,2018,12,12,0
2018-12-13,2018,12,13,24.076392
2018-12-14,2018,12,14,0.33354356
2018-12-15,2018,12,15,0
2018-12-16,2018,12,16,0.016088704
2018-12-17,2018,12,17,0
2018-12-18,2018,12,18,0
2018-12-19,2018,12,19,3.8685449
2018-12-20,2018,12,20,0
2018-12-21,2018,12,21,0
2018-12-22,2018,12,22,0
2018-12-23,2018,12,23,0
2018-12-24,2018,12,24,0
2018-12-25,2018,12,25,0
2018-12-26,2018,12,26,0
2018-12-27,2018,12,27,0
2018-12-28,2018,12,28,0
2018-12-29,2018,12,29,16.71286
2018-12-30,2018,12,30,0
2018-12-31,2018,12,31,0
2019-01-01,2019,1,1,0
2019-01-02,2019,1,2,0
2019-01-03,2019,1,3,0
2019-01-04,2019,1,4,0
2019-01-05,2019,1,5,0
2019-01-06,2019,1,6,0
2019-01-07,2019,1,7,25.979542
2019-01-08,2019,1,8,52.991835
2019-01-09,2019,1,9,5.7404292
2019-01-10,2019,1,10,0
2019-01-11,2019,1,11,0
2019-01-12,2019,1,12,0
2019-01-13,2019,1,13,0
2019-01-14,2019,1,14,3.6195799
2019-01-15,2019,1,15,0
2019-01-16,2019,1,16,0
2019-01-17,2019,1,17,0
2019-01-18,2019,1,18,0
2019-01-19,2019,1,19,0
2019-01-20,2019,1,20,0
2019-01-21,2019,1,21,0
2019-01-22,2019,1,22,0
2019-01-23,2019,1,23,0
2019-01-24,2019,1,24,0
2019-01-25,2019,1,25,0
2019-01-26,2019,1,26,0
2019-01-27,2019,1,27,0
2019-01-28,2019,1,28,0
2019-01-29,2019,1,29,0
2019-01-30,2019,1,30,0
2019-01-31,2019,1,31,0
2019-02-01,2019,2,1,0
2019-02-02,2019,2,2,0
2019-02-03,2019,2,3,0
2019-02-04,2019,2,4,0
2019-02-05,2019,2,5,0
2019-02-06,2019,2,6,0
2019-02-07,2019,2,7,0
2019-02-08,2019,2,8,0
2019-02-09,2019,2,9,0
2019-02-10,2019,2,10,14.665852
2019-02-11,2019,2,11,0
2019-02-12,2019,2,12,0
2019-02-13,2019,2,13,0
2019-02-14,2019,2,14,0
2019-02-15,2019,2,15,0
2019-02-16,2019,2,16,0
2019-02-17,2019,2,17,0
2019-02-18,2019,2,18,0.95747692
2019-02-19,2019,2,19,10.705438
2019-02-20,2019,2,20,3.8263813
2019-02-21,2019,2,21,21.281062
2019-02-22,2019,2,22,0.97921511
2019-02-23,2019,2,23,0
2019-02-24,2019,2,24,0
2019-02-25,2019,2,25,0
2019-02-26,2019,2,26,0
2019-02-27,2019,2,27,0
2019-02-28,2019,2,28,0
2019-03-01,2019,3,1,0
2019-03-02,2019,3,2,0
2019-03-03,2019,3,3,0
2019-03-04,2019,3,4,2.2797567
2019-03-05,2019,3,5,0
2019-03-06,2019,3,6,57.247607
2019-03-07,2019,3,7,0
2019-03-08,2019,3,8,0
2019-03-09,2019,3,9,0
2019-03-10,2019,3,10,0
2019-03-11,2019,3,11,0
2019-03-12,2019,3,12,0
2019-03-13,2019,3,13,0
2019-03-14,2019,3,14,0
2019-03-15,2019,3,15,0
2019-03-16,2019,3,16,0
2019-03-17,2019,3,17,1.04118
2019-03-18,2019,3,18,0
2019-03-19,2019,3,19,0
2019-03-20,2019,3,20,0
2019-03-21,2019,3,21,0
2019-03-22,2019,3,22,0
2019-03-23,2019,3,23,0
2019-03-24,2019,3,24,0
2019-03-25,2019,3,25,0
2019-03-26,2019,3,26,0
2019-03-27,2019,3,27,0
2019-03-28,2019,3,28,0
2019-03-29,2019,3,29,0
2019-03-30,2019,3,30,0
2019-03-31,2019,3,31,0
2019-04-01,2019,4,1,0
2019-04-02,2019,4,2,0
2019-04-03,2019,4,3,31.659282
2019-04-04,2019,4,4,0
2019-04-05,2019,4,5,0
2019-04-06,2019,4,6,0
2019-04-07,2019,4,7,0
2019-04-08,2019,4,8,0
2019-04-09,2019,4,9,0
2019-04-10,2019,4,10,0
2019-04-11,2019,4,11,0
2019-04-12,2019,4,12,13.482046
2019-04-13,2019,4,13,7.0969852
2019-04-14,2019,4,14,0.087755626
2019-04-15,2019,4,15,0
2019-04-16,2019,4,16,0
2019-04-17,2019,4,17,0
2019-04-18,2019,4,18,0
2019-04-19,2019,4,19,0
2019-04-20,2019,4,20,0
2019-04-21,2019,4,21,0
2019-04-22,2019,4,22,0
2019-04-23,2019,4,23,0
2019-04-24,2019,4,24,5.7696029
2019-04-25,2019,4,25,0
2019-04-26,2019,4,26,0
2019-04-27,2019,4,27,3.2107702
2019-04-28,2019,4,28,4.6774176
2019-04-29,2019,4,29,0
2019-04-30,2019,4,30,0.57238009
2019-05-01,2019,5,1,71.784329
2019-05-02,2019,5,2,98.684653
2019-05-03,2019,5,3,56.616316
2019-05-04,2019,5,4,12.049306
2019-05-05,2019,5,5,0
2019-05-06,2019,5,6,0
2019-05-07,2019,5,7,0
2019-05-08,2019,5,8,0
2019-05-09,2019,5,9,5.2350461
2019-05-10,2019,5,10,0
2019-05-11,2019,5,11,2.0986989
2019-05-12,2019,5,12,3.9178319
2019-05-13,2019,5,13,0
2019-05-14,2019,5,14,0
2019-05-15,2019,5,15,0
2019-05-16,2019,5,16,25.449943
2019-05-17,2019,5,17,17.49774
2019-05-18,2019,5,18,0
2019-05-19,2019,5,19,0
2019-05-20,2019,5,20,0
2019-05-21,2019,5,21,0
2019-05-22,2019,5,22,0
2019-05-23,2019,5,23,0
2019-05-24,2019,5,24,0
2019-05-25,2019,5,25,0
2019-05-26,2019,5,26,18.611239
2019-05-27,2019,5,27,13.177968
2019-05-28,2019,5,28,5.0420626
2019-05-29,2019,5,29,20.978534
2019-05-30,2019,5,30,17.657129
2019-05-31,2019,5,31,43.10606
2019-06-01,2019,6,1,37.47658
2019-06-02,2019,6,2,10.54066
2019-06-03,2019,6,3,8.3642885
2019-06-04,2019,6,4,49.199867
2019-06-05,2019,6,5,34.032996
2019-06-06,2019,6,6,16.216258
2019-06-07,2019,6,7,0.64354252
2019-06-08,2019,6,8,0.60363943
2019-06-09,2019,6,9,19.605867
2019-06-10,2019,6,10,0
2019-06-11,2019,6,11,15.324748
2019-06-12,2019,6,12,38.844844
2019-06-13,2019,6,13,12.848594
2019-06-14,2019,6,14,0
2019-06-15,2019,6,15,0.22446414
2019-06-16,2019,6,16,0
2019-06-17,2019,6,17,5.9787107
2019-06-18,2019,6,18,2.5961264
2019-06-19,2019,6,19,0
2019-06-20,2019,6,20,0
2019-06-21,2019,6,21,2.1242773
2019-06-22,2019,6,22,17.518852
2019-06-23,2019,6,23,14.424503
2019-06-24,2019,6,24,21.616757
2019-06-25,2019,6,25,48.425877
2019-06-26,2019,6,26,112.98954
2019-06-27,2019,6,27,62.77997
2019-06-28,2019,6,28,25.717226
2019-06-29,2019,6,29,4.8344993
2019-06-30,2019,6,30,0
2019-07-01,2019,7,1,17.799504
2019-07-02,2019,7,2,14.984698
2019-07-03,2019,7,3,9.6928008
2019-07-04,2019,7,4,0
2019-07-05,2019,7,5,0
2019-07-06,2019,7,6,0
2019-07-07,2019,7,7,0.10947533
2019-07-08,2019,7,8,12.79706
2019-07-09,2019,7,9,0
2019-07-10,2019,7,10,18.856132
2019-07-11,2019,7,11,8.1590341
2019-07-12,2019,7,12,11.836819
2019-07-13,2019,7,13,21.044449
2019-07-14,2019,7,14,7.491455
2019-07-15,2019,7,15,0
2019-07-16,2019,7,16,21.324974
2019-07-17,2019,7,17,33.338719
2019-07-18,2019,7,18,0.0059084898
2019-07-19,2019,7,19,40.172906
2019-07-20,2019,7,20,67.765074
2019-07-21,2019,7,21,28.508109
2019-07-22,2019,7,22,0
2019-07-23,2019,7,23,0
2019-07-24,2019,7,24,0
2019-07-25,2019,7,25,0
2019-07-26,2019,7,26,0
2019-07-27,2019,7,27,0
2019-07-28,2019,7,28,34.171732
2019-07-29,2019,7,29,48.985116
2019-07-30,2019,7,30,45.855269
2019-07-31,2019,7,31,40.486761
2019-08-01,2019,8,1,4.9580024
2019-08-02,2019,8,2,0
2019-08-03,2019,8,3,0
2019-08-04,2019,8,4,0
2019-08-05,2019,8,5,20.924213
2019-08-06,2019,8,6,6.8817532
2019-08-07,2019,8,7,0
2019-08-08,2019,8,8,0
2019-08-09,2019,8,9,0
2019-08-10,2019,8,10,24.021216
2019-08-11,2019,8,11,23.909414
2019-08-12,2019,8,12,0
2019-08-13,2019,8,13,0
2019-08-14,2019,8,14,0
2019-08-15,2019,8,15,0
2019-08-16,2019,8,16,19.379323
2019-08-17,2019,8,17,12.345517
2019-08-18,2019,8,18,0
2019-08-19,2019,8,19,0
2019-08-20,2019,8,20,5.1361327
2019-08-21,2019,8,21,0.070242369
2019-08-22,2019,8,22,0
2019-08-23,2019,8,23,3.9601586
2019-08-24,2019,8,24,0
2019-08-25,2019,8,25,31.048918
2019-08-26,2019,8,26,12.970782
2019-08-27,2019,8,27,24.112464
2019-08-28,2019,8,28,36.099487
2019-08-29,2019,8,29,4.012177
2019-08-30,2019,8,30,0
2019-08-31,2019,8,31,0
2019-09-01,2019,9,1,0
2019-09-02,2019,9,2,0
2019-09-03,2019,9,3,0
2019-09-04,2019,9,4,0
2019-09-05,2019,9,5,5.0647097
2019-09-06,2019,9,6,8.7952939
2019-09-07,2019,9,7,4.3028482
2019-09-08,2019,9,8,11.017374
2019-09-09,2019,9,9,5.8646339
2019-09-10,2019,9,10,2.5180348
2019-09-11,2019,9,11,0
2019-09-12,2019,9,12,0
2019-09-13,2019,9,13,0
2019-09-14,2019,9,14,43.504842
2019-09-15,2019,9,15,6.0160864
2019-09-16,2019,9,16,0
2019-09-17,2019,9,17,0
2019-09-18,2019,9,18,13.41764
2019-09-19,2019,9,19,4.1194694
2019-09-20,2019,9,20,0.016883381
2019-09-21,2019,9,21,0
2019-09-22,2019,9,22,0
2019-09-23,2019,9,23,0
2019-09-24,2019,9,24,0
2019-09-25,2019,9,25,0
2019-09-26,2019,9,26,0
2019-09-27,2019,9,27,0
2019-09-28,2019,9,28,6.0656323e-17
2019-09-29,2019,9,29,26.858749
2019-09-30,2019,9,30,17.912375
2019-10-01,2019,10,1,8.2235208
2019-10-02,2019,10,2,0.11238678
2019-10-03,2019,10,3,4.7464924
2019-10-04,2019,10,4,0
2019-10-05,2019,10,5,0.020433299
2019-10-06,2019,10,6,31.286586
2019-10-07,2019,10,7,0
2019-10-08,2019,10,8,0
2019-10-09,2019,10,9,0
2019-10-10,2019,10,10,0
2019-10-11,2019,10,11,5.250629
2019-10-12,2019,10,12,0
2019-10-13,2019,10,13,0
2019-10-14,2019,10,14,0.60317566
2019-10-15,2019,10,15,0
2019-10-16,2019,10,16,0.26644075
2019-10-17,2019,10,17,0
2019-10-18,2019,10,18,0
2019-10-19,2019,10,19,4.4926622
2019-10-20,2019,10,20,7.6945774
2019-10-21,2019,10,21,0
2019-10-22,2019,10,22,0
2019-10-23,2019,10,23,0
2019-10-24,2019,10,24,0
2019-10-25,2019,10,25,15.30286
2019-10-26,2019,10,26,20.435817
2019-10-27,2019,10,27,9.4552629
2019-10-28,2019,10,28,26.940222
2019-10-29,2019,10,29,13.562395
2019-10-30,2019,10,30,0
2019-10-31,2019,10,31,0
2019-11-01,2019,11,1,17.94133
2019-11-02,2019,11,2,0
2019-11-03,2019,11,3,8.1755063
2019-11-04,2019,11,4,4.7570156
2019-11-05,2019,11,5,0
2019-11-06,2019,11,6,0
2019-11-07,2019,11,7,0
2019-11-08,2019,11,8,0
2019-11-09,2019,11,9,0
2019-11-10,2019,11,10,0
2019-11-11,2019,11,11,0
2019-11-12,2019,11,12,0
2019-11-13,2019,11,13,0
2019-11-14,2019,11,14,0
2019-11-15,2019,11,15,17.569254
2019-11-16,2019,11,16,0
2019-11-17,2019,11,17,0
2019-11-18,2019,11,18,0
2019-11-19,2019,11,19,0
2019-11-20,2019,11,20,0
2019-11-21,2019,11,21,0
2019-11-22,2019,11,22,0
2019-11-23,2019,11,23,0.84914926
2019-11-24,2019,11,24,17.557396
2019-11-25,2019,11,25,13.295504
2019-11-26,2019,11,26,4.0856787
2019-11-27,2019,11,27,0
2019-11-28,2019,11,28,18.146449
2019-11-29,2019,11,29,7.0070351
2019-11-30,2019,11,30,0
2019-12-01,2019,12,1,0
2019-12-02,2019,12,2,0
2019-12-03,2019,12,3,0
2019-12-04,2019,12,4,0
2019-12-05,2019,12,5,0
2019-12-06,2019,12,6,0
2019-12-07,2019,12,7,0
2019-12-08,2019,12,8,0
2019-12-09,2019,12,9,0
2019-12-10,2019,12,10,0
2019-12-11,2019,12,11,4.2732494
2019-12-12,2019,12,12,0
2019-12-13,2019,12,13,1.7524183
2019-12-14,2019,12,14,0
2019-12-15,2019,12,15,0
2019-12-16,2019,12,16,0
2019-12-17,2019,12,17,0
2019-12-18,2019,12,18,5.9148659
2019-12-19,2019,12,19,1.4495364
2019-12-20,2019,12,20,0
2019-12-21,2019,12,21,0
2019-12-22,2019,12,22,0
2019-12-23,2019,12,23,28.706646
2019-12-24,2019,12,24,3.1626591
2019-12-25,2019,12,25,0
2019-12-26,2019,12,26,0
2019-12-27,2019,12,27,0
2019-12-28,2019,12,28,0
2019-12-29,2019,12,29,0
2019-12-30,2019,12,30,0
2019-12-31,2019,12,31,0
2020-01-01,2020,1,1,0
2020-01-02,2020,1,2,0
2020-01-03,2020,1,3,0
2020-01-04,2020,1,4,0
2020-01-05,2020,1,5,8.2889243
2020-01-06,2020,1,6,0
2020-01-07,2020,1,7,8.345861
2020-01-08,2020,1,8,37.742438
2020-01-09,2020,1,9,2.6198786
2020-01-10,2020,1,10,0
2020-01-11,2020,1,11,0
2020-01-12,2020,1,12,0
2020-01-13,2020,1,13,0
2020-01-14,2020,1,14,0.0029308461
2020-01-15,2020,1,15,0
2020-01-16,2020,1,16,0
2020-01-17,2020,1,17,0
2020-01-18,2020,1,18,0
2020-01-19,2020,1,19,0
2020-01-20,2020,1,20,0
2020-01-21,2020,1,21,0
2020-01-22,2020,1,22,0
2020-01-23,2020,1,23,0
2020-01-24,2020,1,24,0
2020-01-25,2020,1,25,0
2020-01-26,2020,1,26,0
2020-01-27,2020,1,27,0.021706553
2020-01-28,2020,1,28,2.0162875
2020-01-29,2020,1,29,0
2020-01-30,2020,1,30,0
2020-01-31,2020,1,31,0
2020-02-01,2020,2,1,5.7903248
2020-02-02,2020,2,2,0
2020-02-03,2020,2,3,20.765769
2020-02-04,2020,2,4,3.4054156
2020-02-05,2020,2,5,0
2020-02-06,2020,2,6,0
2020-02-07,2020,2,7,0
2020-02-08,2020,2,8,0
2020-02-09,2020,2,9,0
2020-02-10,2020,2,10,0
2020-02-11,2020,2,11,0
2020-02-12,2020,2,12,0
2020-02-13,2020,2,13,0
2020-02-14,2020,2,14,0
2020-02-15,2020,2,15,0
2020-02-16,2020,2,16,9.0401337
2020-02-17,2020,2,17,0
2020-02-18,2020,2,18,0
2020-02-19,2020,2,19,0
2020-02-20,2020,2,20,0
2020-02-21,2020,2,21,0
2020-02-22,2020,2,22,0
2020-02-23,2020,2,23,0.64784549
2020-02-24,2020,2,24,0
2020-02-25,2020,2,25,0
2020-02-26,2020,2,26,0
2020-02-27,2020,2,27,0
2020-02-28,2020,2,28,0
2020-02-29,2020,2,29,0
2020-03-01,2020,3,1,0
2020-03-02,2020,3,2,0
2020-03-03,2020,3,3,0
2020-03-04,2020,3,4,0
2020-03-05,2020,3,5,0
2020-03-06,2020,3,6,5.6865303e-17
2020-03-07,2020,3,7,0
2020-03-08,2020,3,8,0
2020-03-09,2020,3,9,0
2020-03-10,2020,3,10,0
2020-03-11,2020,3,11,0
2020-03-12,2020,3,12,0.012843018
2020-03-13,2020,3,13,6.1614895
2020-03-14,2020,3,14,0
2020-03-15,2020,3,15,0
2020-03-16,2020,3,16,0
2020-03-17,2020,3,17,0
2020-03-18,2020,3,18,0
2020-03-19,2020,3,19,0
2020-03-20,2020,3,20,0
2020-03-21,2020,3,21,0
2020-03-22,2020,3,22,0
2020-03-23,2020,3,23,25.885479
2020-03-24,2020,3,24,0
2020-03-25,2020,3,25,0
2020-03-26,2020,3,26,0
2020-03-27,2020,3,27,0
2020-03-28,2020,3,28,0.17435155
2020-03-29,2020,3,29,0
2020-03-30,2020,3,30,0
2020-03-31,2020,3,31,0
2020-04-01,2020,4,1,0
2020-04-02,2020,4,2,0
2020-04-03,2020,4,3,0
2020-04-04,2020,4,4,0
2020-04-05,2020,4,5,0.029470055
2020-04-06,2020,4,6,0
2020-04-07,2020,4,7,0
2020-04-08,2020,4,8,0
2020-04-09,2020,4,9,0
2020-04-10,2020,4,10,0
2020-04-11,2020,4,11,0
2020-04-12,2020,4,12,0
2020-04-13,2020,4,13,0
2020-04-14,2020,4,14,0
2020-04-15,2020,4,15,0.0016391441
2020-04-16,2020,4,16,0
2020-04-17,2020,4,17,15.983917
2020-04-18,2020,4,18,14.000793
2020-04-19,2020,4,19,0.090789893
2020-04-20,2020,4,20,0
2020-04-21,2020,4,21,0
2020-04-22,2020,4,22,0
2020-04-23,2020,4,23,23.609488
2020-04-24,2020,4,24,11.066565
2020-04-25,2020,4,25,6.3642912
2020-04-26,2020,4,26,8.4234346
2020-04-27,2020,4,27,7.6956592
2020-04-28,2020,4,28,0.66828264
2020-04-29,2020,4,29,0
2020-04-30,2020,4,30,0
