"date","year","month","day","9129002"
1979-01-01,1979,1,1,0
1979-01-02,1979,1,2,0
1979-01-03,1979,1,3,0
1979-01-04,1979,1,4,0
1979-01-05,1979,1,5,0
1979-01-06,1979,1,6,0
1979-01-07,1979,1,7,0
1979-01-08,1979,1,8,0
1979-01-09,1979,1,9,0
1979-01-10,1979,1,10,0
1979-01-11,1979,1,11,11.669137
1979-01-12,1979,1,12,10.314746
1979-01-13,1979,1,13,0
1979-01-14,1979,1,14,0
1979-01-15,1979,1,15,0
1979-01-16,1979,1,16,0
1979-01-17,1979,1,17,0
1979-01-18,1979,1,18,0
1979-01-19,1979,1,19,0
1979-01-20,1979,1,20,0
1979-01-21,1979,1,21,0
1979-01-22,1979,1,22,0
1979-01-23,1979,1,23,0
1979-01-24,1979,1,24,0
1979-01-25,1979,1,25,2.2569731
1979-01-26,1979,1,26,4.1096634
1979-01-27,1979,1,27,0
1979-01-28,1979,1,28,0
1979-01-29,1979,1,29,0
1979-01-30,1979,1,30,0
1979-01-31,1979,1,31,0
1979-02-01,1979,2,1,0
1979-02-02,1979,2,2,0
1979-02-03,1979,2,3,7.7003591
1979-02-04,1979,2,4,5.5372408
1979-02-05,1979,2,5,0
1979-02-06,1979,2,6,0
1979-02-07,1979,2,7,0
1979-02-08,1979,2,8,0
1979-02-09,1979,2,9,0
1979-02-10,1979,2,10,0
1979-02-11,1979,2,11,0
1979-02-12,1979,2,12,0
1979-02-13,1979,2,13,5.6152437
1979-02-14,1979,2,14,0.22161436
1979-02-15,1979,2,15,0
1979-02-16,1979,2,16,0
1979-02-17,1979,2,17,0
1979-02-18,1979,2,18,0
1979-02-19,1979,2,19,0
1979-02-20,1979,2,20,0
1979-02-21,1979,2,21,0
1979-02-22,1979,2,22,0
1979-02-23,1979,2,23,0
1979-02-24,1979,2,24,0
1979-02-25,1979,2,25,0
1979-02-26,1979,2,26,0
1979-02-27,1979,2,27,0
1979-02-28,1979,2,28,0
1979-03-01,1979,3,1,0
1979-03-02,1979,3,2,1.2052832
1979-03-03,1979,3,3,12.257597
1979-03-04,1979,3,4,4.1129444
1979-03-05,1979,3,5,23.725969
1979-03-06,1979,3,6,1.5946853e-05
1979-03-07,1979,3,7,0
1979-03-08,1979,3,8,0
1979-03-09,1979,3,9,0
1979-03-10,1979,3,10,0
1979-03-11,1979,3,11,0
1979-03-12,1979,3,12,0
1979-03-13,1979,3,13,0
1979-03-14,1979,3,14,0
1979-03-15,1979,3,15,0
1979-03-16,1979,3,16,0
1979-03-17,1979,3,17,0
1979-03-18,1979,3,18,0
1979-03-19,1979,3,19,0
1979-03-20,1979,3,20,0
1979-03-21,1979,3,21,0.012344596
1979-03-22,1979,3,22,0
1979-03-23,1979,3,23,0
1979-03-24,1979,3,24,0
1979-03-25,1979,3,25,0
1979-03-26,1979,3,26,0
1979-03-27,1979,3,27,0
1979-03-28,1979,3,28,0.0051353767
1979-03-29,1979,3,29,0
1979-03-30,1979,3,30,0
1979-03-31,1979,3,31,0
1979-04-01,1979,4,1,0
1979-04-02,1979,4,2,0
1979-04-03,1979,4,3,0
1979-04-04,1979,4,4,0
1979-04-05,1979,4,5,0
1979-04-06,1979,4,6,0
1979-04-07,1979,4,7,0
1979-04-08,1979,4,8,0
1979-04-09,1979,4,9,0
1979-04-10,1979,4,10,0
1979-04-11,1979,4,11,0
1979-04-12,1979,4,12,0
1979-04-13,1979,4,13,0
1979-04-14,1979,4,14,0
1979-04-15,1979,4,15,0
1979-04-16,1979,4,16,0
1979-04-17,1979,4,17,0
1979-04-18,1979,4,18,0
1979-04-19,1979,4,19,0
1979-04-20,1979,4,20,0
1979-04-21,1979,4,21,0
1979-04-22,1979,4,22,0
1979-04-23,1979,4,23,0
1979-04-24,1979,4,24,0
1979-04-25,1979,4,25,0
1979-04-26,1979,4,26,0.60783095
1979-04-27,1979,4,27,25.240865
1979-04-28,1979,4,28,13.574841
1979-04-29,1979,4,29,0.0081602561
1979-04-30,1979,4,30,6.3707913
1979-05-01,1979,5,1,35.456102
1979-05-02,1979,5,2,6.0836675
1979-05-03,1979,5,3,0
1979-05-04,1979,5,4,0
1979-05-05,1979,5,5,0
1979-05-06,1979,5,6,0
1979-05-07,1979,5,7,0
1979-05-08,1979,5,8,0
1979-05-09,1979,5,9,11.592184
1979-05-10,1979,5,10,27.889365
1979-05-11,1979,5,11,0.40793699
1979-05-12,1979,5,12,9.0330976
1979-05-13,1979,5,13,8.7281752
1979-05-14,1979,5,14,25.053631
1979-05-15,1979,5,15,20.057014
1979-05-16,1979,5,16,34.496603
1979-05-17,1979,5,17,22.284711
1979-05-18,1979,5,18,14.858304
1979-05-19,1979,5,19,15.083396
1979-05-20,1979,5,20,20.708435
1979-05-21,1979,5,21,10.183381
1979-05-22,1979,5,22,0.42805299
1979-05-23,1979,5,23,0
1979-05-24,1979,5,24,19.603461
1979-05-25,1979,5,25,0.72768951
1979-05-26,1979,5,26,17.759405
1979-05-27,1979,5,27,21.449835
1979-05-28,1979,5,28,4.4320468
1979-05-29,1979,5,29,0
1979-05-30,1979,5,30,0
1979-05-31,1979,5,31,0
1979-06-01,1979,6,1,39.218641
1979-06-02,1979,6,2,17.785834
1979-06-03,1979,6,3,7.369011
1979-06-04,1979,6,4,0
1979-06-05,1979,6,5,0
1979-06-06,1979,6,6,0
1979-06-07,1979,6,7,0
1979-06-08,1979,6,8,0
1979-06-09,1979,6,9,0
1979-06-10,1979,6,10,0
1979-06-11,1979,6,11,0
1979-06-12,1979,6,12,0
1979-06-13,1979,6,13,0
1979-06-14,1979,6,14,0
1979-06-15,1979,6,15,0.0025411921
1979-06-16,1979,6,16,0.0052683095
1979-06-17,1979,6,17,1.4306265
1979-06-18,1979,6,18,35.871841
1979-06-19,1979,6,19,0
1979-06-20,1979,6,20,0
1979-06-21,1979,6,21,0
1979-06-22,1979,6,22,19.931869
1979-06-23,1979,6,23,0.97357432
1979-06-24,1979,6,24,0
1979-06-25,1979,6,25,0
1979-06-26,1979,6,26,0
1979-06-27,1979,6,27,0
1979-06-28,1979,6,28,0
1979-06-29,1979,6,29,0
1979-06-30,1979,6,30,0
1979-07-01,1979,7,1,0
1979-07-02,1979,7,2,0
1979-07-03,1979,7,3,0
1979-07-04,1979,7,4,0
1979-07-05,1979,7,5,0
1979-07-06,1979,7,6,0
1979-07-07,1979,7,7,0
1979-07-08,1979,7,8,0
1979-07-09,1979,7,9,0
1979-07-10,1979,7,10,0
1979-07-11,1979,7,11,5.7639455
1979-07-12,1979,7,12,8.1686821
1979-07-13,1979,7,13,7.3643893
1979-07-14,1979,7,14,6.5538638
1979-07-15,1979,7,15,0
1979-07-16,1979,7,16,16.070516
1979-07-17,1979,7,17,17.636731
1979-07-18,1979,7,18,0
1979-07-19,1979,7,19,0
1979-07-20,1979,7,20,2.9996928
1979-07-21,1979,7,21,0
1979-07-22,1979,7,22,19.372718
1979-07-23,1979,7,23,32.437723
1979-07-24,1979,7,24,24.179624
1979-07-25,1979,7,25,46.789093
1979-07-26,1979,7,26,29.150614
1979-07-27,1979,7,27,60.766083
1979-07-28,1979,7,28,39.62018
1979-07-29,1979,7,29,40.148667
1979-07-30,1979,7,30,19.453819
1979-07-31,1979,7,31,20.668087
1979-08-01,1979,8,1,18.16293
1979-08-02,1979,8,2,7.8172316
1979-08-03,1979,8,3,42.791091
1979-08-04,1979,8,4,14.526978
1979-08-05,1979,8,5,44.957982
1979-08-06,1979,8,6,2.1426524
1979-08-07,1979,8,7,5.2689928
1979-08-08,1979,8,8,22.190463
1979-08-09,1979,8,9,4.7129315
1979-08-10,1979,8,10,0
1979-08-11,1979,8,11,0
1979-08-12,1979,8,12,0
1979-08-13,1979,8,13,0
1979-08-14,1979,8,14,0
1979-08-15,1979,8,15,0
1979-08-16,1979,8,16,0
1979-08-17,1979,8,17,0.35918471
1979-08-18,1979,8,18,0.15441884
1979-08-19,1979,8,19,11.735524
1979-08-20,1979,8,20,53.744098
1979-08-21,1979,8,21,10.100746
1979-08-22,1979,8,22,14.065971
1979-08-23,1979,8,23,51.294878
1979-08-24,1979,8,24,42.039102
1979-08-25,1979,8,25,28.631122
1979-08-26,1979,8,26,32.345892
1979-08-27,1979,8,27,9.8327261
1979-08-28,1979,8,28,0.012888243
1979-08-29,1979,8,29,62.395928
1979-08-30,1979,8,30,18.046716
1979-08-31,1979,8,31,21.702282
1979-09-01,1979,9,1,15.08835
1979-09-02,1979,9,2,10.265397
1979-09-03,1979,9,3,0
1979-09-04,1979,9,4,0
1979-09-05,1979,9,5,0
1979-09-06,1979,9,6,0
1979-09-07,1979,9,7,0
1979-09-08,1979,9,8,0
1979-09-09,1979,9,9,12.215847
1979-09-10,1979,9,10,3.9388035
1979-09-11,1979,9,11,0
1979-09-12,1979,9,12,0.74242722
1979-09-13,1979,9,13,25.043251
1979-09-14,1979,9,14,13.345209
1979-09-15,1979,9,15,1.7926272
1979-09-16,1979,9,16,0
1979-09-17,1979,9,17,0
1979-09-18,1979,9,18,4.6526305
1979-09-19,1979,9,19,16.178492
1979-09-20,1979,9,20,10.151211
1979-09-21,1979,9,21,28.143474
1979-09-22,1979,9,22,58.154356
1979-09-23,1979,9,23,7.1682519
1979-09-24,1979,9,24,2.9028749
1979-09-25,1979,9,25,16.672403
1979-09-26,1979,9,26,5.2380984
1979-09-27,1979,9,27,10.357664
1979-09-28,1979,9,28,3.5078871
1979-09-29,1979,9,29,0
1979-09-30,1979,9,30,5.2922383
1979-10-01,1979,10,1,0.19366523
1979-10-02,1979,10,2,0
1979-10-03,1979,10,3,7.6040044
1979-10-04,1979,10,4,6.4715132
1979-10-05,1979,10,5,0.31498966
1979-10-06,1979,10,6,0
1979-10-07,1979,10,7,0
1979-10-08,1979,10,8,0
1979-10-09,1979,10,9,0
1979-10-10,1979,10,10,0
1979-10-11,1979,10,11,0
1979-10-12,1979,10,12,0
1979-10-13,1979,10,13,0
1979-10-14,1979,10,14,0
1979-10-15,1979,10,15,0
1979-10-16,1979,10,16,0
1979-10-17,1979,10,17,0
1979-10-18,1979,10,18,0
1979-10-19,1979,10,19,5.4642721
1979-10-20,1979,10,20,12.145323
1979-10-21,1979,10,21,15.179855
1979-10-22,1979,10,22,5.2904069
1979-10-23,1979,10,23,23.520656
1979-10-24,1979,10,24,1.0346388
1979-10-25,1979,10,25,0
1979-10-26,1979,10,26,27.874863
1979-10-27,1979,10,27,0.048666297
1979-10-28,1979,10,28,15.464725
1979-10-29,1979,10,29,16.325609
1979-10-30,1979,10,30,21.39077
1979-10-31,1979,10,31,3.7926582
1979-11-01,1979,11,1,5.3669746
1979-11-02,1979,11,2,0
1979-11-03,1979,11,3,0
1979-11-04,1979,11,4,0
1979-11-05,1979,11,5,4.4683135
1979-11-06,1979,11,6,30.333347
1979-11-07,1979,11,7,0
1979-11-08,1979,11,8,0
1979-11-09,1979,11,9,0
1979-11-10,1979,11,10,0
1979-11-11,1979,11,11,37.466879
1979-11-12,1979,11,12,9.7715671
1979-11-13,1979,11,13,0
1979-11-14,1979,11,14,0
1979-11-15,1979,11,15,3.853738
1979-11-16,1979,11,16,14.674157
1979-11-17,1979,11,17,21.117349
1979-11-18,1979,11,18,21.801657
1979-11-19,1979,11,19,18.426739
1979-11-20,1979,11,20,18.044013
1979-11-21,1979,11,21,11.049307
1979-11-22,1979,11,22,9.0983461e-06
1979-11-23,1979,11,23,0
1979-11-24,1979,11,24,0
1979-11-25,1979,11,25,0
1979-11-26,1979,11,26,0
1979-11-27,1979,11,27,0
1979-11-28,1979,11,28,3.1318022
1979-11-29,1979,11,29,10.646706
1979-11-30,1979,11,30,0
1979-12-01,1979,12,1,0
1979-12-02,1979,12,2,2.8570757
1979-12-03,1979,12,3,5.275899
1979-12-04,1979,12,4,9.1345599
1979-12-05,1979,12,5,39.200021
1979-12-06,1979,12,6,19.453671
1979-12-07,1979,12,7,8.0509809
1979-12-08,1979,12,8,0
1979-12-09,1979,12,9,0
1979-12-10,1979,12,10,42.242247
1979-12-11,1979,12,11,29.642
1979-12-12,1979,12,12,0
1979-12-13,1979,12,13,1.1481756e-05
1979-12-14,1979,12,14,0
1979-12-15,1979,12,15,0
1979-12-16,1979,12,16,0
1979-12-17,1979,12,17,0
1979-12-18,1979,12,18,0
1979-12-19,1979,12,19,5.6076841
1979-12-20,1979,12,20,0
1979-12-21,1979,12,21,0
1979-12-22,1979,12,22,0
1979-12-23,1979,12,23,0
1979-12-24,1979,12,24,0
1979-12-25,1979,12,25,0
1979-12-26,1979,12,26,0
1979-12-27,1979,12,27,0
1979-12-28,1979,12,28,0
1979-12-29,1979,12,29,0
1979-12-30,1979,12,30,0
1979-12-31,1979,12,31,0
1980-01-01,1980,1,1,0
1980-01-02,1980,1,2,0
1980-01-03,1980,1,3,0
1980-01-04,1980,1,4,0
1980-01-05,1980,1,5,0
1980-01-06,1980,1,6,0
1980-01-07,1980,1,7,0
1980-01-08,1980,1,8,0
1980-01-09,1980,1,9,0
1980-01-10,1980,1,10,0
1980-01-11,1980,1,11,0
1980-01-12,1980,1,12,3.5308194
1980-01-13,1980,1,13,0
1980-01-14,1980,1,14,1.2557022
1980-01-15,1980,1,15,0
1980-01-16,1980,1,16,0
1980-01-17,1980,1,17,0
1980-01-18,1980,1,18,0
1980-01-19,1980,1,19,0
1980-01-20,1980,1,20,0
1980-01-21,1980,1,21,0
1980-01-22,1980,1,22,0
1980-01-23,1980,1,23,0
1980-01-24,1980,1,24,0
1980-01-25,1980,1,25,1.0083844
1980-01-26,1980,1,26,0
1980-01-27,1980,1,27,0
1980-01-28,1980,1,28,0
1980-01-29,1980,1,29,0
1980-01-30,1980,1,30,0
1980-01-31,1980,1,31,0
1980-02-01,1980,2,1,0
1980-02-02,1980,2,2,0
1980-02-03,1980,2,3,0
1980-02-04,1980,2,4,0
1980-02-05,1980,2,5,13.096874
1980-02-06,1980,2,6,10.480328
1980-02-07,1980,2,7,13.229994
1980-02-08,1980,2,8,37.354513
1980-02-09,1980,2,9,1.9476468
1980-02-10,1980,2,10,63.292516
1980-02-11,1980,2,11,27.725636
1980-02-12,1980,2,12,0
1980-02-13,1980,2,13,0
1980-02-14,1980,2,14,0
1980-02-15,1980,2,15,0
1980-02-16,1980,2,16,0
1980-02-17,1980,2,17,0
1980-02-18,1980,2,18,0
1980-02-19,1980,2,19,0.22750351
1980-02-20,1980,2,20,0
1980-02-21,1980,2,21,0.40818728
1980-02-22,1980,2,22,1.2112629
1980-02-23,1980,2,23,0
1980-02-24,1980,2,24,0
1980-02-25,1980,2,25,3.5939287
1980-02-26,1980,2,26,5.2430489
1980-02-27,1980,2,27,37.601437
1980-02-28,1980,2,28,80.379658
1980-02-29,1980,2,29,0.011314446
1980-03-01,1980,3,1,0
1980-03-02,1980,3,2,0
1980-03-03,1980,3,3,13.129197
1980-03-04,1980,3,4,12.233658
1980-03-05,1980,3,5,8.9153956
1980-03-06,1980,3,6,0
1980-03-07,1980,3,7,0
1980-03-08,1980,3,8,0
1980-03-09,1980,3,9,0
1980-03-10,1980,3,10,0
1980-03-11,1980,3,11,0
1980-03-12,1980,3,12,0
1980-03-13,1980,3,13,0.077520927
1980-03-14,1980,3,14,0
1980-03-15,1980,3,15,0
1980-03-16,1980,3,16,0
1980-03-17,1980,3,17,0
1980-03-18,1980,3,18,0.30447489
1980-03-19,1980,3,19,0
1980-03-20,1980,3,20,0
1980-03-21,1980,3,21,19.87352
1980-03-22,1980,3,22,0
1980-03-23,1980,3,23,0
1980-03-24,1980,3,24,0
1980-03-25,1980,3,25,5.499398
1980-03-26,1980,3,26,12.373904
1980-03-27,1980,3,27,0.52973781
1980-03-28,1980,3,28,0
1980-03-29,1980,3,29,0
1980-03-30,1980,3,30,0
1980-03-31,1980,3,31,0
1980-04-01,1980,4,1,0.22151942
1980-04-02,1980,4,2,42.732807
1980-04-03,1980,4,3,4.6828872
1980-04-04,1980,4,4,0
1980-04-05,1980,4,5,0
1980-04-06,1980,4,6,0.00023275996
1980-04-07,1980,4,7,23.948844
1980-04-08,1980,4,8,31.285374
1980-04-09,1980,4,9,37.277412
1980-04-10,1980,4,10,27.462388
1980-04-11,1980,4,11,13.94758
1980-04-12,1980,4,12,7.466251
1980-04-13,1980,4,13,1.6426853
1980-04-14,1980,4,14,0
1980-04-15,1980,4,15,0
1980-04-16,1980,4,16,29.750532
1980-04-17,1980,4,17,0.047186116
1980-04-18,1980,4,18,0
1980-04-19,1980,4,19,0
1980-04-20,1980,4,20,0
1980-04-21,1980,4,21,5.2139816
1980-04-22,1980,4,22,31.708471
1980-04-23,1980,4,23,27.785372
1980-04-24,1980,4,24,7.7108247
1980-04-25,1980,4,25,12.223969
1980-04-26,1980,4,26,6.0468712
1980-04-27,1980,4,27,16.873555
1980-04-28,1980,4,28,0
1980-04-29,1980,4,29,0
1980-04-30,1980,4,30,0
1980-05-01,1980,5,1,0
1980-05-02,1980,5,2,0
1980-05-03,1980,5,3,11.280499
1980-05-04,1980,5,4,17.147451
1980-05-05,1980,5,5,0.831303
1980-05-06,1980,5,6,11.881809
1980-05-07,1980,5,7,0
1980-05-08,1980,5,8,27.943344
1980-05-09,1980,5,9,46.598206
1980-05-10,1980,5,10,28.353743
1980-05-11,1980,5,11,87.222726
1980-05-12,1980,5,12,67.782822
1980-05-13,1980,5,13,51.269188
1980-05-14,1980,5,14,9.0425299
1980-05-15,1980,5,15,0
1980-05-16,1980,5,16,0
1980-05-17,1980,5,17,7.6840324
1980-05-18,1980,5,18,16.290155
1980-05-19,1980,5,19,31.265928
1980-05-20,1980,5,20,31.814303
1980-05-21,1980,5,21,30.356452
1980-05-22,1980,5,22,38.191867
1980-05-23,1980,5,23,15.151895
1980-05-24,1980,5,24,0
1980-05-25,1980,5,25,0
1980-05-26,1980,5,26,35.882196
1980-05-27,1980,5,27,20.139707
1980-05-28,1980,5,28,19.160396
1980-05-29,1980,5,29,47.541672
1980-05-30,1980,5,30,18.543438
1980-05-31,1980,5,31,9.3926879e-05
1980-06-01,1980,6,1,0
1980-06-02,1980,6,2,0
1980-06-03,1980,6,3,0.7934725
1980-06-04,1980,6,4,19.828853
1980-06-05,1980,6,5,12.057034
1980-06-06,1980,6,6,7.8413178
1980-06-07,1980,6,7,19.032419
1980-06-08,1980,6,8,18.708604
1980-06-09,1980,6,9,0
1980-06-10,1980,6,10,0
1980-06-11,1980,6,11,0
1980-06-12,1980,6,12,0
1980-06-13,1980,6,13,0
1980-06-14,1980,6,14,33.176194
1980-06-15,1980,6,15,25.027033
1980-06-16,1980,6,16,14.473332
1980-06-17,1980,6,17,28.599629
1980-06-18,1980,6,18,0
1980-06-19,1980,6,19,0
1980-06-20,1980,6,20,10.598159
1980-06-21,1980,6,21,5.7987784
1980-06-22,1980,6,22,45.346984
1980-06-23,1980,6,23,11.523085
1980-06-24,1980,6,24,16.645122
1980-06-25,1980,6,25,0
1980-06-26,1980,6,26,61.096277
1980-06-27,1980,6,27,43.364736
1980-06-28,1980,6,28,0.87438986
1980-06-29,1980,6,29,0.65491243
1980-06-30,1980,6,30,0
1980-07-01,1980,7,1,0
1980-07-02,1980,7,2,0
1980-07-03,1980,7,3,0
1980-07-04,1980,7,4,0
1980-07-05,1980,7,5,1.6322695
1980-07-06,1980,7,6,5.2267791
1980-07-07,1980,7,7,3.3711996
1980-07-08,1980,7,8,0
1980-07-09,1980,7,9,0
1980-07-10,1980,7,10,0
1980-07-11,1980,7,11,0
1980-07-12,1980,7,12,53.864771
1980-07-13,1980,7,13,3.6096544
1980-07-14,1980,7,14,0
1980-07-15,1980,7,15,0.73578304
1980-07-16,1980,7,16,0
1980-07-17,1980,7,17,46.181392
1980-07-18,1980,7,18,25.810882
1980-07-19,1980,7,19,12.467251
1980-07-20,1980,7,20,36.343309
1980-07-21,1980,7,21,5.8585811
1980-07-22,1980,7,22,0
1980-07-23,1980,7,23,0.39652123
1980-07-24,1980,7,24,9.5934435
1980-07-25,1980,7,25,15.224007
1980-07-26,1980,7,26,16.47275
1980-07-27,1980,7,27,31.765648
1980-07-28,1980,7,28,10.56907
1980-07-29,1980,7,29,0
1980-07-30,1980,7,30,3.3072836
1980-07-31,1980,7,31,0.0079367853
1980-08-01,1980,8,1,0
1980-08-02,1980,8,2,8.3023801
1980-08-03,1980,8,3,12.919194
1980-08-04,1980,8,4,2.5401558
1980-08-05,1980,8,5,43.992431
1980-08-06,1980,8,6,26.779586
1980-08-07,1980,8,7,43.061243
1980-08-08,1980,8,8,40.784572
1980-08-09,1980,8,9,14.843798
1980-08-10,1980,8,10,0
1980-08-11,1980,8,11,0
1980-08-12,1980,8,12,0
1980-08-13,1980,8,13,0
1980-08-14,1980,8,14,21.062413
1980-08-15,1980,8,15,13.368986
1980-08-16,1980,8,16,0
1980-08-17,1980,8,17,8.1253848
1980-08-18,1980,8,18,9.9900787
1980-08-19,1980,8,19,22.390966
1980-08-20,1980,8,20,14.616401
1980-08-21,1980,8,21,0
1980-08-22,1980,8,22,0
1980-08-23,1980,8,23,0
1980-08-24,1980,8,24,2.2989431
1980-08-25,1980,8,25,0
1980-08-26,1980,8,26,0
1980-08-27,1980,8,27,0
1980-08-28,1980,8,28,0
1980-08-29,1980,8,29,12.175091
1980-08-30,1980,8,30,12.091841
1980-08-31,1980,8,31,0
1980-09-01,1980,9,1,0
1980-09-02,1980,9,2,0.0091681653
1980-09-03,1980,9,3,0
1980-09-04,1980,9,4,0
1980-09-05,1980,9,5,0
1980-09-06,1980,9,6,20.159208
1980-09-07,1980,9,7,7.9160853
1980-09-08,1980,9,8,0
1980-09-09,1980,9,9,0
1980-09-10,1980,9,10,0
1980-09-11,1980,9,11,0
1980-09-12,1980,9,12,5.5862176
1980-09-13,1980,9,13,4.5930593
1980-09-14,1980,9,14,0
1980-09-15,1980,9,15,0
1980-09-16,1980,9,16,0
1980-09-17,1980,9,17,15.400934
1980-09-18,1980,9,18,0
1980-09-19,1980,9,19,0
1980-09-20,1980,9,20,0
1980-09-21,1980,9,21,0
1980-09-22,1980,9,22,0
1980-09-23,1980,9,23,0
1980-09-24,1980,9,24,0
1980-09-25,1980,9,25,11.178347
1980-09-26,1980,9,26,9.2205165
1980-09-27,1980,9,27,0.051834905
1980-09-28,1980,9,28,31.442558
1980-09-29,1980,9,29,11.266172
1980-09-30,1980,9,30,6.6225091
1980-10-01,1980,10,1,0
1980-10-02,1980,10,2,0
1980-10-03,1980,10,3,0
1980-10-04,1980,10,4,0
1980-10-05,1980,10,5,0
1980-10-06,1980,10,6,3.5237032
1980-10-07,1980,10,7,0
1980-10-08,1980,10,8,0
1980-10-09,1980,10,9,1.5615796
1980-10-10,1980,10,10,0
1980-10-11,1980,10,11,0
1980-10-12,1980,10,12,0
1980-10-13,1980,10,13,0
1980-10-14,1980,10,14,0
1980-10-15,1980,10,15,0
1980-10-16,1980,10,16,0
1980-10-17,1980,10,17,0
1980-10-18,1980,10,18,0
1980-10-19,1980,10,19,0
1980-10-20,1980,10,20,5.2003617
1980-10-21,1980,10,21,1.8301305
1980-10-22,1980,10,22,0
1980-10-23,1980,10,23,0
1980-10-24,1980,10,24,0
1980-10-25,1980,10,25,0
1980-10-26,1980,10,26,0
1980-10-27,1980,10,27,0
1980-10-28,1980,10,28,2.1387513
1980-10-29,1980,10,29,0
1980-10-30,1980,10,30,0
1980-10-31,1980,10,31,0
1980-11-01,1980,11,1,0.15335685
1980-11-02,1980,11,2,26.102901
1980-11-03,1980,11,3,0
1980-11-04,1980,11,4,2.2308387
1980-11-05,1980,11,5,20.758467
1980-11-06,1980,11,6,36.511991
1980-11-07,1980,11,7,2.4674432
1980-11-08,1980,11,8,0
1980-11-09,1980,11,9,0.3754706
1980-11-10,1980,11,10,0
1980-11-11,1980,11,11,0
1980-11-12,1980,11,12,0
1980-11-13,1980,11,13,0
1980-11-14,1980,11,14,0
1980-11-15,1980,11,15,0.32489666
1980-11-16,1980,11,16,0
1980-11-17,1980,11,17,0
1980-11-18,1980,11,18,14.027471
1980-11-19,1980,11,19,8.5100108
1980-11-20,1980,11,20,0.10891401
1980-11-21,1980,11,21,2.74831
1980-11-22,1980,11,22,0
1980-11-23,1980,11,23,0
1980-11-24,1980,11,24,0
1980-11-25,1980,11,25,0
1980-11-26,1980,11,26,0
1980-11-27,1980,11,27,0
1980-11-28,1980,11,28,0
1980-11-29,1980,11,29,0
1980-11-30,1980,11,30,0
1980-12-01,1980,12,1,0
1980-12-02,1980,12,2,0
1980-12-03,1980,12,3,0
1980-12-04,1980,12,4,0.73772589
1980-12-05,1980,12,5,0
1980-12-06,1980,12,6,0
1980-12-07,1980,12,7,0
1980-12-08,1980,12,8,0
1980-12-09,1980,12,9,6.3825094
1980-12-10,1980,12,10,0.20260856
1980-12-11,1980,12,11,0.92553872
1980-12-12,1980,12,12,33.214936
1980-12-13,1980,12,13,0.0063665279
1980-12-14,1980,12,14,0
1980-12-15,1980,12,15,0
1980-12-16,1980,12,16,8.5336777
1980-12-17,1980,12,17,6.0761269
1980-12-18,1980,12,18,7.7137897
1980-12-19,1980,12,19,0
1980-12-20,1980,12,20,0
1980-12-21,1980,12,21,0
1980-12-22,1980,12,22,0
1980-12-23,1980,12,23,0
1980-12-24,1980,12,24,0
1980-12-25,1980,12,25,0
1980-12-26,1980,12,26,0
1980-12-27,1980,12,27,0
1980-12-28,1980,12,28,5.0169878
1980-12-29,1980,12,29,77.901278
1980-12-30,1980,12,30,20.494927
1980-12-31,1980,12,31,4.9711894
1981-01-01,1981,1,1,0
1981-01-02,1981,1,2,0
1981-01-03,1981,1,3,0
1981-01-04,1981,1,4,0
1981-01-05,1981,1,5,3.4550443
1981-01-06,1981,1,6,0
1981-01-07,1981,1,7,0
1981-01-08,1981,1,8,0
1981-01-09,1981,1,9,0
1981-01-10,1981,1,10,2.3938893
1981-01-11,1981,1,11,0
1981-01-12,1981,1,12,0
1981-01-13,1981,1,13,0
1981-01-14,1981,1,14,0.06304637
1981-01-15,1981,1,15,0
1981-01-16,1981,1,16,0
1981-01-17,1981,1,17,41.328099
1981-01-18,1981,1,18,56.94493
1981-01-19,1981,1,19,76.099293
1981-01-20,1981,1,20,0.7005862
1981-01-21,1981,1,21,0
1981-01-22,1981,1,22,14.195833
1981-01-23,1981,1,23,9.710181
1981-01-24,1981,1,24,16.074341
1981-01-25,1981,1,25,12.513235
1981-01-26,1981,1,26,12.213745
1981-01-27,1981,1,27,5.0027783
1981-01-28,1981,1,28,0
1981-01-29,1981,1,29,0
1981-01-30,1981,1,30,0
1981-01-31,1981,1,31,0
1981-02-01,1981,2,1,0
1981-02-02,1981,2,2,0.45998165
1981-02-03,1981,2,3,0
1981-02-04,1981,2,4,0
1981-02-05,1981,2,5,0
1981-02-06,1981,2,6,16.900853
1981-02-07,1981,2,7,2.1847906
1981-02-08,1981,2,8,0
1981-02-09,1981,2,9,0
1981-02-10,1981,2,10,0
1981-02-11,1981,2,11,0
1981-02-12,1981,2,12,7.7036192
1981-02-13,1981,2,13,0
1981-02-14,1981,2,14,0
1981-02-15,1981,2,15,0
1981-02-16,1981,2,16,0
1981-02-17,1981,2,17,0
1981-02-18,1981,2,18,0
1981-02-19,1981,2,19,0
1981-02-20,1981,2,20,0
1981-02-21,1981,2,21,0
1981-02-22,1981,2,22,0
1981-02-23,1981,2,23,0
1981-02-24,1981,2,24,0.047641487
1981-02-25,1981,2,25,0
1981-02-26,1981,2,26,0
1981-02-27,1981,2,27,0
1981-02-28,1981,2,28,0
1981-03-01,1981,3,1,0
1981-03-02,1981,3,2,0
1981-03-03,1981,3,3,0
1981-03-04,1981,3,4,0
1981-03-05,1981,3,5,0
1981-03-06,1981,3,6,0
1981-03-07,1981,3,7,0
1981-03-08,1981,3,8,0
1981-03-09,1981,3,9,0
1981-03-10,1981,3,10,0
1981-03-11,1981,3,11,0
1981-03-12,1981,3,12,0
1981-03-13,1981,3,13,12.971864
1981-03-14,1981,3,14,29.609348
1981-03-15,1981,3,15,1.0958721
1981-03-16,1981,3,16,11.395216
1981-03-17,1981,3,17,0
1981-03-18,1981,3,18,0
1981-03-19,1981,3,19,0
1981-03-20,1981,3,20,0
1981-03-21,1981,3,21,22.131987
1981-03-22,1981,3,22,10.281919
1981-03-23,1981,3,23,0
1981-03-24,1981,3,24,0
1981-03-25,1981,3,25,0
1981-03-26,1981,3,26,0
1981-03-27,1981,3,27,0
1981-03-28,1981,3,28,0
1981-03-29,1981,3,29,7.5437102
1981-03-30,1981,3,30,6.3101026
1981-03-31,1981,3,31,0
1981-04-01,1981,4,1,0
1981-04-02,1981,4,2,0
1981-04-03,1981,4,3,0
1981-04-04,1981,4,4,0
1981-04-05,1981,4,5,0
1981-04-06,1981,4,6,0
1981-04-07,1981,4,7,0
1981-04-08,1981,4,8,12.288906
1981-04-09,1981,4,9,0
1981-04-10,1981,4,10,0
1981-04-11,1981,4,11,0
1981-04-12,1981,4,12,0
1981-04-13,1981,4,13,0
1981-04-14,1981,4,14,0
1981-04-15,1981,4,15,0.0048401088
1981-04-16,1981,4,16,1.4605179
1981-04-17,1981,4,17,2.1297046
1981-04-18,1981,4,18,7.054242
1981-04-19,1981,4,19,14.309879
1981-04-20,1981,4,20,7.6798091
1981-04-21,1981,4,21,31.278588
1981-04-22,1981,4,22,4.6145719
1981-04-23,1981,4,23,0
1981-04-24,1981,4,24,7.5927708
1981-04-25,1981,4,25,27.833503
1981-04-26,1981,4,26,25.740461
1981-04-27,1981,4,27,5.5156082
1981-04-28,1981,4,28,0.58186958
1981-04-29,1981,4,29,16.720309
1981-04-30,1981,4,30,0
1981-05-01,1981,5,1,31.859369
1981-05-02,1981,5,2,45.019446
1981-05-03,1981,5,3,43.340229
1981-05-04,1981,5,4,44.029076
1981-05-05,1981,5,5,15.66527
1981-05-06,1981,5,6,92.380357
1981-05-07,1981,5,7,37.657462
1981-05-08,1981,5,8,6.2759663
1981-05-09,1981,5,9,0
1981-05-10,1981,5,10,18.074977
1981-05-11,1981,5,11,7.2653812
1981-05-12,1981,5,12,9.0676751
1981-05-13,1981,5,13,29.649149
1981-05-14,1981,5,14,27.104532
1981-05-15,1981,5,15,27.772297
1981-05-16,1981,5,16,7.0563401
1981-05-17,1981,5,17,29.097577
1981-05-18,1981,5,18,24.75496
1981-05-19,1981,5,19,0
1981-05-20,1981,5,20,0
1981-05-21,1981,5,21,28.162512
1981-05-22,1981,5,22,50.974623
1981-05-23,1981,5,23,33.004074
1981-05-24,1981,5,24,4.5197577
1981-05-25,1981,5,25,0
1981-05-26,1981,5,26,2.1870153
1981-05-27,1981,5,27,44.367783
1981-05-28,1981,5,28,27.6424
1981-05-29,1981,5,29,10.730521
1981-05-30,1981,5,30,18.088277
1981-05-31,1981,5,31,26.81907
1981-06-01,1981,6,1,12.3264
1981-06-02,1981,6,2,5.4866006
1981-06-03,1981,6,3,0
1981-06-04,1981,6,4,14.163642
1981-06-05,1981,6,5,12.966509
1981-06-06,1981,6,6,3.1993992
1981-06-07,1981,6,7,53.765357
1981-06-08,1981,6,8,6.3212198
1981-06-09,1981,6,9,14.265298
1981-06-10,1981,6,10,0.20278662
1981-06-11,1981,6,11,1.9350379
1981-06-12,1981,6,12,0.56549415
1981-06-13,1981,6,13,0
1981-06-14,1981,6,14,9.6661336
1981-06-15,1981,6,15,0
1981-06-16,1981,6,16,0
1981-06-17,1981,6,17,0
1981-06-18,1981,6,18,0
1981-06-19,1981,6,19,0
1981-06-20,1981,6,20,10.989124
1981-06-21,1981,6,21,0
1981-06-22,1981,6,22,0
1981-06-23,1981,6,23,0
1981-06-24,1981,6,24,27.276099
1981-06-25,1981,6,25,0
1981-06-26,1981,6,26,0
1981-06-27,1981,6,27,0.16613096
1981-06-28,1981,6,28,32.323192
1981-06-29,1981,6,29,71.322926
1981-06-30,1981,6,30,45.429761
1981-07-01,1981,7,1,0
1981-07-02,1981,7,2,0
1981-07-03,1981,7,3,0
1981-07-04,1981,7,4,0
1981-07-05,1981,7,5,1.6166788
1981-07-06,1981,7,6,0.98362892
1981-07-07,1981,7,7,24.946171
1981-07-08,1981,7,8,16.84391
1981-07-09,1981,7,9,11.279258
1981-07-10,1981,7,10,51.775254
1981-07-11,1981,7,11,27.490385
1981-07-12,1981,7,12,25.329064
1981-07-13,1981,7,13,43.824127
1981-07-14,1981,7,14,10.05597
1981-07-15,1981,7,15,0
1981-07-16,1981,7,16,4.5611937
1981-07-17,1981,7,17,0
1981-07-18,1981,7,18,0
1981-07-19,1981,7,19,0
1981-07-20,1981,7,20,3.0872613
1981-07-21,1981,7,21,0
1981-07-22,1981,7,22,0
1981-07-23,1981,7,23,0
1981-07-24,1981,7,24,0
1981-07-25,1981,7,25,0
1981-07-26,1981,7,26,0
1981-07-27,1981,7,27,9.9458295
1981-07-28,1981,7,28,0
1981-07-29,1981,7,29,9.9419233
1981-07-30,1981,7,30,30.622659
1981-07-31,1981,7,31,38.264834
1981-08-01,1981,8,1,26.187895
1981-08-02,1981,8,2,17.601966
1981-08-03,1981,8,3,6.3298005
1981-08-04,1981,8,4,4.3738923
1981-08-05,1981,8,5,0
1981-08-06,1981,8,6,12.163087
1981-08-07,1981,8,7,4.0963789
1981-08-08,1981,8,8,0
1981-08-09,1981,8,9,0
1981-08-10,1981,8,10,11.709616
1981-08-11,1981,8,11,0
1981-08-12,1981,8,12,0
1981-08-13,1981,8,13,0
1981-08-14,1981,8,14,0
1981-08-15,1981,8,15,3.2091186
1981-08-16,1981,8,16,0.0013105383
1981-08-17,1981,8,17,0
1981-08-18,1981,8,18,0
1981-08-19,1981,8,19,0
1981-08-20,1981,8,20,0
1981-08-21,1981,8,21,15.059851
1981-08-22,1981,8,22,6.2685541
1981-08-23,1981,8,23,0
1981-08-24,1981,8,24,0
1981-08-25,1981,8,25,0
1981-08-26,1981,8,26,0
1981-08-27,1981,8,27,6.5116433
1981-08-28,1981,8,28,13.868485
1981-08-29,1981,8,29,0
1981-08-30,1981,8,30,3.9984976
1981-08-31,1981,8,31,13.505867
1981-09-01,1981,9,1,0.004192967
1981-09-02,1981,9,2,12.131798
1981-09-03,1981,9,3,0
1981-09-04,1981,9,4,2.4039769
1981-09-05,1981,9,5,0.17440316
1981-09-06,1981,9,6,30.511213
1981-09-07,1981,9,7,13.595264
1981-09-08,1981,9,8,23.551282
1981-09-09,1981,9,9,14.212029
1981-09-10,1981,9,10,4.175814
1981-09-11,1981,9,11,0
1981-09-12,1981,9,12,0
1981-09-13,1981,9,13,0
1981-09-14,1981,9,14,0
1981-09-15,1981,9,15,17.101443
1981-09-16,1981,9,16,17.171967
1981-09-17,1981,9,17,5.2051354
1981-09-18,1981,9,18,0.43424539
1981-09-19,1981,9,19,0.14145478
1981-09-20,1981,9,20,0
1981-09-21,1981,9,21,0
1981-09-22,1981,9,22,0
1981-09-23,1981,9,23,0
1981-09-24,1981,9,24,0
1981-09-25,1981,9,25,3.6594304
1981-09-26,1981,9,26,0.17545973
1981-09-27,1981,9,27,5.5546293
1981-09-28,1981,9,28,0
1981-09-29,1981,9,29,0
1981-09-30,1981,9,30,0.63332798
1981-10-01,1981,10,1,27.510737
1981-10-02,1981,10,2,5.7577776
1981-10-03,1981,10,3,0
1981-10-04,1981,10,4,0
1981-10-05,1981,10,5,6.7144644e-06
1981-10-06,1981,10,6,0
1981-10-07,1981,10,7,0
1981-10-08,1981,10,8,7.0064377
1981-10-09,1981,10,9,5.3877995
1981-10-10,1981,10,10,6.6930236e-05
1981-10-11,1981,10,11,0.16959549
1981-10-12,1981,10,12,0
1981-10-13,1981,10,13,0
1981-10-14,1981,10,14,0
1981-10-15,1981,10,15,0
1981-10-16,1981,10,16,0
1981-10-17,1981,10,17,3.0955441
1981-10-18,1981,10,18,0
1981-10-19,1981,10,19,0
1981-10-20,1981,10,20,0
1981-10-21,1981,10,21,0
1981-10-22,1981,10,22,0
1981-10-23,1981,10,23,0
1981-10-24,1981,10,24,0
1981-10-25,1981,10,25,3.4036736
1981-10-26,1981,10,26,16.04682
1981-10-27,1981,10,27,0
1981-10-28,1981,10,28,19.845404
1981-10-29,1981,10,29,16.046142
1981-10-30,1981,10,30,0
1981-10-31,1981,10,31,0
1981-11-01,1981,11,1,24.394103
1981-11-02,1981,11,2,5.1228183
1981-11-03,1981,11,3,0.033626948
1981-11-04,1981,11,4,4.8900318
1981-11-05,1981,11,5,0
1981-11-06,1981,11,6,0
1981-11-07,1981,11,7,0
1981-11-08,1981,11,8,8.0246803
1981-11-09,1981,11,9,0
1981-11-10,1981,11,10,0
1981-11-11,1981,11,11,0
1981-11-12,1981,11,12,0
1981-11-13,1981,11,13,0
1981-11-14,1981,11,14,0
1981-11-15,1981,11,15,0
1981-11-16,1981,11,16,4.4507861
1981-11-17,1981,11,17,0
1981-11-18,1981,11,18,0
1981-11-19,1981,11,19,0
1981-11-20,1981,11,20,3.4515655
1981-11-21,1981,11,21,0
1981-11-22,1981,11,22,0
1981-11-23,1981,11,23,0
1981-11-24,1981,11,24,0
1981-11-25,1981,11,25,0
1981-11-26,1981,11,26,1.6785806
1981-11-27,1981,11,27,0
1981-11-28,1981,11,28,0.0061623909
1981-11-29,1981,11,29,0.52074176
1981-11-30,1981,11,30,0.99516702
1981-12-01,1981,12,1,0
1981-12-02,1981,12,2,0
1981-12-03,1981,12,3,0
1981-12-04,1981,12,4,3.1578317
1981-12-05,1981,12,5,2.5632273
1981-12-06,1981,12,6,0
1981-12-07,1981,12,7,0
1981-12-08,1981,12,8,0
1981-12-09,1981,12,9,0
1981-12-10,1981,12,10,0
1981-12-11,1981,12,11,0
1981-12-12,1981,12,12,0
1981-12-13,1981,12,13,4.3471789
1981-12-14,1981,12,14,9.7444453
1981-12-15,1981,12,15,1.5161039
1981-12-16,1981,12,16,24.489961
1981-12-17,1981,12,17,0
1981-12-18,1981,12,18,0
1981-12-19,1981,12,19,10.723544
1981-12-20,1981,12,20,0
1981-12-21,1981,12,21,0
1981-12-22,1981,12,22,0
1981-12-23,1981,12,23,0
1981-12-24,1981,12,24,0
1981-12-25,1981,12,25,0
1981-12-26,1981,12,26,0
1981-12-27,1981,12,27,0
1981-12-28,1981,12,28,0
1981-12-29,1981,12,29,0
1981-12-30,1981,12,30,0
1981-12-31,1981,12,31,0
1982-01-01,1982,1,1,0
1982-01-02,1982,1,2,0
1982-01-03,1982,1,3,0
1982-01-04,1982,1,4,0
1982-01-05,1982,1,5,0
1982-01-06,1982,1,6,0
1982-01-07,1982,1,7,0
1982-01-08,1982,1,8,0
1982-01-09,1982,1,9,0
1982-01-10,1982,1,10,0
1982-01-11,1982,1,11,0.1806371
1982-01-12,1982,1,12,5.2858645
1982-01-13,1982,1,13,0
1982-01-14,1982,1,14,0
1982-01-15,1982,1,15,33.389102
1982-01-16,1982,1,16,3.745849
1982-01-17,1982,1,17,0
1982-01-18,1982,1,18,0
1982-01-19,1982,1,19,0
1982-01-20,1982,1,20,0
1982-01-21,1982,1,21,0
1982-01-22,1982,1,22,0
1982-01-23,1982,1,23,0
1982-01-24,1982,1,24,0
1982-01-25,1982,1,25,0
1982-01-26,1982,1,26,0
1982-01-27,1982,1,27,0
1982-01-28,1982,1,28,3.2522459
1982-01-29,1982,1,29,28.47446
1982-01-30,1982,1,30,0
1982-01-31,1982,1,31,0.63223173
1982-02-01,1982,2,1,12.702631
1982-02-02,1982,2,2,3.5678123
1982-02-03,1982,2,3,0
1982-02-04,1982,2,4,0
1982-02-05,1982,2,5,0
1982-02-06,1982,2,6,4.6930942
1982-02-07,1982,2,7,0
1982-02-08,1982,2,8,0
1982-02-09,1982,2,9,0.8208227
1982-02-10,1982,2,10,8.1584401
1982-02-11,1982,2,11,4.1218089
1982-02-12,1982,2,12,49.307921
1982-02-13,1982,2,13,0
1982-02-14,1982,2,14,0.00012038304
1982-02-15,1982,2,15,0
1982-02-16,1982,2,16,0
1982-02-17,1982,2,17,0
1982-02-18,1982,2,18,0
1982-02-19,1982,2,19,2.7052521
1982-02-20,1982,2,20,0
1982-02-21,1982,2,21,0
1982-02-22,1982,2,22,0
1982-02-23,1982,2,23,0
1982-02-24,1982,2,24,3.4833603
1982-02-25,1982,2,25,0
1982-02-26,1982,2,26,0
1982-02-27,1982,2,27,0
1982-02-28,1982,2,28,0
1982-03-01,1982,3,1,0
1982-03-02,1982,3,2,0
1982-03-03,1982,3,3,0
1982-03-04,1982,3,4,0
1982-03-05,1982,3,5,0
1982-03-06,1982,3,6,0
1982-03-07,1982,3,7,3.8582612
1982-03-08,1982,3,8,6.2422933
1982-03-09,1982,3,9,0
1982-03-10,1982,3,10,0
1982-03-11,1982,3,11,0
1982-03-12,1982,3,12,0
1982-03-13,1982,3,13,0
1982-03-14,1982,3,14,0.05125731
1982-03-15,1982,3,15,9.6979863
1982-03-16,1982,3,16,18.469412
1982-03-17,1982,3,17,3.7440801
1982-03-18,1982,3,18,1.7776495
1982-03-19,1982,3,19,0
1982-03-20,1982,3,20,0.80656953
1982-03-21,1982,3,21,2.9056186
1982-03-22,1982,3,22,0
1982-03-23,1982,3,23,29.469564
1982-03-24,1982,3,24,6.205651
1982-03-25,1982,3,25,0.36825997
1982-03-26,1982,3,26,0
1982-03-27,1982,3,27,0
1982-03-28,1982,3,28,0
1982-03-29,1982,3,29,0
1982-03-30,1982,3,30,0
1982-03-31,1982,3,31,0
1982-04-01,1982,4,1,0
1982-04-02,1982,4,2,1.1726813
1982-04-03,1982,4,3,0
1982-04-04,1982,4,4,0
1982-04-05,1982,4,5,0
1982-04-06,1982,4,6,0
1982-04-07,1982,4,7,0
1982-04-08,1982,4,8,0
1982-04-09,1982,4,9,0
1982-04-10,1982,4,10,0
1982-04-11,1982,4,11,14.975715
1982-04-12,1982,4,12,2.0557274
1982-04-13,1982,4,13,0
1982-04-14,1982,4,14,0
1982-04-15,1982,4,15,0
1982-04-16,1982,4,16,25.379996
1982-04-17,1982,4,17,2.2814761
1982-04-18,1982,4,18,0
1982-04-19,1982,4,19,0
1982-04-20,1982,4,20,0
1982-04-21,1982,4,21,0
1982-04-22,1982,4,22,0
1982-04-23,1982,4,23,0.07399244
1982-04-24,1982,4,24,0
1982-04-25,1982,4,25,0
1982-04-26,1982,4,26,0
1982-04-27,1982,4,27,0
1982-04-28,1982,4,28,0
1982-04-29,1982,4,29,0
1982-04-30,1982,4,30,0
1982-05-01,1982,5,1,0
1982-05-02,1982,5,2,0
1982-05-03,1982,5,3,0
1982-05-04,1982,5,4,0
1982-05-05,1982,5,5,2.6269794
1982-05-06,1982,5,6,26.217991
1982-05-07,1982,5,7,9.9576757
1982-05-08,1982,5,8,12.969638
1982-05-09,1982,5,9,36.379317
1982-05-10,1982,5,10,30.278609
1982-05-11,1982,5,11,50.693375
1982-05-12,1982,5,12,22.227214
1982-05-13,1982,5,13,9.436352
1982-05-14,1982,5,14,15.757626
1982-05-15,1982,5,15,37.72555
1982-05-16,1982,5,16,35.372937
1982-05-17,1982,5,17,13.899837
1982-05-18,1982,5,18,0
1982-05-19,1982,5,19,28.374906
1982-05-20,1982,5,20,1.8436967
1982-05-21,1982,5,21,0
1982-05-22,1982,5,22,8.165198
1982-05-23,1982,5,23,3.3668084
1982-05-24,1982,5,24,4.2608923
1982-05-25,1982,5,25,0
1982-05-26,1982,5,26,0
1982-05-27,1982,5,27,0
1982-05-28,1982,5,28,0.04021536
1982-05-29,1982,5,29,17.91972
1982-05-30,1982,5,30,11.756181
1982-05-31,1982,5,31,8.7834386
1982-06-01,1982,6,1,20.699212
1982-06-02,1982,6,2,12.432536
1982-06-03,1982,6,3,41.434917
1982-06-04,1982,6,4,10.04844
1982-06-05,1982,6,5,39.863551
1982-06-06,1982,6,6,10.537282
1982-06-07,1982,6,7,49.16948
1982-06-08,1982,6,8,62.8094
1982-06-09,1982,6,9,47.444579
1982-06-10,1982,6,10,26.626697
1982-06-11,1982,6,11,10.653889
1982-06-12,1982,6,12,23.540508
1982-06-13,1982,6,13,0
1982-06-14,1982,6,14,0
1982-06-15,1982,6,15,0
1982-06-16,1982,6,16,0.0011541329
1982-06-17,1982,6,17,0.58865565
1982-06-18,1982,6,18,0.083436165
1982-06-19,1982,6,19,0
1982-06-20,1982,6,20,0
1982-06-21,1982,6,21,0
1982-06-22,1982,6,22,5.9253885
1982-06-23,1982,6,23,22.37533
1982-06-24,1982,6,24,36.933789
1982-06-25,1982,6,25,31.688818
1982-06-26,1982,6,26,23.142519
1982-06-27,1982,6,27,0.30311202
1982-06-28,1982,6,28,16.699674
1982-06-29,1982,6,29,18.688724
1982-06-30,1982,6,30,0
1982-07-01,1982,7,1,16.022415
1982-07-02,1982,7,2,25.035075
1982-07-03,1982,7,3,6.1731258
1982-07-04,1982,7,4,10.326254
1982-07-05,1982,7,5,21.905861
1982-07-06,1982,7,6,5.8929914
1982-07-07,1982,7,7,10.35245
1982-07-08,1982,7,8,25.443064
1982-07-09,1982,7,9,60.550592
1982-07-10,1982,7,10,38.652454
1982-07-11,1982,7,11,27.481855
1982-07-12,1982,7,12,9.3285981
1982-07-13,1982,7,13,33.50393
1982-07-14,1982,7,14,34.469155
1982-07-15,1982,7,15,42.41543
1982-07-16,1982,7,16,34.882307
1982-07-17,1982,7,17,41.341964
1982-07-18,1982,7,18,19.480309
1982-07-19,1982,7,19,17.261802
1982-07-20,1982,7,20,1.8536815
1982-07-21,1982,7,21,0
1982-07-22,1982,7,22,0
1982-07-23,1982,7,23,0
1982-07-24,1982,7,24,18.868106
1982-07-25,1982,7,25,13.646302
1982-07-26,1982,7,26,3.6572373
1982-07-27,1982,7,27,7.5367563
1982-07-28,1982,7,28,1.1780024
1982-07-29,1982,7,29,0
1982-07-30,1982,7,30,0.9064347
1982-07-31,1982,7,31,7.4797861
1982-08-01,1982,8,1,0
1982-08-02,1982,8,2,16.289594
1982-08-03,1982,8,3,9.814331
1982-08-04,1982,8,4,24.066096
1982-08-05,1982,8,5,3.6316308
1982-08-06,1982,8,6,0
1982-08-07,1982,8,7,1.04904
1982-08-08,1982,8,8,22.114551
1982-08-09,1982,8,9,0
1982-08-10,1982,8,10,0
1982-08-11,1982,8,11,0
1982-08-12,1982,8,12,19.283974
1982-08-13,1982,8,13,25.300509
1982-08-14,1982,8,14,7.2526099
1982-08-15,1982,8,15,0
1982-08-16,1982,8,16,0
1982-08-17,1982,8,17,0
1982-08-18,1982,8,18,0
1982-08-19,1982,8,19,0.10963732
1982-08-20,1982,8,20,10.3553
1982-08-21,1982,8,21,0
1982-08-22,1982,8,22,10.837084
1982-08-23,1982,8,23,37.486742
1982-08-24,1982,8,24,20.299661
1982-08-25,1982,8,25,27.694976
1982-08-26,1982,8,26,12.683704
1982-08-27,1982,8,27,24.187107
1982-08-28,1982,8,28,32.303477
1982-08-29,1982,8,29,6.1313383
1982-08-30,1982,8,30,0
1982-08-31,1982,8,31,0
1982-09-01,1982,9,1,1.3004963
1982-09-02,1982,9,2,15.468017
1982-09-03,1982,9,3,21.78243
1982-09-04,1982,9,4,0
1982-09-05,1982,9,5,0
1982-09-06,1982,9,6,0
1982-09-07,1982,9,7,0
1982-09-08,1982,9,8,12.928422
1982-09-09,1982,9,9,11.668518
1982-09-10,1982,9,10,0.74301679
1982-09-11,1982,9,11,21.174905
1982-09-12,1982,9,12,54.820993
1982-09-13,1982,9,13,11.408057
1982-09-14,1982,9,14,12.962325
1982-09-15,1982,9,15,3.2397702
1982-09-16,1982,9,16,0
1982-09-17,1982,9,17,1.0770596
1982-09-18,1982,9,18,2.0547542
1982-09-19,1982,9,19,4.4840409
1982-09-20,1982,9,20,0
1982-09-21,1982,9,21,0
1982-09-22,1982,9,22,2.0063172
1982-09-23,1982,9,23,9.0397772
1982-09-24,1982,9,24,5.2825167
1982-09-25,1982,9,25,0
1982-09-26,1982,9,26,0.0073376922
1982-09-27,1982,9,27,7.2949644
1982-09-28,1982,9,28,12.492202
1982-09-29,1982,9,29,18.515953
1982-09-30,1982,9,30,15.684773
1982-10-01,1982,10,1,0.12119839
1982-10-02,1982,10,2,16.020875
1982-10-03,1982,10,3,23.997119
1982-10-04,1982,10,4,0.76647885
1982-10-05,1982,10,5,16.398904
1982-10-06,1982,10,6,14.633428
1982-10-07,1982,10,7,2.648043
1982-10-08,1982,10,8,0
1982-10-09,1982,10,9,1.6069357
1982-10-10,1982,10,10,12.618896
1982-10-11,1982,10,11,6.3933712
1982-10-12,1982,10,12,0
1982-10-13,1982,10,13,0
1982-10-14,1982,10,14,0
1982-10-15,1982,10,15,4.4815311
1982-10-16,1982,10,16,25.639029
1982-10-17,1982,10,17,6.2165715
1982-10-18,1982,10,18,9.7072282
1982-10-19,1982,10,19,53.387734
1982-10-20,1982,10,20,27.490901
1982-10-21,1982,10,21,31.056638
1982-10-22,1982,10,22,12.855229
1982-10-23,1982,10,23,7.1558954
1982-10-24,1982,10,24,0.32112992
1982-10-25,1982,10,25,0.10669094
1982-10-26,1982,10,26,0
1982-10-27,1982,10,27,0
1982-10-28,1982,10,28,0.43544639
1982-10-29,1982,10,29,0
1982-10-30,1982,10,30,0
1982-10-31,1982,10,31,8.1518136
1982-11-01,1982,11,1,10.353465
1982-11-02,1982,11,2,3.7097841
1982-11-03,1982,11,3,2.4606069
1982-11-04,1982,11,4,6.4510795
1982-11-05,1982,11,5,0
1982-11-06,1982,11,6,6.8375669
1982-11-07,1982,11,7,0
1982-11-08,1982,11,8,5.5349973
1982-11-09,1982,11,9,17.230171
1982-11-10,1982,11,10,4.0065115
1982-11-11,1982,11,11,0
1982-11-12,1982,11,12,0
1982-11-13,1982,11,13,0
1982-11-14,1982,11,14,0
1982-11-15,1982,11,15,0
1982-11-16,1982,11,16,0
1982-11-17,1982,11,17,13.549245
1982-11-18,1982,11,18,2.2252756
1982-11-19,1982,11,19,0
1982-11-20,1982,11,20,0
1982-11-21,1982,11,21,0
1982-11-22,1982,11,22,0
1982-11-23,1982,11,23,0
1982-11-24,1982,11,24,0
1982-11-25,1982,11,25,0
1982-11-26,1982,11,26,35.551668
1982-11-27,1982,11,27,11.48078
1982-11-28,1982,11,28,8.9706582
1982-11-29,1982,11,29,0.023458312
1982-11-30,1982,11,30,0
1982-12-01,1982,12,1,0
1982-12-02,1982,12,2,0
1982-12-03,1982,12,3,0
1982-12-04,1982,12,4,0
1982-12-05,1982,12,5,0
1982-12-06,1982,12,6,0
1982-12-07,1982,12,7,0
1982-12-08,1982,12,8,0
1982-12-09,1982,12,9,0
1982-12-10,1982,12,10,0
1982-12-11,1982,12,11,0
1982-12-12,1982,12,12,0.36395342
1982-12-13,1982,12,13,2.2944729
1982-12-14,1982,12,14,0
1982-12-15,1982,12,15,0
1982-12-16,1982,12,16,0
1982-12-17,1982,12,17,0
1982-12-18,1982,12,18,4.3686681e-05
1982-12-19,1982,12,19,0
1982-12-20,1982,12,20,0
1982-12-21,1982,12,21,0
1982-12-22,1982,12,22,0
1982-12-23,1982,12,23,0
1982-12-24,1982,12,24,0
1982-12-25,1982,12,25,0
1982-12-26,1982,12,26,0
1982-12-27,1982,12,27,0
1982-12-28,1982,12,28,0
1982-12-29,1982,12,29,0
1982-12-30,1982,12,30,0
1982-12-31,1982,12,31,0
1983-01-01,1983,1,1,0
1983-01-02,1983,1,2,1.0036907
1983-01-03,1983,1,3,1.4126068
1983-01-04,1983,1,4,0
1983-01-05,1983,1,5,0
1983-01-06,1983,1,6,0
1983-01-07,1983,1,7,0
1983-01-08,1983,1,8,0
1983-01-09,1983,1,9,0
1983-01-10,1983,1,10,0
1983-01-11,1983,1,11,0
1983-01-12,1983,1,12,0.40727134
1983-01-13,1983,1,13,0.00076778903
1983-01-14,1983,1,14,0
1983-01-15,1983,1,15,0
1983-01-16,1983,1,16,0
1983-01-17,1983,1,17,0
1983-01-18,1983,1,18,0
1983-01-19,1983,1,19,0
1983-01-20,1983,1,20,0
1983-01-21,1983,1,21,0
1983-01-22,1983,1,22,6.7527974
1983-01-23,1983,1,23,23.23521
1983-01-24,1983,1,24,39.843913
1983-01-25,1983,1,25,1.8290317
1983-01-26,1983,1,26,0
1983-01-27,1983,1,27,0
1983-01-28,1983,1,28,3.6803098
1983-01-29,1983,1,29,40.133392
1983-01-30,1983,1,30,4.7530501
1983-01-31,1983,1,31,0
1983-02-01,1983,2,1,0
1983-02-02,1983,2,2,0
1983-02-03,1983,2,3,0
1983-02-04,1983,2,4,0
1983-02-05,1983,2,5,0
1983-02-06,1983,2,6,0
1983-02-07,1983,2,7,0
1983-02-08,1983,2,8,5.2250668
1983-02-09,1983,2,9,0
1983-02-10,1983,2,10,0
1983-02-11,1983,2,11,0
1983-02-12,1983,2,12,0
1983-02-13,1983,2,13,1.2742091
1983-02-14,1983,2,14,0
1983-02-15,1983,2,15,0
1983-02-16,1983,2,16,0
1983-02-17,1983,2,17,0
1983-02-18,1983,2,18,0
1983-02-19,1983,2,19,0
1983-02-20,1983,2,20,0
1983-02-21,1983,2,21,0
1983-02-22,1983,2,22,0
1983-02-23,1983,2,23,0
1983-02-24,1983,2,24,0
1983-02-25,1983,2,25,0
1983-02-26,1983,2,26,0
1983-02-27,1983,2,27,0
1983-02-28,1983,2,28,0
1983-03-01,1983,3,1,0
1983-03-02,1983,3,2,0
1983-03-03,1983,3,3,0
1983-03-04,1983,3,4,10.34811
1983-03-05,1983,3,5,0
1983-03-06,1983,3,6,0.0013357912
1983-03-07,1983,3,7,6.765996
1983-03-08,1983,3,8,0
1983-03-09,1983,3,9,0
1983-03-10,1983,3,10,0
1983-03-11,1983,3,11,0
1983-03-12,1983,3,12,0
1983-03-13,1983,3,13,0
1983-03-14,1983,3,14,0
1983-03-15,1983,3,15,0
1983-03-16,1983,3,16,0.0051816558
1983-03-17,1983,3,17,0
1983-03-18,1983,3,18,0
1983-03-19,1983,3,19,0
1983-03-20,1983,3,20,0
1983-03-21,1983,3,21,0
1983-03-22,1983,3,22,0
1983-03-23,1983,3,23,0
1983-03-24,1983,3,24,0
1983-03-25,1983,3,25,0
1983-03-26,1983,3,26,5.306715
1983-03-27,1983,3,27,2.1105723
1983-03-28,1983,3,28,0
1983-03-29,1983,3,29,3.9239547
1983-03-30,1983,3,30,1.1582088
1983-03-31,1983,3,31,0
1983-04-01,1983,4,1,8.5916346
1983-04-02,1983,4,2,9.0103578
1983-04-03,1983,4,3,0
1983-04-04,1983,4,4,0
1983-04-05,1983,4,5,0
1983-04-06,1983,4,6,0
1983-04-07,1983,4,7,0
1983-04-08,1983,4,8,0
1983-04-09,1983,4,9,0
1983-04-10,1983,4,10,10.493421
1983-04-11,1983,4,11,28.308931
1983-04-12,1983,4,12,10.624055
1983-04-13,1983,4,13,0
1983-04-14,1983,4,14,0
1983-04-15,1983,4,15,0
1983-04-16,1983,4,16,0.98702147
1983-04-17,1983,4,17,0.0018105994
1983-04-18,1983,4,18,0
1983-04-19,1983,4,19,0
1983-04-20,1983,4,20,0
1983-04-21,1983,4,21,0
1983-04-22,1983,4,22,0
1983-04-23,1983,4,23,30.492365
1983-04-24,1983,4,24,19.266766
1983-04-25,1983,4,25,8.7559912
1983-04-26,1983,4,26,32.981946
1983-04-27,1983,4,27,19.660236
1983-04-28,1983,4,28,12.572199
1983-04-29,1983,4,29,0
1983-04-30,1983,4,30,0
1983-05-01,1983,5,1,0
1983-05-02,1983,5,2,25.480816
1983-05-03,1983,5,3,22.528472
1983-05-04,1983,5,4,0
1983-05-05,1983,5,5,0
1983-05-06,1983,5,6,0.34757858
1983-05-07,1983,5,7,0
1983-05-08,1983,5,8,0
1983-05-09,1983,5,9,0
1983-05-10,1983,5,10,0
1983-05-11,1983,5,11,0
1983-05-12,1983,5,12,0
1983-05-13,1983,5,13,0
1983-05-14,1983,5,14,10.08276
1983-05-15,1983,5,15,26.397601
1983-05-16,1983,5,16,12.036969
1983-05-17,1983,5,17,1.9406328
1983-05-18,1983,5,18,10.304627
1983-05-19,1983,5,19,19.83436
1983-05-20,1983,5,20,0
1983-05-21,1983,5,21,0
1983-05-22,1983,5,22,0.11764488
1983-05-23,1983,5,23,0
1983-05-24,1983,5,24,16.052731
1983-05-25,1983,5,25,5.4441639
1983-05-26,1983,5,26,20.542479
1983-05-27,1983,5,27,13.192709
1983-05-28,1983,5,28,42.369382
1983-05-29,1983,5,29,0.079072691
1983-05-30,1983,5,30,0.11205191
1983-05-31,1983,5,31,0.086548038
1983-06-01,1983,6,1,0
1983-06-02,1983,6,2,0
1983-06-03,1983,6,3,0
1983-06-04,1983,6,4,0
1983-06-05,1983,6,5,0
1983-06-06,1983,6,6,6.1402225
1983-06-07,1983,6,7,1.4918737
1983-06-08,1983,6,8,0
1983-06-09,1983,6,9,0
1983-06-10,1983,6,10,0
1983-06-11,1983,6,11,0.039004413
1983-06-12,1983,6,12,0
1983-06-13,1983,6,13,9.958068
1983-06-14,1983,6,14,41.715361
1983-06-15,1983,6,15,51.488815
1983-06-16,1983,6,16,78.485475
1983-06-17,1983,6,17,34.907235
1983-06-18,1983,6,18,24.86737
1983-06-19,1983,6,19,16.949045
1983-06-20,1983,6,20,33.470513
1983-06-21,1983,6,21,9.3566465
1983-06-22,1983,6,22,3.7013989
1983-06-23,1983,6,23,0
1983-06-24,1983,6,24,0
1983-06-25,1983,6,25,7.9854849
1983-06-26,1983,6,26,10.101358
1983-06-27,1983,6,27,8.492937
1983-06-28,1983,6,28,0
1983-06-29,1983,6,29,0.00014712147
1983-06-30,1983,6,30,8.8303735
1983-07-01,1983,7,1,40.60122
1983-07-02,1983,7,2,10.967817
1983-07-03,1983,7,3,27.980114
1983-07-04,1983,7,4,33.646629
1983-07-05,1983,7,5,15.266409
1983-07-06,1983,7,6,11.630558
1983-07-07,1983,7,7,0
1983-07-08,1983,7,8,0
1983-07-09,1983,7,9,4.859933
1983-07-10,1983,7,10,23.57446
1983-07-11,1983,7,11,40.904314
1983-07-12,1983,7,12,30.656447
1983-07-13,1983,7,13,29.394566
1983-07-14,1983,7,14,5.4910457
1983-07-15,1983,7,15,0
1983-07-16,1983,7,16,0
1983-07-17,1983,7,17,0
1983-07-18,1983,7,18,2.5982611
1983-07-19,1983,7,19,3.4207131
1983-07-20,1983,7,20,1.7998188
1983-07-21,1983,7,21,0
1983-07-22,1983,7,22,0
1983-07-23,1983,7,23,0
1983-07-24,1983,7,24,0
1983-07-25,1983,7,25,0
1983-07-26,1983,7,26,0
1983-07-27,1983,7,27,19.638178
1983-07-28,1983,7,28,0
1983-07-29,1983,7,29,0
1983-07-30,1983,7,30,0
1983-07-31,1983,7,31,0
1983-08-01,1983,8,1,0
1983-08-02,1983,8,2,0
1983-08-03,1983,8,3,14.705717
1983-08-04,1983,8,4,53.648089
1983-08-05,1983,8,5,7.97513
1983-08-06,1983,8,6,0
1983-08-07,1983,8,7,0
1983-08-08,1983,8,8,0
1983-08-09,1983,8,9,11.021908
1983-08-10,1983,8,10,25.067808
1983-08-11,1983,8,11,7.5559437
1983-08-12,1983,8,12,12.4769
1983-08-13,1983,8,13,11.238738
1983-08-14,1983,8,14,0
1983-08-15,1983,8,15,0
1983-08-16,1983,8,16,0
1983-08-17,1983,8,17,0
1983-08-18,1983,8,18,0
1983-08-19,1983,8,19,0
1983-08-20,1983,8,20,0
1983-08-21,1983,8,21,0.2915303
1983-08-22,1983,8,22,21.770038
1983-08-23,1983,8,23,11.467827
1983-08-24,1983,8,24,18.458151
1983-08-25,1983,8,25,9.8580322
1983-08-26,1983,8,26,20.024232
1983-08-27,1983,8,27,0
1983-08-28,1983,8,28,0
1983-08-29,1983,8,29,0
1983-08-30,1983,8,30,0
1983-08-31,1983,8,31,0
1983-09-01,1983,9,1,10.69756
1983-09-02,1983,9,2,0
1983-09-03,1983,9,3,26.334861
1983-09-04,1983,9,4,31.911774
1983-09-05,1983,9,5,10.895229
1983-09-06,1983,9,6,0
1983-09-07,1983,9,7,0
1983-09-08,1983,9,8,0.61183799
1983-09-09,1983,9,9,0
1983-09-10,1983,9,10,0
1983-09-11,1983,9,11,0
1983-09-12,1983,9,12,0
1983-09-13,1983,9,13,0
1983-09-14,1983,9,14,4.1665675
1983-09-15,1983,9,15,5.2888077
1983-09-16,1983,9,16,6.696157
1983-09-17,1983,9,17,0
1983-09-18,1983,9,18,0
1983-09-19,1983,9,19,0
1983-09-20,1983,9,20,0
1983-09-21,1983,9,21,0
1983-09-22,1983,9,22,4.4112078
1983-09-23,1983,9,23,7.6926031
1983-09-24,1983,9,24,12.443145
1983-09-25,1983,9,25,26.338967
1983-09-26,1983,9,26,13.601059
1983-09-27,1983,9,27,3.9877384
1983-09-28,1983,9,28,0
1983-09-29,1983,9,29,0
1983-09-30,1983,9,30,0
1983-10-01,1983,10,1,0
1983-10-02,1983,10,2,0
1983-10-03,1983,10,3,0
1983-10-04,1983,10,4,0
1983-10-05,1983,10,5,0
1983-10-06,1983,10,6,0
1983-10-07,1983,10,7,13.244768
1983-10-08,1983,10,8,1.1239355
1983-10-09,1983,10,9,0
1983-10-10,1983,10,10,0
1983-10-11,1983,10,11,0
1983-10-12,1983,10,12,0
1983-10-13,1983,10,13,0
1983-10-14,1983,10,14,0
1983-10-15,1983,10,15,10.402909
1983-10-16,1983,10,16,6.4177502
1983-10-17,1983,10,17,4.8784526
1983-10-18,1983,10,18,16.96533
1983-10-19,1983,10,19,4.1405551
1983-10-20,1983,10,20,34.393978
1983-10-21,1983,10,21,26.167153
1983-10-22,1983,10,22,0
1983-10-23,1983,10,23,0
1983-10-24,1983,10,24,1.9588565
1983-10-25,1983,10,25,2.8273251
1983-10-26,1983,10,26,0
1983-10-27,1983,10,27,0
1983-10-28,1983,10,28,0
1983-10-29,1983,10,29,0
1983-10-30,1983,10,30,0
1983-10-31,1983,10,31,0
1983-11-01,1983,11,1,0
1983-11-02,1983,11,2,0
1983-11-03,1983,11,3,0
1983-11-04,1983,11,4,0
1983-11-05,1983,11,5,0
1983-11-06,1983,11,6,0
1983-11-07,1983,11,7,0
1983-11-08,1983,11,8,0
1983-11-09,1983,11,9,0
1983-11-10,1983,11,10,0
1983-11-11,1983,11,11,0
1983-11-12,1983,11,12,0
1983-11-13,1983,11,13,0
1983-11-14,1983,11,14,0
1983-11-15,1983,11,15,0
1983-11-16,1983,11,16,0
1983-11-17,1983,11,17,0
1983-11-18,1983,11,18,0
1983-11-19,1983,11,19,6.930446
1983-11-20,1983,11,20,0
1983-11-21,1983,11,21,0
1983-11-22,1983,11,22,0
1983-11-23,1983,11,23,0
1983-11-24,1983,11,24,0
1983-11-25,1983,11,25,0
1983-11-26,1983,11,26,0
1983-11-27,1983,11,27,0
1983-11-28,1983,11,28,0
1983-11-29,1983,11,29,0
1983-11-30,1983,11,30,0
1983-12-01,1983,12,1,0
1983-12-02,1983,12,2,0
1983-12-03,1983,12,3,0
1983-12-04,1983,12,4,0
1983-12-05,1983,12,5,0
1983-12-06,1983,12,6,0
1983-12-07,1983,12,7,0
1983-12-08,1983,12,8,0
1983-12-09,1983,12,9,0
1983-12-10,1983,12,10,8.0696567
1983-12-11,1983,12,11,0
1983-12-12,1983,12,12,0
1983-12-13,1983,12,13,0
1983-12-14,1983,12,14,0
1983-12-15,1983,12,15,0.0054661113
1983-12-16,1983,12,16,7.2866876
1983-12-17,1983,12,17,0
1983-12-18,1983,12,18,0
1983-12-19,1983,12,19,0
1983-12-20,1983,12,20,0
1983-12-21,1983,12,21,0
1983-12-22,1983,12,22,1.1981827
1983-12-23,1983,12,23,0
1983-12-24,1983,12,24,0
1983-12-25,1983,12,25,0
1983-12-26,1983,12,26,15.483156
1983-12-27,1983,12,27,0.15015003
1983-12-28,1983,12,28,0
1983-12-29,1983,12,29,5.0851077
1983-12-30,1983,12,30,0
1983-12-31,1983,12,31,0
1984-01-01,1984,1,1,0
1984-01-02,1984,1,2,0
1984-01-03,1984,1,3,0
1984-01-04,1984,1,4,0
1984-01-05,1984,1,5,0.060322973
1984-01-06,1984,1,6,16.424939
1984-01-07,1984,1,7,0
1984-01-08,1984,1,8,12.723195
1984-01-09,1984,1,9,0
1984-01-10,1984,1,10,0
1984-01-11,1984,1,11,0
1984-01-12,1984,1,12,0
1984-01-13,1984,1,13,0
1984-01-14,1984,1,14,0
1984-01-15,1984,1,15,0.19388968
1984-01-16,1984,1,16,0
1984-01-17,1984,1,17,0
1984-01-18,1984,1,18,0
1984-01-19,1984,1,19,0
1984-01-20,1984,1,20,4.7082639
1984-01-21,1984,1,21,0.29972377
1984-01-22,1984,1,22,0
1984-01-23,1984,1,23,0
1984-01-24,1984,1,24,0
1984-01-25,1984,1,25,0
1984-01-26,1984,1,26,0
1984-01-27,1984,1,27,9.2156136
1984-01-28,1984,1,28,0
1984-01-29,1984,1,29,3.1837434
1984-01-30,1984,1,30,1.3790911
1984-01-31,1984,1,31,0
1984-02-01,1984,2,1,0
1984-02-02,1984,2,2,0
1984-02-03,1984,2,3,11.419324
1984-02-04,1984,2,4,8.1716692
1984-02-05,1984,2,5,0
1984-02-06,1984,2,6,0
1984-02-07,1984,2,7,0
1984-02-08,1984,2,8,0
1984-02-09,1984,2,9,0
1984-02-10,1984,2,10,33.960892
1984-02-11,1984,2,11,0.30475948
1984-02-12,1984,2,12,0
1984-02-13,1984,2,13,0
1984-02-14,1984,2,14,0
1984-02-15,1984,2,15,0
1984-02-16,1984,2,16,0.0072781334
1984-02-17,1984,2,17,0
1984-02-18,1984,2,18,0
1984-02-19,1984,2,19,0
1984-02-20,1984,2,20,8.087941
1984-02-21,1984,2,21,0
1984-02-22,1984,2,22,0
1984-02-23,1984,2,23,0
1984-02-24,1984,2,24,27.824276
1984-02-25,1984,2,25,12.151037
1984-02-26,1984,2,26,0
1984-02-27,1984,2,27,1.1397252
1984-02-28,1984,2,28,0
1984-02-29,1984,2,29,0
1984-03-01,1984,3,1,0
1984-03-02,1984,3,2,0
1984-03-03,1984,3,3,0
1984-03-04,1984,3,4,0
1984-03-05,1984,3,5,0
1984-03-06,1984,3,6,0
1984-03-07,1984,3,7,0
1984-03-08,1984,3,8,0
1984-03-09,1984,3,9,0
1984-03-10,1984,3,10,0
1984-03-11,1984,3,11,0
1984-03-12,1984,3,12,0
1984-03-13,1984,3,13,0.0048142424
1984-03-14,1984,3,14,10.562225
1984-03-15,1984,3,15,0
1984-03-16,1984,3,16,0
1984-03-17,1984,3,17,0
1984-03-18,1984,3,18,0
1984-03-19,1984,3,19,0
1984-03-20,1984,3,20,0
1984-03-21,1984,3,21,0
1984-03-22,1984,3,22,21.136272
1984-03-23,1984,3,23,12.521261
1984-03-24,1984,3,24,15.843845
1984-03-25,1984,3,25,0
1984-03-26,1984,3,26,0
1984-03-27,1984,3,27,0
1984-03-28,1984,3,28,0.0070245444
1984-03-29,1984,3,29,0
1984-03-30,1984,3,30,1.3661275
1984-03-31,1984,3,31,5.4224371
1984-04-01,1984,4,1,3.5066818
1984-04-02,1984,4,2,0
1984-04-03,1984,4,3,0
1984-04-04,1984,4,4,8.5467789
1984-04-05,1984,4,5,0
1984-04-06,1984,4,6,0
1984-04-07,1984,4,7,0
1984-04-08,1984,4,8,0
1984-04-09,1984,4,9,0
1984-04-10,1984,4,10,0
1984-04-11,1984,4,11,0
1984-04-12,1984,4,12,0
1984-04-13,1984,4,13,0
1984-04-14,1984,4,14,20.914635
1984-04-15,1984,4,15,4.3189114
1984-04-16,1984,4,16,0
1984-04-17,1984,4,17,0
1984-04-18,1984,4,18,0
1984-04-19,1984,4,19,0
1984-04-20,1984,4,20,0
1984-04-21,1984,4,21,0
1984-04-22,1984,4,22,3.2251973
1984-04-23,1984,4,23,0
1984-04-24,1984,4,24,0
1984-04-25,1984,4,25,0
1984-04-26,1984,4,26,0
1984-04-27,1984,4,27,6.8711003
1984-04-28,1984,4,28,0
1984-04-29,1984,4,29,0
1984-04-30,1984,4,30,18.962706
1984-05-01,1984,5,1,103.69433
1984-05-02,1984,5,2,77.086557
1984-05-03,1984,5,3,9.1217319
1984-05-04,1984,5,4,34.005691
1984-05-05,1984,5,5,0
1984-05-06,1984,5,6,5.7228795
1984-05-07,1984,5,7,0.23731266
1984-05-08,1984,5,8,3.4845547
1984-05-09,1984,5,9,0
1984-05-10,1984,5,10,3.4725516
1984-05-11,1984,5,11,0
1984-05-12,1984,5,12,0
1984-05-13,1984,5,13,10.245741
1984-05-14,1984,5,14,0
1984-05-15,1984,5,15,5.0647989
1984-05-16,1984,5,16,41.496797
1984-05-17,1984,5,17,34.701096
1984-05-18,1984,5,18,22.36093
1984-05-19,1984,5,19,35.63693
1984-05-20,1984,5,20,46.012533
1984-05-21,1984,5,21,20.477364
1984-05-22,1984,5,22,33.461414
1984-05-23,1984,5,23,44.132401
1984-05-24,1984,5,24,71.97547
1984-05-25,1984,5,25,46.804747
1984-05-26,1984,5,26,25.850435
1984-05-27,1984,5,27,3.8515784
1984-05-28,1984,5,28,5.9373002
1984-05-29,1984,5,29,0
1984-05-30,1984,5,30,20.160707
1984-05-31,1984,5,31,17.575943
1984-06-01,1984,6,1,5.7504786
1984-06-02,1984,6,2,2.7072989
1984-06-03,1984,6,3,0
1984-06-04,1984,6,4,0
1984-06-05,1984,6,5,0
1984-06-06,1984,6,6,0
1984-06-07,1984,6,7,1.0774153
1984-06-08,1984,6,8,17.118151
1984-06-09,1984,6,9,71.77261
1984-06-10,1984,6,10,25.057693
1984-06-11,1984,6,11,14.453316
1984-06-12,1984,6,12,5.1866317
1984-06-13,1984,6,13,0
1984-06-14,1984,6,14,13.480909
1984-06-15,1984,6,15,19.441332
1984-06-16,1984,6,16,0
1984-06-17,1984,6,17,0
1984-06-18,1984,6,18,10.669556
1984-06-19,1984,6,19,18.405251
1984-06-20,1984,6,20,0
1984-06-21,1984,6,21,0
1984-06-22,1984,6,22,0
1984-06-23,1984,6,23,0.40183262
1984-06-24,1984,6,24,0.24430697
1984-06-25,1984,6,25,0
1984-06-26,1984,6,26,22.602907
1984-06-27,1984,6,27,25.605104
1984-06-28,1984,6,28,12.243397
1984-06-29,1984,6,29,34.441057
1984-06-30,1984,6,30,84.753413
1984-07-01,1984,7,1,24.95166
1984-07-02,1984,7,2,29.445814
1984-07-03,1984,7,3,30.011488
1984-07-04,1984,7,4,18.693084
1984-07-05,1984,7,5,22.502165
1984-07-06,1984,7,6,17.671723
1984-07-07,1984,7,7,18.858255
1984-07-08,1984,7,8,1.8344563
1984-07-09,1984,7,9,10.829508
1984-07-10,1984,7,10,13.780197
1984-07-11,1984,7,11,7.0737281
1984-07-12,1984,7,12,0
1984-07-13,1984,7,13,0
1984-07-14,1984,7,14,28.346785
1984-07-15,1984,7,15,58.519274
1984-07-16,1984,7,16,56.884794
1984-07-17,1984,7,17,31.186433
1984-07-18,1984,7,18,4.5782732
1984-07-19,1984,7,19,0
1984-07-20,1984,7,20,0
1984-07-21,1984,7,21,0
1984-07-22,1984,7,22,0.075998211
1984-07-23,1984,7,23,5.8756025
1984-07-24,1984,7,24,0
1984-07-25,1984,7,25,0
1984-07-26,1984,7,26,0
1984-07-27,1984,7,27,0
1984-07-28,1984,7,28,0
1984-07-29,1984,7,29,0
1984-07-30,1984,7,30,21.01958
1984-07-31,1984,7,31,1.4826364
1984-08-01,1984,8,1,0
1984-08-02,1984,8,2,0
1984-08-03,1984,8,3,19.040473
1984-08-04,1984,8,4,22.075012
1984-08-05,1984,8,5,21.055273
1984-08-06,1984,8,6,2.8339937
1984-08-07,1984,8,7,0
1984-08-08,1984,8,8,3.6744636
1984-08-09,1984,8,9,2.2557997
1984-08-10,1984,8,10,5.2825701
1984-08-11,1984,8,11,7.1629391
1984-08-12,1984,8,12,0
1984-08-13,1984,8,13,0
1984-08-14,1984,8,14,0
1984-08-15,1984,8,15,0
1984-08-16,1984,8,16,0
1984-08-17,1984,8,17,0
1984-08-18,1984,8,18,8.1975344
1984-08-19,1984,8,19,17.12589
1984-08-20,1984,8,20,0.051075963
1984-08-21,1984,8,21,19.407661
1984-08-22,1984,8,22,10.728918
1984-08-23,1984,8,23,4.0504934
1984-08-24,1984,8,24,0
1984-08-25,1984,8,25,0
1984-08-26,1984,8,26,0
1984-08-27,1984,8,27,0
1984-08-28,1984,8,28,0
1984-08-29,1984,8,29,0
1984-08-30,1984,8,30,0
1984-08-31,1984,8,31,0
1984-09-01,1984,9,1,0
1984-09-02,1984,9,2,0
1984-09-03,1984,9,3,0
1984-09-04,1984,9,4,0.13856571
1984-09-05,1984,9,5,5.8274729
1984-09-06,1984,9,6,0
1984-09-07,1984,9,7,0
1984-09-08,1984,9,8,6.0496248
1984-09-09,1984,9,9,8.7365616
1984-09-10,1984,9,10,0
1984-09-11,1984,9,11,0.11901611
1984-09-12,1984,9,12,5.3655881
1984-09-13,1984,9,13,27.03644
1984-09-14,1984,9,14,22.244879
1984-09-15,1984,9,15,0.00011565769
1984-09-16,1984,9,16,7.2982668
1984-09-17,1984,9,17,24.673537
1984-09-18,1984,9,18,28.4248
1984-09-19,1984,9,19,17.41928
1984-09-20,1984,9,20,4.4668793
1984-09-21,1984,9,21,0
1984-09-22,1984,9,22,7.0888016
1984-09-23,1984,9,23,2.9485685
1984-09-24,1984,9,24,0
1984-09-25,1984,9,25,0
1984-09-26,1984,9,26,0
1984-09-27,1984,9,27,0
1984-09-28,1984,9,28,0
1984-09-29,1984,9,29,17.510701
1984-09-30,1984,9,30,11.485498
1984-10-01,1984,10,1,0
1984-10-02,1984,10,2,0.015281279
1984-10-03,1984,10,3,0
1984-10-04,1984,10,4,4.7990771
1984-10-05,1984,10,5,0
1984-10-06,1984,10,6,0
1984-10-07,1984,10,7,0
1984-10-08,1984,10,8,1.2898039
1984-10-09,1984,10,9,24.404011
1984-10-10,1984,10,10,7.6951566
1984-10-11,1984,10,11,8.5908499
1984-10-12,1984,10,12,0
1984-10-13,1984,10,13,0
1984-10-14,1984,10,14,0.12739774
1984-10-15,1984,10,15,17.674924
1984-10-16,1984,10,16,9.6024709
1984-10-17,1984,10,17,0
1984-10-18,1984,10,18,14.907577
1984-10-19,1984,10,19,36.721024
1984-10-20,1984,10,20,1.3161112
1984-10-21,1984,10,21,0
1984-10-22,1984,10,22,21.780167
1984-10-23,1984,10,23,11.134551
1984-10-24,1984,10,24,52.09906
1984-10-25,1984,10,25,7.1357793
1984-10-26,1984,10,26,9.5012274
1984-10-27,1984,10,27,38.476851
1984-10-28,1984,10,28,43.751784
1984-10-29,1984,10,29,9.3164245
1984-10-30,1984,10,30,0
1984-10-31,1984,10,31,10.787499
1984-11-01,1984,11,1,15.265893
1984-11-02,1984,11,2,6.8225945
1984-11-03,1984,11,3,0.0016013799
1984-11-04,1984,11,4,7.192005
1984-11-05,1984,11,5,2.4637421
1984-11-06,1984,11,6,4.909076
1984-11-07,1984,11,7,9.9998104
1984-11-08,1984,11,8,0.0070646102
1984-11-09,1984,11,9,0.33264179
1984-11-10,1984,11,10,5.3610992
1984-11-11,1984,11,11,1.0599405
1984-11-12,1984,11,12,0
1984-11-13,1984,11,13,0
1984-11-14,1984,11,14,1.4123695
1984-11-15,1984,11,15,0
1984-11-16,1984,11,16,0
1984-11-17,1984,11,17,0
1984-11-18,1984,11,18,0
1984-11-19,1984,11,19,0
1984-11-20,1984,11,20,0.088498804
1984-11-21,1984,11,21,2.9374867
1984-11-22,1984,11,22,0.0076682013
1984-11-23,1984,11,23,0
1984-11-24,1984,11,24,0
1984-11-25,1984,11,25,0
1984-11-26,1984,11,26,0
1984-11-27,1984,11,27,0
1984-11-28,1984,11,28,1.5748452
1984-11-29,1984,11,29,4.7381009
1984-11-30,1984,11,30,6.8371118
1984-12-01,1984,12,1,0.015475665
1984-12-02,1984,12,2,3.5584178
1984-12-03,1984,12,3,0.88852649
1984-12-04,1984,12,4,0
1984-12-05,1984,12,5,0
1984-12-06,1984,12,6,0
1984-12-07,1984,12,7,0
1984-12-08,1984,12,8,0
1984-12-09,1984,12,9,1.2268426
1984-12-10,1984,12,10,8.0951874
1984-12-11,1984,12,11,13.657987
1984-12-12,1984,12,12,0
1984-12-13,1984,12,13,0
1984-12-14,1984,12,14,0
1984-12-15,1984,12,15,0
1984-12-16,1984,12,16,0
1984-12-17,1984,12,17,0
1984-12-18,1984,12,18,0.052197291
1984-12-19,1984,12,19,6.5685823
1984-12-20,1984,12,20,0
1984-12-21,1984,12,21,0
1984-12-22,1984,12,22,0
1984-12-23,1984,12,23,0
1984-12-24,1984,12,24,0
1984-12-25,1984,12,25,1.5741335
1984-12-26,1984,12,26,0
1984-12-27,1984,12,27,0
1984-12-28,1984,12,28,0
1984-12-29,1984,12,29,0
1984-12-30,1984,12,30,3.3666111
1984-12-31,1984,12,31,0
1985-01-01,1985,1,1,0
1985-01-02,1985,1,2,0
1985-01-03,1985,1,3,31.460281
1985-01-04,1985,1,4,5.8248908e-05
1985-01-05,1985,1,5,0
1985-01-06,1985,1,6,0
1985-01-07,1985,1,7,0
1985-01-08,1985,1,8,0
1985-01-09,1985,1,9,0
1985-01-10,1985,1,10,0
1985-01-11,1985,1,11,0
1985-01-12,1985,1,12,0
1985-01-13,1985,1,13,4.1076464
1985-01-14,1985,1,14,16.589142
1985-01-15,1985,1,15,0
1985-01-16,1985,1,16,0
1985-01-17,1985,1,17,0
1985-01-18,1985,1,18,16.10338
1985-01-19,1985,1,19,9.3239555
1985-01-20,1985,1,20,0
1985-01-21,1985,1,21,0
1985-01-22,1985,1,22,0
1985-01-23,1985,1,23,2.201463
1985-01-24,1985,1,24,24.242108
1985-01-25,1985,1,25,0
1985-01-26,1985,1,26,0
1985-01-27,1985,1,27,0
1985-01-28,1985,1,28,0
1985-01-29,1985,1,29,0
1985-01-30,1985,1,30,0.029829144
1985-01-31,1985,1,31,0.30848811
1985-02-01,1985,2,1,0.46763189
1985-02-02,1985,2,2,0
1985-02-03,1985,2,3,0
1985-02-04,1985,2,4,0
1985-02-05,1985,2,5,0.98988461
1985-02-06,1985,2,6,0
1985-02-07,1985,2,7,0.31360701
1985-02-08,1985,2,8,0
1985-02-09,1985,2,9,0
1985-02-10,1985,2,10,0
1985-02-11,1985,2,11,0
1985-02-12,1985,2,12,0
1985-02-13,1985,2,13,0
1985-02-14,1985,2,14,11.970577
1985-02-15,1985,2,15,0
1985-02-16,1985,2,16,0
1985-02-17,1985,2,17,0
1985-02-18,1985,2,18,0
1985-02-19,1985,2,19,0
1985-02-20,1985,2,20,0
1985-02-21,1985,2,21,0
1985-02-22,1985,2,22,5.4636255
1985-02-23,1985,2,23,0
1985-02-24,1985,2,24,0.95390327
1985-02-25,1985,2,25,4.2415194
1985-02-26,1985,2,26,0
1985-02-27,1985,2,27,0
1985-02-28,1985,2,28,0
1985-03-01,1985,3,1,0
1985-03-02,1985,3,2,0
1985-03-03,1985,3,3,0
1985-03-04,1985,3,4,0
1985-03-05,1985,3,5,0
1985-03-06,1985,3,6,0
1985-03-07,1985,3,7,0
1985-03-08,1985,3,8,0
1985-03-09,1985,3,9,0
1985-03-10,1985,3,10,0
1985-03-11,1985,3,11,0
1985-03-12,1985,3,12,0
1985-03-13,1985,3,13,0
1985-03-14,1985,3,14,0.58235322
1985-03-15,1985,3,15,1.2244544
1985-03-16,1985,3,16,8.3659829
1985-03-17,1985,3,17,0
1985-03-18,1985,3,18,0
1985-03-19,1985,3,19,0
1985-03-20,1985,3,20,2.582235
1985-03-21,1985,3,21,14.384238
1985-03-22,1985,3,22,22.133896
1985-03-23,1985,3,23,16.835145
1985-03-24,1985,3,24,1.2590818
1985-03-25,1985,3,25,34.068922
1985-03-26,1985,3,26,6.1723919
1985-03-27,1985,3,27,0
1985-03-28,1985,3,28,0
1985-03-29,1985,3,29,0
1985-03-30,1985,3,30,0
1985-03-31,1985,3,31,0.0074648248
1985-04-01,1985,4,1,35.306233
1985-04-02,1985,4,2,14.185328
1985-04-03,1985,4,3,0
1985-04-04,1985,4,4,0.76210764
1985-04-05,1985,4,5,34.046647
1985-04-06,1985,4,6,6.6267134
1985-04-07,1985,4,7,16.113262
1985-04-08,1985,4,8,12.191731
1985-04-09,1985,4,9,1.9769118
1985-04-10,1985,4,10,0
1985-04-11,1985,4,11,0
1985-04-12,1985,4,12,0
1985-04-13,1985,4,13,0
1985-04-14,1985,4,14,24.61536
1985-04-15,1985,4,15,45.942655
1985-04-16,1985,4,16,8.7235259
1985-04-17,1985,4,17,0
1985-04-18,1985,4,18,0
1985-04-19,1985,4,19,5.2775303
1985-04-20,1985,4,20,0
1985-04-21,1985,4,21,0
1985-04-22,1985,4,22,0
1985-04-23,1985,4,23,0
1985-04-24,1985,4,24,0
1985-04-25,1985,4,25,13.895433
1985-04-26,1985,4,26,14.189217
1985-04-27,1985,4,27,2.1862538
1985-04-28,1985,4,28,5.837116
1985-04-29,1985,4,29,0
1985-04-30,1985,4,30,0
1985-05-01,1985,5,1,0
1985-05-02,1985,5,2,0
1985-05-03,1985,5,3,0
1985-05-04,1985,5,4,0
1985-05-05,1985,5,5,0
1985-05-06,1985,5,6,0
1985-05-07,1985,5,7,0
1985-05-08,1985,5,8,2.0024719
1985-05-09,1985,5,9,0.00013088136
1985-05-10,1985,5,10,0
1985-05-11,1985,5,11,0.53831323
1985-05-12,1985,5,12,14.934989
1985-05-13,1985,5,13,29.841002
1985-05-14,1985,5,14,0
1985-05-15,1985,5,15,36.153335
1985-05-16,1985,5,16,6.455385
1985-05-17,1985,5,17,24.023545
1985-05-18,1985,5,18,1.0978982
1985-05-19,1985,5,19,46.663042
1985-05-20,1985,5,20,19.289968
1985-05-21,1985,5,21,17.833896
1985-05-22,1985,5,22,17.385264
1985-05-23,1985,5,23,74.918769
1985-05-24,1985,5,24,38.697893
1985-05-25,1985,5,25,31.241445
1985-05-26,1985,5,26,28.736525
1985-05-27,1985,5,27,30.901201
1985-05-28,1985,5,28,2.22789
1985-05-29,1985,5,29,1.4309855
1985-05-30,1985,5,30,35.2739
1985-05-31,1985,5,31,3.7807753
1985-06-01,1985,6,1,2.0636712
1985-06-02,1985,6,2,6.8213657
1985-06-03,1985,6,3,4.1260558
1985-06-04,1985,6,4,0
1985-06-05,1985,6,5,0
1985-06-06,1985,6,6,0
1985-06-07,1985,6,7,0
1985-06-08,1985,6,8,0
1985-06-09,1985,6,9,0
1985-06-10,1985,6,10,9.7938193
1985-06-11,1985,6,11,3.7198867
1985-06-12,1985,6,12,18.181615
1985-06-13,1985,6,13,24.100922
1985-06-14,1985,6,14,5.4650342
1985-06-15,1985,6,15,8.1711373
1985-06-16,1985,6,16,7.9037349
1985-06-17,1985,6,17,19.849273
1985-06-18,1985,6,18,26.399862
1985-06-19,1985,6,19,9.0080249
1985-06-20,1985,6,20,8.7112733
1985-06-21,1985,6,21,5.4507789
1985-06-22,1985,6,22,15.386126
1985-06-23,1985,6,23,1.1801294
1985-06-24,1985,6,24,0
1985-06-25,1985,6,25,0
1985-06-26,1985,6,26,0
1985-06-27,1985,6,27,19.295442
1985-06-28,1985,6,28,21.704837
1985-06-29,1985,6,29,26.363259
1985-06-30,1985,6,30,13.642135
1985-07-01,1985,7,1,66.167515
1985-07-02,1985,7,2,54.583467
1985-07-03,1985,7,3,17.129758
1985-07-04,1985,7,4,0
1985-07-05,1985,7,5,0
1985-07-06,1985,7,6,2.1293642
1985-07-07,1985,7,7,43.086518
1985-07-08,1985,7,8,3.1632367
1985-07-09,1985,7,9,0
1985-07-10,1985,7,10,0
1985-07-11,1985,7,11,0
1985-07-12,1985,7,12,0
1985-07-13,1985,7,13,0
1985-07-14,1985,7,14,0
1985-07-15,1985,7,15,0.091366246
1985-07-16,1985,7,16,10.93612
1985-07-17,1985,7,17,8.5716939
1985-07-18,1985,7,18,0
1985-07-19,1985,7,19,0
1985-07-20,1985,7,20,0
1985-07-21,1985,7,21,0
1985-07-22,1985,7,22,13.374257
1985-07-23,1985,7,23,4.2323489
1985-07-24,1985,7,24,0
1985-07-25,1985,7,25,0
1985-07-26,1985,7,26,0
1985-07-27,1985,7,27,0
1985-07-28,1985,7,28,7.123741
1985-07-29,1985,7,29,2.4892875
1985-07-30,1985,7,30,1.2024705
1985-07-31,1985,7,31,0.1408345
1985-08-01,1985,8,1,4.0518796
1985-08-02,1985,8,2,0.26495479
1985-08-03,1985,8,3,39.781473
1985-08-04,1985,8,4,4.7573744
1985-08-05,1985,8,5,0
1985-08-06,1985,8,6,0.64725144
1985-08-07,1985,8,7,0
1985-08-08,1985,8,8,0
1985-08-09,1985,8,9,0
1985-08-10,1985,8,10,0
1985-08-11,1985,8,11,0
1985-08-12,1985,8,12,12.577777
1985-08-13,1985,8,13,36.080367
1985-08-14,1985,8,14,10.545576
1985-08-15,1985,8,15,18.543635
1985-08-16,1985,8,16,0
1985-08-17,1985,8,17,0
1985-08-18,1985,8,18,0
1985-08-19,1985,8,19,0
1985-08-20,1985,8,20,0
1985-08-21,1985,8,21,0
1985-08-22,1985,8,22,0
1985-08-23,1985,8,23,0
1985-08-24,1985,8,24,0.18517427
1985-08-25,1985,8,25,0
1985-08-26,1985,8,26,1.5667373
1985-08-27,1985,8,27,17.217786
1985-08-28,1985,8,28,4.5935055
1985-08-29,1985,8,29,10.437439
1985-08-30,1985,8,30,4.0932797
1985-08-31,1985,8,31,0
1985-09-01,1985,9,1,0
1985-09-02,1985,9,2,0
1985-09-03,1985,9,3,0
1985-09-04,1985,9,4,0
1985-09-05,1985,9,5,0
1985-09-06,1985,9,6,0
1985-09-07,1985,9,7,17.508877
1985-09-08,1985,9,8,10.020796
1985-09-09,1985,9,9,10.681662
1985-09-10,1985,9,10,50.624967
1985-09-11,1985,9,11,20.340743
1985-09-12,1985,9,12,0
1985-09-13,1985,9,13,0
1985-09-14,1985,9,14,0
1985-09-15,1985,9,15,0
1985-09-16,1985,9,16,0
1985-09-17,1985,9,17,0
1985-09-18,1985,9,18,1.0555329
1985-09-19,1985,9,19,29.302803
1985-09-20,1985,9,20,8.5378581
1985-09-21,1985,9,21,0
1985-09-22,1985,9,22,0
1985-09-23,1985,9,23,0
1985-09-24,1985,9,24,18.449131
1985-09-25,1985,9,25,4.116527
1985-09-26,1985,9,26,0
1985-09-27,1985,9,27,0
1985-09-28,1985,9,28,0
1985-09-29,1985,9,29,0
1985-09-30,1985,9,30,7.8013737
1985-10-01,1985,10,1,8.7336152
1985-10-02,1985,10,2,1.0415614
1985-10-03,1985,10,3,0
1985-10-04,1985,10,4,0
1985-10-05,1985,10,5,0
1985-10-06,1985,10,6,0
1985-10-07,1985,10,7,0
1985-10-08,1985,10,8,14.968396
1985-10-09,1985,10,9,0.91377232
1985-10-10,1985,10,10,0
1985-10-11,1985,10,11,0
1985-10-12,1985,10,12,12.831259
1985-10-13,1985,10,13,9.8600923
1985-10-14,1985,10,14,0
1985-10-15,1985,10,15,0
1985-10-16,1985,10,16,0
1985-10-17,1985,10,17,5.4472768
1985-10-18,1985,10,18,15.625817
1985-10-19,1985,10,19,3.788188
1985-10-20,1985,10,20,12.570605
1985-10-21,1985,10,21,4.699586
1985-10-22,1985,10,22,0
1985-10-23,1985,10,23,0
1985-10-24,1985,10,24,0
1985-10-25,1985,10,25,0
1985-10-26,1985,10,26,48.903557
1985-10-27,1985,10,27,23.220475
1985-10-28,1985,10,28,9.647762
1985-10-29,1985,10,29,5.5900126
1985-10-30,1985,10,30,4.0172505
1985-10-31,1985,10,31,0
1985-11-01,1985,11,1,0
1985-11-02,1985,11,2,1.9231582
1985-11-03,1985,11,3,21.189398
1985-11-04,1985,11,4,0.10884173
1985-11-05,1985,11,5,0
1985-11-06,1985,11,6,0
1985-11-07,1985,11,7,6.4860144
1985-11-08,1985,11,8,33.160495
1985-11-09,1985,11,9,28.479987
1985-11-10,1985,11,10,3.3640422
1985-11-11,1985,11,11,0
1985-11-12,1985,11,12,0
1985-11-13,1985,11,13,0
1985-11-14,1985,11,14,0
1985-11-15,1985,11,15,6.0630991
1985-11-16,1985,11,16,0
1985-11-17,1985,11,17,0
1985-11-18,1985,11,18,0.10288572
1985-11-19,1985,11,19,0.64512394
1985-11-20,1985,11,20,0
1985-11-21,1985,11,21,0
1985-11-22,1985,11,22,0.3919357
1985-11-23,1985,11,23,0.0026364868
1985-11-24,1985,11,24,0.019246849
1985-11-25,1985,11,25,0
1985-11-26,1985,11,26,0
1985-11-27,1985,11,27,0
1985-11-28,1985,11,28,0
1985-11-29,1985,11,29,0
1985-11-30,1985,11,30,2.2571223
1985-12-01,1985,12,1,0
1985-12-02,1985,12,2,0
1985-12-03,1985,12,3,0
1985-12-04,1985,12,4,0
1985-12-05,1985,12,5,0
1985-12-06,1985,12,6,1.4922383
1985-12-07,1985,12,7,3.8648383
1985-12-08,1985,12,8,0.798679
1985-12-09,1985,12,9,0
1985-12-10,1985,12,10,0
1985-12-11,1985,12,11,0
1985-12-12,1985,12,12,0
1985-12-13,1985,12,13,0
1985-12-14,1985,12,14,0
1985-12-15,1985,12,15,0
1985-12-16,1985,12,16,0
1985-12-17,1985,12,17,4.7962821
1985-12-18,1985,12,18,0
1985-12-19,1985,12,19,0
1985-12-20,1985,12,20,0
1985-12-21,1985,12,21,0
1985-12-22,1985,12,22,0
1985-12-23,1985,12,23,0
1985-12-24,1985,12,24,0
1985-12-25,1985,12,25,0
1985-12-26,1985,12,26,0
1985-12-27,1985,12,27,0
1985-12-28,1985,12,28,2.8431057
1985-12-29,1985,12,29,2.3241388
1985-12-30,1985,12,30,0
1985-12-31,1985,12,31,0
1986-01-01,1986,1,1,0
1986-01-02,1986,1,2,0
1986-01-03,1986,1,3,0
1986-01-04,1986,1,4,0
1986-01-05,1986,1,5,0
1986-01-06,1986,1,6,0
1986-01-07,1986,1,7,0
1986-01-08,1986,1,8,0
1986-01-09,1986,1,9,0
1986-01-10,1986,1,10,1.8713411
1986-01-11,1986,1,11,10.739307
1986-01-12,1986,1,12,0
1986-01-13,1986,1,13,0
1986-01-14,1986,1,14,5.7997498
1986-01-15,1986,1,15,1.8201128
1986-01-16,1986,1,16,12.517885
1986-01-17,1986,1,17,1.3839796
1986-01-18,1986,1,18,0
1986-01-19,1986,1,19,0
1986-01-20,1986,1,20,0
1986-01-21,1986,1,21,0
1986-01-22,1986,1,22,0
1986-01-23,1986,1,23,0
1986-01-24,1986,1,24,0
1986-01-25,1986,1,25,1.7205815e-05
1986-01-26,1986,1,26,0
1986-01-27,1986,1,27,0
1986-01-28,1986,1,28,0.09952138
1986-01-29,1986,1,29,11.14468
1986-01-30,1986,1,30,0.42854709
1986-01-31,1986,1,31,0
1986-02-01,1986,2,1,0
1986-02-02,1986,2,2,0
1986-02-03,1986,2,3,0
1986-02-04,1986,2,4,0
1986-02-05,1986,2,5,0
1986-02-06,1986,2,6,0
1986-02-07,1986,2,7,0
1986-02-08,1986,2,8,0
1986-02-09,1986,2,9,0
1986-02-10,1986,2,10,0
1986-02-11,1986,2,11,2.02614
1986-02-12,1986,2,12,42.735203
1986-02-13,1986,2,13,16.00675
1986-02-14,1986,2,14,23.409322
1986-02-15,1986,2,15,0
1986-02-16,1986,2,16,0
1986-02-17,1986,2,17,0
1986-02-18,1986,2,18,0
1986-02-19,1986,2,19,0
1986-02-20,1986,2,20,0
1986-02-21,1986,2,21,0
1986-02-22,1986,2,22,0
1986-02-23,1986,2,23,0.15374367
1986-02-24,1986,2,24,1.3842386
1986-02-25,1986,2,25,22.544634
1986-02-26,1986,2,26,1.4772617
1986-02-27,1986,2,27,1.4355852
1986-02-28,1986,2,28,0
1986-03-01,1986,3,1,2.3991237
1986-03-02,1986,3,2,0
1986-03-03,1986,3,3,0
1986-03-04,1986,3,4,0
1986-03-05,1986,3,5,0
1986-03-06,1986,3,6,0.060008173
1986-03-07,1986,3,7,0
1986-03-08,1986,3,8,0.025363177
1986-03-09,1986,3,9,33.974842
1986-03-10,1986,3,10,3.8169224
1986-03-11,1986,3,11,0
1986-03-12,1986,3,12,18.527835
1986-03-13,1986,3,13,4.8137637
1986-03-14,1986,3,14,0
1986-03-15,1986,3,15,8.4958582
1986-03-16,1986,3,16,32.792821
1986-03-17,1986,3,17,5.0119567
1986-03-18,1986,3,18,0
1986-03-19,1986,3,19,0
1986-03-20,1986,3,20,0
1986-03-21,1986,3,21,0
1986-03-22,1986,3,22,0
1986-03-23,1986,3,23,0
1986-03-24,1986,3,24,0
1986-03-25,1986,3,25,0
1986-03-26,1986,3,26,0
1986-03-27,1986,3,27,0
1986-03-28,1986,3,28,0
1986-03-29,1986,3,29,0
1986-03-30,1986,3,30,0
1986-03-31,1986,3,31,3.0718794
1986-04-01,1986,4,1,27.667233
1986-04-02,1986,4,2,10.851098
1986-04-03,1986,4,3,14.106402
1986-04-04,1986,4,4,6.0191718
1986-04-05,1986,4,5,0.019722792
1986-04-06,1986,4,6,0
1986-04-07,1986,4,7,0
1986-04-08,1986,4,8,12.464412
1986-04-09,1986,4,9,23.341874
1986-04-10,1986,4,10,0.090786393
1986-04-11,1986,4,11,0
1986-04-12,1986,4,12,8.9380554
1986-04-13,1986,4,13,0
1986-04-14,1986,4,14,0
1986-04-15,1986,4,15,0
1986-04-16,1986,4,16,18.208133
1986-04-17,1986,4,17,9.5795852
1986-04-18,1986,4,18,0.080732388
1986-04-19,1986,4,19,25.705132
1986-04-20,1986,4,20,43.988757
1986-04-21,1986,4,21,12.071727
1986-04-22,1986,4,22,1.500828
1986-04-23,1986,4,23,3.1157958
1986-04-24,1986,4,24,0
1986-04-25,1986,4,25,0
1986-04-26,1986,4,26,0
1986-04-27,1986,4,27,0
1986-04-28,1986,4,28,2.9501178
1986-04-29,1986,4,29,0.33904011
1986-04-30,1986,4,30,13.097485
1986-05-01,1986,5,1,0
1986-05-02,1986,5,2,0
1986-05-03,1986,5,3,0
1986-05-04,1986,5,4,0
1986-05-05,1986,5,5,0
1986-05-06,1986,5,6,6.7756163
1986-05-07,1986,5,7,57.582777
1986-05-08,1986,5,8,19.948984
1986-05-09,1986,5,9,0
1986-05-10,1986,5,10,0.13536475
1986-05-11,1986,5,11,3.9032726
1986-05-12,1986,5,12,0
1986-05-13,1986,5,13,11.055011
1986-05-14,1986,5,14,34.085412
1986-05-15,1986,5,15,27.283939
1986-05-16,1986,5,16,9.1127744
1986-05-17,1986,5,17,40.222054
1986-05-18,1986,5,18,28.452131
1986-05-19,1986,5,19,26.168207
1986-05-20,1986,5,20,29.285436
1986-05-21,1986,5,21,16.167966
1986-05-22,1986,5,22,19.845766
1986-05-23,1986,5,23,14.063984
1986-05-24,1986,5,24,5.087467
1986-05-25,1986,5,25,23.565994
1986-05-26,1986,5,26,58.800963
1986-05-27,1986,5,27,29.529547
1986-05-28,1986,5,28,14.080406
1986-05-29,1986,5,29,0
1986-05-30,1986,5,30,10.136111
1986-05-31,1986,5,31,0.49491445
1986-06-01,1986,6,1,0
1986-06-02,1986,6,2,30.083737
1986-06-03,1986,6,3,15.345268
1986-06-04,1986,6,4,1.5132796
1986-06-05,1986,6,5,0
1986-06-06,1986,6,6,25.926756
1986-06-07,1986,6,7,22.199074
1986-06-08,1986,6,8,10.928153
1986-06-09,1986,6,9,12.571703
1986-06-10,1986,6,10,0
1986-06-11,1986,6,11,38.264222
1986-06-12,1986,6,12,53.225903
1986-06-13,1986,6,13,12.029681
1986-06-14,1986,6,14,25.354317
1986-06-15,1986,6,15,60.537241
1986-06-16,1986,6,16,49.086729
1986-06-17,1986,6,17,14.807058
1986-06-18,1986,6,18,0.96420312
1986-06-19,1986,6,19,26.68958
1986-06-20,1986,6,20,20.633998
1986-06-21,1986,6,21,0
1986-06-22,1986,6,22,0
1986-06-23,1986,6,23,22.014794
1986-06-24,1986,6,24,0
1986-06-25,1986,6,25,0
1986-06-26,1986,6,26,0
1986-06-27,1986,6,27,0.045609459
1986-06-28,1986,6,28,0
1986-06-29,1986,6,29,7.6880187
1986-06-30,1986,6,30,6.4450147
1986-07-01,1986,7,1,0
1986-07-02,1986,7,2,0
1986-07-03,1986,7,3,0
1986-07-04,1986,7,4,0
1986-07-05,1986,7,5,0
1986-07-06,1986,7,6,3.4305246e-05
1986-07-07,1986,7,7,2.4580789
1986-07-08,1986,7,8,20.695128
1986-07-09,1986,7,9,0
1986-07-10,1986,7,10,31.026552
1986-07-11,1986,7,11,4.1270107
1986-07-12,1986,7,12,3.2001529
1986-07-13,1986,7,13,0
1986-07-14,1986,7,14,16.352754
1986-07-15,1986,7,15,13.778247
1986-07-16,1986,7,16,0
1986-07-17,1986,7,17,0
1986-07-18,1986,7,18,0
1986-07-19,1986,7,19,0
1986-07-20,1986,7,20,0
1986-07-21,1986,7,21,0
1986-07-22,1986,7,22,3.3935553
1986-07-23,1986,7,23,5.2192321
1986-07-24,1986,7,24,4.4926644
1986-07-25,1986,7,25,0
1986-07-26,1986,7,26,0
1986-07-27,1986,7,27,0
1986-07-28,1986,7,28,13.083155
1986-07-29,1986,7,29,25.299696
1986-07-30,1986,7,30,43.257562
1986-07-31,1986,7,31,1.4822151
1986-08-01,1986,8,1,4.4035105
1986-08-02,1986,8,2,27.014631
1986-08-03,1986,8,3,16.082468
1986-08-04,1986,8,4,4.8910849
1986-08-05,1986,8,5,0
1986-08-06,1986,8,6,21.543438
1986-08-07,1986,8,7,17.579302
1986-08-08,1986,8,8,22.59196
1986-08-09,1986,8,9,3.135037
1986-08-10,1986,8,10,0
1986-08-11,1986,8,11,0
1986-08-12,1986,8,12,0
1986-08-13,1986,8,13,0
1986-08-14,1986,8,14,0
1986-08-15,1986,8,15,0
1986-08-16,1986,8,16,0
1986-08-17,1986,8,17,0
1986-08-18,1986,8,18,0
1986-08-19,1986,8,19,10.996874
1986-08-20,1986,8,20,28.393018
1986-08-21,1986,8,21,38.529867
1986-08-22,1986,8,22,17.602406
1986-08-23,1986,8,23,8.5578852
1986-08-24,1986,8,24,16.222181
1986-08-25,1986,8,25,6.094663
1986-08-26,1986,8,26,36.119316
1986-08-27,1986,8,27,10.028392
1986-08-28,1986,8,28,0
1986-08-29,1986,8,29,0
1986-08-30,1986,8,30,13.534816
1986-08-31,1986,8,31,13.425828
1986-09-01,1986,9,1,0
1986-09-02,1986,9,2,0
1986-09-03,1986,9,3,0
1986-09-04,1986,9,4,0
1986-09-05,1986,9,5,9.4963719
1986-09-06,1986,9,6,0.46785706
1986-09-07,1986,9,7,12.800558
1986-09-08,1986,9,8,0
1986-09-09,1986,9,9,0
1986-09-10,1986,9,10,1.096803
1986-09-11,1986,9,11,14.022656
1986-09-12,1986,9,12,4.4364333
1986-09-13,1986,9,13,9.7430361
1986-09-14,1986,9,14,6.2843946
1986-09-15,1986,9,15,0
1986-09-16,1986,9,16,0.0073080737
1986-09-17,1986,9,17,0
1986-09-18,1986,9,18,0.023676671
1986-09-19,1986,9,19,6.8768863
1986-09-20,1986,9,20,19.075097
1986-09-21,1986,9,21,4.4316801
1986-09-22,1986,9,22,3.2086691
1986-09-23,1986,9,23,0
1986-09-24,1986,9,24,0
1986-09-25,1986,9,25,0
1986-09-26,1986,9,26,0
1986-09-27,1986,9,27,2.6751834
1986-09-28,1986,9,28,3.6742716
1986-09-29,1986,9,29,8.5441684
1986-09-30,1986,9,30,18.438343
1986-10-01,1986,10,1,0
1986-10-02,1986,10,2,0
1986-10-03,1986,10,3,5.109285
1986-10-04,1986,10,4,28.402685
1986-10-05,1986,10,5,5.6926402
1986-10-06,1986,10,6,1.9646925
1986-10-07,1986,10,7,0
1986-10-08,1986,10,8,0
1986-10-09,1986,10,9,4.763725
1986-10-10,1986,10,10,0
1986-10-11,1986,10,11,0
1986-10-12,1986,10,12,0.0032723849
1986-10-13,1986,10,13,21.320255
1986-10-14,1986,10,14,12.820975
1986-10-15,1986,10,15,5.8433
1986-10-16,1986,10,16,0
1986-10-17,1986,10,17,0
1986-10-18,1986,10,18,0
1986-10-19,1986,10,19,0
1986-10-20,1986,10,20,0
1986-10-21,1986,10,21,0
1986-10-22,1986,10,22,0
1986-10-23,1986,10,23,0
1986-10-24,1986,10,24,0
1986-10-25,1986,10,25,0
1986-10-26,1986,10,26,0.0096177008
1986-10-27,1986,10,27,0
1986-10-28,1986,10,28,0
1986-10-29,1986,10,29,2.5374421
1986-10-30,1986,10,30,25.636986
1986-10-31,1986,10,31,18.579765
1986-11-01,1986,11,1,0
1986-11-02,1986,11,2,0
1986-11-03,1986,11,3,0
1986-11-04,1986,11,4,0
1986-11-05,1986,11,5,0
1986-11-06,1986,11,6,0
1986-11-07,1986,11,7,10.281603
1986-11-08,1986,11,8,15.202262
1986-11-09,1986,11,9,0
1986-11-10,1986,11,10,0
1986-11-11,1986,11,11,0
1986-11-12,1986,11,12,0
1986-11-13,1986,11,13,17.427209
1986-11-14,1986,11,14,7.8742811
1986-11-15,1986,11,15,0
1986-11-16,1986,11,16,0
1986-11-17,1986,11,17,11.100644
1986-11-18,1986,11,18,18.561688
1986-11-19,1986,11,19,0
1986-11-20,1986,11,20,0.022581646
1986-11-21,1986,11,21,0
1986-11-22,1986,11,22,0
1986-11-23,1986,11,23,0
1986-11-24,1986,11,24,24.56641
1986-11-25,1986,11,25,111.1585
1986-11-26,1986,11,26,25.188753
1986-11-27,1986,11,27,13.580581
1986-11-28,1986,11,28,15.627667
1986-11-29,1986,11,29,0.51875883
1986-11-30,1986,11,30,2.8738924
1986-12-01,1986,12,1,22.287118
1986-12-02,1986,12,2,0
1986-12-03,1986,12,3,1.8699966
1986-12-04,1986,12,4,0
1986-12-05,1986,12,5,0
1986-12-06,1986,12,6,0
1986-12-07,1986,12,7,0
1986-12-08,1986,12,8,0
1986-12-09,1986,12,9,0
1986-12-10,1986,12,10,0
1986-12-11,1986,12,11,0
1986-12-12,1986,12,12,0
1986-12-13,1986,12,13,0
1986-12-14,1986,12,14,10.840946
1986-12-15,1986,12,15,5.446468
1986-12-16,1986,12,16,0
1986-12-17,1986,12,17,0
1986-12-18,1986,12,18,0
1986-12-19,1986,12,19,0
1986-12-20,1986,12,20,0
1986-12-21,1986,12,21,0
1986-12-22,1986,12,22,0
1986-12-23,1986,12,23,0
1986-12-24,1986,12,24,0
1986-12-25,1986,12,25,0
1986-12-26,1986,12,26,0
1986-12-27,1986,12,27,0
1986-12-28,1986,12,28,0
1986-12-29,1986,12,29,0
1986-12-30,1986,12,30,0
1986-12-31,1986,12,31,0
1987-01-01,1987,1,1,0
1987-01-02,1987,1,2,0
1987-01-03,1987,1,3,0
1987-01-04,1987,1,4,0.0010854622
1987-01-05,1987,1,5,0
1987-01-06,1987,1,6,0
1987-01-07,1987,1,7,0
1987-01-08,1987,1,8,0
1987-01-09,1987,1,9,0
1987-01-10,1987,1,10,0
1987-01-11,1987,1,11,0
1987-01-12,1987,1,12,0
1987-01-13,1987,1,13,0
1987-01-14,1987,1,14,0
1987-01-15,1987,1,15,0
1987-01-16,1987,1,16,0
1987-01-17,1987,1,17,0
1987-01-18,1987,1,18,0
1987-01-19,1987,1,19,0
1987-01-20,1987,1,20,0
1987-01-21,1987,1,21,0
1987-01-22,1987,1,22,0
1987-01-23,1987,1,23,0
1987-01-24,1987,1,24,0
1987-01-25,1987,1,25,0
1987-01-26,1987,1,26,0
1987-01-27,1987,1,27,0
1987-01-28,1987,1,28,0.36615582
1987-01-29,1987,1,29,0
1987-01-30,1987,1,30,1.7428998
1987-01-31,1987,1,31,0
1987-02-01,1987,2,1,0
1987-02-02,1987,2,2,0
1987-02-03,1987,2,3,0
1987-02-04,1987,2,4,0
1987-02-05,1987,2,5,4.5930521
1987-02-06,1987,2,6,6.7602499
1987-02-07,1987,2,7,0
1987-02-08,1987,2,8,0
1987-02-09,1987,2,9,0
1987-02-10,1987,2,10,0
1987-02-11,1987,2,11,0
1987-02-12,1987,2,12,0
1987-02-13,1987,2,13,0
1987-02-14,1987,2,14,0
1987-02-15,1987,2,15,0
1987-02-16,1987,2,16,0
1987-02-17,1987,2,17,0
1987-02-18,1987,2,18,0
1987-02-19,1987,2,19,0
1987-02-20,1987,2,20,0
1987-02-21,1987,2,21,4.3681507
1987-02-22,1987,2,22,0.85367134
1987-02-23,1987,2,23,0.19178614
1987-02-24,1987,2,24,15.633178
1987-02-25,1987,2,25,0.097978527
1987-02-26,1987,2,26,0
1987-02-27,1987,2,27,0
1987-02-28,1987,2,28,0
1987-03-01,1987,3,1,0
1987-03-02,1987,3,2,0
1987-03-03,1987,3,3,0
1987-03-04,1987,3,4,0
1987-03-05,1987,3,5,0
1987-03-06,1987,3,6,0.0096724844
1987-03-07,1987,3,7,0
1987-03-08,1987,3,8,0
1987-03-09,1987,3,9,0
1987-03-10,1987,3,10,0
1987-03-11,1987,3,11,0
1987-03-12,1987,3,12,0
1987-03-13,1987,3,13,0
1987-03-14,1987,3,14,0
1987-03-15,1987,3,15,0
1987-03-16,1987,3,16,0
1987-03-17,1987,3,17,0
1987-03-18,1987,3,18,0
1987-03-19,1987,3,19,0
1987-03-20,1987,3,20,0
1987-03-21,1987,3,21,0.034550448
1987-03-22,1987,3,22,5.0030583
1987-03-23,1987,3,23,1.2883944
1987-03-24,1987,3,24,12.418177
1987-03-25,1987,3,25,15.554959
1987-03-26,1987,3,26,58.320813
1987-03-27,1987,3,27,17.026023
1987-03-28,1987,3,28,0
1987-03-29,1987,3,29,0
1987-03-30,1987,3,30,0
1987-03-31,1987,3,31,0.3874142
1987-04-01,1987,4,1,2.0371659
1987-04-02,1987,4,2,0
1987-04-03,1987,4,3,0
1987-04-04,1987,4,4,0
1987-04-05,1987,4,5,0
1987-04-06,1987,4,6,1.0631301
1987-04-07,1987,4,7,14.318405
1987-04-08,1987,4,8,7.2600146e-05
1987-04-09,1987,4,9,0
1987-04-10,1987,4,10,0.0053021005
1987-04-11,1987,4,11,4.6171739
1987-04-12,1987,4,12,12.287958
1987-04-13,1987,4,13,0.5111495
1987-04-14,1987,4,14,30.248345
1987-04-15,1987,4,15,4.4888461
1987-04-16,1987,4,16,0
1987-04-17,1987,4,17,0
1987-04-18,1987,4,18,0
1987-04-19,1987,4,19,0
1987-04-20,1987,4,20,0
1987-04-21,1987,4,21,3.6202625
1987-04-22,1987,4,22,23.360314
1987-04-23,1987,4,23,11.871235
1987-04-24,1987,4,24,14.982812
1987-04-25,1987,4,25,0
1987-04-26,1987,4,26,0
1987-04-27,1987,4,27,0
1987-04-28,1987,4,28,0.61753117
1987-04-29,1987,4,29,4.66667
1987-04-30,1987,4,30,8.3873044
1987-05-01,1987,5,1,3.6750692
1987-05-02,1987,5,2,0
1987-05-03,1987,5,3,0
1987-05-04,1987,5,4,0
1987-05-05,1987,5,5,18.463773
1987-05-06,1987,5,6,31.443903
1987-05-07,1987,5,7,4.0652741
1987-05-08,1987,5,8,0
1987-05-09,1987,5,9,0
1987-05-10,1987,5,10,16.246402
1987-05-11,1987,5,11,2.139239
1987-05-12,1987,5,12,0
1987-05-13,1987,5,13,9.3430198
1987-05-14,1987,5,14,18.788234
1987-05-15,1987,5,15,16.408831
1987-05-16,1987,5,16,21.791523
1987-05-17,1987,5,17,0.00058397222
1987-05-18,1987,5,18,0
1987-05-19,1987,5,19,0
1987-05-20,1987,5,20,0
1987-05-21,1987,5,21,0
1987-05-22,1987,5,22,0
1987-05-23,1987,5,23,0
1987-05-24,1987,5,24,0
1987-05-25,1987,5,25,0
1987-05-26,1987,5,26,0
1987-05-27,1987,5,27,4.3298428
1987-05-28,1987,5,28,43.732419
1987-05-29,1987,5,29,10.370605
1987-05-30,1987,5,30,3.8078181
1987-05-31,1987,5,31,17.946744
1987-06-01,1987,6,1,1.2405958
1987-06-02,1987,6,2,55.819713
1987-06-03,1987,6,3,5.8259548
1987-06-04,1987,6,4,6.1605395
1987-06-05,1987,6,5,4.1256418
1987-06-06,1987,6,6,20.015037
1987-06-07,1987,6,7,56.850625
1987-06-08,1987,6,8,15.17559
1987-06-09,1987,6,9,16.50155
1987-06-10,1987,6,10,25.19408
1987-06-11,1987,6,11,10.790513
1987-06-12,1987,6,12,0
1987-06-13,1987,6,13,5.1544964
1987-06-14,1987,6,14,6.097901
1987-06-15,1987,6,15,4.6020441
1987-06-16,1987,6,16,0
1987-06-17,1987,6,17,0
1987-06-18,1987,6,18,0
1987-06-19,1987,6,19,18.275123
1987-06-20,1987,6,20,17.498156
1987-06-21,1987,6,21,1.1998696
1987-06-22,1987,6,22,0
1987-06-23,1987,6,23,0
1987-06-24,1987,6,24,0
1987-06-25,1987,6,25,0
1987-06-26,1987,6,26,0
1987-06-27,1987,6,27,3.2886018
1987-06-28,1987,6,28,12.335781
1987-06-29,1987,6,29,4.4656398
1987-06-30,1987,6,30,0
1987-07-01,1987,7,1,0
1987-07-02,1987,7,2,0.39133831
1987-07-03,1987,7,3,25.850589
1987-07-04,1987,7,4,6.329756
1987-07-05,1987,7,5,0
1987-07-06,1987,7,6,0
1987-07-07,1987,7,7,6.1611535
1987-07-08,1987,7,8,43.246857
1987-07-09,1987,7,9,27.446671
1987-07-10,1987,7,10,38.756715
1987-07-11,1987,7,11,33.857341
1987-07-12,1987,7,12,33.366502
1987-07-13,1987,7,13,29.751349
1987-07-14,1987,7,14,31.871712
1987-07-15,1987,7,15,22.088012
1987-07-16,1987,7,16,10.435991
1987-07-17,1987,7,17,0
1987-07-18,1987,7,18,0
1987-07-19,1987,7,19,0
1987-07-20,1987,7,20,0
1987-07-21,1987,7,21,0.7274093
1987-07-22,1987,7,22,19.650403
1987-07-23,1987,7,23,40.527401
1987-07-24,1987,7,24,7.7598535
1987-07-25,1987,7,25,13.580416
1987-07-26,1987,7,26,20.129797
1987-07-27,1987,7,27,9.1295199
1987-07-28,1987,7,28,3.6604771
1987-07-29,1987,7,29,0
1987-07-30,1987,7,30,1.5848589
1987-07-31,1987,7,31,32.899282
1987-08-01,1987,8,1,8.8785166
1987-08-02,1987,8,2,0
1987-08-03,1987,8,3,6.3075402
1987-08-04,1987,8,4,0
1987-08-05,1987,8,5,0
1987-08-06,1987,8,6,0
1987-08-07,1987,8,7,11.093617
1987-08-08,1987,8,8,15.907423
1987-08-09,1987,8,9,37.736211
1987-08-10,1987,8,10,30.316845
1987-08-11,1987,8,11,23.37227
1987-08-12,1987,8,12,25.240726
1987-08-13,1987,8,13,32.387862
1987-08-14,1987,8,14,15.839707
1987-08-15,1987,8,15,7.6405556
1987-08-16,1987,8,16,0
1987-08-17,1987,8,17,0
1987-08-18,1987,8,18,0
1987-08-19,1987,8,19,0
1987-08-20,1987,8,20,0
1987-08-21,1987,8,21,0
1987-08-22,1987,8,22,0
1987-08-23,1987,8,23,7.9406195
1987-08-24,1987,8,24,17.173074
1987-08-25,1987,8,25,6.776874
1987-08-26,1987,8,26,23.880236
1987-08-27,1987,8,27,10.958348
1987-08-28,1987,8,28,0
1987-08-29,1987,8,29,0
1987-08-30,1987,8,30,0.74118136
1987-08-31,1987,8,31,8.330081
1987-09-01,1987,9,1,0
1987-09-02,1987,9,2,1.6785795
1987-09-03,1987,9,3,0
1987-09-04,1987,9,4,8.3371363
1987-09-05,1987,9,5,3.6274284
1987-09-06,1987,9,6,21.551496
1987-09-07,1987,9,7,29.203775
1987-09-08,1987,9,8,11.386257
1987-09-09,1987,9,9,5.8332131
1987-09-10,1987,9,10,0
1987-09-11,1987,9,11,0
1987-09-12,1987,9,12,4.10071
1987-09-13,1987,9,13,15.301361
1987-09-14,1987,9,14,2.2208278
1987-09-15,1987,9,15,0
1987-09-16,1987,9,16,3.5291026
1987-09-17,1987,9,17,0.17734307
1987-09-18,1987,9,18,0
1987-09-19,1987,9,19,0
1987-09-20,1987,9,20,0
1987-09-21,1987,9,21,0
1987-09-22,1987,9,22,0
1987-09-23,1987,9,23,0
1987-09-24,1987,9,24,0
1987-09-25,1987,9,25,7.8609507
1987-09-26,1987,9,26,6.3318229
1987-09-27,1987,9,27,0
1987-09-28,1987,9,28,28.261773
1987-09-29,1987,9,29,9.9264222
1987-09-30,1987,9,30,0
1987-10-01,1987,10,1,0
1987-10-02,1987,10,2,0.14051615
1987-10-03,1987,10,3,1.1162955
1987-10-04,1987,10,4,0.032098766
1987-10-05,1987,10,5,18.307169
1987-10-06,1987,10,6,7.7666604
1987-10-07,1987,10,7,0.69769775
1987-10-08,1987,10,8,0
1987-10-09,1987,10,9,41.657555
1987-10-10,1987,10,10,24.204481
1987-10-11,1987,10,11,3.540134
1987-10-12,1987,10,12,0
1987-10-13,1987,10,13,0
1987-10-14,1987,10,14,3.4454252
1987-10-15,1987,10,15,0.54340201
1987-10-16,1987,10,16,0
1987-10-17,1987,10,17,0
1987-10-18,1987,10,18,0
1987-10-19,1987,10,19,0.41690439
1987-10-20,1987,10,20,8.9579546
1987-10-21,1987,10,21,0
1987-10-22,1987,10,22,0
1987-10-23,1987,10,23,0
1987-10-24,1987,10,24,7.6495922
1987-10-25,1987,10,25,0
1987-10-26,1987,10,26,0
1987-10-27,1987,10,27,0
1987-10-28,1987,10,28,0
1987-10-29,1987,10,29,9.8016353
1987-10-30,1987,10,30,14.326822
1987-10-31,1987,10,31,5.1959632
1987-11-01,1987,11,1,8.0647505
1987-11-02,1987,11,2,0
1987-11-03,1987,11,3,0.16722999
1987-11-04,1987,11,4,4.6061223
1987-11-05,1987,11,5,10.974724
1987-11-06,1987,11,6,22.040005
1987-11-07,1987,11,7,21.038781
1987-11-08,1987,11,8,0
1987-11-09,1987,11,9,0
1987-11-10,1987,11,10,0
1987-11-11,1987,11,11,0
1987-11-12,1987,11,12,0
1987-11-13,1987,11,13,0
1987-11-14,1987,11,14,0
1987-11-15,1987,11,15,0
1987-11-16,1987,11,16,12.56665
1987-11-17,1987,11,17,7.0291558
1987-11-18,1987,11,18,0
1987-11-19,1987,11,19,0
1987-11-20,1987,11,20,0
1987-11-21,1987,11,21,0
1987-11-22,1987,11,22,0
1987-11-23,1987,11,23,0.18854834
1987-11-24,1987,11,24,0
1987-11-25,1987,11,25,0
1987-11-26,1987,11,26,0
1987-11-27,1987,11,27,0
1987-11-28,1987,11,28,0
1987-11-29,1987,11,29,4.1774509
1987-11-30,1987,11,30,13.079992
1987-12-01,1987,12,1,0
1987-12-02,1987,12,2,0
1987-12-03,1987,12,3,0
1987-12-04,1987,12,4,9.0211379
1987-12-05,1987,12,5,0
1987-12-06,1987,12,6,0
1987-12-07,1987,12,7,0
1987-12-08,1987,12,8,0
1987-12-09,1987,12,9,20.32339
1987-12-10,1987,12,10,12.620018
1987-12-11,1987,12,11,0
1987-12-12,1987,12,12,0
1987-12-13,1987,12,13,0
1987-12-14,1987,12,14,0
1987-12-15,1987,12,15,10.950375
1987-12-16,1987,12,16,2.1265713
1987-12-17,1987,12,17,0
1987-12-18,1987,12,18,2.6857857e-05
1987-12-19,1987,12,19,0
1987-12-20,1987,12,20,0
1987-12-21,1987,12,21,0
1987-12-22,1987,12,22,2.1016646
1987-12-23,1987,12,23,0
1987-12-24,1987,12,24,0
1987-12-25,1987,12,25,0
1987-12-26,1987,12,26,0
1987-12-27,1987,12,27,2.3345932
1987-12-28,1987,12,28,0
1987-12-29,1987,12,29,0
1987-12-30,1987,12,30,0
1987-12-31,1987,12,31,0
1988-01-01,1988,1,1,0
1988-01-02,1988,1,2,0
1988-01-03,1988,1,3,0
1988-01-04,1988,1,4,0
1988-01-05,1988,1,5,0
1988-01-06,1988,1,6,0
1988-01-07,1988,1,7,0
1988-01-08,1988,1,8,0
1988-01-09,1988,1,9,0
1988-01-10,1988,1,10,0.0030163734
1988-01-11,1988,1,11,0.13454443
1988-01-12,1988,1,12,20.152811
1988-01-13,1988,1,13,8.3278429
1988-01-14,1988,1,14,0
1988-01-15,1988,1,15,0
1988-01-16,1988,1,16,0.016427726
1988-01-17,1988,1,17,43.116376
1988-01-18,1988,1,18,5.5381092
1988-01-19,1988,1,19,0
1988-01-20,1988,1,20,0
1988-01-21,1988,1,21,0
1988-01-22,1988,1,22,0
1988-01-23,1988,1,23,0
1988-01-24,1988,1,24,0
1988-01-25,1988,1,25,0
1988-01-26,1988,1,26,0
1988-01-27,1988,1,27,0.00097070132
1988-01-28,1988,1,28,0
1988-01-29,1988,1,29,0
1988-01-30,1988,1,30,0
1988-01-31,1988,1,31,0
1988-02-01,1988,2,1,0
1988-02-02,1988,2,2,0
1988-02-03,1988,2,3,0
1988-02-04,1988,2,4,0
1988-02-05,1988,2,5,0
1988-02-06,1988,2,6,0
1988-02-07,1988,2,7,0
1988-02-08,1988,2,8,0
1988-02-09,1988,2,9,0
1988-02-10,1988,2,10,2.6422776
1988-02-11,1988,2,11,0
1988-02-12,1988,2,12,0
1988-02-13,1988,2,13,0
1988-02-14,1988,2,14,0
1988-02-15,1988,2,15,0
1988-02-16,1988,2,16,0
1988-02-17,1988,2,17,0
1988-02-18,1988,2,18,0
1988-02-19,1988,2,19,0
1988-02-20,1988,2,20,0
1988-02-21,1988,2,21,0
1988-02-22,1988,2,22,0
1988-02-23,1988,2,23,0
1988-02-24,1988,2,24,0
1988-02-25,1988,2,25,0
1988-02-26,1988,2,26,0
1988-02-27,1988,2,27,0
1988-02-28,1988,2,28,0
1988-02-29,1988,2,29,0
1988-03-01,1988,3,1,0
1988-03-02,1988,3,2,0
1988-03-03,1988,3,3,5.3274569
1988-03-04,1988,3,4,50.132979
1988-03-05,1988,3,5,0.20711355
1988-03-06,1988,3,6,0
1988-03-07,1988,3,7,5.801028
1988-03-08,1988,3,8,14.244513
1988-03-09,1988,3,9,11.230984
1988-03-10,1988,3,10,2.7273201
1988-03-11,1988,3,11,3.1776385
1988-03-12,1988,3,12,0
1988-03-13,1988,3,13,0
1988-03-14,1988,3,14,0
1988-03-15,1988,3,15,0
1988-03-16,1988,3,16,0
1988-03-17,1988,3,17,0
1988-03-18,1988,3,18,0
1988-03-19,1988,3,19,1.3107765
1988-03-20,1988,3,20,0
1988-03-21,1988,3,21,0.6053931
1988-03-22,1988,3,22,29.591646
1988-03-23,1988,3,23,0
1988-03-24,1988,3,24,1.6882358
1988-03-25,1988,3,25,8.6066494
1988-03-26,1988,3,26,8.431647
1988-03-27,1988,3,27,0
1988-03-28,1988,3,28,0
1988-03-29,1988,3,29,0
1988-03-30,1988,3,30,1.5102279
1988-03-31,1988,3,31,0
1988-04-01,1988,4,1,0
1988-04-02,1988,4,2,0
1988-04-03,1988,4,3,0
1988-04-04,1988,4,4,0
1988-04-05,1988,4,5,0.61194143
1988-04-06,1988,4,6,0
1988-04-07,1988,4,7,0
1988-04-08,1988,4,8,0
1988-04-09,1988,4,9,0
1988-04-10,1988,4,10,0
1988-04-11,1988,4,11,0.006201199
1988-04-12,1988,4,12,0
1988-04-13,1988,4,13,6.6974912
1988-04-14,1988,4,14,26.341658
1988-04-15,1988,4,15,10.97859
1988-04-16,1988,4,16,18.106246
1988-04-17,1988,4,17,20.236184
1988-04-18,1988,4,18,14.226073
1988-04-19,1988,4,19,6.2656148e-17
1988-04-20,1988,4,20,3.4891329
1988-04-21,1988,4,21,0.56454653
1988-04-22,1988,4,22,0
1988-04-23,1988,4,23,0
1988-04-24,1988,4,24,9.997436
1988-04-25,1988,4,25,1.8410744
1988-04-26,1988,4,26,0
1988-04-27,1988,4,27,0
1988-04-28,1988,4,28,0
1988-04-29,1988,4,29,0
1988-04-30,1988,4,30,0
1988-05-01,1988,5,1,0
1988-05-02,1988,5,2,0
1988-05-03,1988,5,3,0
1988-05-04,1988,5,4,0
1988-05-05,1988,5,5,0
1988-05-06,1988,5,6,0
1988-05-07,1988,5,7,0
1988-05-08,1988,5,8,0
1988-05-09,1988,5,9,0
1988-05-10,1988,5,10,20.232477
1988-05-11,1988,5,11,3.5708843
1988-05-12,1988,5,12,6.7477975
1988-05-13,1988,5,13,29.189523
1988-05-14,1988,5,14,11.405882
1988-05-15,1988,5,15,3.2816569
1988-05-16,1988,5,16,23.119345
1988-05-17,1988,5,17,26.891033
1988-05-18,1988,5,18,12.725114
1988-05-19,1988,5,19,0
1988-05-20,1988,5,20,0
1988-05-21,1988,5,21,0
1988-05-22,1988,5,22,3.3963859
1988-05-23,1988,5,23,0
1988-05-24,1988,5,24,0
1988-05-25,1988,5,25,0
1988-05-26,1988,5,26,0
1988-05-27,1988,5,27,0
1988-05-28,1988,5,28,0
1988-05-29,1988,5,29,0
1988-05-30,1988,5,30,0
1988-05-31,1988,5,31,0
1988-06-01,1988,6,1,15.249792
1988-06-02,1988,6,2,4.7096095
1988-06-03,1988,6,3,0
1988-06-04,1988,6,4,0
1988-06-05,1988,6,5,13.021044
1988-06-06,1988,6,6,9.8558646
1988-06-07,1988,6,7,34.897483
1988-06-08,1988,6,8,2.3403797
1988-06-09,1988,6,9,0
1988-06-10,1988,6,10,0
1988-06-11,1988,6,11,0
1988-06-12,1988,6,12,0
1988-06-13,1988,6,13,0
1988-06-14,1988,6,14,0
1988-06-15,1988,6,15,15.825786
1988-06-16,1988,6,16,3.4309008
1988-06-17,1988,6,17,0
1988-06-18,1988,6,18,9.485377
1988-06-19,1988,6,19,48.948073
1988-06-20,1988,6,20,36.788587
1988-06-21,1988,6,21,48.108376
1988-06-22,1988,6,22,27.669404
1988-06-23,1988,6,23,0.63808336
1988-06-24,1988,6,24,0
1988-06-25,1988,6,25,0
1988-06-26,1988,6,26,9.3164451
1988-06-27,1988,6,27,25.08575
1988-06-28,1988,6,28,39.055427
1988-06-29,1988,6,29,34.616404
1988-06-30,1988,6,30,13.09282
1988-07-01,1988,7,1,19.588568
1988-07-02,1988,7,2,1.0958165
1988-07-03,1988,7,3,0
1988-07-04,1988,7,4,9.6424974
1988-07-05,1988,7,5,3.9722268
1988-07-06,1988,7,6,0
1988-07-07,1988,7,7,0
1988-07-08,1988,7,8,0
1988-07-09,1988,7,9,0
1988-07-10,1988,7,10,0
1988-07-11,1988,7,11,0
1988-07-12,1988,7,12,0
1988-07-13,1988,7,13,0
1988-07-14,1988,7,14,0
1988-07-15,1988,7,15,13.085418
1988-07-16,1988,7,16,22.227156
1988-07-17,1988,7,17,9.9977417
1988-07-18,1988,7,18,0
1988-07-19,1988,7,19,0
1988-07-20,1988,7,20,0
1988-07-21,1988,7,21,0
1988-07-22,1988,7,22,0
1988-07-23,1988,7,23,0
1988-07-24,1988,7,24,0
1988-07-25,1988,7,25,0
1988-07-26,1988,7,26,23.310134
1988-07-27,1988,7,27,63.124621
1988-07-28,1988,7,28,37.138754
1988-07-29,1988,7,29,8.1362777
1988-07-30,1988,7,30,21.034984
1988-07-31,1988,7,31,0
1988-08-01,1988,8,1,0
1988-08-02,1988,8,2,0
1988-08-03,1988,8,3,0
1988-08-04,1988,8,4,0
1988-08-05,1988,8,5,0
1988-08-06,1988,8,6,4.5218863
1988-08-07,1988,8,7,13.88629
1988-08-08,1988,8,8,0
1988-08-09,1988,8,9,0
1988-08-10,1988,8,10,4.9497724
1988-08-11,1988,8,11,5.2461821
1988-08-12,1988,8,12,28.338146
1988-08-13,1988,8,13,20.958387
1988-08-14,1988,8,14,19.490926
1988-08-15,1988,8,15,8.5840061
1988-08-16,1988,8,16,4.1373328
1988-08-17,1988,8,17,29.670814
1988-08-18,1988,8,18,33.858552
1988-08-19,1988,8,19,15.177363
1988-08-20,1988,8,20,11.459891
1988-08-21,1988,8,21,11.309204
1988-08-22,1988,8,22,21.039611
1988-08-23,1988,8,23,34.705818
1988-08-24,1988,8,24,12.756951
1988-08-25,1988,8,25,0.17235232
1988-08-26,1988,8,26,4.6630446
1988-08-27,1988,8,27,8.1542183
1988-08-28,1988,8,28,18.560894
1988-08-29,1988,8,29,31.947668
1988-08-30,1988,8,30,11.933381
1988-08-31,1988,8,31,0.50929436
1988-09-01,1988,9,1,0
1988-09-02,1988,9,2,0
1988-09-03,1988,9,3,0
1988-09-04,1988,9,4,8.8870556
1988-09-05,1988,9,5,5.9145807
1988-09-06,1988,9,6,1.2628192
1988-09-07,1988,9,7,16.968686
1988-09-08,1988,9,8,6.5342395
1988-09-09,1988,9,9,6.0659942
1988-09-10,1988,9,10,4.6732649
1988-09-11,1988,9,11,5.6021315
1988-09-12,1988,9,12,0
1988-09-13,1988,9,13,0
1988-09-14,1988,9,14,0
1988-09-15,1988,9,15,0
1988-09-16,1988,9,16,0
1988-09-17,1988,9,17,0
1988-09-18,1988,9,18,7.6420005
1988-09-19,1988,9,19,0.15668094
1988-09-20,1988,9,20,0.46021202
1988-09-21,1988,9,21,0
1988-09-22,1988,9,22,5.6533194
1988-09-23,1988,9,23,2.9425882
1988-09-24,1988,9,24,0.23632411
1988-09-25,1988,9,25,25.334455
1988-09-26,1988,9,26,0
1988-09-27,1988,9,27,0
1988-09-28,1988,9,28,0
1988-09-29,1988,9,29,1.828732
1988-09-30,1988,9,30,5.0300254
1988-10-01,1988,10,1,0
1988-10-02,1988,10,2,0
1988-10-03,1988,10,3,0.0031572618
1988-10-04,1988,10,4,0
1988-10-05,1988,10,5,0
1988-10-06,1988,10,6,0
1988-10-07,1988,10,7,0
1988-10-08,1988,10,8,0
1988-10-09,1988,10,9,0.0088624075
1988-10-10,1988,10,10,0
1988-10-11,1988,10,11,0
1988-10-12,1988,10,12,0
1988-10-13,1988,10,13,0
1988-10-14,1988,10,14,0
1988-10-15,1988,10,15,0
1988-10-16,1988,10,16,0
1988-10-17,1988,10,17,18.013412
1988-10-18,1988,10,18,20.366927
1988-10-19,1988,10,19,4.7557286
1988-10-20,1988,10,20,0
1988-10-21,1988,10,21,16.067503
1988-10-22,1988,10,22,8.3469735
1988-10-23,1988,10,23,48.461674
1988-10-24,1988,10,24,11.317346
1988-10-25,1988,10,25,0
1988-10-26,1988,10,26,0
1988-10-27,1988,10,27,13.10501
1988-10-28,1988,10,28,12.71452
1988-10-29,1988,10,29,1.7597625
1988-10-30,1988,10,30,12.61514
1988-10-31,1988,10,31,0.0018307309
1988-11-01,1988,11,1,0
1988-11-02,1988,11,2,0
1988-11-03,1988,11,3,0
1988-11-04,1988,11,4,0
1988-11-05,1988,11,5,2.4186012
1988-11-06,1988,11,6,1.3147605
1988-11-07,1988,11,7,0
1988-11-08,1988,11,8,0
1988-11-09,1988,11,9,0
1988-11-10,1988,11,10,0
1988-11-11,1988,11,11,0.0049141653
1988-11-12,1988,11,12,1.9950262
1988-11-13,1988,11,13,0
1988-11-14,1988,11,14,3.7841817
1988-11-15,1988,11,15,1.0011871
1988-11-16,1988,11,16,0
1988-11-17,1988,11,17,0
1988-11-18,1988,11,18,5.3034737
1988-11-19,1988,11,19,13.912296
1988-11-20,1988,11,20,0.39137232
1988-11-21,1988,11,21,0
1988-11-22,1988,11,22,0
1988-11-23,1988,11,23,0
1988-11-24,1988,11,24,0.37668548
1988-11-25,1988,11,25,0
1988-11-26,1988,11,26,0
1988-11-27,1988,11,27,0
1988-11-28,1988,11,28,0
1988-11-29,1988,11,29,0
1988-11-30,1988,11,30,0
1988-12-01,1988,12,1,0
1988-12-02,1988,12,2,0
1988-12-03,1988,12,3,0
1988-12-04,1988,12,4,0
1988-12-05,1988,12,5,0
1988-12-06,1988,12,6,12.420355
1988-12-07,1988,12,7,0
1988-12-08,1988,12,8,0
1988-12-09,1988,12,9,0
1988-12-10,1988,12,10,0
1988-12-11,1988,12,11,29.192912
1988-12-12,1988,12,12,1.2982028
1988-12-13,1988,12,13,0.0036814396
1988-12-14,1988,12,14,0
1988-12-15,1988,12,15,0
1988-12-16,1988,12,16,22.075338
1988-12-17,1988,12,17,6.2648986
1988-12-18,1988,12,18,11.731473
1988-12-19,1988,12,19,0
1988-12-20,1988,12,20,0
1988-12-21,1988,12,21,0
1988-12-22,1988,12,22,0
1988-12-23,1988,12,23,0
1988-12-24,1988,12,24,0
1988-12-25,1988,12,25,0
1988-12-26,1988,12,26,0
1988-12-27,1988,12,27,0
1988-12-28,1988,12,28,0
1988-12-29,1988,12,29,0
1988-12-30,1988,12,30,0.030637877
1988-12-31,1988,12,31,0
1989-01-01,1989,1,1,0
1989-01-02,1989,1,2,0
1989-01-03,1989,1,3,0
1989-01-04,1989,1,4,5.6817939
1989-01-05,1989,1,5,9.1275577
1989-01-06,1989,1,6,0
1989-01-07,1989,1,7,0
1989-01-08,1989,1,8,0
1989-01-09,1989,1,9,0
1989-01-10,1989,1,10,0
1989-01-11,1989,1,11,0
1989-01-12,1989,1,12,0
1989-01-13,1989,1,13,0
1989-01-14,1989,1,14,0
1989-01-15,1989,1,15,0
1989-01-16,1989,1,16,2.5999825
1989-01-17,1989,1,17,0
1989-01-18,1989,1,18,0.56726988
1989-01-19,1989,1,19,4.2688353
1989-01-20,1989,1,20,20.273774
1989-01-21,1989,1,21,0.0018655146
1989-01-22,1989,1,22,0
1989-01-23,1989,1,23,0
1989-01-24,1989,1,24,0
1989-01-25,1989,1,25,0
1989-01-26,1989,1,26,0
1989-01-27,1989,1,27,6.8623697
1989-01-28,1989,1,28,0.27814899
1989-01-29,1989,1,29,0
1989-01-30,1989,1,30,0
1989-01-31,1989,1,31,0
1989-02-01,1989,2,1,0
1989-02-02,1989,2,2,0
1989-02-03,1989,2,3,0
1989-02-04,1989,2,4,0
1989-02-05,1989,2,5,0
1989-02-06,1989,2,6,0
1989-02-07,1989,2,7,0
1989-02-08,1989,2,8,0
1989-02-09,1989,2,9,0
1989-02-10,1989,2,10,0
1989-02-11,1989,2,11,0
1989-02-12,1989,2,12,0
1989-02-13,1989,2,13,0
1989-02-14,1989,2,14,0
1989-02-15,1989,2,15,0.061316193
1989-02-16,1989,2,16,0
1989-02-17,1989,2,17,0
1989-02-18,1989,2,18,0
1989-02-19,1989,2,19,0
1989-02-20,1989,2,20,0
1989-02-21,1989,2,21,17.305161
1989-02-22,1989,2,22,7.8848161
1989-02-23,1989,2,23,0
1989-02-24,1989,2,24,0
1989-02-25,1989,2,25,0
1989-02-26,1989,2,26,0
1989-02-27,1989,2,27,0
1989-02-28,1989,2,28,0
1989-03-01,1989,3,1,0
1989-03-02,1989,3,2,0
1989-03-03,1989,3,3,18.162112
1989-03-04,1989,3,4,0
1989-03-05,1989,3,5,0.099208166
1989-03-06,1989,3,6,0
1989-03-07,1989,3,7,0
1989-03-08,1989,3,8,0
1989-03-09,1989,3,9,0
1989-03-10,1989,3,10,0
1989-03-11,1989,3,11,0
1989-03-12,1989,3,12,0
1989-03-13,1989,3,13,0
1989-03-14,1989,3,14,13.669575
1989-03-15,1989,3,15,1.0753053
1989-03-16,1989,3,16,0
1989-03-17,1989,3,17,0
1989-03-18,1989,3,18,0
1989-03-19,1989,3,19,0
1989-03-20,1989,3,20,0.71606397
1989-03-21,1989,3,21,6.6795087
1989-03-22,1989,3,22,0
1989-03-23,1989,3,23,0
1989-03-24,1989,3,24,4.1686261
1989-03-25,1989,3,25,0
1989-03-26,1989,3,26,0
1989-03-27,1989,3,27,9.5411614
1989-03-28,1989,3,28,0.79718191
1989-03-29,1989,3,29,0
1989-03-30,1989,3,30,0
1989-03-31,1989,3,31,0
1989-04-01,1989,4,1,0
1989-04-02,1989,4,2,1.5879272
1989-04-03,1989,4,3,8.2643069
1989-04-04,1989,4,4,1.3747643
1989-04-05,1989,4,5,0
1989-04-06,1989,4,6,0
1989-04-07,1989,4,7,22.094914
1989-04-08,1989,4,8,1.2174714
1989-04-09,1989,4,9,0
1989-04-10,1989,4,10,0
1989-04-11,1989,4,11,0.10693252
1989-04-12,1989,4,12,0
1989-04-13,1989,4,13,0
1989-04-14,1989,4,14,0
1989-04-15,1989,4,15,0
1989-04-16,1989,4,16,0
1989-04-17,1989,4,17,0
1989-04-18,1989,4,18,0
1989-04-19,1989,4,19,0
1989-04-20,1989,4,20,0
1989-04-21,1989,4,21,0
1989-04-22,1989,4,22,0
1989-04-23,1989,4,23,0
1989-04-24,1989,4,24,0
1989-04-25,1989,4,25,0
1989-04-26,1989,4,26,0.15245095
1989-04-27,1989,4,27,0.86449471
1989-04-28,1989,4,28,0
1989-04-29,1989,4,29,0.37778926
1989-04-30,1989,4,30,2.5928062
1989-05-01,1989,5,1,10.225561
1989-05-02,1989,5,2,0
1989-05-03,1989,5,3,0
1989-05-04,1989,5,4,0
1989-05-05,1989,5,5,0
1989-05-06,1989,5,6,0
1989-05-07,1989,5,7,0
1989-05-08,1989,5,8,0
1989-05-09,1989,5,9,0
1989-05-10,1989,5,10,0
1989-05-11,1989,5,11,7.9229877
1989-05-12,1989,5,12,17.461764
1989-05-13,1989,5,13,9.0860508
1989-05-14,1989,5,14,3.8501085
1989-05-15,1989,5,15,0
1989-05-16,1989,5,16,0.064113402
1989-05-17,1989,5,17,0
1989-05-18,1989,5,18,0
1989-05-19,1989,5,19,0
1989-05-20,1989,5,20,0
1989-05-21,1989,5,21,0
1989-05-22,1989,5,22,0.03994732
1989-05-23,1989,5,23,0
1989-05-24,1989,5,24,0
1989-05-25,1989,5,25,0
1989-05-26,1989,5,26,0.24898485
1989-05-27,1989,5,27,32.215662
1989-05-28,1989,5,28,8.8244307
1989-05-29,1989,5,29,24.000836
1989-05-30,1989,5,30,3.33387
1989-05-31,1989,5,31,0
1989-06-01,1989,6,1,4.419475
1989-06-02,1989,6,2,52.785644
1989-06-03,1989,6,3,2.3262484
1989-06-04,1989,6,4,0
1989-06-05,1989,6,5,31.94812
1989-06-06,1989,6,6,38.190445
1989-06-07,1989,6,7,22.076087
1989-06-08,1989,6,8,0.58239803
1989-06-09,1989,6,9,0
1989-06-10,1989,6,10,0.0013658908
1989-06-11,1989,6,11,0
1989-06-12,1989,6,12,0
1989-06-13,1989,6,13,0
1989-06-14,1989,6,14,10.789622
1989-06-15,1989,6,15,2.1490001
1989-06-16,1989,6,16,0
1989-06-17,1989,6,17,0
1989-06-18,1989,6,18,10.529234
1989-06-19,1989,6,19,0
1989-06-20,1989,6,20,3.5403766
1989-06-21,1989,6,21,7.4598689
1989-06-22,1989,6,22,0
1989-06-23,1989,6,23,0
1989-06-24,1989,6,24,11.170943
1989-06-25,1989,6,25,24.587251
1989-06-26,1989,6,26,29.465298
1989-06-27,1989,6,27,60.329527
1989-06-28,1989,6,28,70.205148
1989-06-29,1989,6,29,24.477951
1989-06-30,1989,6,30,10.304925
1989-07-01,1989,7,1,0
1989-07-02,1989,7,2,0
1989-07-03,1989,7,3,6.2002695
1989-07-04,1989,7,4,0
1989-07-05,1989,7,5,0
1989-07-06,1989,7,6,0
1989-07-07,1989,7,7,0
1989-07-08,1989,7,8,0
1989-07-09,1989,7,9,0
1989-07-10,1989,7,10,0
1989-07-11,1989,7,11,1.6646773
1989-07-12,1989,7,12,24.781976
1989-07-13,1989,7,13,0
1989-07-14,1989,7,14,0
1989-07-15,1989,7,15,1.5908285
1989-07-16,1989,7,16,0
1989-07-17,1989,7,17,12.992963
1989-07-18,1989,7,18,0
1989-07-19,1989,7,19,9.0163042
1989-07-20,1989,7,20,0.48506349
1989-07-21,1989,7,21,1.7094614
1989-07-22,1989,7,22,7.9208343
1989-07-23,1989,7,23,18.108963
1989-07-24,1989,7,24,0.0037107937
1989-07-25,1989,7,25,34.476592
1989-07-26,1989,7,26,27.773573
1989-07-27,1989,7,27,26.11382
1989-07-28,1989,7,28,47.131594
1989-07-29,1989,7,29,12.952983
1989-07-30,1989,7,30,23.083244
1989-07-31,1989,7,31,46.032784
1989-08-01,1989,8,1,16.789591
1989-08-02,1989,8,2,13.568309
1989-08-03,1989,8,3,13.988374
1989-08-04,1989,8,4,0.00015882451
1989-08-05,1989,8,5,0
1989-08-06,1989,8,6,10.64051
1989-08-07,1989,8,7,0
1989-08-08,1989,8,8,0
1989-08-09,1989,8,9,0
1989-08-10,1989,8,10,0
1989-08-11,1989,8,11,2.9464949
1989-08-12,1989,8,12,15.74606
1989-08-13,1989,8,13,0
1989-08-14,1989,8,14,0
1989-08-15,1989,8,15,25.627686
1989-08-16,1989,8,16,23.848963
1989-08-17,1989,8,17,23.597155
1989-08-18,1989,8,18,8.7201118
1989-08-19,1989,8,19,2.3222039
1989-08-20,1989,8,20,0.20557241
1989-08-21,1989,8,21,5.6595997
1989-08-22,1989,8,22,34.362929
1989-08-23,1989,8,23,35.031366
1989-08-24,1989,8,24,12.78744
1989-08-25,1989,8,25,28.377627
1989-08-26,1989,8,26,1.2830564
1989-08-27,1989,8,27,0
1989-08-28,1989,8,28,16.6049
1989-08-29,1989,8,29,0
1989-08-30,1989,8,30,0
1989-08-31,1989,8,31,0
1989-09-01,1989,9,1,0
1989-09-02,1989,9,2,36.030332
1989-09-03,1989,9,3,9.0129503
1989-09-04,1989,9,4,10.285137
1989-09-05,1989,9,5,0
1989-09-06,1989,9,6,0
1989-09-07,1989,9,7,0.070762067
1989-09-08,1989,9,8,0
1989-09-09,1989,9,9,0.11805208
1989-09-10,1989,9,10,0.0001013755
1989-09-11,1989,9,11,0
1989-09-12,1989,9,12,0
1989-09-13,1989,9,13,0
1989-09-14,1989,9,14,0
1989-09-15,1989,9,15,0
1989-09-16,1989,9,16,0
1989-09-17,1989,9,17,0
1989-09-18,1989,9,18,0
1989-09-19,1989,9,19,0
1989-09-20,1989,9,20,7.705683
1989-09-21,1989,9,21,5.9195629
1989-09-22,1989,9,22,4.6125434
1989-09-23,1989,9,23,0
1989-09-24,1989,9,24,0
1989-09-25,1989,9,25,0
1989-09-26,1989,9,26,0
1989-09-27,1989,9,27,4.3092115
1989-09-28,1989,9,28,0
1989-09-29,1989,9,29,0
1989-09-30,1989,9,30,2.1615039
1989-10-01,1989,10,1,14.819418
1989-10-02,1989,10,2,0
1989-10-03,1989,10,3,0
1989-10-04,1989,10,4,0
1989-10-05,1989,10,5,0
1989-10-06,1989,10,6,0
1989-10-07,1989,10,7,0
1989-10-08,1989,10,8,0
1989-10-09,1989,10,9,0
1989-10-10,1989,10,10,0
1989-10-11,1989,10,11,0
1989-10-12,1989,10,12,0
1989-10-13,1989,10,13,0
1989-10-14,1989,10,14,0
1989-10-15,1989,10,15,0
1989-10-16,1989,10,16,0
1989-10-17,1989,10,17,0
1989-10-18,1989,10,18,0
1989-10-19,1989,10,19,0
1989-10-20,1989,10,20,0
1989-10-21,1989,10,21,0
1989-10-22,1989,10,22,6.1486165
1989-10-23,1989,10,23,7.4234947
1989-10-24,1989,10,24,38.315107
1989-10-25,1989,10,25,15.465064
1989-10-26,1989,10,26,0
1989-10-27,1989,10,27,0.012452441
1989-10-28,1989,10,28,4.2169223
1989-10-29,1989,10,29,0
1989-10-30,1989,10,30,0
1989-10-31,1989,10,31,0.0035434009
1989-11-01,1989,11,1,3.5476473
1989-11-02,1989,11,2,1.5803355
1989-11-03,1989,11,3,0.41907965
1989-11-04,1989,11,4,0
1989-11-05,1989,11,5,0
1989-11-06,1989,11,6,1.6800496
1989-11-07,1989,11,7,23.63463
1989-11-08,1989,11,8,0.88066355
1989-11-09,1989,11,9,0.00011103698
1989-11-10,1989,11,10,3.0882918
1989-11-11,1989,11,11,0
1989-11-12,1989,11,12,0
1989-11-13,1989,11,13,0
1989-11-14,1989,11,14,1.1427908
1989-11-15,1989,11,15,0
1989-11-16,1989,11,16,0
1989-11-17,1989,11,17,0
1989-11-18,1989,11,18,0
1989-11-19,1989,11,19,0
1989-11-20,1989,11,20,0
1989-11-21,1989,11,21,0
1989-11-22,1989,11,22,0.15884507
1989-11-23,1989,11,23,0.21731882
1989-11-24,1989,11,24,0
1989-11-25,1989,11,25,2.511401
1989-11-26,1989,11,26,0
1989-11-27,1989,11,27,0
1989-11-28,1989,11,28,0
1989-11-29,1989,11,29,0
1989-11-30,1989,11,30,0
1989-12-01,1989,12,1,3.7873909
1989-12-02,1989,12,2,16.251757
1989-12-03,1989,12,3,6.1965081
1989-12-04,1989,12,4,32.685882
1989-12-05,1989,12,5,4.9325075
1989-12-06,1989,12,6,0
1989-12-07,1989,12,7,0
1989-12-08,1989,12,8,0.001272401
1989-12-09,1989,12,9,18.139903
1989-12-10,1989,12,10,66.11986
1989-12-11,1989,12,11,58.566753
1989-12-12,1989,12,12,5.7123861
1989-12-13,1989,12,13,0
1989-12-14,1989,12,14,2.6238981
1989-12-15,1989,12,15,24.193478
1989-12-16,1989,12,16,1.3228115
1989-12-17,1989,12,17,0
1989-12-18,1989,12,18,0
1989-12-19,1989,12,19,0
1989-12-20,1989,12,20,0
1989-12-21,1989,12,21,0.17600348
1989-12-22,1989,12,22,0
1989-12-23,1989,12,23,0
1989-12-24,1989,12,24,0
1989-12-25,1989,12,25,4.7209162
1989-12-26,1989,12,26,0
1989-12-27,1989,12,27,0
1989-12-28,1989,12,28,0
1989-12-29,1989,12,29,0
1989-12-30,1989,12,30,0
1989-12-31,1989,12,31,0
1990-01-01,1990,1,1,0
1990-01-02,1990,1,2,0
1990-01-03,1990,1,3,0
1990-01-04,1990,1,4,0
1990-01-05,1990,1,5,0
1990-01-06,1990,1,6,0
1990-01-07,1990,1,7,0
1990-01-08,1990,1,8,0
1990-01-09,1990,1,9,0
1990-01-10,1990,1,10,0
1990-01-11,1990,1,11,0
1990-01-12,1990,1,12,2.8827619
1990-01-13,1990,1,13,0
1990-01-14,1990,1,14,0
1990-01-15,1990,1,15,28.51194
1990-01-16,1990,1,16,3.7690593
1990-01-17,1990,1,17,0
1990-01-18,1990,1,18,0
1990-01-19,1990,1,19,0
1990-01-20,1990,1,20,0
1990-01-21,1990,1,21,0
1990-01-22,1990,1,22,0
1990-01-23,1990,1,23,0
1990-01-24,1990,1,24,0
1990-01-25,1990,1,25,0
1990-01-26,1990,1,26,2.5737628
1990-01-27,1990,1,27,0
1990-01-28,1990,1,28,0
1990-01-29,1990,1,29,0
1990-01-30,1990,1,30,0
1990-01-31,1990,1,31,0
1990-02-01,1990,2,1,0
1990-02-02,1990,2,2,0
1990-02-03,1990,2,3,0
1990-02-04,1990,2,4,0
1990-02-05,1990,2,5,0
1990-02-06,1990,2,6,0
1990-02-07,1990,2,7,0.072879082
1990-02-08,1990,2,8,0
1990-02-09,1990,2,9,0
1990-02-10,1990,2,10,0
1990-02-11,1990,2,11,0
1990-02-12,1990,2,12,0
1990-02-13,1990,2,13,1.4666664
1990-02-14,1990,2,14,0.21563047
1990-02-15,1990,2,15,0
1990-02-16,1990,2,16,0
1990-02-17,1990,2,17,0
1990-02-18,1990,2,18,5.2882577
1990-02-19,1990,2,19,0.035589327
1990-02-20,1990,2,20,17.742907
1990-02-21,1990,2,21,13.19279
1990-02-22,1990,2,22,18.270332
1990-02-23,1990,2,23,0
1990-02-24,1990,2,24,0
1990-02-25,1990,2,25,0
1990-02-26,1990,2,26,0
1990-02-27,1990,2,27,12.207099
1990-02-28,1990,2,28,2.1554734
1990-03-01,1990,3,1,0
1990-03-02,1990,3,2,0
1990-03-03,1990,3,3,0
1990-03-04,1990,3,4,0
1990-03-05,1990,3,5,0
1990-03-06,1990,3,6,0
1990-03-07,1990,3,7,0
1990-03-08,1990,3,8,0
1990-03-09,1990,3,9,0
1990-03-10,1990,3,10,0
1990-03-11,1990,3,11,0
1990-03-12,1990,3,12,0
1990-03-13,1990,3,13,0
1990-03-14,1990,3,14,0
1990-03-15,1990,3,15,0
1990-03-16,1990,3,16,0
1990-03-17,1990,3,17,0
1990-03-18,1990,3,18,0
1990-03-19,1990,3,19,0
1990-03-20,1990,3,20,0
1990-03-21,1990,3,21,0
1990-03-22,1990,3,22,0
1990-03-23,1990,3,23,0
1990-03-24,1990,3,24,0
1990-03-25,1990,3,25,0.031213687
1990-03-26,1990,3,26,0
1990-03-27,1990,3,27,48.367888
1990-03-28,1990,3,28,45.355888
1990-03-29,1990,3,29,12.761448
1990-03-30,1990,3,30,23.899453
1990-03-31,1990,3,31,8.8546452
1990-04-01,1990,4,1,0
1990-04-02,1990,4,2,0.45538389
1990-04-03,1990,4,3,0
1990-04-04,1990,4,4,0
1990-04-05,1990,4,5,3.7851386
1990-04-06,1990,4,6,0.98346203
1990-04-07,1990,4,7,18.931926
1990-04-08,1990,4,8,33.116157
1990-04-09,1990,4,9,14.153206
1990-04-10,1990,4,10,0
1990-04-11,1990,4,11,0
1990-04-12,1990,4,12,4.9224153
1990-04-13,1990,4,13,30.192699
1990-04-14,1990,4,14,22.170496
1990-04-15,1990,4,15,47.405285
1990-04-16,1990,4,16,5.5982594
1990-04-17,1990,4,17,0
1990-04-18,1990,4,18,0
1990-04-19,1990,4,19,0
1990-04-20,1990,4,20,5.3209488
1990-04-21,1990,4,21,0
1990-04-22,1990,4,22,0
1990-04-23,1990,4,23,0
1990-04-24,1990,4,24,0
1990-04-25,1990,4,25,1.5675746
1990-04-26,1990,4,26,0
1990-04-27,1990,4,27,0
1990-04-28,1990,4,28,0
1990-04-29,1990,4,29,0
1990-04-30,1990,4,30,0
1990-05-01,1990,5,1,11.64852
1990-05-02,1990,5,2,17.665626
1990-05-03,1990,5,3,23.405569
1990-05-04,1990,5,4,8.2835707
1990-05-05,1990,5,5,35.161547
1990-05-06,1990,5,6,0.67537147
1990-05-07,1990,5,7,10.147709
1990-05-08,1990,5,8,32.72605
1990-05-09,1990,5,9,27.262094
1990-05-10,1990,5,10,8.7584084
1990-05-11,1990,5,11,1.5863191
1990-05-12,1990,5,12,10.629881
1990-05-13,1990,5,13,3.6551978
1990-05-14,1990,5,14,10.692529
1990-05-15,1990,5,15,15.806243
1990-05-16,1990,5,16,0
1990-05-17,1990,5,17,0
1990-05-18,1990,5,18,1.5347808
1990-05-19,1990,5,19,12.349802
1990-05-20,1990,5,20,0
1990-05-21,1990,5,21,0
1990-05-22,1990,5,22,0
1990-05-23,1990,5,23,8.9343327
1990-05-24,1990,5,24,0
1990-05-25,1990,5,25,15.713532
1990-05-26,1990,5,26,7.8483528
1990-05-27,1990,5,27,0.73618783
1990-05-28,1990,5,28,5.7174933
1990-05-29,1990,5,29,0
1990-05-30,1990,5,30,0
1990-05-31,1990,5,31,49.65259
1990-06-01,1990,6,1,62.884897
1990-06-02,1990,6,2,12.551799
1990-06-03,1990,6,3,1.2601927e-05
1990-06-04,1990,6,4,5.4142974
1990-06-05,1990,6,5,14.963488
1990-06-06,1990,6,6,0.11337122
1990-06-07,1990,6,7,8.0894484
1990-06-08,1990,6,8,14.252677
1990-06-09,1990,6,9,0
1990-06-10,1990,6,10,0
1990-06-11,1990,6,11,0
1990-06-12,1990,6,12,19.772005
1990-06-13,1990,6,13,22.44739
1990-06-14,1990,6,14,0
1990-06-15,1990,6,15,0
1990-06-16,1990,6,16,0
1990-06-17,1990,6,17,20.408139
1990-06-18,1990,6,18,0
1990-06-19,1990,6,19,0
1990-06-20,1990,6,20,16.045215
1990-06-21,1990,6,21,47.539367
1990-06-22,1990,6,22,3.4546744
1990-06-23,1990,6,23,0
1990-06-24,1990,6,24,5.0392639
1990-06-25,1990,6,25,31.776526
1990-06-26,1990,6,26,0
1990-06-27,1990,6,27,0
1990-06-28,1990,6,28,0
1990-06-29,1990,6,29,0
1990-06-30,1990,6,30,0
1990-07-01,1990,7,1,13.523438
1990-07-02,1990,7,2,0.1188909
1990-07-03,1990,7,3,0
1990-07-04,1990,7,4,0
1990-07-05,1990,7,5,6.8786183
1990-07-06,1990,7,6,4.9932203
1990-07-07,1990,7,7,0
1990-07-08,1990,7,8,1.8931541
1990-07-09,1990,7,9,8.1424241
1990-07-10,1990,7,10,0
1990-07-11,1990,7,11,0
1990-07-12,1990,7,12,23.225247
1990-07-13,1990,7,13,0
1990-07-14,1990,7,14,16.635923
1990-07-15,1990,7,15,29.20935
1990-07-16,1990,7,16,11.057814
1990-07-17,1990,7,17,1.6223659
1990-07-18,1990,7,18,0
1990-07-19,1990,7,19,0
1990-07-20,1990,7,20,0
1990-07-21,1990,7,21,0
1990-07-22,1990,7,22,0
1990-07-23,1990,7,23,23.157753
1990-07-24,1990,7,24,5.7156892
1990-07-25,1990,7,25,26.608115
1990-07-26,1990,7,26,2.510655
1990-07-27,1990,7,27,0
1990-07-28,1990,7,28,0
1990-07-29,1990,7,29,0
1990-07-30,1990,7,30,0
1990-07-31,1990,7,31,24.327094
1990-08-01,1990,8,1,46.540735
1990-08-02,1990,8,2,19.945644
1990-08-03,1990,8,3,0
1990-08-04,1990,8,4,3.5857502
1990-08-05,1990,8,5,23.955533
1990-08-06,1990,8,6,47.266977
1990-08-07,1990,8,7,8.3899141
1990-08-08,1990,8,8,0
1990-08-09,1990,8,9,0
1990-08-10,1990,8,10,0
1990-08-11,1990,8,11,0
1990-08-12,1990,8,12,0
1990-08-13,1990,8,13,25.018811
1990-08-14,1990,8,14,6.4953043
1990-08-15,1990,8,15,0
1990-08-16,1990,8,16,0.17720837
1990-08-17,1990,8,17,0.30691189
1990-08-18,1990,8,18,0.00024748476
1990-08-19,1990,8,19,6.402989
1990-08-20,1990,8,20,0
1990-08-21,1990,8,21,0
1990-08-22,1990,8,22,0
1990-08-23,1990,8,23,0
1990-08-24,1990,8,24,0
1990-08-25,1990,8,25,31.144329
1990-08-26,1990,8,26,3.1707117
1990-08-27,1990,8,27,0
1990-08-28,1990,8,28,16.534656
1990-08-29,1990,8,29,12.446773
1990-08-30,1990,8,30,0
1990-08-31,1990,8,31,0
1990-09-01,1990,9,1,0.51655023
1990-09-02,1990,9,2,14.472529
1990-09-03,1990,9,3,0.11161517
1990-09-04,1990,9,4,18.29805
1990-09-05,1990,9,5,5.9853547
1990-09-06,1990,9,6,9.7954622
1990-09-07,1990,9,7,69.759789
1990-09-08,1990,9,8,21.501196
1990-09-09,1990,9,9,48.48694
1990-09-10,1990,9,10,15.431685
1990-09-11,1990,9,11,3.2304062
1990-09-12,1990,9,12,0
1990-09-13,1990,9,13,0
1990-09-14,1990,9,14,0
1990-09-15,1990,9,15,0
1990-09-16,1990,9,16,0
1990-09-17,1990,9,17,4.5713541
1990-09-18,1990,9,18,11.631008
1990-09-19,1990,9,19,28.966597
1990-09-20,1990,9,20,24.412878
1990-09-21,1990,9,21,7.6019725
1990-09-22,1990,9,22,0
1990-09-23,1990,9,23,0
1990-09-24,1990,9,24,0
1990-09-25,1990,9,25,23.874712
1990-09-26,1990,9,26,4.5521162
1990-09-27,1990,9,27,0
1990-09-28,1990,9,28,0
1990-09-29,1990,9,29,0.48198746
1990-09-30,1990,9,30,16.797615
1990-10-01,1990,10,1,0
1990-10-02,1990,10,2,0
1990-10-03,1990,10,3,0
1990-10-04,1990,10,4,7.3663073
1990-10-05,1990,10,5,0
1990-10-06,1990,10,6,0
1990-10-07,1990,10,7,0
1990-10-08,1990,10,8,3.5796415
1990-10-09,1990,10,9,32.546251
1990-10-10,1990,10,10,13.389241
1990-10-11,1990,10,11,6.0541507
1990-10-12,1990,10,12,4.5131389
1990-10-13,1990,10,13,0
1990-10-14,1990,10,14,0
1990-10-15,1990,10,15,0
1990-10-16,1990,10,16,0
1990-10-17,1990,10,17,0
1990-10-18,1990,10,18,0
1990-10-19,1990,10,19,0
1990-10-20,1990,10,20,0
1990-10-21,1990,10,21,0
1990-10-22,1990,10,22,0
1990-10-23,1990,10,23,0
1990-10-24,1990,10,24,3.7516824
1990-10-25,1990,10,25,0.066357202
1990-10-26,1990,10,26,0.31366774
1990-10-27,1990,10,27,0
1990-10-28,1990,10,28,0
1990-10-29,1990,10,29,8.0864862
1990-10-30,1990,10,30,14.743694
1990-10-31,1990,10,31,0.43033463
1990-11-01,1990,11,1,2.8151879
1990-11-02,1990,11,2,30.77211
1990-11-03,1990,11,3,11.66389
1990-11-04,1990,11,4,0
1990-11-05,1990,11,5,0
1990-11-06,1990,11,6,0
1990-11-07,1990,11,7,0
1990-11-08,1990,11,8,0
1990-11-09,1990,11,9,0.63143124
1990-11-10,1990,11,10,0
1990-11-11,1990,11,11,0
1990-11-12,1990,11,12,7.6852226
1990-11-13,1990,11,13,13.761316
1990-11-14,1990,11,14,5.4208479
1990-11-15,1990,11,15,0
1990-11-16,1990,11,16,0
1990-11-17,1990,11,17,0
1990-11-18,1990,11,18,0
1990-11-19,1990,11,19,0.00036351688
1990-11-20,1990,11,20,0
1990-11-21,1990,11,21,0
1990-11-22,1990,11,22,0
1990-11-23,1990,11,23,0
1990-11-24,1990,11,24,0
1990-11-25,1990,11,25,0
1990-11-26,1990,11,26,0
1990-11-27,1990,11,27,0
1990-11-28,1990,11,28,0.78682954
1990-11-29,1990,11,29,4.7858375
1990-11-30,1990,11,30,1.7411982
1990-12-01,1990,12,1,17.414523
1990-12-02,1990,12,2,0.86353976
1990-12-03,1990,12,3,0.97633092
1990-12-04,1990,12,4,2.506713
1990-12-05,1990,12,5,2.3725018
1990-12-06,1990,12,6,0
1990-12-07,1990,12,7,5.3123561
1990-12-08,1990,12,8,10.106607
1990-12-09,1990,12,9,9.9054387
1990-12-10,1990,12,10,0.18405554
1990-12-11,1990,12,11,0
1990-12-12,1990,12,12,0
1990-12-13,1990,12,13,0
1990-12-14,1990,12,14,0
1990-12-15,1990,12,15,0
1990-12-16,1990,12,16,0
1990-12-17,1990,12,17,0
1990-12-18,1990,12,18,0
1990-12-19,1990,12,19,0
1990-12-20,1990,12,20,0
1990-12-21,1990,12,21,0
1990-12-22,1990,12,22,0
1990-12-23,1990,12,23,0
1990-12-24,1990,12,24,0
1990-12-25,1990,12,25,0
1990-12-26,1990,12,26,0.55368493
1990-12-27,1990,12,27,0
1990-12-28,1990,12,28,0
1990-12-29,1990,12,29,0
1990-12-30,1990,12,30,0
1990-12-31,1990,12,31,2.9814491
1991-01-01,1991,1,1,1.4663004
1991-01-02,1991,1,2,0
1991-01-03,1991,1,3,0
1991-01-04,1991,1,4,0
1991-01-05,1991,1,5,0
1991-01-06,1991,1,6,0
1991-01-07,1991,1,7,0
1991-01-08,1991,1,8,0
1991-01-09,1991,1,9,0
1991-01-10,1991,1,10,0
1991-01-11,1991,1,11,0
1991-01-12,1991,1,12,0
1991-01-13,1991,1,13,0.0045464154
1991-01-14,1991,1,14,0
1991-01-15,1991,1,15,0
1991-01-16,1991,1,16,0
1991-01-17,1991,1,17,0
1991-01-18,1991,1,18,0
1991-01-19,1991,1,19,21.243655
1991-01-20,1991,1,20,4.5583333
1991-01-21,1991,1,21,0
1991-01-22,1991,1,22,0
1991-01-23,1991,1,23,0.098255975
1991-01-24,1991,1,24,0
1991-01-25,1991,1,25,0
1991-01-26,1991,1,26,0
1991-01-27,1991,1,27,6.5065165
1991-01-28,1991,1,28,6.7107023
1991-01-29,1991,1,29,0
1991-01-30,1991,1,30,0
1991-01-31,1991,1,31,0
1991-02-01,1991,2,1,0
1991-02-02,1991,2,2,0.0047558599
1991-02-03,1991,2,3,0.29759756
1991-02-04,1991,2,4,0
1991-02-05,1991,2,5,0
1991-02-06,1991,2,6,0
1991-02-07,1991,2,7,0
1991-02-08,1991,2,8,0
1991-02-09,1991,2,9,0
1991-02-10,1991,2,10,0
1991-02-11,1991,2,11,0
1991-02-12,1991,2,12,0
1991-02-13,1991,2,13,0
1991-02-14,1991,2,14,0
1991-02-15,1991,2,15,0
1991-02-16,1991,2,16,0
1991-02-17,1991,2,17,0
1991-02-18,1991,2,18,0
1991-02-19,1991,2,19,0
1991-02-20,1991,2,20,0
1991-02-21,1991,2,21,0
1991-02-22,1991,2,22,0
1991-02-23,1991,2,23,0
1991-02-24,1991,2,24,0
1991-02-25,1991,2,25,0
1991-02-26,1991,2,26,17.640727
1991-02-27,1991,2,27,0.038719233
1991-02-28,1991,2,28,0
1991-03-01,1991,3,1,17.014433
1991-03-02,1991,3,2,5.6578982
1991-03-03,1991,3,3,0
1991-03-04,1991,3,4,0
1991-03-05,1991,3,5,0
1991-03-06,1991,3,6,3.3957364
1991-03-07,1991,3,7,6.1903489
1991-03-08,1991,3,8,0
1991-03-09,1991,3,9,0
1991-03-10,1991,3,10,0
1991-03-11,1991,3,11,0
1991-03-12,1991,3,12,0
1991-03-13,1991,3,13,0
1991-03-14,1991,3,14,0
1991-03-15,1991,3,15,0
1991-03-16,1991,3,16,0
1991-03-17,1991,3,17,0
1991-03-18,1991,3,18,2.6078617
1991-03-19,1991,3,19,0
1991-03-20,1991,3,20,0
1991-03-21,1991,3,21,0.59642278
1991-03-22,1991,3,22,26.994119
1991-03-23,1991,3,23,3.0883809
1991-03-24,1991,3,24,0
1991-03-25,1991,3,25,0
1991-03-26,1991,3,26,0
1991-03-27,1991,3,27,0
1991-03-28,1991,3,28,0
1991-03-29,1991,3,29,0.96921858
1991-03-30,1991,3,30,0
1991-03-31,1991,3,31,14.4247
1991-04-01,1991,4,1,1.1065482
1991-04-02,1991,4,2,0
1991-04-03,1991,4,3,0
1991-04-04,1991,4,4,0
1991-04-05,1991,4,5,0
1991-04-06,1991,4,6,12.626551
1991-04-07,1991,4,7,8.991931
1991-04-08,1991,4,8,52.556943
1991-04-09,1991,4,9,10.246606
1991-04-10,1991,4,10,15.022789
1991-04-11,1991,4,11,12.547062
1991-04-12,1991,4,12,27.847059
1991-04-13,1991,4,13,33.345148
1991-04-14,1991,4,14,7.3742696
1991-04-15,1991,4,15,36.9259
1991-04-16,1991,4,16,32.086118
1991-04-17,1991,4,17,8.3104746
1991-04-18,1991,4,18,0
1991-04-19,1991,4,19,0
1991-04-20,1991,4,20,0
1991-04-21,1991,4,21,0.015363367
1991-04-22,1991,4,22,3.8637028
1991-04-23,1991,4,23,0
1991-04-24,1991,4,24,0
1991-04-25,1991,4,25,0
1991-04-26,1991,4,26,0
1991-04-27,1991,4,27,0.37771647
1991-04-28,1991,4,28,0
1991-04-29,1991,4,29,0.79949105
1991-04-30,1991,4,30,1.046478
1991-05-01,1991,5,1,19.93803
1991-05-02,1991,5,2,6.9458684
1991-05-03,1991,5,3,3.293105
1991-05-04,1991,5,4,0
1991-05-05,1991,5,5,0
1991-05-06,1991,5,6,0
1991-05-07,1991,5,7,0
1991-05-08,1991,5,8,0
1991-05-09,1991,5,9,0
1991-05-10,1991,5,10,0.12189784
1991-05-11,1991,5,11,8.7952323
1991-05-12,1991,5,12,0
1991-05-13,1991,5,13,0
1991-05-14,1991,5,14,9.8763335
1991-05-15,1991,5,15,54.998019
1991-05-16,1991,5,16,63.610972
1991-05-17,1991,5,17,39.885054
1991-05-18,1991,5,18,19.046801
1991-05-19,1991,5,19,10.603981
1991-05-20,1991,5,20,0
1991-05-21,1991,5,21,0.10781042
1991-05-22,1991,5,22,20.234161
1991-05-23,1991,5,23,39.408418
1991-05-24,1991,5,24,34.439987
1991-05-25,1991,5,25,51.710454
1991-05-26,1991,5,26,68.918616
1991-05-27,1991,5,27,64.979175
1991-05-28,1991,5,28,61.919268
1991-05-29,1991,5,29,0.75300543
1991-05-30,1991,5,30,0
1991-05-31,1991,5,31,0.28743905
1991-06-01,1991,6,1,20.210193
1991-06-02,1991,6,2,9.2926031
1991-06-03,1991,6,3,10.39851
1991-06-04,1991,6,4,12.771837
1991-06-05,1991,6,5,0
1991-06-06,1991,6,6,0
1991-06-07,1991,6,7,0
1991-06-08,1991,6,8,0
1991-06-09,1991,6,9,3.3872728
1991-06-10,1991,6,10,12.080846
1991-06-11,1991,6,11,0
1991-06-12,1991,6,12,0
1991-06-13,1991,6,13,0
1991-06-14,1991,6,14,0
1991-06-15,1991,6,15,16.903107
1991-06-16,1991,6,16,23.139686
1991-06-17,1991,6,17,14.02977
1991-06-18,1991,6,18,21.054015
1991-06-19,1991,6,19,7.1923997
1991-06-20,1991,6,20,21.5968
1991-06-21,1991,6,21,10.59632
1991-06-22,1991,6,22,0
1991-06-23,1991,6,23,0
1991-06-24,1991,6,24,22.790221
1991-06-25,1991,6,25,13.02267
1991-06-26,1991,6,26,0.0042695222
1991-06-27,1991,6,27,0
1991-06-28,1991,6,28,0
1991-06-29,1991,6,29,0
1991-06-30,1991,6,30,17.730077
1991-07-01,1991,7,1,8.46857
1991-07-02,1991,7,2,0
1991-07-03,1991,7,3,0.15761649
1991-07-04,1991,7,4,10.634685
1991-07-05,1991,7,5,25.738332
1991-07-06,1991,7,6,19.964407
1991-07-07,1991,7,7,65.152455
1991-07-08,1991,7,8,34.489899
1991-07-09,1991,7,9,16.028792
1991-07-10,1991,7,10,8.3465622
1991-07-11,1991,7,11,0
1991-07-12,1991,7,12,0
1991-07-13,1991,7,13,0
1991-07-14,1991,7,14,0
1991-07-15,1991,7,15,5.7700566
1991-07-16,1991,7,16,4.7616146
1991-07-17,1991,7,17,15.946584
1991-07-18,1991,7,18,31.766867
1991-07-19,1991,7,19,8.0708041
1991-07-20,1991,7,20,5.8996323
1991-07-21,1991,7,21,0
1991-07-22,1991,7,22,0.19194919
1991-07-23,1991,7,23,24.030311
1991-07-24,1991,7,24,9.3823666
1991-07-25,1991,7,25,30.212953
1991-07-26,1991,7,26,15.927794
1991-07-27,1991,7,27,18.467462
1991-07-28,1991,7,28,0
1991-07-29,1991,7,29,4.8714483
1991-07-30,1991,7,30,18.738011
1991-07-31,1991,7,31,0
1991-08-01,1991,8,1,0
1991-08-02,1991,8,2,0
1991-08-03,1991,8,3,0
1991-08-04,1991,8,4,10.436691
1991-08-05,1991,8,5,16.785989
1991-08-06,1991,8,6,21.250243
1991-08-07,1991,8,7,5.6931646
1991-08-08,1991,8,8,0
1991-08-09,1991,8,9,0
1991-08-10,1991,8,10,0
1991-08-11,1991,8,11,2.968003
1991-08-12,1991,8,12,22.531322
1991-08-13,1991,8,13,12.259178
1991-08-14,1991,8,14,42.817776
1991-08-15,1991,8,15,8.6265116
1991-08-16,1991,8,16,0
1991-08-17,1991,8,17,0
1991-08-18,1991,8,18,0
1991-08-19,1991,8,19,2.4324236
1991-08-20,1991,8,20,0
1991-08-21,1991,8,21,0
1991-08-22,1991,8,22,0
1991-08-23,1991,8,23,0
1991-08-24,1991,8,24,0
1991-08-25,1991,8,25,0
1991-08-26,1991,8,26,0
1991-08-27,1991,8,27,0
1991-08-28,1991,8,28,0.26495525
1991-08-29,1991,8,29,0
1991-08-30,1991,8,30,0
1991-08-31,1991,8,31,9.1960588
1991-09-01,1991,9,1,18.162675
1991-09-02,1991,9,2,8.3698791
1991-09-03,1991,9,3,10.907349
1991-09-04,1991,9,4,8.4065234
1991-09-05,1991,9,5,0.31446449
1991-09-06,1991,9,6,6.5326004
1991-09-07,1991,9,7,0
1991-09-08,1991,9,8,0
1991-09-09,1991,9,9,0
1991-09-10,1991,9,10,0
1991-09-11,1991,9,11,11.948969
1991-09-12,1991,9,12,26.522885
1991-09-13,1991,9,13,0
1991-09-14,1991,9,14,0
1991-09-15,1991,9,15,18.832434
1991-09-16,1991,9,16,22.183066
1991-09-17,1991,9,17,10.961802
1991-09-18,1991,9,18,0
1991-09-19,1991,9,19,23.839789
1991-09-20,1991,9,20,17.740812
1991-09-21,1991,9,21,7.9465992
1991-09-22,1991,9,22,0
1991-09-23,1991,9,23,10.374281
1991-09-24,1991,9,24,0
1991-09-25,1991,9,25,0
1991-09-26,1991,9,26,0
1991-09-27,1991,9,27,0
1991-09-28,1991,9,28,0
1991-09-29,1991,9,29,0
1991-09-30,1991,9,30,0
1991-10-01,1991,10,1,0
1991-10-02,1991,10,2,0
1991-10-03,1991,10,3,0
1991-10-04,1991,10,4,0.026078142
1991-10-05,1991,10,5,7.7052948
1991-10-06,1991,10,6,0
1991-10-07,1991,10,7,0
1991-10-08,1991,10,8,0
1991-10-09,1991,10,9,0
1991-10-10,1991,10,10,0
1991-10-11,1991,10,11,22.12631
1991-10-12,1991,10,12,15.736514
1991-10-13,1991,10,13,32.243667
1991-10-14,1991,10,14,13.432561
1991-10-15,1991,10,15,0
1991-10-16,1991,10,16,0
1991-10-17,1991,10,17,8.0104636
1991-10-18,1991,10,18,3.3328685
1991-10-19,1991,10,19,0
1991-10-20,1991,10,20,0
1991-10-21,1991,10,21,0
1991-10-22,1991,10,22,0
1991-10-23,1991,10,23,0
1991-10-24,1991,10,24,0
1991-10-25,1991,10,25,0
1991-10-26,1991,10,26,0
1991-10-27,1991,10,27,0
1991-10-28,1991,10,28,0
1991-10-29,1991,10,29,0
1991-10-30,1991,10,30,0
1991-10-31,1991,10,31,0
1991-11-01,1991,11,1,0.013144161
1991-11-02,1991,11,2,1.0357073
1991-11-03,1991,11,3,0.73421212
1991-11-04,1991,11,4,10.224146
1991-11-05,1991,11,5,0
1991-11-06,1991,11,6,0.091878832
1991-11-07,1991,11,7,0
1991-11-08,1991,11,8,0
1991-11-09,1991,11,9,0
1991-11-10,1991,11,10,0
1991-11-11,1991,11,11,0
1991-11-12,1991,11,12,0
1991-11-13,1991,11,13,0
1991-11-14,1991,11,14,0
1991-11-15,1991,11,15,0
1991-11-16,1991,11,16,0
1991-11-17,1991,11,17,9.7010325
1991-11-18,1991,11,18,0
1991-11-19,1991,11,19,0
1991-11-20,1991,11,20,0
1991-11-21,1991,11,21,16.474756
1991-11-22,1991,11,22,27.00703
1991-11-23,1991,11,23,0.24875025
1991-11-24,1991,11,24,0.0020668169
1991-11-25,1991,11,25,0
1991-11-26,1991,11,26,0
1991-11-27,1991,11,27,0
1991-11-28,1991,11,28,0
1991-11-29,1991,11,29,0
1991-11-30,1991,11,30,0
1991-12-01,1991,12,1,0
1991-12-02,1991,12,2,0
1991-12-03,1991,12,3,14.055364
1991-12-04,1991,12,4,12.571122
1991-12-05,1991,12,5,3.928371
1991-12-06,1991,12,6,0
1991-12-07,1991,12,7,18.019496
1991-12-08,1991,12,8,13.677938
1991-12-09,1991,12,9,14.801307
1991-12-10,1991,12,10,17.860512
1991-12-11,1991,12,11,7.0994217
1991-12-12,1991,12,12,0.3014419
1991-12-13,1991,12,13,3.7796047
1991-12-14,1991,12,14,0.15630924
1991-12-15,1991,12,15,27.616764
1991-12-16,1991,12,16,0.96528381
1991-12-17,1991,12,17,3.3470479
1991-12-18,1991,12,18,5.096462
1991-12-19,1991,12,19,1.2900356
1991-12-20,1991,12,20,1.412446
1991-12-21,1991,12,21,36.299317
1991-12-22,1991,12,22,24.38271
1991-12-23,1991,12,23,6.3546986
1991-12-24,1991,12,24,25.4268
1991-12-25,1991,12,25,0
1991-12-26,1991,12,26,0
1991-12-27,1991,12,27,0.0055833934
1991-12-28,1991,12,28,14.829327
1991-12-29,1991,12,29,5.2868289
1991-12-30,1991,12,30,0
1991-12-31,1991,12,31,0.11522035
1992-01-01,1992,1,1,0.27390007
1992-01-02,1992,1,2,0
1992-01-03,1992,1,3,0
1992-01-04,1992,1,4,0
1992-01-05,1992,1,5,0
1992-01-06,1992,1,6,0
1992-01-07,1992,1,7,0
1992-01-08,1992,1,8,0.00084160118
1992-01-09,1992,1,9,0
1992-01-10,1992,1,10,0
1992-01-11,1992,1,11,0
1992-01-12,1992,1,12,0
1992-01-13,1992,1,13,0
1992-01-14,1992,1,14,0
1992-01-15,1992,1,15,0
1992-01-16,1992,1,16,0
1992-01-17,1992,1,17,0
1992-01-18,1992,1,18,0
1992-01-19,1992,1,19,0
1992-01-20,1992,1,20,0
1992-01-21,1992,1,21,0
1992-01-22,1992,1,22,0
1992-01-23,1992,1,23,0
1992-01-24,1992,1,24,0
1992-01-25,1992,1,25,0
1992-01-26,1992,1,26,0
1992-01-27,1992,1,27,0
1992-01-28,1992,1,28,2.6586961e-05
1992-01-29,1992,1,29,0
1992-01-30,1992,1,30,0
1992-01-31,1992,1,31,0.01278804
1992-02-01,1992,2,1,0
1992-02-02,1992,2,2,0
1992-02-03,1992,2,3,0
1992-02-04,1992,2,4,0
1992-02-05,1992,2,5,0
1992-02-06,1992,2,6,0
1992-02-07,1992,2,7,0
1992-02-08,1992,2,8,35.3624
1992-02-09,1992,2,9,0
1992-02-10,1992,2,10,0
1992-02-11,1992,2,11,0
1992-02-12,1992,2,12,0
1992-02-13,1992,2,13,0
1992-02-14,1992,2,14,0
1992-02-15,1992,2,15,0
1992-02-16,1992,2,16,0
1992-02-17,1992,2,17,0
1992-02-18,1992,2,18,6.0725041
1992-02-19,1992,2,19,14.674997
1992-02-20,1992,2,20,2.6146671
1992-02-21,1992,2,21,0
1992-02-22,1992,2,22,0
1992-02-23,1992,2,23,0
1992-02-24,1992,2,24,0
1992-02-25,1992,2,25,2.1856238
1992-02-26,1992,2,26,0
1992-02-27,1992,2,27,0
1992-02-28,1992,2,28,0
1992-02-29,1992,2,29,0
1992-03-01,1992,3,1,0
1992-03-02,1992,3,2,0
1992-03-03,1992,3,3,0
1992-03-04,1992,3,4,0
1992-03-05,1992,3,5,0
1992-03-06,1992,3,6,0
1992-03-07,1992,3,7,0.0027263766
1992-03-08,1992,3,8,39.899851
1992-03-09,1992,3,9,11.862898
1992-03-10,1992,3,10,0
1992-03-11,1992,3,11,0
1992-03-12,1992,3,12,0
1992-03-13,1992,3,13,0
1992-03-14,1992,3,14,0
1992-03-15,1992,3,15,0
1992-03-16,1992,3,16,4.1741327
1992-03-17,1992,3,17,1.6138186
1992-03-18,1992,3,18,0.016716605
1992-03-19,1992,3,19,11.96898
1992-03-20,1992,3,20,4.5993353
1992-03-21,1992,3,21,0
1992-03-22,1992,3,22,0
1992-03-23,1992,3,23,0
1992-03-24,1992,3,24,4.2635456
1992-03-25,1992,3,25,25.70888
1992-03-26,1992,3,26,1.848242
1992-03-27,1992,3,27,0
1992-03-28,1992,3,28,0
1992-03-29,1992,3,29,0
1992-03-30,1992,3,30,0.012229619
1992-03-31,1992,3,31,0
1992-04-01,1992,4,1,5.4525423
1992-04-02,1992,4,2,17.496955
1992-04-03,1992,4,3,24.871936
1992-04-04,1992,4,4,0
1992-04-05,1992,4,5,11.670167
1992-04-06,1992,4,6,0
1992-04-07,1992,4,7,0
1992-04-08,1992,4,8,7.7800035
1992-04-09,1992,4,9,4.2664042
1992-04-10,1992,4,10,0
1992-04-11,1992,4,11,0
1992-04-12,1992,4,12,0
1992-04-13,1992,4,13,0
1992-04-14,1992,4,14,0
1992-04-15,1992,4,15,0.00021913351
1992-04-16,1992,4,16,1.0659989
1992-04-17,1992,4,17,3.9871401
1992-04-18,1992,4,18,18.11352
1992-04-19,1992,4,19,2.1301973
1992-04-20,1992,4,20,12.702766
1992-04-21,1992,4,21,25.973585
1992-04-22,1992,4,22,23.897837
1992-04-23,1992,4,23,26.489755
1992-04-24,1992,4,24,0.10082742
1992-04-25,1992,4,25,0
1992-04-26,1992,4,26,0
1992-04-27,1992,4,27,1.9259825
1992-04-28,1992,4,28,4.6436693
1992-04-29,1992,4,29,8.8493135
1992-04-30,1992,4,30,30.113052
1992-05-01,1992,5,1,13.936247
1992-05-02,1992,5,2,57.601283
1992-05-03,1992,5,3,41.874845
1992-05-04,1992,5,4,54.487109
1992-05-05,1992,5,5,10.322289
1992-05-06,1992,5,6,7.1798585
1992-05-07,1992,5,7,11.285192
1992-05-08,1992,5,8,38.645095
1992-05-09,1992,5,9,11.536846
1992-05-10,1992,5,10,28.792529
1992-05-11,1992,5,11,9.7559694
1992-05-12,1992,5,12,1.4141772
1992-05-13,1992,5,13,24.189143
1992-05-14,1992,5,14,7.2093361
1992-05-15,1992,5,15,22.395807
1992-05-16,1992,5,16,21.604695
1992-05-17,1992,5,17,0
1992-05-18,1992,5,18,0
1992-05-19,1992,5,19,0
1992-05-20,1992,5,20,9.7292994
1992-05-21,1992,5,21,19.250568
1992-05-22,1992,5,22,0
1992-05-23,1992,5,23,22.29716
1992-05-24,1992,5,24,33.58783
1992-05-25,1992,5,25,7.4395034
1992-05-26,1992,5,26,0
1992-05-27,1992,5,27,0
1992-05-28,1992,5,28,13.667836
1992-05-29,1992,5,29,29.325135
1992-05-30,1992,5,30,70.577477
1992-05-31,1992,5,31,56.518009
1992-06-01,1992,6,1,10.068213
1992-06-02,1992,6,2,0
1992-06-03,1992,6,3,18.412275
1992-06-04,1992,6,4,68.86744
1992-06-05,1992,6,5,11.714482
1992-06-06,1992,6,6,13.013759
1992-06-07,1992,6,7,8.7793715
1992-06-08,1992,6,8,11.546761
1992-06-09,1992,6,9,37.313377
1992-06-10,1992,6,10,1.0217871
1992-06-11,1992,6,11,25.641132
1992-06-12,1992,6,12,12.774294
1992-06-13,1992,6,13,0.03072026
1992-06-14,1992,6,14,1.4376226
1992-06-15,1992,6,15,42.707725
1992-06-16,1992,6,16,13.628805
1992-06-17,1992,6,17,18.017933
1992-06-18,1992,6,18,35.43773
1992-06-19,1992,6,19,15.993661
1992-06-20,1992,6,20,15.065978
1992-06-21,1992,6,21,1.9443956
1992-06-22,1992,6,22,9.4486516
1992-06-23,1992,6,23,21.934923
1992-06-24,1992,6,24,24.284036
1992-06-25,1992,6,25,7.8312968
1992-06-26,1992,6,26,0
1992-06-27,1992,6,27,0
1992-06-28,1992,6,28,0
1992-06-29,1992,6,29,0
1992-06-30,1992,6,30,25.056373
1992-07-01,1992,7,1,11.279999
1992-07-02,1992,7,2,33.243796
1992-07-03,1992,7,3,15.766685
1992-07-04,1992,7,4,0
1992-07-05,1992,7,5,0
1992-07-06,1992,7,6,0
1992-07-07,1992,7,7,17.678069
1992-07-08,1992,7,8,1.7608639
1992-07-09,1992,7,9,29.74374
1992-07-10,1992,7,10,14.962976
1992-07-11,1992,7,11,5.1810133
1992-07-12,1992,7,12,0
1992-07-13,1992,7,13,0
1992-07-14,1992,7,14,0
1992-07-15,1992,7,15,3.4650471
1992-07-16,1992,7,16,0
1992-07-17,1992,7,17,0.1054665
1992-07-18,1992,7,18,13.526667
1992-07-19,1992,7,19,20.664937
1992-07-20,1992,7,20,0
1992-07-21,1992,7,21,0
1992-07-22,1992,7,22,0
1992-07-23,1992,7,23,0
1992-07-24,1992,7,24,0.94567403
1992-07-25,1992,7,25,6.5863325
1992-07-26,1992,7,26,0
1992-07-27,1992,7,27,17.400491
1992-07-28,1992,7,28,7.8208971
1992-07-29,1992,7,29,0
1992-07-30,1992,7,30,0
1992-07-31,1992,7,31,0
1992-08-01,1992,8,1,0
1992-08-02,1992,8,2,0
1992-08-03,1992,8,3,8.4974841
1992-08-04,1992,8,4,1.2061841
1992-08-05,1992,8,5,9.3043239
1992-08-06,1992,8,6,12.194995
1992-08-07,1992,8,7,0
1992-08-08,1992,8,8,3.846834
1992-08-09,1992,8,9,0
1992-08-10,1992,8,10,0
1992-08-11,1992,8,11,0
1992-08-12,1992,8,12,0
1992-08-13,1992,8,13,0
1992-08-14,1992,8,14,2.7133552
1992-08-15,1992,8,15,9.9220959
1992-08-16,1992,8,16,4.3452747
1992-08-17,1992,8,17,0
1992-08-18,1992,8,18,0
1992-08-19,1992,8,19,0
1992-08-20,1992,8,20,10.581633
1992-08-21,1992,8,21,36.957973
1992-08-22,1992,8,22,30.149908
1992-08-23,1992,8,23,0
1992-08-24,1992,8,24,0
1992-08-25,1992,8,25,0
1992-08-26,1992,8,26,0
1992-08-27,1992,8,27,0
1992-08-28,1992,8,28,4.6250525
1992-08-29,1992,8,29,25.396558
1992-08-30,1992,8,30,0.25294766
1992-08-31,1992,8,31,0
1992-09-01,1992,9,1,0
1992-09-02,1992,9,2,0
1992-09-03,1992,9,3,21.144869
1992-09-04,1992,9,4,5.086293
1992-09-05,1992,9,5,0
1992-09-06,1992,9,6,0
1992-09-07,1992,9,7,0
1992-09-08,1992,9,8,0
1992-09-09,1992,9,9,0
1992-09-10,1992,9,10,0
1992-09-11,1992,9,11,0
1992-09-12,1992,9,12,0
1992-09-13,1992,9,13,1.6234482
1992-09-14,1992,9,14,0.00028486412
1992-09-15,1992,9,15,34.611335
1992-09-16,1992,9,16,43.613917
1992-09-17,1992,9,17,0.0062298729
1992-09-18,1992,9,18,11.4104
1992-09-19,1992,9,19,26.760099
1992-09-20,1992,9,20,19.455388
1992-09-21,1992,9,21,7.1367743
1992-09-22,1992,9,22,10.543159
1992-09-23,1992,9,23,16.819121
1992-09-24,1992,9,24,0.0046560309
1992-09-25,1992,9,25,0
1992-09-26,1992,9,26,0
1992-09-27,1992,9,27,0
1992-09-28,1992,9,28,0
1992-09-29,1992,9,29,0
1992-09-30,1992,9,30,15.886312
1992-10-01,1992,10,1,9.1266286
1992-10-02,1992,10,2,0
1992-10-03,1992,10,3,12.580833
1992-10-04,1992,10,4,11.225014
1992-10-05,1992,10,5,0
1992-10-06,1992,10,6,0
1992-10-07,1992,10,7,0
1992-10-08,1992,10,8,0
1992-10-09,1992,10,9,11.843403
1992-10-10,1992,10,10,7.7627087
1992-10-11,1992,10,11,21.754699
1992-10-12,1992,10,12,5.7091836
1992-10-13,1992,10,13,0
1992-10-14,1992,10,14,17.893829
1992-10-15,1992,10,15,15.314548
1992-10-16,1992,10,16,0
1992-10-17,1992,10,17,0
1992-10-18,1992,10,18,16.405033
1992-10-19,1992,10,19,0.62899136
1992-10-20,1992,10,20,0
1992-10-21,1992,10,21,0
1992-10-22,1992,10,22,0
1992-10-23,1992,10,23,0.67204183
1992-10-24,1992,10,24,0.00010708053
1992-10-25,1992,10,25,13.353607
1992-10-26,1992,10,26,21.754449
1992-10-27,1992,10,27,8.3241606
1992-10-28,1992,10,28,12.24577
1992-10-29,1992,10,29,0
1992-10-30,1992,10,30,0
1992-10-31,1992,10,31,9.0644564
1992-11-01,1992,11,1,5.4575367
1992-11-02,1992,11,2,14.848821
1992-11-03,1992,11,3,0
1992-11-04,1992,11,4,0
1992-11-05,1992,11,5,0
1992-11-06,1992,11,6,0
1992-11-07,1992,11,7,0
1992-11-08,1992,11,8,0.72811298
1992-11-09,1992,11,9,3.4007955
1992-11-10,1992,11,10,8.783573
1992-11-11,1992,11,11,2.5637993
1992-11-12,1992,11,12,0
1992-11-13,1992,11,13,6.6724644
1992-11-14,1992,11,14,0
1992-11-15,1992,11,15,0
1992-11-16,1992,11,16,0
1992-11-17,1992,11,17,0
1992-11-18,1992,11,18,0
1992-11-19,1992,11,19,0
1992-11-20,1992,11,20,0
1992-11-21,1992,11,21,0
1992-11-22,1992,11,22,0
1992-11-23,1992,11,23,0.60098954
1992-11-24,1992,11,24,1.4737908
1992-11-25,1992,11,25,0.06129343
1992-11-26,1992,11,26,12.675745
1992-11-27,1992,11,27,0
1992-11-28,1992,11,28,0
1992-11-29,1992,11,29,3.9038937
1992-11-30,1992,11,30,0
1992-12-01,1992,12,1,0
1992-12-02,1992,12,2,20.847177
1992-12-03,1992,12,3,16.48841
1992-12-04,1992,12,4,9.6048241
1992-12-05,1992,12,5,0
1992-12-06,1992,12,6,0.35658822
1992-12-07,1992,12,7,0
1992-12-08,1992,12,8,0
1992-12-09,1992,12,9,0
1992-12-10,1992,12,10,0
1992-12-11,1992,12,11,11.213037
1992-12-12,1992,12,12,0.034912342
1992-12-13,1992,12,13,0
1992-12-14,1992,12,14,0
1992-12-15,1992,12,15,6.073947
1992-12-16,1992,12,16,3.907745
1992-12-17,1992,12,17,0
1992-12-18,1992,12,18,0.36612146
1992-12-19,1992,12,19,6.6955553
1992-12-20,1992,12,20,0.00043911415
1992-12-21,1992,12,21,15.305831
1992-12-22,1992,12,22,27.001032
1992-12-23,1992,12,23,0
1992-12-24,1992,12,24,0
1992-12-25,1992,12,25,0
1992-12-26,1992,12,26,4.1352248
1992-12-27,1992,12,27,0
1992-12-28,1992,12,28,0
1992-12-29,1992,12,29,0
1992-12-30,1992,12,30,0
1992-12-31,1992,12,31,0
1993-01-01,1993,1,1,0
1993-01-02,1993,1,2,0
1993-01-03,1993,1,3,0
1993-01-04,1993,1,4,0
1993-01-05,1993,1,5,0
1993-01-06,1993,1,6,0.0083541691
1993-01-07,1993,1,7,0
1993-01-08,1993,1,8,0
1993-01-09,1993,1,9,0
1993-01-10,1993,1,10,14.329655
1993-01-11,1993,1,11,8.8673541
1993-01-12,1993,1,12,0
1993-01-13,1993,1,13,0
1993-01-14,1993,1,14,0
1993-01-15,1993,1,15,0
1993-01-16,1993,1,16,0
1993-01-17,1993,1,17,0
1993-01-18,1993,1,18,0
1993-01-19,1993,1,19,0
1993-01-20,1993,1,20,13.28162
1993-01-21,1993,1,21,4.8029622
1993-01-22,1993,1,22,0
1993-01-23,1993,1,23,0
1993-01-24,1993,1,24,0
1993-01-25,1993,1,25,0
1993-01-26,1993,1,26,0
1993-01-27,1993,1,27,3.1409881
1993-01-28,1993,1,28,0
1993-01-29,1993,1,29,0
1993-01-30,1993,1,30,15.099425
1993-01-31,1993,1,31,0
1993-02-01,1993,2,1,0
1993-02-02,1993,2,2,0
1993-02-03,1993,2,3,0
1993-02-04,1993,2,4,2.8346874
1993-02-05,1993,2,5,0
1993-02-06,1993,2,6,0
1993-02-07,1993,2,7,0
1993-02-08,1993,2,8,0
1993-02-09,1993,2,9,0
1993-02-10,1993,2,10,0
1993-02-11,1993,2,11,0
1993-02-12,1993,2,12,0
1993-02-13,1993,2,13,0
1993-02-14,1993,2,14,0
1993-02-15,1993,2,15,0
1993-02-16,1993,2,16,0
1993-02-17,1993,2,17,0
1993-02-18,1993,2,18,0
1993-02-19,1993,2,19,0
1993-02-20,1993,2,20,0
1993-02-21,1993,2,21,0
1993-02-22,1993,2,22,0
1993-02-23,1993,2,23,0
1993-02-24,1993,2,24,2.1063275
1993-02-25,1993,2,25,0
1993-02-26,1993,2,26,0
1993-02-27,1993,2,27,0
1993-02-28,1993,2,28,0
1993-03-01,1993,3,1,0
1993-03-02,1993,3,2,0
1993-03-03,1993,3,3,0
1993-03-04,1993,3,4,0
1993-03-05,1993,3,5,0.0073654486
1993-03-06,1993,3,6,0
1993-03-07,1993,3,7,0
1993-03-08,1993,3,8,0.30380694
1993-03-09,1993,3,9,0.00093327793
1993-03-10,1993,3,10,1.8079359
1993-03-11,1993,3,11,0
1993-03-12,1993,3,12,0
1993-03-13,1993,3,13,0
1993-03-14,1993,3,14,0
1993-03-15,1993,3,15,0
1993-03-16,1993,3,16,0.16183617
1993-03-17,1993,3,17,33.075771
1993-03-18,1993,3,18,0
1993-03-19,1993,3,19,0
1993-03-20,1993,3,20,0
1993-03-21,1993,3,21,0
1993-03-22,1993,3,22,0
1993-03-23,1993,3,23,0.93570023
1993-03-24,1993,3,24,0
1993-03-25,1993,3,25,3.5206788e-17
1993-03-26,1993,3,26,2.4474275
1993-03-27,1993,3,27,20.720268
1993-03-28,1993,3,28,0
1993-03-29,1993,3,29,0
1993-03-30,1993,3,30,14.725794
1993-03-31,1993,3,31,2.8964378
1993-04-01,1993,4,1,15.052655
1993-04-02,1993,4,2,21.929811
1993-04-03,1993,4,3,0
1993-04-04,1993,4,4,0
1993-04-05,1993,4,5,0
1993-04-06,1993,4,6,0
1993-04-07,1993,4,7,1.1109414
1993-04-08,1993,4,8,0
1993-04-09,1993,4,9,0
1993-04-10,1993,4,10,0.095082741
1993-04-11,1993,4,11,8.2570407
1993-04-12,1993,4,12,11.078677
1993-04-13,1993,4,13,30.14117
1993-04-14,1993,4,14,2.438823
1993-04-15,1993,4,15,3.4542521
1993-04-16,1993,4,16,30.114996
1993-04-17,1993,4,17,17.419154
1993-04-18,1993,4,18,4.5930689
1993-04-19,1993,4,19,0
1993-04-20,1993,4,20,0
1993-04-21,1993,4,21,0
1993-04-22,1993,4,22,19.746666
1993-04-23,1993,4,23,60.368437
1993-04-24,1993,4,24,18.88742
1993-04-25,1993,4,25,0.47793789
1993-04-26,1993,4,26,0
1993-04-27,1993,4,27,0.00035120806
1993-04-28,1993,4,28,0
1993-04-29,1993,4,29,1.5883798
1993-04-30,1993,4,30,0
1993-05-01,1993,5,1,9.3569829
1993-05-02,1993,5,2,71.579155
1993-05-03,1993,5,3,21.50885
1993-05-04,1993,5,4,5.5502757
1993-05-05,1993,5,5,39.905304
1993-05-06,1993,5,6,40.385229
1993-05-07,1993,5,7,9.4056402
1993-05-08,1993,5,8,9.1369267
1993-05-09,1993,5,9,17.889222
1993-05-10,1993,5,10,17.307931
1993-05-11,1993,5,11,16.401467
1993-05-12,1993,5,12,5.9813639
1993-05-13,1993,5,13,0
1993-05-14,1993,5,14,9.5427264
1993-05-15,1993,5,15,42.433713
1993-05-16,1993,5,16,48.379302
1993-05-17,1993,5,17,0.00026968823
1993-05-18,1993,5,18,2.3986413
1993-05-19,1993,5,19,20.149464
1993-05-20,1993,5,20,8.7820178
1993-05-21,1993,5,21,5.9342992
1993-05-22,1993,5,22,36.145053
1993-05-23,1993,5,23,11.99555
1993-05-24,1993,5,24,6.9867224
1993-05-25,1993,5,25,0
1993-05-26,1993,5,26,0
1993-05-27,1993,5,27,3.6508411
1993-05-28,1993,5,28,29.562573
1993-05-29,1993,5,29,28.042814
1993-05-30,1993,5,30,2.9338792
1993-05-31,1993,5,31,0
1993-06-01,1993,6,1,18.175737
1993-06-02,1993,6,2,52.499257
1993-06-03,1993,6,3,18.548169
1993-06-04,1993,6,4,54.172384
1993-06-05,1993,6,5,24.699656
1993-06-06,1993,6,6,16.223241
1993-06-07,1993,6,7,0
1993-06-08,1993,6,8,0
1993-06-09,1993,6,9,0
1993-06-10,1993,6,10,0
1993-06-11,1993,6,11,11.374551
1993-06-12,1993,6,12,0.50441722
1993-06-13,1993,6,13,28.960693
1993-06-14,1993,6,14,1.8276037
1993-06-15,1993,6,15,0
1993-06-16,1993,6,16,0
1993-06-17,1993,6,17,0
1993-06-18,1993,6,18,0
1993-06-19,1993,6,19,5.8220933
1993-06-20,1993,6,20,10.993599
1993-06-21,1993,6,21,4.4820526
1993-06-22,1993,6,22,12.058127
1993-06-23,1993,6,23,11.021938
1993-06-24,1993,6,24,55.530977
1993-06-25,1993,6,25,77.84108
1993-06-26,1993,6,26,22.848267
1993-06-27,1993,6,27,32.354149
1993-06-28,1993,6,28,16.590874
1993-06-29,1993,6,29,15.516054
1993-06-30,1993,6,30,33.002342
1993-07-01,1993,7,1,13.528466
1993-07-02,1993,7,2,18.046223
1993-07-03,1993,7,3,7.4295344
1993-07-04,1993,7,4,0.00011674529
1993-07-05,1993,7,5,8.0104604
1993-07-06,1993,7,6,44.731802
1993-07-07,1993,7,7,62.402009
1993-07-08,1993,7,8,20.423966
1993-07-09,1993,7,9,3.815708
1993-07-10,1993,7,10,1.3648623
1993-07-11,1993,7,11,0
1993-07-12,1993,7,12,0
1993-07-13,1993,7,13,0
1993-07-14,1993,7,14,0
1993-07-15,1993,7,15,0
1993-07-16,1993,7,16,27.403534
1993-07-17,1993,7,17,25.51977
1993-07-18,1993,7,18,54.077434
1993-07-19,1993,7,19,15.756245
1993-07-20,1993,7,20,0
1993-07-21,1993,7,21,0
1993-07-22,1993,7,22,4.0093555
1993-07-23,1993,7,23,0
1993-07-24,1993,7,24,0
1993-07-25,1993,7,25,31.668256
1993-07-26,1993,7,26,36.01831
1993-07-27,1993,7,27,0
1993-07-28,1993,7,28,0
1993-07-29,1993,7,29,0
1993-07-30,1993,7,30,0
1993-07-31,1993,7,31,0
1993-08-01,1993,8,1,9.5188108
1993-08-02,1993,8,2,0
1993-08-03,1993,8,3,12.689118
1993-08-04,1993,8,4,0
1993-08-05,1993,8,5,0
1993-08-06,1993,8,6,18.783829
1993-08-07,1993,8,7,7.4643972
1993-08-08,1993,8,8,0
1993-08-09,1993,8,9,0
1993-08-10,1993,8,10,0
1993-08-11,1993,8,11,0
1993-08-12,1993,8,12,0
1993-08-13,1993,8,13,0
1993-08-14,1993,8,14,16.688347
1993-08-15,1993,8,15,0
1993-08-16,1993,8,16,0
1993-08-17,1993,8,17,0
1993-08-18,1993,8,18,0
1993-08-19,1993,8,19,0
1993-08-20,1993,8,20,0
1993-08-21,1993,8,21,0
1993-08-22,1993,8,22,0
1993-08-23,1993,8,23,24.724237
1993-08-24,1993,8,24,38.67587
1993-08-25,1993,8,25,33.619332
1993-08-26,1993,8,26,59.734148
1993-08-27,1993,8,27,42.805175
1993-08-28,1993,8,28,4.3995191
1993-08-29,1993,8,29,0.89676762
1993-08-30,1993,8,30,0
1993-08-31,1993,8,31,0
1993-09-01,1993,9,1,0
1993-09-02,1993,9,2,0
1993-09-03,1993,9,3,11.162637
1993-09-04,1993,9,4,7.394092
1993-09-05,1993,9,5,16.816342
1993-09-06,1993,9,6,5.0952535
1993-09-07,1993,9,7,0
1993-09-08,1993,9,8,0
1993-09-09,1993,9,9,0
1993-09-10,1993,9,10,0
1993-09-11,1993,9,11,0
1993-09-12,1993,9,12,0
1993-09-13,1993,9,13,0
1993-09-14,1993,9,14,0
1993-09-15,1993,9,15,0
1993-09-16,1993,9,16,6.4820919
1993-09-17,1993,9,17,12.611318
1993-09-18,1993,9,18,6.3537706
1993-09-19,1993,9,19,0
1993-09-20,1993,9,20,0
1993-09-21,1993,9,21,7.6835395
1993-09-22,1993,9,22,3.1797808
1993-09-23,1993,9,23,0
1993-09-24,1993,9,24,0
1993-09-25,1993,9,25,0
1993-09-26,1993,9,26,0.99970689
1993-09-27,1993,9,27,8.0882083
1993-09-28,1993,9,28,0
1993-09-29,1993,9,29,0
1993-09-30,1993,9,30,0
1993-10-01,1993,10,1,0
1993-10-02,1993,10,2,0
1993-10-03,1993,10,3,0
1993-10-04,1993,10,4,0
1993-10-05,1993,10,5,0
1993-10-06,1993,10,6,0
1993-10-07,1993,10,7,0
1993-10-08,1993,10,8,0
1993-10-09,1993,10,9,0
1993-10-10,1993,10,10,0
1993-10-11,1993,10,11,0
1993-10-12,1993,10,12,0
1993-10-13,1993,10,13,0
1993-10-14,1993,10,14,0.0097436484
1993-10-15,1993,10,15,23.7393
1993-10-16,1993,10,16,20.562798
1993-10-17,1993,10,17,16.891958
1993-10-18,1993,10,18,4.4212677
1993-10-19,1993,10,19,0.027599089
1993-10-20,1993,10,20,3.158989
1993-10-21,1993,10,21,4.40602
1993-10-22,1993,10,22,1.4966321
1993-10-23,1993,10,23,0.1028269
1993-10-24,1993,10,24,0
1993-10-25,1993,10,25,0.036902299
1993-10-26,1993,10,26,27.512647
1993-10-27,1993,10,27,19.199836
1993-10-28,1993,10,28,7.0903695
1993-10-29,1993,10,29,1.8589228
1993-10-30,1993,10,30,10.161134
1993-10-31,1993,10,31,2.1512565
1993-11-01,1993,11,1,0
1993-11-02,1993,11,2,0
1993-11-03,1993,11,3,0
1993-11-04,1993,11,4,12.369421
1993-11-05,1993,11,5,11.831593
1993-11-06,1993,11,6,0
1993-11-07,1993,11,7,0
1993-11-08,1993,11,8,0
1993-11-09,1993,11,9,0
1993-11-10,1993,11,10,8.6781519
1993-11-11,1993,11,11,2.7349724
1993-11-12,1993,11,12,0
1993-11-13,1993,11,13,0
1993-11-14,1993,11,14,1.1141952
1993-11-15,1993,11,15,6.1549317
1993-11-16,1993,11,16,0
1993-11-17,1993,11,17,0
1993-11-18,1993,11,18,5.5384491
1993-11-19,1993,11,19,11.188209
1993-11-20,1993,11,20,3.0983117
1993-11-21,1993,11,21,0
1993-11-22,1993,11,22,0
1993-11-23,1993,11,23,0
1993-11-24,1993,11,24,0.42641494
1993-11-25,1993,11,25,0
1993-11-26,1993,11,26,0
1993-11-27,1993,11,27,0
1993-11-28,1993,11,28,8.3576933
1993-11-29,1993,11,29,23.741395
1993-11-30,1993,11,30,25.649769
1993-12-01,1993,12,1,55.143005
1993-12-02,1993,12,2,55.54859
1993-12-03,1993,12,3,24.641051
1993-12-04,1993,12,4,0
1993-12-05,1993,12,5,0
1993-12-06,1993,12,6,0
1993-12-07,1993,12,7,0
1993-12-08,1993,12,8,0
1993-12-09,1993,12,9,0
1993-12-10,1993,12,10,0
1993-12-11,1993,12,11,15.253165
1993-12-12,1993,12,12,3.6780913
1993-12-13,1993,12,13,0
1993-12-14,1993,12,14,0
1993-12-15,1993,12,15,0
1993-12-16,1993,12,16,0
1993-12-17,1993,12,17,0
1993-12-18,1993,12,18,0
1993-12-19,1993,12,19,0
1993-12-20,1993,12,20,0
1993-12-21,1993,12,21,0
1993-12-22,1993,12,22,0
1993-12-23,1993,12,23,0
1993-12-24,1993,12,24,0
1993-12-25,1993,12,25,0
1993-12-26,1993,12,26,0
1993-12-27,1993,12,27,4.0503224
1993-12-28,1993,12,28,0
1993-12-29,1993,12,29,0
1993-12-30,1993,12,30,0
1993-12-31,1993,12,31,0
1994-01-01,1994,1,1,0
1994-01-02,1994,1,2,0
1994-01-03,1994,1,3,0
1994-01-04,1994,1,4,0
1994-01-05,1994,1,5,0
1994-01-06,1994,1,6,0
1994-01-07,1994,1,7,0
1994-01-08,1994,1,8,0
1994-01-09,1994,1,9,0
1994-01-10,1994,1,10,11.358827
1994-01-11,1994,1,11,0
1994-01-12,1994,1,12,0
1994-01-13,1994,1,13,0
1994-01-14,1994,1,14,0
1994-01-15,1994,1,15,0.074254634
1994-01-16,1994,1,16,4.4472769
1994-01-17,1994,1,17,0
1994-01-18,1994,1,18,0
1994-01-19,1994,1,19,0
1994-01-20,1994,1,20,0
1994-01-21,1994,1,21,0
1994-01-22,1994,1,22,0
1994-01-23,1994,1,23,0
1994-01-24,1994,1,24,0.21660363
1994-01-25,1994,1,25,0
1994-01-26,1994,1,26,0
1994-01-27,1994,1,27,0
1994-01-28,1994,1,28,0
1994-01-29,1994,1,29,0
1994-01-30,1994,1,30,0
1994-01-31,1994,1,31,28.405049
1994-02-01,1994,2,1,7.4373941
1994-02-02,1994,2,2,5.7823881
1994-02-03,1994,2,3,3.8969921
1994-02-04,1994,2,4,0
1994-02-05,1994,2,5,0
1994-02-06,1994,2,6,0
1994-02-07,1994,2,7,0
1994-02-08,1994,2,8,0
1994-02-09,1994,2,9,0
1994-02-10,1994,2,10,0
1994-02-11,1994,2,11,0
1994-02-12,1994,2,12,0
1994-02-13,1994,2,13,0
1994-02-14,1994,2,14,0
1994-02-15,1994,2,15,9.1251778
1994-02-16,1994,2,16,0.66406343
1994-02-17,1994,2,17,0
1994-02-18,1994,2,18,0
1994-02-19,1994,2,19,0
1994-02-20,1994,2,20,0
1994-02-21,1994,2,21,0
1994-02-22,1994,2,22,0
1994-02-23,1994,2,23,0
1994-02-24,1994,2,24,0
1994-02-25,1994,2,25,0
1994-02-26,1994,2,26,0
1994-02-27,1994,2,27,0.0053047385
1994-02-28,1994,2,28,0.00070410721
1994-03-01,1994,3,1,0
1994-03-02,1994,3,2,0
1994-03-03,1994,3,3,0
1994-03-04,1994,3,4,0
1994-03-05,1994,3,5,0
1994-03-06,1994,3,6,0
1994-03-07,1994,3,7,0
1994-03-08,1994,3,8,0
1994-03-09,1994,3,9,0
1994-03-10,1994,3,10,0
1994-03-11,1994,3,11,0
1994-03-12,1994,3,12,0
1994-03-13,1994,3,13,0
1994-03-14,1994,3,14,0
1994-03-15,1994,3,15,0
1994-03-16,1994,3,16,0
1994-03-17,1994,3,17,0
1994-03-18,1994,3,18,0
1994-03-19,1994,3,19,1.2528465
1994-03-20,1994,3,20,0
1994-03-21,1994,3,21,0
1994-03-22,1994,3,22,5.3295198
1994-03-23,1994,3,23,20.624355
1994-03-24,1994,3,24,0
1994-03-25,1994,3,25,0
1994-03-26,1994,3,26,2.7541202
1994-03-27,1994,3,27,24.319432
1994-03-28,1994,3,28,0
1994-03-29,1994,3,29,0
1994-03-30,1994,3,30,0
1994-03-31,1994,3,31,16.450545
1994-04-01,1994,4,1,44.774098
1994-04-02,1994,4,2,0.015266182
1994-04-03,1994,4,3,0
1994-04-04,1994,4,4,0
1994-04-05,1994,4,5,0
1994-04-06,1994,4,6,0.9899807
1994-04-07,1994,4,7,4.6729891
1994-04-08,1994,4,8,12.981264
1994-04-09,1994,4,9,0
1994-04-10,1994,4,10,0
1994-04-11,1994,4,11,0
1994-04-12,1994,4,12,0
1994-04-13,1994,4,13,1.170786
1994-04-14,1994,4,14,0
1994-04-15,1994,4,15,2.1694129
1994-04-16,1994,4,16,4.4042056
1994-04-17,1994,4,17,0
1994-04-18,1994,4,18,0
1994-04-19,1994,4,19,0.21550951
1994-04-20,1994,4,20,2.2433095
1994-04-21,1994,4,21,0
1994-04-22,1994,4,22,0
1994-04-23,1994,4,23,0
1994-04-24,1994,4,24,27.506915
1994-04-25,1994,4,25,44.584329
1994-04-26,1994,4,26,40.405494
1994-04-27,1994,4,27,0.75682172
1994-04-28,1994,4,28,0
1994-04-29,1994,4,29,27.840253
1994-04-30,1994,4,30,20.658817
1994-05-01,1994,5,1,0.058044304
1994-05-02,1994,5,2,0
1994-05-03,1994,5,3,0
1994-05-04,1994,5,4,0
1994-05-05,1994,5,5,0.82975736
1994-05-06,1994,5,6,22.943998
1994-05-07,1994,5,7,0
1994-05-08,1994,5,8,0
1994-05-09,1994,5,9,0
1994-05-10,1994,5,10,0
1994-05-11,1994,5,11,0
1994-05-12,1994,5,12,0.20050965
1994-05-13,1994,5,13,3.3751245
1994-05-14,1994,5,14,6.9662568e-05
1994-05-15,1994,5,15,21.133097
1994-05-16,1994,5,16,8.9917309
1994-05-17,1994,5,17,10.474569
1994-05-18,1994,5,18,22.843113
1994-05-19,1994,5,19,10.157103
1994-05-20,1994,5,20,2.7080564
1994-05-21,1994,5,21,0
1994-05-22,1994,5,22,17.434305
1994-05-23,1994,5,23,35.926374
1994-05-24,1994,5,24,22.886476
1994-05-25,1994,5,25,2.0342824
1994-05-26,1994,5,26,0.19730305
1994-05-27,1994,5,27,5.830943
1994-05-28,1994,5,28,0
1994-05-29,1994,5,29,0.30052756
1994-05-30,1994,5,30,9.937822
1994-05-31,1994,5,31,25.041607
1994-06-01,1994,6,1,37.209012
1994-06-02,1994,6,2,18.824433
1994-06-03,1994,6,3,0
1994-06-04,1994,6,4,31.284048
1994-06-05,1994,6,5,3.6345221
1994-06-06,1994,6,6,0
1994-06-07,1994,6,7,3.9638637
1994-06-08,1994,6,8,0
1994-06-09,1994,6,9,13.838714
1994-06-10,1994,6,10,9.5062145
1994-06-11,1994,6,11,0
1994-06-12,1994,6,12,11.226159
1994-06-13,1994,6,13,24.665022
1994-06-14,1994,6,14,17.308308
1994-06-15,1994,6,15,1.9942523
1994-06-16,1994,6,16,34.127121
1994-06-17,1994,6,17,25.854546
1994-06-18,1994,6,18,19.966099
1994-06-19,1994,6,19,32.480082
1994-06-20,1994,6,20,46.351193
1994-06-21,1994,6,21,25.119458
1994-06-22,1994,6,22,31.19131
1994-06-23,1994,6,23,11.484331
1994-06-24,1994,6,24,0.74218973
1994-06-25,1994,6,25,4.1491995
1994-06-26,1994,6,26,0
1994-06-27,1994,6,27,0
1994-06-28,1994,6,28,25.719421
1994-06-29,1994,6,29,13.462153
1994-06-30,1994,6,30,11.810208
1994-07-01,1994,7,1,5.803085
1994-07-02,1994,7,2,0
1994-07-03,1994,7,3,0
1994-07-04,1994,7,4,0
1994-07-05,1994,7,5,0
1994-07-06,1994,7,6,0
1994-07-07,1994,7,7,0
1994-07-08,1994,7,8,0
1994-07-09,1994,7,9,0
1994-07-10,1994,7,10,0
1994-07-11,1994,7,11,6.3553555
1994-07-12,1994,7,12,0.58206096
1994-07-13,1994,7,13,22.805717
1994-07-14,1994,7,14,8.5474837
1994-07-15,1994,7,15,52.27672
1994-07-16,1994,7,16,30.319503
1994-07-17,1994,7,17,23.016083
1994-07-18,1994,7,18,48.133445
1994-07-19,1994,7,19,40.47538
1994-07-20,1994,7,20,23.494053
1994-07-21,1994,7,21,5.2167392
1994-07-22,1994,7,22,20.514578
1994-07-23,1994,7,23,78.699898
1994-07-24,1994,7,24,18.348815
1994-07-25,1994,7,25,3.759183
1994-07-26,1994,7,26,0
1994-07-27,1994,7,27,10.536587
1994-07-28,1994,7,28,0
1994-07-29,1994,7,29,0
1994-07-30,1994,7,30,0
1994-07-31,1994,7,31,1.3447497
1994-08-01,1994,8,1,10.50576
1994-08-02,1994,8,2,0
1994-08-03,1994,8,3,0
1994-08-04,1994,8,4,0
1994-08-05,1994,8,5,4.3463663
1994-08-06,1994,8,6,0
1994-08-07,1994,8,7,0
1994-08-08,1994,8,8,10.93162
1994-08-09,1994,8,9,6.1555064
1994-08-10,1994,8,10,0
1994-08-11,1994,8,11,17.616137
1994-08-12,1994,8,12,13.937013
1994-08-13,1994,8,13,0.010336639
1994-08-14,1994,8,14,0
1994-08-15,1994,8,15,0
1994-08-16,1994,8,16,0
1994-08-17,1994,8,17,0
1994-08-18,1994,8,18,0
1994-08-19,1994,8,19,0
1994-08-20,1994,8,20,0
1994-08-21,1994,8,21,0
1994-08-22,1994,8,22,0
1994-08-23,1994,8,23,0
1994-08-24,1994,8,24,4.4674801
1994-08-25,1994,8,25,0
1994-08-26,1994,8,26,0
1994-08-27,1994,8,27,28.135274
1994-08-28,1994,8,28,9.7974261
1994-08-29,1994,8,29,0
1994-08-30,1994,8,30,0
1994-08-31,1994,8,31,0
1994-09-01,1994,9,1,0
1994-09-02,1994,9,2,1.0193818
1994-09-03,1994,9,3,0
1994-09-04,1994,9,4,4.2266234
1994-09-05,1994,9,5,18.434399
1994-09-06,1994,9,6,0
1994-09-07,1994,9,7,0
1994-09-08,1994,9,8,0
1994-09-09,1994,9,9,6.7267413
1994-09-10,1994,9,10,12.891031
1994-09-11,1994,9,11,11.107101
1994-09-12,1994,9,12,25.087623
1994-09-13,1994,9,13,1.4970805
1994-09-14,1994,9,14,0
1994-09-15,1994,9,15,0
1994-09-16,1994,9,16,16.152895
1994-09-17,1994,9,17,25.442711
1994-09-18,1994,9,18,28.537353
1994-09-19,1994,9,19,30.341792
1994-09-20,1994,9,20,21.299182
1994-09-21,1994,9,21,3.3125832
1994-09-22,1994,9,22,15.026151
1994-09-23,1994,9,23,28.443836
1994-09-24,1994,9,24,21.694135
1994-09-25,1994,9,25,0.036879544
1994-09-26,1994,9,26,0
1994-09-27,1994,9,27,3.1380606
1994-09-28,1994,9,28,0
1994-09-29,1994,9,29,0
1994-09-30,1994,9,30,0.34885276
1994-10-01,1994,10,1,10.193754
1994-10-02,1994,10,2,12.355803
1994-10-03,1994,10,3,14.64286
1994-10-04,1994,10,4,7.3959309
1994-10-05,1994,10,5,0
1994-10-06,1994,10,6,0.00087061179
1994-10-07,1994,10,7,0.021858191
1994-10-08,1994,10,8,9.483099
1994-10-09,1994,10,9,0
1994-10-10,1994,10,10,24.055491
1994-10-11,1994,10,11,9.7335346
1994-10-12,1994,10,12,5.3273631
1994-10-13,1994,10,13,0
1994-10-14,1994,10,14,26.908851
1994-10-15,1994,10,15,24.080428
1994-10-16,1994,10,16,12.959337
1994-10-17,1994,10,17,17.406753
1994-10-18,1994,10,18,18.515913
1994-10-19,1994,10,19,10.78569
1994-10-20,1994,10,20,4.1456624
1994-10-21,1994,10,21,0
1994-10-22,1994,10,22,0
1994-10-23,1994,10,23,0
1994-10-24,1994,10,24,0
1994-10-25,1994,10,25,0
1994-10-26,1994,10,26,0
1994-10-27,1994,10,27,0
1994-10-28,1994,10,28,0
1994-10-29,1994,10,29,0
1994-10-30,1994,10,30,7.5287294
1994-10-31,1994,10,31,1.6684545
1994-11-01,1994,11,1,7.5513688
1994-11-02,1994,11,2,1.9966553
1994-11-03,1994,11,3,6.6248459
1994-11-04,1994,11,4,19.987046
1994-11-05,1994,11,5,0
1994-11-06,1994,11,6,0
1994-11-07,1994,11,7,4.9631175
1994-11-08,1994,11,8,0
1994-11-09,1994,11,9,0
1994-11-10,1994,11,10,0
1994-11-11,1994,11,11,4.229644
1994-11-12,1994,11,12,5.2351669
1994-11-13,1994,11,13,0
1994-11-14,1994,11,14,0
1994-11-15,1994,11,15,1.964789
1994-11-16,1994,11,16,0
1994-11-17,1994,11,17,0
1994-11-18,1994,11,18,0
1994-11-19,1994,11,19,0
1994-11-20,1994,11,20,0
1994-11-21,1994,11,21,0
1994-11-22,1994,11,22,0
1994-11-23,1994,11,23,0
1994-11-24,1994,11,24,0
1994-11-25,1994,11,25,0
1994-11-26,1994,11,26,0
1994-11-27,1994,11,27,17.898567
1994-11-28,1994,11,28,13.789704
1994-11-29,1994,11,29,42.569625
1994-11-30,1994,11,30,44.536092
1994-12-01,1994,12,1,34.880878
1994-12-02,1994,12,2,23.171444
1994-12-03,1994,12,3,3.6739061
1994-12-04,1994,12,4,31.760919
1994-12-05,1994,12,5,9.7389846
1994-12-06,1994,12,6,0
1994-12-07,1994,12,7,0
1994-12-08,1994,12,8,2.7272692
1994-12-09,1994,12,9,0
1994-12-10,1994,12,10,0
1994-12-11,1994,12,11,0
1994-12-12,1994,12,12,2.4247271
1994-12-13,1994,12,13,1.2489161
1994-12-14,1994,12,14,0
1994-12-15,1994,12,15,0
1994-12-16,1994,12,16,0
1994-12-17,1994,12,17,0
1994-12-18,1994,12,18,0
1994-12-19,1994,12,19,0
1994-12-20,1994,12,20,0
1994-12-21,1994,12,21,0
1994-12-22,1994,12,22,0
1994-12-23,1994,12,23,0
1994-12-24,1994,12,24,0
1994-12-25,1994,12,25,0
1994-12-26,1994,12,26,14.932411
1994-12-27,1994,12,27,0.75975608
1994-12-28,1994,12,28,0
1994-12-29,1994,12,29,0
1994-12-30,1994,12,30,10.201039
1994-12-31,1994,12,31,12.852914
1995-01-01,1995,1,1,0
1995-01-02,1995,1,2,0
1995-01-03,1995,1,3,5.2511054
1995-01-04,1995,1,4,0
1995-01-05,1995,1,5,0
1995-01-06,1995,1,6,21.024198
1995-01-07,1995,1,7,10.465254
1995-01-08,1995,1,8,0
1995-01-09,1995,1,9,3.4917225
1995-01-10,1995,1,10,7.3723821
1995-01-11,1995,1,11,0
1995-01-12,1995,1,12,0
1995-01-13,1995,1,13,0
1995-01-14,1995,1,14,0
1995-01-15,1995,1,15,0
1995-01-16,1995,1,16,0
1995-01-17,1995,1,17,0
1995-01-18,1995,1,18,0
1995-01-19,1995,1,19,0
1995-01-20,1995,1,20,0
1995-01-21,1995,1,21,0
1995-01-22,1995,1,22,3.3617921
1995-01-23,1995,1,23,0
1995-01-24,1995,1,24,0
1995-01-25,1995,1,25,0
1995-01-26,1995,1,26,0
1995-01-27,1995,1,27,0
1995-01-28,1995,1,28,0
1995-01-29,1995,1,29,2.5196686
1995-01-30,1995,1,30,0
1995-01-31,1995,1,31,3.7914775
1995-02-01,1995,2,1,0
1995-02-02,1995,2,2,0
1995-02-03,1995,2,3,0
1995-02-04,1995,2,4,0
1995-02-05,1995,2,5,0
1995-02-06,1995,2,6,0
1995-02-07,1995,2,7,0
1995-02-08,1995,2,8,0
1995-02-09,1995,2,9,0
1995-02-10,1995,2,10,0
1995-02-11,1995,2,11,0
1995-02-12,1995,2,12,0
1995-02-13,1995,2,13,0
1995-02-14,1995,2,14,0
1995-02-15,1995,2,15,0
1995-02-16,1995,2,16,0
1995-02-17,1995,2,17,0
1995-02-18,1995,2,18,0
1995-02-19,1995,2,19,0
1995-02-20,1995,2,20,0
1995-02-21,1995,2,21,0
1995-02-22,1995,2,22,1.9957939
1995-02-23,1995,2,23,0
1995-02-24,1995,2,24,0
1995-02-25,1995,2,25,0
1995-02-26,1995,2,26,0
1995-02-27,1995,2,27,0
1995-02-28,1995,2,28,0
1995-03-01,1995,3,1,0
1995-03-02,1995,3,2,0
1995-03-03,1995,3,3,0
1995-03-04,1995,3,4,0
1995-03-05,1995,3,5,0
1995-03-06,1995,3,6,0
1995-03-07,1995,3,7,0
1995-03-08,1995,3,8,0
1995-03-09,1995,3,9,0
1995-03-10,1995,3,10,0
1995-03-11,1995,3,11,0
1995-03-12,1995,3,12,0
1995-03-13,1995,3,13,0
1995-03-14,1995,3,14,3.8111976
1995-03-15,1995,3,15,0
1995-03-16,1995,3,16,0
1995-03-17,1995,3,17,0
1995-03-18,1995,3,18,0
1995-03-19,1995,3,19,0
1995-03-20,1995,3,20,0
1995-03-21,1995,3,21,0
1995-03-22,1995,3,22,38.10194
1995-03-23,1995,3,23,13.132534
1995-03-24,1995,3,24,7.968042
1995-03-25,1995,3,25,0
1995-03-26,1995,3,26,0
1995-03-27,1995,3,27,17.706759
1995-03-28,1995,3,28,0
1995-03-29,1995,3,29,1.9683969
1995-03-30,1995,3,30,7.2328407
1995-03-31,1995,3,31,0
1995-04-01,1995,4,1,0
1995-04-02,1995,4,2,15.238981
1995-04-03,1995,4,3,8.3978063
1995-04-04,1995,4,4,9.4554986
1995-04-05,1995,4,5,0
1995-04-06,1995,4,6,21.600628
1995-04-07,1995,4,7,21.427427
1995-04-08,1995,4,8,9.4926159
1995-04-09,1995,4,9,0
1995-04-10,1995,4,10,0
1995-04-11,1995,4,11,0
1995-04-12,1995,4,12,0
1995-04-13,1995,4,13,0
1995-04-14,1995,4,14,6.9487054
1995-04-15,1995,4,15,10.535522
1995-04-16,1995,4,16,0.01203444
1995-04-17,1995,4,17,10.283049
1995-04-18,1995,4,18,10.170236
1995-04-19,1995,4,19,0
1995-04-20,1995,4,20,0
1995-04-21,1995,4,21,0
1995-04-22,1995,4,22,0
1995-04-23,1995,4,23,0
1995-04-24,1995,4,24,0
1995-04-25,1995,4,25,0
1995-04-26,1995,4,26,14.07093
1995-04-27,1995,4,27,23.682012
1995-04-28,1995,4,28,40.469217
1995-04-29,1995,4,29,25.884618
1995-04-30,1995,4,30,14.186704
1995-05-01,1995,5,1,0
1995-05-02,1995,5,2,3.0556672
1995-05-03,1995,5,3,11.709095
1995-05-04,1995,5,4,0
1995-05-05,1995,5,5,0
1995-05-06,1995,5,6,1.7933459
1995-05-07,1995,5,7,7.8230374
1995-05-08,1995,5,8,15.716706
1995-05-09,1995,5,9,1.8714376
1995-05-10,1995,5,10,0
1995-05-11,1995,5,11,0
1995-05-12,1995,5,12,0
1995-05-13,1995,5,13,0
1995-05-14,1995,5,14,0
1995-05-15,1995,5,15,0
1995-05-16,1995,5,16,0
1995-05-17,1995,5,17,0
1995-05-18,1995,5,18,0
1995-05-19,1995,5,19,0
1995-05-20,1995,5,20,0
1995-05-21,1995,5,21,0
1995-05-22,1995,5,22,0
1995-05-23,1995,5,23,0
1995-05-24,1995,5,24,0
1995-05-25,1995,5,25,0
1995-05-26,1995,5,26,1.1939441
1995-05-27,1995,5,27,15.804104
1995-05-28,1995,5,28,3.1096902
1995-05-29,1995,5,29,22.30936
1995-05-30,1995,5,30,35.655435
1995-05-31,1995,5,31,18.062753
1995-06-01,1995,6,1,0
1995-06-02,1995,6,2,0
1995-06-03,1995,6,3,41.890993
1995-06-04,1995,6,4,21.739505
1995-06-05,1995,6,5,27.658178
1995-06-06,1995,6,6,22.144311
1995-06-07,1995,6,7,0
1995-06-08,1995,6,8,19.890288
1995-06-09,1995,6,9,23.994804
1995-06-10,1995,6,10,28.869451
1995-06-11,1995,6,11,37.14983
1995-06-12,1995,6,12,0.024664692
1995-06-13,1995,6,13,0
1995-06-14,1995,6,14,0
1995-06-15,1995,6,15,28.806393
1995-06-16,1995,6,16,15.091819
1995-06-17,1995,6,17,0.89912569
1995-06-18,1995,6,18,0
1995-06-19,1995,6,19,6.6417715
1995-06-20,1995,6,20,30.990421
1995-06-21,1995,6,21,32.57094
1995-06-22,1995,6,22,63.493453
1995-06-23,1995,6,23,25.514741
1995-06-24,1995,6,24,1.9014699
1995-06-25,1995,6,25,70.602766
1995-06-26,1995,6,26,31.296567
1995-06-27,1995,6,27,6.3845848
1995-06-28,1995,6,28,0
1995-06-29,1995,6,29,24.641217
1995-06-30,1995,6,30,29.535686
1995-07-01,1995,7,1,13.905628
1995-07-02,1995,7,2,2.2098129
1995-07-03,1995,7,3,20.594833
1995-07-04,1995,7,4,18.992035
1995-07-05,1995,7,5,20.044236
1995-07-06,1995,7,6,10.671731
1995-07-07,1995,7,7,15.959859
1995-07-08,1995,7,8,45.761469
1995-07-09,1995,7,9,33.919362
1995-07-10,1995,7,10,50.214379
1995-07-11,1995,7,11,0.86792803
1995-07-12,1995,7,12,0.66236637
1995-07-13,1995,7,13,0.29685864
1995-07-14,1995,7,14,3.9912353
1995-07-15,1995,7,15,8.5847517
1995-07-16,1995,7,16,0
1995-07-17,1995,7,17,0
1995-07-18,1995,7,18,0
1995-07-19,1995,7,19,0
1995-07-20,1995,7,20,0
1995-07-21,1995,7,21,12.976137
1995-07-22,1995,7,22,58.656265
1995-07-23,1995,7,23,21.733819
1995-07-24,1995,7,24,19.266189
1995-07-25,1995,7,25,23.068441
1995-07-26,1995,7,26,23.83333
1995-07-27,1995,7,27,38.423037
1995-07-28,1995,7,28,15.314871
1995-07-29,1995,7,29,2.9752153
1995-07-30,1995,7,30,0
1995-07-31,1995,7,31,2.1183929
1995-08-01,1995,8,1,25.496337
1995-08-02,1995,8,2,13.182496
1995-08-03,1995,8,3,0
1995-08-04,1995,8,4,0
1995-08-05,1995,8,5,23.74746
1995-08-06,1995,8,6,0
1995-08-07,1995,8,7,0
1995-08-08,1995,8,8,0
1995-08-09,1995,8,9,0
1995-08-10,1995,8,10,0
1995-08-11,1995,8,11,40.730885
1995-08-12,1995,8,12,21.106966
1995-08-13,1995,8,13,18.589241
1995-08-14,1995,8,14,9.9370013
1995-08-15,1995,8,15,0
1995-08-16,1995,8,16,0
1995-08-17,1995,8,17,0
1995-08-18,1995,8,18,0
1995-08-19,1995,8,19,0
1995-08-20,1995,8,20,0
1995-08-21,1995,8,21,29.980542
1995-08-22,1995,8,22,69.518203
1995-08-23,1995,8,23,55.040919
1995-08-24,1995,8,24,16.288815
1995-08-25,1995,8,25,5.4959474
1995-08-26,1995,8,26,13.600728
1995-08-27,1995,8,27,6.754587
1995-08-28,1995,8,28,22.939612
1995-08-29,1995,8,29,0
1995-08-30,1995,8,30,23.376349
1995-08-31,1995,8,31,12.771769
1995-09-01,1995,9,1,0
1995-09-02,1995,9,2,0
1995-09-03,1995,9,3,0
1995-09-04,1995,9,4,0
1995-09-05,1995,9,5,0.11776924
1995-09-06,1995,9,6,1.9822333
1995-09-07,1995,9,7,0
1995-09-08,1995,9,8,0
1995-09-09,1995,9,9,0
1995-09-10,1995,9,10,0
1995-09-11,1995,9,11,0
1995-09-12,1995,9,12,1.4103731
1995-09-13,1995,9,13,0
1995-09-14,1995,9,14,0
1995-09-15,1995,9,15,7.9598956
1995-09-16,1995,9,16,24.885382
1995-09-17,1995,9,17,29.21752
1995-09-18,1995,9,18,4.7781971
1995-09-19,1995,9,19,0
1995-09-20,1995,9,20,0
1995-09-21,1995,9,21,0
1995-09-22,1995,9,22,0
1995-09-23,1995,9,23,0
1995-09-24,1995,9,24,11.791951
1995-09-25,1995,9,25,0.83159702
1995-09-26,1995,9,26,0
1995-09-27,1995,9,27,0
1995-09-28,1995,9,28,0
1995-09-29,1995,9,29,0
1995-09-30,1995,9,30,0
1995-10-01,1995,10,1,6.1028727
1995-10-02,1995,10,2,8.4714508
1995-10-03,1995,10,3,5.2516397
1995-10-04,1995,10,4,3.2130051
1995-10-05,1995,10,5,22.568733
1995-10-06,1995,10,6,23.527451
1995-10-07,1995,10,7,12.206178
1995-10-08,1995,10,8,0
1995-10-09,1995,10,9,2.8881275
1995-10-10,1995,10,10,16.474511
1995-10-11,1995,10,11,13.569574
1995-10-12,1995,10,12,2.0235176
1995-10-13,1995,10,13,0.00041294372
1995-10-14,1995,10,14,6.4862688
1995-10-15,1995,10,15,0.0061937492
1995-10-16,1995,10,16,0
1995-10-17,1995,10,17,0
1995-10-18,1995,10,18,0
1995-10-19,1995,10,19,0
1995-10-20,1995,10,20,0
1995-10-21,1995,10,21,10.207673
1995-10-22,1995,10,22,7.017468
1995-10-23,1995,10,23,0.042087002
1995-10-24,1995,10,24,13.666184
1995-10-25,1995,10,25,0
1995-10-26,1995,10,26,0
1995-10-27,1995,10,27,0
1995-10-28,1995,10,28,0
1995-10-29,1995,10,29,0
1995-10-30,1995,10,30,0
1995-10-31,1995,10,31,0
1995-11-01,1995,11,1,1.8817576
1995-11-02,1995,11,2,0.46805031
1995-11-03,1995,11,3,0.81780491
1995-11-04,1995,11,4,0.38803156
1995-11-05,1995,11,5,1.3365331
1995-11-06,1995,11,6,0
1995-11-07,1995,11,7,0
1995-11-08,1995,11,8,0
1995-11-09,1995,11,9,0
1995-11-10,1995,11,10,0
1995-11-11,1995,11,11,0
1995-11-12,1995,11,12,0
1995-11-13,1995,11,13,0
1995-11-14,1995,11,14,0
1995-11-15,1995,11,15,0
1995-11-16,1995,11,16,0
1995-11-17,1995,11,17,0
1995-11-18,1995,11,18,0
1995-11-19,1995,11,19,0
1995-11-20,1995,11,20,1.2582435
1995-11-21,1995,11,21,0
1995-11-22,1995,11,22,0
1995-11-23,1995,11,23,0.62659589
1995-11-24,1995,11,24,16.556994
1995-11-25,1995,11,25,0
1995-11-26,1995,11,26,0
1995-11-27,1995,11,27,0
1995-11-28,1995,11,28,0
1995-11-29,1995,11,29,0.024419288
1995-11-30,1995,11,30,0
1995-12-01,1995,12,1,0
1995-12-02,1995,12,2,0
1995-12-03,1995,12,3,0
1995-12-04,1995,12,4,0
1995-12-05,1995,12,5,0
1995-12-06,1995,12,6,0
1995-12-07,1995,12,7,0
1995-12-08,1995,12,8,0
1995-12-09,1995,12,9,0
1995-12-10,1995,12,10,0
1995-12-11,1995,12,11,0
1995-12-12,1995,12,12,0
1995-12-13,1995,12,13,0
1995-12-14,1995,12,14,0
1995-12-15,1995,12,15,0
1995-12-16,1995,12,16,0
1995-12-17,1995,12,17,0
1995-12-18,1995,12,18,0
1995-12-19,1995,12,19,0
1995-12-20,1995,12,20,0
1995-12-21,1995,12,21,0
1995-12-22,1995,12,22,0
1995-12-23,1995,12,23,0
1995-12-24,1995,12,24,0
1995-12-25,1995,12,25,0
1995-12-26,1995,12,26,0
1995-12-27,1995,12,27,0
1995-12-28,1995,12,28,0
1995-12-29,1995,12,29,0
1995-12-30,1995,12,30,0
1995-12-31,1995,12,31,0
1996-01-01,1996,1,1,0
1996-01-02,1996,1,2,0
1996-01-03,1996,1,3,12.956647
1996-01-04,1996,1,4,6.429009
1996-01-05,1996,1,5,0
1996-01-06,1996,1,6,0
1996-01-07,1996,1,7,0
1996-01-08,1996,1,8,0
1996-01-09,1996,1,9,0
1996-01-10,1996,1,10,0
1996-01-11,1996,1,11,0
1996-01-12,1996,1,12,0.62730591
1996-01-13,1996,1,13,0
1996-01-14,1996,1,14,0
1996-01-15,1996,1,15,0
1996-01-16,1996,1,16,0
1996-01-17,1996,1,17,0
1996-01-18,1996,1,18,0
1996-01-19,1996,1,19,0.17783322
1996-01-20,1996,1,20,0
1996-01-21,1996,1,21,3.6671772
1996-01-22,1996,1,22,0
1996-01-23,1996,1,23,0
1996-01-24,1996,1,24,4.1041005
1996-01-25,1996,1,25,8.5622324
1996-01-26,1996,1,26,1.52531
1996-01-27,1996,1,27,0
1996-01-28,1996,1,28,0
1996-01-29,1996,1,29,0
1996-01-30,1996,1,30,0
1996-01-31,1996,1,31,0
1996-02-01,1996,2,1,0
1996-02-02,1996,2,2,0
1996-02-03,1996,2,3,0
1996-02-04,1996,2,4,2.6491707
1996-02-05,1996,2,5,22.511508
1996-02-06,1996,2,6,15.323674
1996-02-07,1996,2,7,0.10274276
1996-02-08,1996,2,8,0
1996-02-09,1996,2,9,0
1996-02-10,1996,2,10,0
1996-02-11,1996,2,11,0
1996-02-12,1996,2,12,0
1996-02-13,1996,2,13,0
1996-02-14,1996,2,14,0
1996-02-15,1996,2,15,0
1996-02-16,1996,2,16,0
1996-02-17,1996,2,17,0
1996-02-18,1996,2,18,8.2487043
1996-02-19,1996,2,19,20.159009
1996-02-20,1996,2,20,0.235068
1996-02-21,1996,2,21,12.700195
1996-02-22,1996,2,22,11.81869
1996-02-23,1996,2,23,0
1996-02-24,1996,2,24,0
1996-02-25,1996,2,25,0
1996-02-26,1996,2,26,0
1996-02-27,1996,2,27,0
1996-02-28,1996,2,28,0
1996-02-29,1996,2,29,0
1996-03-01,1996,3,1,0
1996-03-02,1996,3,2,0
1996-03-03,1996,3,3,0
1996-03-04,1996,3,4,0
1996-03-05,1996,3,5,0
1996-03-06,1996,3,6,0
1996-03-07,1996,3,7,0
1996-03-08,1996,3,8,0
1996-03-09,1996,3,9,0
1996-03-10,1996,3,10,6.6058197
1996-03-11,1996,3,11,35.400154
1996-03-12,1996,3,12,34.675675
1996-03-13,1996,3,13,7.2141552
1996-03-14,1996,3,14,2.0564504
1996-03-15,1996,3,15,0
1996-03-16,1996,3,16,0
1996-03-17,1996,3,17,0
1996-03-18,1996,3,18,0
1996-03-19,1996,3,19,0
1996-03-20,1996,3,20,0
1996-03-21,1996,3,21,0
1996-03-22,1996,3,22,0
1996-03-23,1996,3,23,0
1996-03-24,1996,3,24,0
1996-03-25,1996,3,25,1.0122796
1996-03-26,1996,3,26,0
1996-03-27,1996,3,27,0
1996-03-28,1996,3,28,0
1996-03-29,1996,3,29,19.724047
1996-03-30,1996,3,30,21.047836
1996-03-31,1996,3,31,5.4756657
1996-04-01,1996,4,1,30.843499
1996-04-02,1996,4,2,0.17751644
1996-04-03,1996,4,3,0
1996-04-04,1996,4,4,0
1996-04-05,1996,4,5,27.523469
1996-04-06,1996,4,6,4.785755
1996-04-07,1996,4,7,18.961045
1996-04-08,1996,4,8,18.47949
1996-04-09,1996,4,9,0
1996-04-10,1996,4,10,10.96177
1996-04-11,1996,4,11,13.188934
1996-04-12,1996,4,12,0
1996-04-13,1996,4,13,0
1996-04-14,1996,4,14,0
1996-04-15,1996,4,15,0
1996-04-16,1996,4,16,0
1996-04-17,1996,4,17,0
1996-04-18,1996,4,18,0
1996-04-19,1996,4,19,0
1996-04-20,1996,4,20,0
1996-04-21,1996,4,21,0
1996-04-22,1996,4,22,0
1996-04-23,1996,4,23,0
1996-04-24,1996,4,24,0
1996-04-25,1996,4,25,0
1996-04-26,1996,4,26,0
1996-04-27,1996,4,27,16.929354
1996-04-28,1996,4,28,0
1996-04-29,1996,4,29,0
1996-04-30,1996,4,30,2.5974586
1996-05-01,1996,5,1,0
1996-05-02,1996,5,2,0
1996-05-03,1996,5,3,0
1996-05-04,1996,5,4,0
1996-05-05,1996,5,5,0
1996-05-06,1996,5,6,29.842789
1996-05-07,1996,5,7,0.25870045
1996-05-08,1996,5,8,11.217951
1996-05-09,1996,5,9,2.5659329
1996-05-10,1996,5,10,0
1996-05-11,1996,5,11,0
1996-05-12,1996,5,12,0
1996-05-13,1996,5,13,0
1996-05-14,1996,5,14,0
1996-05-15,1996,5,15,33.638577
1996-05-16,1996,5,16,28.095318
1996-05-17,1996,5,17,29.943752
1996-05-18,1996,5,18,5.2765682
1996-05-19,1996,5,19,0
1996-05-20,1996,5,20,0
1996-05-21,1996,5,21,0
1996-05-22,1996,5,22,0
1996-05-23,1996,5,23,0
1996-05-24,1996,5,24,4.1156586
1996-05-25,1996,5,25,0
1996-05-26,1996,5,26,0.45570314
1996-05-27,1996,5,27,33.837999
1996-05-28,1996,5,28,6.9491303
1996-05-29,1996,5,29,0
1996-05-30,1996,5,30,0
1996-05-31,1996,5,31,0
1996-06-01,1996,6,1,0
1996-06-02,1996,6,2,0
1996-06-03,1996,6,3,0
1996-06-04,1996,6,4,16.733146
1996-06-05,1996,6,5,0
1996-06-06,1996,6,6,0
1996-06-07,1996,6,7,0
1996-06-08,1996,6,8,0.015374212
1996-06-09,1996,6,9,0
1996-06-10,1996,6,10,13.557151
1996-06-11,1996,6,11,69.4613
1996-06-12,1996,6,12,28.205841
1996-06-13,1996,6,13,14.577928
1996-06-14,1996,6,14,15.748172
1996-06-15,1996,6,15,13.605532
1996-06-16,1996,6,16,2.9583249
1996-06-17,1996,6,17,0
1996-06-18,1996,6,18,0
1996-06-19,1996,6,19,0
1996-06-20,1996,6,20,4.3873423
1996-06-21,1996,6,21,0
1996-06-22,1996,6,22,0
1996-06-23,1996,6,23,0
1996-06-24,1996,6,24,0
1996-06-25,1996,6,25,0
1996-06-26,1996,6,26,0
1996-06-27,1996,6,27,0
1996-06-28,1996,6,28,0
1996-06-29,1996,6,29,0
1996-06-30,1996,6,30,16.144345
1996-07-01,1996,7,1,13.314997
1996-07-02,1996,7,2,0
1996-07-03,1996,7,3,0
1996-07-04,1996,7,4,23.043853
1996-07-05,1996,7,5,2.1142009
1996-07-06,1996,7,6,10.19327
1996-07-07,1996,7,7,3.4893594
1996-07-08,1996,7,8,0
1996-07-09,1996,7,9,0
1996-07-10,1996,7,10,6.6810466
1996-07-11,1996,7,11,0
1996-07-12,1996,7,12,0
1996-07-13,1996,7,13,0
1996-07-14,1996,7,14,0
1996-07-15,1996,7,15,0
1996-07-16,1996,7,16,0
1996-07-17,1996,7,17,0
1996-07-18,1996,7,18,0
1996-07-19,1996,7,19,0
1996-07-20,1996,7,20,0
1996-07-21,1996,7,21,0
1996-07-22,1996,7,22,3.7976699
1996-07-23,1996,7,23,0.54301326
1996-07-24,1996,7,24,0
1996-07-25,1996,7,25,5.1643973
1996-07-26,1996,7,26,0.64742893
1996-07-27,1996,7,27,5.1235152
1996-07-28,1996,7,28,0.12138084
1996-07-29,1996,7,29,0
1996-07-30,1996,7,30,0
1996-07-31,1996,7,31,0
1996-08-01,1996,8,1,0.04892488
1996-08-02,1996,8,2,7.3201073
1996-08-03,1996,8,3,11.213539
1996-08-04,1996,8,4,5.779557
1996-08-05,1996,8,5,14.876281
1996-08-06,1996,8,6,0.59111899
1996-08-07,1996,8,7,18.548183
1996-08-08,1996,8,8,15.23833
1996-08-09,1996,8,9,2.536987
1996-08-10,1996,8,10,13.183713
1996-08-11,1996,8,11,0
1996-08-12,1996,8,12,33.807619
1996-08-13,1996,8,13,34.575646
1996-08-14,1996,8,14,1.9759137
1996-08-15,1996,8,15,0
1996-08-16,1996,8,16,0
1996-08-17,1996,8,17,0
1996-08-18,1996,8,18,10.438568
1996-08-19,1996,8,19,5.4609135
1996-08-20,1996,8,20,10.586817
1996-08-21,1996,8,21,7.484117
1996-08-22,1996,8,22,0.64814895
1996-08-23,1996,8,23,58.782781
1996-08-24,1996,8,24,3.6969669
1996-08-25,1996,8,25,0
1996-08-26,1996,8,26,0
1996-08-27,1996,8,27,0
1996-08-28,1996,8,28,0
1996-08-29,1996,8,29,0
1996-08-30,1996,8,30,14.023692
1996-08-31,1996,8,31,1.5957284
1996-09-01,1996,9,1,4.8740144
1996-09-02,1996,9,2,8.2792777
1996-09-03,1996,9,3,24.137293
1996-09-04,1996,9,4,5.2818093
1996-09-05,1996,9,5,0
1996-09-06,1996,9,6,3.2857863
1996-09-07,1996,9,7,1.6967943
1996-09-08,1996,9,8,0.72184489
1996-09-09,1996,9,9,0
1996-09-10,1996,9,10,0
1996-09-11,1996,9,11,0
1996-09-12,1996,9,12,2.1871855
1996-09-13,1996,9,13,3.8268698
1996-09-14,1996,9,14,0
1996-09-15,1996,9,15,0
1996-09-16,1996,9,16,0
1996-09-17,1996,9,17,4.4842832
1996-09-18,1996,9,18,22.12796
1996-09-19,1996,9,19,12.950658
1996-09-20,1996,9,20,11.743778
1996-09-21,1996,9,21,0
1996-09-22,1996,9,22,0
1996-09-23,1996,9,23,0
1996-09-24,1996,9,24,0
1996-09-25,1996,9,25,0
1996-09-26,1996,9,26,0.020503798
1996-09-27,1996,9,27,0
1996-09-28,1996,9,28,0
1996-09-29,1996,9,29,0
1996-09-30,1996,9,30,0.037466187
1996-10-01,1996,10,1,0
1996-10-02,1996,10,2,13.584043
1996-10-03,1996,10,3,17.756427
1996-10-04,1996,10,4,0.04954344
1996-10-05,1996,10,5,1.9493993
1996-10-06,1996,10,6,0
1996-10-07,1996,10,7,0
1996-10-08,1996,10,8,0
1996-10-09,1996,10,9,7.5327428
1996-10-10,1996,10,10,2.9460863
1996-10-11,1996,10,11,0
1996-10-12,1996,10,12,0
1996-10-13,1996,10,13,0
1996-10-14,1996,10,14,0
1996-10-15,1996,10,15,9.3559487
1996-10-16,1996,10,16,18.015118
1996-10-17,1996,10,17,6.8188503
1996-10-18,1996,10,18,25.913908
1996-10-19,1996,10,19,0
1996-10-20,1996,10,20,0
1996-10-21,1996,10,21,0
1996-10-22,1996,10,22,0
1996-10-23,1996,10,23,0.20015847
1996-10-24,1996,10,24,0
1996-10-25,1996,10,25,0
1996-10-26,1996,10,26,0
1996-10-27,1996,10,27,0
1996-10-28,1996,10,28,0
1996-10-29,1996,10,29,0
1996-10-30,1996,10,30,0
1996-10-31,1996,10,31,5.035398
1996-11-01,1996,11,1,5.611434
1996-11-02,1996,11,2,0
1996-11-03,1996,11,3,0
1996-11-04,1996,11,4,1.132152
1996-11-05,1996,11,5,35.540555
1996-11-06,1996,11,6,0.35203136
1996-11-07,1996,11,7,0
1996-11-08,1996,11,8,0.00025411921
1996-11-09,1996,11,9,0
1996-11-10,1996,11,10,0
1996-11-11,1996,11,11,0.45817613
1996-11-12,1996,11,12,0
1996-11-13,1996,11,13,0
1996-11-14,1996,11,14,0
1996-11-15,1996,11,15,0
1996-11-16,1996,11,16,0
1996-11-17,1996,11,17,0
1996-11-18,1996,11,18,0
1996-11-19,1996,11,19,0
1996-11-20,1996,11,20,0
1996-11-21,1996,11,21,23.673261
1996-11-22,1996,11,22,0.34396313
1996-11-23,1996,11,23,0
1996-11-24,1996,11,24,0
1996-11-25,1996,11,25,0
1996-11-26,1996,11,26,0
1996-11-27,1996,11,27,0
1996-11-28,1996,11,28,21.493006
1996-11-29,1996,11,29,0
1996-11-30,1996,11,30,0
1996-12-01,1996,12,1,0
1996-12-02,1996,12,2,0
1996-12-03,1996,12,3,0
1996-12-04,1996,12,4,13.861275
1996-12-05,1996,12,5,10.48041
1996-12-06,1996,12,6,0.10235277
1996-12-07,1996,12,7,6.8505449
1996-12-08,1996,12,8,3.6198189
1996-12-09,1996,12,9,0
1996-12-10,1996,12,10,0
1996-12-11,1996,12,11,0
1996-12-12,1996,12,12,0
1996-12-13,1996,12,13,0
1996-12-14,1996,12,14,0
1996-12-15,1996,12,15,0
1996-12-16,1996,12,16,0
1996-12-17,1996,12,17,0
1996-12-18,1996,12,18,0
1996-12-19,1996,12,19,0
1996-12-20,1996,12,20,0
1996-12-21,1996,12,21,1.4208304
1996-12-22,1996,12,22,0
1996-12-23,1996,12,23,0
1996-12-24,1996,12,24,1.2038461
1996-12-25,1996,12,25,0.2118619
1996-12-26,1996,12,26,0
1996-12-27,1996,12,27,0
1996-12-28,1996,12,28,0
1996-12-29,1996,12,29,0
1996-12-30,1996,12,30,2.0255435
1996-12-31,1996,12,31,0
1997-01-01,1997,1,1,0
1997-01-02,1997,1,2,0
1997-01-03,1997,1,3,0
1997-01-04,1997,1,4,0
1997-01-05,1997,1,5,3.5179893
1997-01-06,1997,1,6,0
1997-01-07,1997,1,7,2.5422503
1997-01-08,1997,1,8,0
1997-01-09,1997,1,9,0
1997-01-10,1997,1,10,0.096488356
1997-01-11,1997,1,11,16.45519
1997-01-12,1997,1,12,12.418399
1997-01-13,1997,1,13,0
1997-01-14,1997,1,14,0
1997-01-15,1997,1,15,0
1997-01-16,1997,1,16,0
1997-01-17,1997,1,17,2.2069694
1997-01-18,1997,1,18,0
1997-01-19,1997,1,19,0
1997-01-20,1997,1,20,0
1997-01-21,1997,1,21,0
1997-01-22,1997,1,22,12.94283
1997-01-23,1997,1,23,0.45413744
1997-01-24,1997,1,24,0
1997-01-25,1997,1,25,0
1997-01-26,1997,1,26,0
1997-01-27,1997,1,27,8.8853196
1997-01-28,1997,1,28,11.816978
1997-01-29,1997,1,29,1.6131336
1997-01-30,1997,1,30,0
1997-01-31,1997,1,31,26.696345
1997-02-01,1997,2,1,10.217333
1997-02-02,1997,2,2,6.8419184
1997-02-03,1997,2,3,23.888511
1997-02-04,1997,2,4,0
1997-02-05,1997,2,5,0
1997-02-06,1997,2,6,0
1997-02-07,1997,2,7,0
1997-02-08,1997,2,8,5.567715
1997-02-09,1997,2,9,8.1622153e-05
1997-02-10,1997,2,10,0
1997-02-11,1997,2,11,0
1997-02-12,1997,2,12,0
1997-02-13,1997,2,13,0
1997-02-14,1997,2,14,0
1997-02-15,1997,2,15,0
1997-02-16,1997,2,16,0
1997-02-17,1997,2,17,0.2176988
1997-02-18,1997,2,18,0
1997-02-19,1997,2,19,0
1997-02-20,1997,2,20,0
1997-02-21,1997,2,21,0
1997-02-22,1997,2,22,0
1997-02-23,1997,2,23,0
1997-02-24,1997,2,24,0
1997-02-25,1997,2,25,0
1997-02-26,1997,2,26,0
1997-02-27,1997,2,27,0
1997-02-28,1997,2,28,0
1997-03-01,1997,3,1,0
1997-03-02,1997,3,2,0
1997-03-03,1997,3,3,0
1997-03-04,1997,3,4,0
1997-03-05,1997,3,5,0
1997-03-06,1997,3,6,0
1997-03-07,1997,3,7,0
1997-03-08,1997,3,8,0
1997-03-09,1997,3,9,0
1997-03-10,1997,3,10,0
1997-03-11,1997,3,11,0
1997-03-12,1997,3,12,0
1997-03-13,1997,3,13,0
1997-03-14,1997,3,14,0
1997-03-15,1997,3,15,0
1997-03-16,1997,3,16,0.12086103
1997-03-17,1997,3,17,0
1997-03-18,1997,3,18,3.2648604
1997-03-19,1997,3,19,0
1997-03-20,1997,3,20,0
1997-03-21,1997,3,21,2.711776
1997-03-22,1997,3,22,0.64695009
1997-03-23,1997,3,23,0
1997-03-24,1997,3,24,0
1997-03-25,1997,3,25,0
1997-03-26,1997,3,26,0.00016332455
1997-03-27,1997,3,27,0
1997-03-28,1997,3,28,0
1997-03-29,1997,3,29,0
1997-03-30,1997,3,30,0
1997-03-31,1997,3,31,0.85784
1997-04-01,1997,4,1,4.8159658
1997-04-02,1997,4,2,0
1997-04-03,1997,4,3,0
1997-04-04,1997,4,4,0
1997-04-05,1997,4,5,0
1997-04-06,1997,4,6,0
1997-04-07,1997,4,7,0
1997-04-08,1997,4,8,0
1997-04-09,1997,4,9,0
1997-04-10,1997,4,10,0
1997-04-11,1997,4,11,0
1997-04-12,1997,4,12,0.004921667
1997-04-13,1997,4,13,6.8891221
1997-04-14,1997,4,14,31.551453
1997-04-15,1997,4,15,0.011455219
1997-04-16,1997,4,16,0
1997-04-17,1997,4,17,0
1997-04-18,1997,4,18,0
1997-04-19,1997,4,19,2.2644079
1997-04-20,1997,4,20,13.789053
1997-04-21,1997,4,21,37.12612
1997-04-22,1997,4,22,126.83341
1997-04-23,1997,4,23,47.017191
1997-04-24,1997,4,24,0.24971428
1997-04-25,1997,4,25,10.050584
1997-04-26,1997,4,26,4.980659
1997-04-27,1997,4,27,0.10890907
1997-04-28,1997,4,28,53.631229
1997-04-29,1997,4,29,32.903468
1997-04-30,1997,4,30,113.20146
1997-05-01,1997,5,1,9.7974973
1997-05-02,1997,5,2,0
1997-05-03,1997,5,3,0
1997-05-04,1997,5,4,0
1997-05-05,1997,5,5,0
1997-05-06,1997,5,6,0
1997-05-07,1997,5,7,0
1997-05-08,1997,5,8,0
1997-05-09,1997,5,9,0
1997-05-10,1997,5,10,0
1997-05-11,1997,5,11,0
1997-05-12,1997,5,12,0
1997-05-13,1997,5,13,0
1997-05-14,1997,5,14,0
1997-05-15,1997,5,15,8.1497583
1997-05-16,1997,5,16,62.265433
1997-05-17,1997,5,17,19.456891
1997-05-18,1997,5,18,8.5622811
1997-05-19,1997,5,19,25.911791
1997-05-20,1997,5,20,5.4359349
1997-05-21,1997,5,21,0
1997-05-22,1997,5,22,0
1997-05-23,1997,5,23,0
1997-05-24,1997,5,24,0
1997-05-25,1997,5,25,1.8168425
1997-05-26,1997,5,26,10.360988
1997-05-27,1997,5,27,0
1997-05-28,1997,5,28,19.764699
1997-05-29,1997,5,29,19.715272
1997-05-30,1997,5,30,9.6056563
1997-05-31,1997,5,31,0.002122176
1997-06-01,1997,6,1,4.565407
1997-06-02,1997,6,2,33.229768
1997-06-03,1997,6,3,29.855637
1997-06-04,1997,6,4,21.7722
1997-06-05,1997,6,5,5.6387275
1997-06-06,1997,6,6,0
1997-06-07,1997,6,7,7.9293063
1997-06-08,1997,6,8,65.639565
1997-06-09,1997,6,9,38.486161
1997-06-10,1997,6,10,12.139196
1997-06-11,1997,6,11,16.483984
1997-06-12,1997,6,12,16.10699
1997-06-13,1997,6,13,6.2674015
1997-06-14,1997,6,14,21.180049
1997-06-15,1997,6,15,43.90864
1997-06-16,1997,6,16,3.4332253
1997-06-17,1997,6,17,20.030279
1997-06-18,1997,6,18,26.584291
1997-06-19,1997,6,19,61.451854
1997-06-20,1997,6,20,31.386034
1997-06-21,1997,6,21,27.489153
1997-06-22,1997,6,22,25.37755
1997-06-23,1997,6,23,21.494563
1997-06-24,1997,6,24,12.204267
1997-06-25,1997,6,25,13.20601
1997-06-26,1997,6,26,4.340036
1997-06-27,1997,6,27,1.156549
1997-06-28,1997,6,28,0.2686927
1997-06-29,1997,6,29,6.43221
1997-06-30,1997,6,30,0.00054980558
1997-07-01,1997,7,1,20.735026
1997-07-02,1997,7,2,25.262419
1997-07-03,1997,7,3,15.602614
1997-07-04,1997,7,4,11.01085
1997-07-05,1997,7,5,11.093022
1997-07-06,1997,7,6,11.412933
1997-07-07,1997,7,7,27.001519
1997-07-08,1997,7,8,13.006079
1997-07-09,1997,7,9,0.34029928
1997-07-10,1997,7,10,0
1997-07-11,1997,7,11,0
1997-07-12,1997,7,12,2.2158622
1997-07-13,1997,7,13,4.7262517
1997-07-14,1997,7,14,15.862103
1997-07-15,1997,7,15,13.972922
1997-07-16,1997,7,16,0
1997-07-17,1997,7,17,0
1997-07-18,1997,7,18,0
1997-07-19,1997,7,19,0
1997-07-20,1997,7,20,9.6347752
1997-07-21,1997,7,21,16.525786
1997-07-22,1997,7,22,0
1997-07-23,1997,7,23,0
1997-07-24,1997,7,24,15.920834
1997-07-25,1997,7,25,33.983214
1997-07-26,1997,7,26,12.999915
1997-07-27,1997,7,27,41.793699
1997-07-28,1997,7,28,60.946675
1997-07-29,1997,7,29,22.84926
1997-07-30,1997,7,30,23.267031
1997-07-31,1997,7,31,7.9701137
1997-08-01,1997,8,1,0
1997-08-02,1997,8,2,0
1997-08-03,1997,8,3,0
1997-08-04,1997,8,4,0
1997-08-05,1997,8,5,0
1997-08-06,1997,8,6,0
1997-08-07,1997,8,7,0
1997-08-08,1997,8,8,0
1997-08-09,1997,8,9,0
1997-08-10,1997,8,10,0.59804332
1997-08-11,1997,8,11,0
1997-08-12,1997,8,12,8.1109187
1997-08-13,1997,8,13,24.598563
1997-08-14,1997,8,14,4.7675882
1997-08-15,1997,8,15,13.128112
1997-08-16,1997,8,16,21.499557
1997-08-17,1997,8,17,23.120661
1997-08-18,1997,8,18,7.2767333
1997-08-19,1997,8,19,2.001626
1997-08-20,1997,8,20,0
1997-08-21,1997,8,21,0
1997-08-22,1997,8,22,0
1997-08-23,1997,8,23,13.416808
1997-08-24,1997,8,24,51.566079
1997-08-25,1997,8,25,27.268954
1997-08-26,1997,8,26,1.1897079
1997-08-27,1997,8,27,0
1997-08-28,1997,8,28,17.795538
1997-08-29,1997,8,29,7.6671605
1997-08-30,1997,8,30,0
1997-08-31,1997,8,31,0
1997-09-01,1997,9,1,14.479723
1997-09-02,1997,9,2,16.318502
1997-09-03,1997,9,3,30.775681
1997-09-04,1997,9,4,4.5467255
1997-09-05,1997,9,5,23.61537
1997-09-06,1997,9,6,20.97435
1997-09-07,1997,9,7,22.384739
1997-09-08,1997,9,8,12.379535
1997-09-09,1997,9,9,0
1997-09-10,1997,9,10,0
1997-09-11,1997,9,11,7.1151547
1997-09-12,1997,9,12,5.6070628
1997-09-13,1997,9,13,3.4751624
1997-09-14,1997,9,14,0.048130352
1997-09-15,1997,9,15,0
1997-09-16,1997,9,16,0
1997-09-17,1997,9,17,0
1997-09-18,1997,9,18,0.31617655
1997-09-19,1997,9,19,0
1997-09-20,1997,9,20,7.9653667
1997-09-21,1997,9,21,19.897425
1997-09-22,1997,9,22,10.855469
1997-09-23,1997,9,23,1.9968751
1997-09-24,1997,9,24,0
1997-09-25,1997,9,25,0
1997-09-26,1997,9,26,5.0874676
1997-09-27,1997,9,27,9.410028
1997-09-28,1997,9,28,12.928802
1997-09-29,1997,9,29,7.5236589
1997-09-30,1997,9,30,3.4476215
1997-10-01,1997,10,1,13.994859
1997-10-02,1997,10,2,21.688085
1997-10-03,1997,10,3,20.235895
1997-10-04,1997,10,4,24.237103
1997-10-05,1997,10,5,4.0402952
1997-10-06,1997,10,6,0
1997-10-07,1997,10,7,0
1997-10-08,1997,10,8,0
1997-10-09,1997,10,9,11.953393
1997-10-10,1997,10,10,21.103275
1997-10-11,1997,10,11,6.2519448
1997-10-12,1997,10,12,3.83188
1997-10-13,1997,10,13,4.3349285
1997-10-14,1997,10,14,24.288078
1997-10-15,1997,10,15,10.322476
1997-10-16,1997,10,16,0.58656137
1997-10-17,1997,10,17,0
1997-10-18,1997,10,18,0
1997-10-19,1997,10,19,0
1997-10-20,1997,10,20,8.3594021
1997-10-21,1997,10,21,0
1997-10-22,1997,10,22,0
1997-10-23,1997,10,23,22.63331
1997-10-24,1997,10,24,15.135752
1997-10-25,1997,10,25,6.4802087
1997-10-26,1997,10,26,33.669273
1997-10-27,1997,10,27,8.8435022
1997-10-28,1997,10,28,5.6268306
1997-10-29,1997,10,29,0
1997-10-30,1997,10,30,0
1997-10-31,1997,10,31,0
1997-11-01,1997,11,1,0.0048969732
1997-11-02,1997,11,2,0
1997-11-03,1997,11,3,3.3876673
1997-11-04,1997,11,4,1.0627563
1997-11-05,1997,11,5,0
1997-11-06,1997,11,6,0.60385572
1997-11-07,1997,11,7,33.249562
1997-11-08,1997,11,8,7.9268501
1997-11-09,1997,11,9,11.340693
1997-11-10,1997,11,10,29.639407
1997-11-11,1997,11,11,19.049392
1997-11-12,1997,11,12,13.306997
1997-11-13,1997,11,13,3.9064963
1997-11-14,1997,11,14,0
1997-11-15,1997,11,15,0
1997-11-16,1997,11,16,0
1997-11-17,1997,11,17,0
1997-11-18,1997,11,18,0
1997-11-19,1997,11,19,0
1997-11-20,1997,11,20,0.68448965
1997-11-21,1997,11,21,0
1997-11-22,1997,11,22,0.0079280199
1997-11-23,1997,11,23,0
1997-11-24,1997,11,24,0
1997-11-25,1997,11,25,15.859635
1997-11-26,1997,11,26,15.734336
1997-11-27,1997,11,27,7.4242493
1997-11-28,1997,11,28,0
1997-11-29,1997,11,29,0
1997-11-30,1997,11,30,0
1997-12-01,1997,12,1,20.15191
1997-12-02,1997,12,2,5.3839799
1997-12-03,1997,12,3,0.050909954
1997-12-04,1997,12,4,0
1997-12-05,1997,12,5,0
1997-12-06,1997,12,6,0
1997-12-07,1997,12,7,0
1997-12-08,1997,12,8,0
1997-12-09,1997,12,9,0
1997-12-10,1997,12,10,0
1997-12-11,1997,12,11,2.7461157
1997-12-12,1997,12,12,9.1135862
1997-12-13,1997,12,13,0
1997-12-14,1997,12,14,0
1997-12-15,1997,12,15,0
1997-12-16,1997,12,16,0
1997-12-17,1997,12,17,0
1997-12-18,1997,12,18,0
1997-12-19,1997,12,19,0
1997-12-20,1997,12,20,0
1997-12-21,1997,12,21,0
1997-12-22,1997,12,22,0
1997-12-23,1997,12,23,0
1997-12-24,1997,12,24,0
1997-12-25,1997,12,25,29.57821
1997-12-26,1997,12,26,8.6510458
1997-12-27,1997,12,27,10.354413
1997-12-28,1997,12,28,5.3293103
1997-12-29,1997,12,29,0.0056312679
1997-12-30,1997,12,30,0
1997-12-31,1997,12,31,0.076165378
1998-01-01,1998,1,1,0
1998-01-02,1998,1,2,0
1998-01-03,1998,1,3,0
1998-01-04,1998,1,4,0
1998-01-05,1998,1,5,0
1998-01-06,1998,1,6,0
1998-01-07,1998,1,7,0
1998-01-08,1998,1,8,0
1998-01-09,1998,1,9,0
1998-01-10,1998,1,10,0
1998-01-11,1998,1,11,0
1998-01-12,1998,1,12,0
1998-01-13,1998,1,13,0.050300973
1998-01-14,1998,1,14,0
1998-01-15,1998,1,15,0
1998-01-16,1998,1,16,4.6803798
1998-01-17,1998,1,17,0
1998-01-18,1998,1,18,0
1998-01-19,1998,1,19,2.2677411
1998-01-20,1998,1,20,4.3795296
1998-01-21,1998,1,21,0.0096745979
1998-01-22,1998,1,22,0
1998-01-23,1998,1,23,0
1998-01-24,1998,1,24,0
1998-01-25,1998,1,25,0
1998-01-26,1998,1,26,11.884036
1998-01-27,1998,1,27,2.4398946
1998-01-28,1998,1,28,0
1998-01-29,1998,1,29,0
1998-01-30,1998,1,30,0
1998-01-31,1998,1,31,0
1998-02-01,1998,2,1,0
1998-02-02,1998,2,2,1.6277992
1998-02-03,1998,2,3,0
1998-02-04,1998,2,4,0
1998-02-05,1998,2,5,0
1998-02-06,1998,2,6,0
1998-02-07,1998,2,7,0
1998-02-08,1998,2,8,0
1998-02-09,1998,2,9,0
1998-02-10,1998,2,10,0
1998-02-11,1998,2,11,0
1998-02-12,1998,2,12,0.27347659
1998-02-13,1998,2,13,1.1351842
1998-02-14,1998,2,14,0
1998-02-15,1998,2,15,0.00128703
1998-02-16,1998,2,16,0
1998-02-17,1998,2,17,0
1998-02-18,1998,2,18,0
1998-02-19,1998,2,19,0
1998-02-20,1998,2,20,0
1998-02-21,1998,2,21,0
1998-02-22,1998,2,22,13.837387
1998-02-23,1998,2,23,5.8564595
1998-02-24,1998,2,24,0
1998-02-25,1998,2,25,0
1998-02-26,1998,2,26,0
1998-02-27,1998,2,27,0
1998-02-28,1998,2,28,0
1998-03-01,1998,3,1,0
1998-03-02,1998,3,2,0
1998-03-03,1998,3,3,12.616032
1998-03-04,1998,3,4,11.739855
1998-03-05,1998,3,5,0
1998-03-06,1998,3,6,0.76914648
1998-03-07,1998,3,7,0
1998-03-08,1998,3,8,0
1998-03-09,1998,3,9,0
1998-03-10,1998,3,10,0
1998-03-11,1998,3,11,0
1998-03-12,1998,3,12,0
1998-03-13,1998,3,13,0
1998-03-14,1998,3,14,0.022301786
1998-03-15,1998,3,15,0
1998-03-16,1998,3,16,0.08100538
1998-03-17,1998,3,17,3.0737952
1998-03-18,1998,3,18,4.5362234
1998-03-19,1998,3,19,0
1998-03-20,1998,3,20,0
1998-03-21,1998,3,21,0
1998-03-22,1998,3,22,0
1998-03-23,1998,3,23,0
1998-03-24,1998,3,24,0
1998-03-25,1998,3,25,0
1998-03-26,1998,3,26,5.7149178
1998-03-27,1998,3,27,0
1998-03-28,1998,3,28,0
1998-03-29,1998,3,29,0
1998-03-30,1998,3,30,0
1998-03-31,1998,3,31,0
1998-04-01,1998,4,1,0
1998-04-02,1998,4,2,0
1998-04-03,1998,4,3,0
1998-04-04,1998,4,4,0
1998-04-05,1998,4,5,0.014320686
1998-04-06,1998,4,6,0
1998-04-07,1998,4,7,0
1998-04-08,1998,4,8,10.578668
1998-04-09,1998,4,9,23.972453
1998-04-10,1998,4,10,25.825293
1998-04-11,1998,4,11,6.8165302
1998-04-12,1998,4,12,0
1998-04-13,1998,4,13,0.052262537
1998-04-14,1998,4,14,15.587071
1998-04-15,1998,4,15,0
1998-04-16,1998,4,16,0
1998-04-17,1998,4,17,0
1998-04-18,1998,4,18,0
1998-04-19,1998,4,19,0
1998-04-20,1998,4,20,0
1998-04-21,1998,4,21,0.056907075
1998-04-22,1998,4,22,0
1998-04-23,1998,4,23,0
1998-04-24,1998,4,24,0
1998-04-25,1998,4,25,0
1998-04-26,1998,4,26,1.6003273
1998-04-27,1998,4,27,0
1998-04-28,1998,4,28,0
1998-04-29,1998,4,29,0
1998-04-30,1998,4,30,0
1998-05-01,1998,5,1,0
1998-05-02,1998,5,2,0
1998-05-03,1998,5,3,0
1998-05-04,1998,5,4,1.2639709
1998-05-05,1998,5,5,3.0859091
1998-05-06,1998,5,6,14.318904
1998-05-07,1998,5,7,24.260029
1998-05-08,1998,5,8,0
1998-05-09,1998,5,9,19.698481
1998-05-10,1998,5,10,12.294947
1998-05-11,1998,5,11,8.6770915
1998-05-12,1998,5,12,0.0055617014
1998-05-13,1998,5,13,0
1998-05-14,1998,5,14,0
1998-05-15,1998,5,15,0
1998-05-16,1998,5,16,0
1998-05-17,1998,5,17,0
1998-05-18,1998,5,18,0
1998-05-19,1998,5,19,0
1998-05-20,1998,5,20,5.2957363
1998-05-21,1998,5,21,5.9664141
1998-05-22,1998,5,22,3.2474899
1998-05-23,1998,5,23,0.13995521
1998-05-24,1998,5,24,2.0394355
1998-05-25,1998,5,25,3.9711988
1998-05-26,1998,5,26,10.823786
1998-05-27,1998,5,27,13.671201
1998-05-28,1998,5,28,5.5571388
1998-05-29,1998,5,29,2.1444789
1998-05-30,1998,5,30,0
1998-05-31,1998,5,31,0
1998-06-01,1998,6,1,0
1998-06-02,1998,6,2,0
1998-06-03,1998,6,3,0
1998-06-04,1998,6,4,9.9287688
1998-06-05,1998,6,5,20.417635
1998-06-06,1998,6,6,10.766324
1998-06-07,1998,6,7,3.3355496
1998-06-08,1998,6,8,0
1998-06-09,1998,6,9,0
1998-06-10,1998,6,10,1.385034
1998-06-11,1998,6,11,0
1998-06-12,1998,6,12,0
1998-06-13,1998,6,13,0
1998-06-14,1998,6,14,0
1998-06-15,1998,6,15,5.241739
1998-06-16,1998,6,16,35.385013
1998-06-17,1998,6,17,7.4309423
1998-06-18,1998,6,18,21.777054
1998-06-19,1998,6,19,5.4765436
1998-06-20,1998,6,20,0
1998-06-21,1998,6,21,0
1998-06-22,1998,6,22,1.6343051
1998-06-23,1998,6,23,0
1998-06-24,1998,6,24,0
1998-06-25,1998,6,25,0
1998-06-26,1998,6,26,0
1998-06-27,1998,6,27,0
1998-06-28,1998,6,28,16.498575
1998-06-29,1998,6,29,3.7342153
1998-06-30,1998,6,30,0
1998-07-01,1998,7,1,17.894233
1998-07-02,1998,7,2,33.375654
1998-07-03,1998,7,3,12.966457
1998-07-04,1998,7,4,21.593676
1998-07-05,1998,7,5,11.98179
1998-07-06,1998,7,6,19.227575
1998-07-07,1998,7,7,2.239658
1998-07-08,1998,7,8,0
1998-07-09,1998,7,9,0
1998-07-10,1998,7,10,0
1998-07-11,1998,7,11,0
1998-07-12,1998,7,12,0
1998-07-13,1998,7,13,5.8057719
1998-07-14,1998,7,14,8.3340748
1998-07-15,1998,7,15,0
1998-07-16,1998,7,16,0
1998-07-17,1998,7,17,0.39890918
1998-07-18,1998,7,18,0
1998-07-19,1998,7,19,0
1998-07-20,1998,7,20,0
1998-07-21,1998,7,21,0
1998-07-22,1998,7,22,0
1998-07-23,1998,7,23,0
1998-07-24,1998,7,24,0
1998-07-25,1998,7,25,0
1998-07-26,1998,7,26,22.936115
1998-07-27,1998,7,27,3.7624157
1998-07-28,1998,7,28,0
1998-07-29,1998,7,29,0
1998-07-30,1998,7,30,0
1998-07-31,1998,7,31,0
1998-08-01,1998,8,1,0
1998-08-02,1998,8,2,0
1998-08-03,1998,8,3,0
1998-08-04,1998,8,4,0
1998-08-05,1998,8,5,9.6802414
1998-08-06,1998,8,6,7.0738503
1998-08-07,1998,8,7,33.148211
1998-08-08,1998,8,8,3.7501711
1998-08-09,1998,8,9,3.0584067
1998-08-10,1998,8,10,0
1998-08-11,1998,8,11,13.214075
1998-08-12,1998,8,12,7.0594793
1998-08-13,1998,8,13,21.986171
1998-08-14,1998,8,14,47.513098
1998-08-15,1998,8,15,25.836142
1998-08-16,1998,8,16,16.495668
1998-08-17,1998,8,17,0
1998-08-18,1998,8,18,20.565769
1998-08-19,1998,8,19,0.0013312819
1998-08-20,1998,8,20,0
1998-08-21,1998,8,21,0
1998-08-22,1998,8,22,0
1998-08-23,1998,8,23,0
1998-08-24,1998,8,24,0
1998-08-25,1998,8,25,0
1998-08-26,1998,8,26,0
1998-08-27,1998,8,27,0
1998-08-28,1998,8,28,0
1998-08-29,1998,8,29,0
1998-08-30,1998,8,30,0
1998-08-31,1998,8,31,0
1998-09-01,1998,9,1,0
1998-09-02,1998,9,2,0
1998-09-03,1998,9,3,0
1998-09-04,1998,9,4,0
1998-09-05,1998,9,5,0
1998-09-06,1998,9,6,4.1488407
1998-09-07,1998,9,7,11.643913
1998-09-08,1998,9,8,0
1998-09-09,1998,9,9,19.439027
1998-09-10,1998,9,10,30.871882
1998-09-11,1998,9,11,7.7281056
1998-09-12,1998,9,12,0.77296109
1998-09-13,1998,9,13,0
1998-09-14,1998,9,14,0
1998-09-15,1998,9,15,0
1998-09-16,1998,9,16,0
1998-09-17,1998,9,17,0
1998-09-18,1998,9,18,0
1998-09-19,1998,9,19,0
1998-09-20,1998,9,20,0
1998-09-21,1998,9,21,13.372491
1998-09-22,1998,9,22,3.8836113
1998-09-23,1998,9,23,0
1998-09-24,1998,9,24,0
1998-09-25,1998,9,25,0
1998-09-26,1998,9,26,1.4507336
1998-09-27,1998,9,27,6.9816872
1998-09-28,1998,9,28,0
1998-09-29,1998,9,29,0
1998-09-30,1998,9,30,0
1998-10-01,1998,10,1,0
1998-10-02,1998,10,2,0
1998-10-03,1998,10,3,7.5897292
1998-10-04,1998,10,4,0
1998-10-05,1998,10,5,0
1998-10-06,1998,10,6,0
1998-10-07,1998,10,7,0
1998-10-08,1998,10,8,0
1998-10-09,1998,10,9,0
1998-10-10,1998,10,10,5.2394406
1998-10-11,1998,10,11,0
1998-10-12,1998,10,12,0
1998-10-13,1998,10,13,0
1998-10-14,1998,10,14,0
1998-10-15,1998,10,15,0
1998-10-16,1998,10,16,0
1998-10-17,1998,10,17,0
1998-10-18,1998,10,18,0
1998-10-19,1998,10,19,0
1998-10-20,1998,10,20,0
1998-10-21,1998,10,21,0
1998-10-22,1998,10,22,1.0910636
1998-10-23,1998,10,23,0
1998-10-24,1998,10,24,0
1998-10-25,1998,10,25,0
1998-10-26,1998,10,26,3.1160493
1998-10-27,1998,10,27,0
1998-10-28,1998,10,28,0
1998-10-29,1998,10,29,0
1998-10-30,1998,10,30,0
1998-10-31,1998,10,31,0
1998-11-01,1998,11,1,0
1998-11-02,1998,11,2,0
1998-11-03,1998,11,3,0.15408279
1998-11-04,1998,11,4,0
1998-11-05,1998,11,5,0
1998-11-06,1998,11,6,0.024603175
1998-11-07,1998,11,7,10.66299
1998-11-08,1998,11,8,0
1998-11-09,1998,11,9,0
1998-11-10,1998,11,10,0
1998-11-11,1998,11,11,0
1998-11-12,1998,11,12,0
1998-11-13,1998,11,13,0.028147348
1998-11-14,1998,11,14,0
1998-11-15,1998,11,15,0.45758857
1998-11-16,1998,11,16,0
1998-11-17,1998,11,17,0
1998-11-18,1998,11,18,0
1998-11-19,1998,11,19,0
1998-11-20,1998,11,20,0
1998-11-21,1998,11,21,0
1998-11-22,1998,11,22,0
1998-11-23,1998,11,23,0
1998-11-24,1998,11,24,0
1998-11-25,1998,11,25,0
1998-11-26,1998,11,26,34.76035
1998-11-27,1998,11,27,0.0040094288
1998-11-28,1998,11,28,0
1998-11-29,1998,11,29,0
1998-11-30,1998,11,30,0
1998-12-01,1998,12,1,0
1998-12-02,1998,12,2,0
1998-12-03,1998,12,3,0
1998-12-04,1998,12,4,0
1998-12-05,1998,12,5,0
1998-12-06,1998,12,6,0
1998-12-07,1998,12,7,9.0983461e-06
1998-12-08,1998,12,8,3.23296
1998-12-09,1998,12,9,0
1998-12-10,1998,12,10,0
1998-12-11,1998,12,11,0
1998-12-12,1998,12,12,0
1998-12-13,1998,12,13,0
1998-12-14,1998,12,14,0
1998-12-15,1998,12,15,8.0444771
1998-12-16,1998,12,16,0
1998-12-17,1998,12,17,0
1998-12-18,1998,12,18,0
1998-12-19,1998,12,19,0
1998-12-20,1998,12,20,0
1998-12-21,1998,12,21,0
1998-12-22,1998,12,22,0
1998-12-23,1998,12,23,0
1998-12-24,1998,12,24,0
1998-12-25,1998,12,25,0
1998-12-26,1998,12,26,2.9174267
1998-12-27,1998,12,27,51.617169
1998-12-28,1998,12,28,0.051229725
1998-12-29,1998,12,29,0
1998-12-30,1998,12,30,0
1998-12-31,1998,12,31,0
1999-01-01,1999,1,1,0.00063529803
1999-01-02,1999,1,2,0
1999-01-03,1999,1,3,1.7430501
1999-01-04,1999,1,4,0
1999-01-05,1999,1,5,0
1999-01-06,1999,1,6,0
1999-01-07,1999,1,7,18.879575
1999-01-08,1999,1,8,0
1999-01-09,1999,1,9,0
1999-01-10,1999,1,10,0
1999-01-11,1999,1,11,0
1999-01-12,1999,1,12,0
1999-01-13,1999,1,13,0
1999-01-14,1999,1,14,0
1999-01-15,1999,1,15,0
1999-01-16,1999,1,16,0
1999-01-17,1999,1,17,0
1999-01-18,1999,1,18,0
1999-01-19,1999,1,19,0
1999-01-20,1999,1,20,0
1999-01-21,1999,1,21,0
1999-01-22,1999,1,22,0
1999-01-23,1999,1,23,0
1999-01-24,1999,1,24,0
1999-01-25,1999,1,25,0
1999-01-26,1999,1,26,0
1999-01-27,1999,1,27,0
1999-01-28,1999,1,28,0
1999-01-29,1999,1,29,2.7381417
1999-01-30,1999,1,30,0
1999-01-31,1999,1,31,7.8703503
1999-02-01,1999,2,1,10.418349
1999-02-02,1999,2,2,5.7808787
1999-02-03,1999,2,3,0
1999-02-04,1999,2,4,0
1999-02-05,1999,2,5,0
1999-02-06,1999,2,6,0
1999-02-07,1999,2,7,0
1999-02-08,1999,2,8,0
1999-02-09,1999,2,9,0
1999-02-10,1999,2,10,0
1999-02-11,1999,2,11,0
1999-02-12,1999,2,12,0
1999-02-13,1999,2,13,0
1999-02-14,1999,2,14,0
1999-02-15,1999,2,15,0
1999-02-16,1999,2,16,0
1999-02-17,1999,2,17,0
1999-02-18,1999,2,18,0
1999-02-19,1999,2,19,0
1999-02-20,1999,2,20,0
1999-02-21,1999,2,21,0.068948132
1999-02-22,1999,2,22,0
1999-02-23,1999,2,23,0.91325363
1999-02-24,1999,2,24,0
1999-02-25,1999,2,25,4.5055213
1999-02-26,1999,2,26,0
1999-02-27,1999,2,27,0
1999-02-28,1999,2,28,25.463664
1999-03-01,1999,3,1,9.2419408
1999-03-02,1999,3,2,0
1999-03-03,1999,3,3,0.11326452
1999-03-04,1999,3,4,0
1999-03-05,1999,3,5,6.5511558
1999-03-06,1999,3,6,12.382174
1999-03-07,1999,3,7,1.2112073
1999-03-08,1999,3,8,0
1999-03-09,1999,3,9,0
1999-03-10,1999,3,10,0
1999-03-11,1999,3,11,0
1999-03-12,1999,3,12,0
1999-03-13,1999,3,13,1.9657085
1999-03-14,1999,3,14,5.0341132
1999-03-15,1999,3,15,4.472003
1999-03-16,1999,3,16,0
1999-03-17,1999,3,17,0
1999-03-18,1999,3,18,0
1999-03-19,1999,3,19,0.00028149761
1999-03-20,1999,3,20,0
1999-03-21,1999,3,21,0
1999-03-22,1999,3,22,0
1999-03-23,1999,3,23,6.6307891
1999-03-24,1999,3,24,0
1999-03-25,1999,3,25,0
1999-03-26,1999,3,26,0
1999-03-27,1999,3,27,0.092033671
1999-03-28,1999,3,28,3.0390248
1999-03-29,1999,3,29,0
1999-03-30,1999,3,30,0
1999-03-31,1999,3,31,0
1999-04-01,1999,4,1,0
1999-04-02,1999,4,2,0
1999-04-03,1999,4,3,0
1999-04-04,1999,4,4,0.013827167
1999-04-05,1999,4,5,0
1999-04-06,1999,4,6,0
1999-04-07,1999,4,7,0
1999-04-08,1999,4,8,0
1999-04-09,1999,4,9,0
1999-04-10,1999,4,10,0
1999-04-11,1999,4,11,0
1999-04-12,1999,4,12,0.25527729
1999-04-13,1999,4,13,20.199981
1999-04-14,1999,4,14,4.9528632
1999-04-15,1999,4,15,0
1999-04-16,1999,4,16,0
1999-04-17,1999,4,17,0
1999-04-18,1999,4,18,0
1999-04-19,1999,4,19,0
1999-04-20,1999,4,20,7.550046
1999-04-21,1999,4,21,0.011498894
1999-04-22,1999,4,22,0
1999-04-23,1999,4,23,0
1999-04-24,1999,4,24,0
1999-04-25,1999,4,25,1.1240652
1999-04-26,1999,4,26,2.6865964
1999-04-27,1999,4,27,0
1999-04-28,1999,4,28,0
1999-04-29,1999,4,29,12.668581
1999-04-30,1999,4,30,14.657545
1999-05-01,1999,5,1,7.1909887
1999-05-02,1999,5,2,18.505118
1999-05-03,1999,5,3,0
1999-05-04,1999,5,4,3.0888023
1999-05-05,1999,5,5,39.86044
1999-05-06,1999,5,6,10.279107
1999-05-07,1999,5,7,0
1999-05-08,1999,5,8,0
1999-05-09,1999,5,9,6.7395052
1999-05-10,1999,5,10,0
1999-05-11,1999,5,11,0
1999-05-12,1999,5,12,0
1999-05-13,1999,5,13,14.680294
1999-05-14,1999,5,14,6.6804276
1999-05-15,1999,5,15,9.3693164
1999-05-16,1999,5,16,3.7732385
1999-05-17,1999,5,17,0
1999-05-18,1999,5,18,0
1999-05-19,1999,5,19,6.9524668
1999-05-20,1999,5,20,0
1999-05-21,1999,5,21,0
1999-05-22,1999,5,22,0
1999-05-23,1999,5,23,0
1999-05-24,1999,5,24,0
1999-05-25,1999,5,25,23.192929
1999-05-26,1999,5,26,31.288966
1999-05-27,1999,5,27,21.089263
1999-05-28,1999,5,28,4.6272166
1999-05-29,1999,5,29,0
1999-05-30,1999,5,30,0
1999-05-31,1999,5,31,0.0080995686
1999-06-01,1999,6,1,0
1999-06-02,1999,6,2,0
1999-06-03,1999,6,3,0
1999-06-04,1999,6,4,0
1999-06-05,1999,6,5,0
1999-06-06,1999,6,6,0
1999-06-07,1999,6,7,0
1999-06-08,1999,6,8,0
1999-06-09,1999,6,9,0
1999-06-10,1999,6,10,41.10765
1999-06-11,1999,6,11,1.9168456
1999-06-12,1999,6,12,11.313035
1999-06-13,1999,6,13,63.068835
1999-06-14,1999,6,14,13.444516
1999-06-15,1999,6,15,0
1999-06-16,1999,6,16,14.969278
1999-06-17,1999,6,17,20.706252
1999-06-18,1999,6,18,2.9165625
1999-06-19,1999,6,19,41.040831
1999-06-20,1999,6,20,51.204871
1999-06-21,1999,6,21,25.760204
1999-06-22,1999,6,22,11.284503
1999-06-23,1999,6,23,22.545282
1999-06-24,1999,6,24,25.268142
1999-06-25,1999,6,25,41.356055
1999-06-26,1999,6,26,13.884669
1999-06-27,1999,6,27,12.198138
1999-06-28,1999,6,28,12.157403
1999-06-29,1999,6,29,6.373564
1999-06-30,1999,6,30,23.929462
1999-07-01,1999,7,1,11.330522
1999-07-02,1999,7,2,0
1999-07-03,1999,7,3,0
1999-07-04,1999,7,4,0
1999-07-05,1999,7,5,0
1999-07-06,1999,7,6,0
1999-07-07,1999,7,7,0
1999-07-08,1999,7,8,0
1999-07-09,1999,7,9,28.51249
1999-07-10,1999,7,10,10.045371
1999-07-11,1999,7,11,8.5828605
1999-07-12,1999,7,12,4.0746231e-05
1999-07-13,1999,7,13,0
1999-07-14,1999,7,14,0
1999-07-15,1999,7,15,0
1999-07-16,1999,7,16,0
1999-07-17,1999,7,17,0
1999-07-18,1999,7,18,0
1999-07-19,1999,7,19,3.8592623
1999-07-20,1999,7,20,14.479435
1999-07-21,1999,7,21,0
1999-07-22,1999,7,22,7.0201696
1999-07-23,1999,7,23,2.0670468
1999-07-24,1999,7,24,0
1999-07-25,1999,7,25,10.018828
1999-07-26,1999,7,26,0
1999-07-27,1999,7,27,0
1999-07-28,1999,7,28,38.969405
1999-07-29,1999,7,29,9.6819044
1999-07-30,1999,7,30,0
1999-07-31,1999,7,31,0
1999-08-01,1999,8,1,0
1999-08-02,1999,8,2,0
1999-08-03,1999,8,3,9.4257172
1999-08-04,1999,8,4,35.150749
1999-08-05,1999,8,5,14.893212
1999-08-06,1999,8,6,0
1999-08-07,1999,8,7,20.975721
1999-08-08,1999,8,8,4.7742316
1999-08-09,1999,8,9,24.714459
1999-08-10,1999,8,10,12.045761
1999-08-11,1999,8,11,4.5263883
1999-08-12,1999,8,12,0
1999-08-13,1999,8,13,0.017899917
1999-08-14,1999,8,14,0
1999-08-15,1999,8,15,0
1999-08-16,1999,8,16,5.9986683
1999-08-17,1999,8,17,19.098167
1999-08-18,1999,8,18,56.850893
1999-08-19,1999,8,19,24.083479
1999-08-20,1999,8,20,15.416701
1999-08-21,1999,8,21,0
1999-08-22,1999,8,22,0
1999-08-23,1999,8,23,0
1999-08-24,1999,8,24,3.2275001
1999-08-25,1999,8,25,0
1999-08-26,1999,8,26,0
1999-08-27,1999,8,27,17.107575
1999-08-28,1999,8,28,6.020723
1999-08-29,1999,8,29,26.160638
1999-08-30,1999,8,30,17.598584
1999-08-31,1999,8,31,24.012223
1999-09-01,1999,9,1,26.035128
1999-09-02,1999,9,2,7.8251345
1999-09-03,1999,9,3,0.41643275
1999-09-04,1999,9,4,25.380438
1999-09-05,1999,9,5,40.99432
1999-09-06,1999,9,6,28.955854
1999-09-07,1999,9,7,22.732235
1999-09-08,1999,9,8,14.224062
1999-09-09,1999,9,9,10.226036
1999-09-10,1999,9,10,11.911339
1999-09-11,1999,9,11,24.994834
1999-09-12,1999,9,12,35.037302
1999-09-13,1999,9,13,22.795444
1999-09-14,1999,9,14,13.375553
1999-09-15,1999,9,15,7.940291
1999-09-16,1999,9,16,0
1999-09-17,1999,9,17,0.6109826
1999-09-18,1999,9,18,0
1999-09-19,1999,9,19,0
1999-09-20,1999,9,20,0
1999-09-21,1999,9,21,0
1999-09-22,1999,9,22,0
1999-09-23,1999,9,23,0
1999-09-24,1999,9,24,0
1999-09-25,1999,9,25,0
1999-09-26,1999,9,26,3.0592648
1999-09-27,1999,9,27,3.0889613
1999-09-28,1999,9,28,0
1999-09-29,1999,9,29,0
1999-09-30,1999,9,30,0
1999-10-01,1999,10,1,0
1999-10-02,1999,10,2,0
1999-10-03,1999,10,3,0
1999-10-04,1999,10,4,0
1999-10-05,1999,10,5,1.3288959
1999-10-06,1999,10,6,0
1999-10-07,1999,10,7,0
1999-10-08,1999,10,8,0
1999-10-09,1999,10,9,2.9785487
1999-10-10,1999,10,10,0
1999-10-11,1999,10,11,10.470779
1999-10-12,1999,10,12,3.5788778
1999-10-13,1999,10,13,0
1999-10-14,1999,10,14,0
1999-10-15,1999,10,15,0
1999-10-16,1999,10,16,0
1999-10-17,1999,10,17,0
1999-10-18,1999,10,18,0
1999-10-19,1999,10,19,0
1999-10-20,1999,10,20,0
1999-10-21,1999,10,21,0
1999-10-22,1999,10,22,0
1999-10-23,1999,10,23,0
1999-10-24,1999,10,24,0
1999-10-25,1999,10,25,5.9311396
1999-10-26,1999,10,26,13.310907
1999-10-27,1999,10,27,0
1999-10-28,1999,10,28,0
1999-10-29,1999,10,29,0
1999-10-30,1999,10,30,0
1999-10-31,1999,10,31,16.089224
1999-11-01,1999,11,1,4.9670055
1999-11-02,1999,11,2,0
1999-11-03,1999,11,3,0
1999-11-04,1999,11,4,9.3877734
1999-11-05,1999,11,5,11.730624
1999-11-06,1999,11,6,6.5463953
1999-11-07,1999,11,7,0
1999-11-08,1999,11,8,0
1999-11-09,1999,11,9,0
1999-11-10,1999,11,10,0
1999-11-11,1999,11,11,0
1999-11-12,1999,11,12,0
1999-11-13,1999,11,13,0
1999-11-14,1999,11,14,1.9117896
1999-11-15,1999,11,15,7.568167
1999-11-16,1999,11,16,0
1999-11-17,1999,11,17,5.9544075
1999-11-18,1999,11,18,0
1999-11-19,1999,11,19,0
1999-11-20,1999,11,20,0
1999-11-21,1999,11,21,0
1999-11-22,1999,11,22,0
1999-11-23,1999,11,23,0
1999-11-24,1999,11,24,0
1999-11-25,1999,11,25,0
1999-11-26,1999,11,26,0
1999-11-27,1999,11,27,0
1999-11-28,1999,11,28,0
1999-11-29,1999,11,29,10.211751
1999-11-30,1999,11,30,4.6936733
1999-12-01,1999,12,1,0
1999-12-02,1999,12,2,0
1999-12-03,1999,12,3,7.4286371
1999-12-04,1999,12,4,3.4809867
1999-12-05,1999,12,5,0
1999-12-06,1999,12,6,0
1999-12-07,1999,12,7,0
1999-12-08,1999,12,8,0
1999-12-09,1999,12,9,0
1999-12-10,1999,12,10,0
1999-12-11,1999,12,11,0
1999-12-12,1999,12,12,0
1999-12-13,1999,12,13,0
1999-12-14,1999,12,14,0
1999-12-15,1999,12,15,0.009632376
1999-12-16,1999,12,16,6.3465235
1999-12-17,1999,12,17,13.907857
1999-12-18,1999,12,18,1.9339159
1999-12-19,1999,12,19,0
1999-12-20,1999,12,20,0
1999-12-21,1999,12,21,0
1999-12-22,1999,12,22,0
1999-12-23,1999,12,23,0
1999-12-24,1999,12,24,0
1999-12-25,1999,12,25,0
1999-12-26,1999,12,26,0
1999-12-27,1999,12,27,0
1999-12-28,1999,12,28,7.8894613
1999-12-29,1999,12,29,0
1999-12-30,1999,12,30,0
1999-12-31,1999,12,31,0
2000-01-01,2000,1,1,0
2000-01-02,2000,1,2,0.54370446
2000-01-03,2000,1,3,0.38746696
2000-01-04,2000,1,4,0.81675859
2000-01-05,2000,1,5,0
2000-01-06,2000,1,6,2.8902401
2000-01-07,2000,1,7,0.43623947
2000-01-08,2000,1,8,0
2000-01-09,2000,1,9,0
2000-01-10,2000,1,10,0
2000-01-11,2000,1,11,0.00074975565
2000-01-12,2000,1,12,3.2964429
2000-01-13,2000,1,13,0
2000-01-14,2000,1,14,0
2000-01-15,2000,1,15,5.5497892
2000-01-16,2000,1,16,0
2000-01-17,2000,1,17,0
2000-01-18,2000,1,18,0
2000-01-19,2000,1,19,0
2000-01-20,2000,1,20,2.013353
2000-01-21,2000,1,21,0
2000-01-22,2000,1,22,0
2000-01-23,2000,1,23,0
2000-01-24,2000,1,24,0
2000-01-25,2000,1,25,0
2000-01-26,2000,1,26,0
2000-01-27,2000,1,27,0
2000-01-28,2000,1,28,25.574437
2000-01-29,2000,1,29,3.1624233
2000-01-30,2000,1,30,0
2000-01-31,2000,1,31,0
2000-02-01,2000,2,1,24.145049
2000-02-02,2000,2,2,0.55988674
2000-02-03,2000,2,3,0
2000-02-04,2000,2,4,22.343697
2000-02-05,2000,2,5,0.2432857
2000-02-06,2000,2,6,0
2000-02-07,2000,2,7,0
2000-02-08,2000,2,8,17.298662
2000-02-09,2000,2,9,21.155283
2000-02-10,2000,2,10,72.636369
2000-02-11,2000,2,11,18.646519
2000-02-12,2000,2,12,0.064841724
2000-02-13,2000,2,13,0
2000-02-14,2000,2,14,0
2000-02-15,2000,2,15,0
2000-02-16,2000,2,16,0
2000-02-17,2000,2,17,0.348383
2000-02-18,2000,2,18,0
2000-02-19,2000,2,19,0
2000-02-20,2000,2,20,0
2000-02-21,2000,2,21,0
2000-02-22,2000,2,22,0
2000-02-23,2000,2,23,0
2000-02-24,2000,2,24,0
2000-02-25,2000,2,25,0.26626012
2000-02-26,2000,2,26,26.529057
2000-02-27,2000,2,27,9.5827639
2000-02-28,2000,2,28,0
2000-02-29,2000,2,29,0
2000-03-01,2000,3,1,0
2000-03-02,2000,3,2,0
2000-03-03,2000,3,3,0
2000-03-04,2000,3,4,0
2000-03-05,2000,3,5,0
2000-03-06,2000,3,6,0
2000-03-07,2000,3,7,0.074937528
2000-03-08,2000,3,8,6.3110681
2000-03-09,2000,3,9,4.0997174
2000-03-10,2000,3,10,0
2000-03-11,2000,3,11,0.99240759
2000-03-12,2000,3,12,23.503488
2000-03-13,2000,3,13,1.733505
2000-03-14,2000,3,14,8.9376638
2000-03-15,2000,3,15,8.5123134
2000-03-16,2000,3,16,0
2000-03-17,2000,3,17,0
2000-03-18,2000,3,18,0
2000-03-19,2000,3,19,0.1007763
2000-03-20,2000,3,20,4.9046349
2000-03-21,2000,3,21,0
2000-03-22,2000,3,22,13.561659
2000-03-23,2000,3,23,7.6060481
2000-03-24,2000,3,24,0
2000-03-25,2000,3,25,6.8674288
2000-03-26,2000,3,26,8.7684117
2000-03-27,2000,3,27,0
2000-03-28,2000,3,28,0
2000-03-29,2000,3,29,0
2000-03-30,2000,3,30,0
2000-03-31,2000,3,31,0
2000-04-01,2000,4,1,0
2000-04-02,2000,4,2,0
2000-04-03,2000,4,3,0
2000-04-04,2000,4,4,0.026909907
2000-04-05,2000,4,5,0
2000-04-06,2000,4,6,0
2000-04-07,2000,4,7,8.7792953
2000-04-08,2000,4,8,21.198844
2000-04-09,2000,4,9,0
2000-04-10,2000,4,10,0
2000-04-11,2000,4,11,0
2000-04-12,2000,4,12,0
2000-04-13,2000,4,13,6.3588506
2000-04-14,2000,4,14,17.070253
2000-04-15,2000,4,15,2.2317798
2000-04-16,2000,4,16,0
2000-04-17,2000,4,17,0
2000-04-18,2000,4,18,0
2000-04-19,2000,4,19,0
2000-04-20,2000,4,20,0
2000-04-21,2000,4,21,0
2000-04-22,2000,4,22,0
2000-04-23,2000,4,23,0
2000-04-24,2000,4,24,25.805609
2000-04-25,2000,4,25,1.7270939
2000-04-26,2000,4,26,0
2000-04-27,2000,4,27,0
2000-04-28,2000,4,28,6.4659268
2000-04-29,2000,4,29,20.069957
2000-04-30,2000,4,30,30.02328
2000-05-01,2000,5,1,15.666488
2000-05-02,2000,5,2,9.9234647
2000-05-03,2000,5,3,0
2000-05-04,2000,5,4,0
2000-05-05,2000,5,5,0
2000-05-06,2000,5,6,0
2000-05-07,2000,5,7,0
2000-05-08,2000,5,8,0
2000-05-09,2000,5,9,0
2000-05-10,2000,5,10,0.13279599
2000-05-11,2000,5,11,0
2000-05-12,2000,5,12,0
2000-05-13,2000,5,13,0
2000-05-14,2000,5,14,3.1241068
2000-05-15,2000,5,15,5.1549577
2000-05-16,2000,5,16,0
2000-05-17,2000,5,17,0
2000-05-18,2000,5,18,1.487036
2000-05-19,2000,5,19,14.969619
2000-05-20,2000,5,20,19.280296
2000-05-21,2000,5,21,5.136933
2000-05-22,2000,5,22,0
2000-05-23,2000,5,23,0
2000-05-24,2000,5,24,20.595848
2000-05-25,2000,5,25,11.013667
2000-05-26,2000,5,26,3.0354764
2000-05-27,2000,5,27,1.063065
2000-05-28,2000,5,28,18.226967
2000-05-29,2000,5,29,1.1065035
2000-05-30,2000,5,30,0
2000-05-31,2000,5,31,0
2000-06-01,2000,6,1,14.447721
2000-06-02,2000,6,2,74.678372
2000-06-03,2000,6,3,60.199743
2000-06-04,2000,6,4,21.007208
2000-06-05,2000,6,5,0
2000-06-06,2000,6,6,0
2000-06-07,2000,6,7,3.6627931
2000-06-08,2000,6,8,10.138601
2000-06-09,2000,6,9,15.684603
2000-06-10,2000,6,10,2.3297969
2000-06-11,2000,6,11,63.945018
2000-06-12,2000,6,12,44.559669
2000-06-13,2000,6,13,41.86109
2000-06-14,2000,6,14,9.6587435
2000-06-15,2000,6,15,0
2000-06-16,2000,6,16,0
2000-06-17,2000,6,17,0
2000-06-18,2000,6,18,0
2000-06-19,2000,6,19,8.3513583
2000-06-20,2000,6,20,28.50488
2000-06-21,2000,6,21,29.17819
2000-06-22,2000,6,22,8.9228759
2000-06-23,2000,6,23,45.942189
2000-06-24,2000,6,24,24.052735
2000-06-25,2000,6,25,21.278943
2000-06-26,2000,6,26,45.709961
2000-06-27,2000,6,27,28.029752
2000-06-28,2000,6,28,15.79126
2000-06-29,2000,6,29,62.53829
2000-06-30,2000,6,30,29.702972
2000-07-01,2000,7,1,24.446317
2000-07-02,2000,7,2,20.076509
2000-07-03,2000,7,3,24.077546
2000-07-04,2000,7,4,4.4325988
2000-07-05,2000,7,5,36.378355
2000-07-06,2000,7,6,19.978047
2000-07-07,2000,7,7,3.198021
2000-07-08,2000,7,8,0
2000-07-09,2000,7,9,0.0016139806
2000-07-10,2000,7,10,0
2000-07-11,2000,7,11,0
2000-07-12,2000,7,12,0
2000-07-13,2000,7,13,3.6400889
2000-07-14,2000,7,14,0.0019440394
2000-07-15,2000,7,15,0
2000-07-16,2000,7,16,0.15985795
2000-07-17,2000,7,17,0
2000-07-18,2000,7,18,0
2000-07-19,2000,7,19,22.56953
2000-07-20,2000,7,20,12.688624
2000-07-21,2000,7,21,0
2000-07-22,2000,7,22,3.2587885
2000-07-23,2000,7,23,10.256161
2000-07-24,2000,7,24,0
2000-07-25,2000,7,25,0
2000-07-26,2000,7,26,0
2000-07-27,2000,7,27,0
2000-07-28,2000,7,28,0
2000-07-29,2000,7,29,0
2000-07-30,2000,7,30,3.6635342
2000-07-31,2000,7,31,18.598335
2000-08-01,2000,8,1,0
2000-08-02,2000,8,2,0
2000-08-03,2000,8,3,0
2000-08-04,2000,8,4,8.4491769
2000-08-05,2000,8,5,46.571333
2000-08-06,2000,8,6,27.730491
2000-08-07,2000,8,7,0.0017245309
2000-08-08,2000,8,8,0
2000-08-09,2000,8,9,0
2000-08-10,2000,8,10,0
2000-08-11,2000,8,11,0
2000-08-12,2000,8,12,11.345563
2000-08-13,2000,8,13,19.998988
2000-08-14,2000,8,14,10.699648
2000-08-15,2000,8,15,20.554379
2000-08-16,2000,8,16,10.562417
2000-08-17,2000,8,17,0
2000-08-18,2000,8,18,0
2000-08-19,2000,8,19,0.034873981
2000-08-20,2000,8,20,0
2000-08-21,2000,8,21,6.566545
2000-08-22,2000,8,22,2.6184004e-05
2000-08-23,2000,8,23,9.5438685
2000-08-24,2000,8,24,11.81885
2000-08-25,2000,8,25,0.045093117
2000-08-26,2000,8,26,10.171656
2000-08-27,2000,8,27,8.8358719
2000-08-28,2000,8,28,20.224915
2000-08-29,2000,8,29,25.696979
2000-08-30,2000,8,30,0
2000-08-31,2000,8,31,0
2000-09-01,2000,9,1,0
2000-09-02,2000,9,2,0
2000-09-03,2000,9,3,0
2000-09-04,2000,9,4,0
2000-09-05,2000,9,5,6.1667826
2000-09-06,2000,9,6,26.752628
2000-09-07,2000,9,7,28.504262
2000-09-08,2000,9,8,29.531246
2000-09-09,2000,9,9,39.741639
2000-09-10,2000,9,10,22.237524
2000-09-11,2000,9,11,10.59142
2000-09-12,2000,9,12,0
2000-09-13,2000,9,13,3.9006846
2000-09-14,2000,9,14,4.1846645
2000-09-15,2000,9,15,3.1045014
2000-09-16,2000,9,16,22.01521
2000-09-17,2000,9,17,16.785781
2000-09-18,2000,9,18,4.9207968
2000-09-19,2000,9,19,13.741222
2000-09-20,2000,9,20,15.649918
2000-09-21,2000,9,21,7.8460454
2000-09-22,2000,9,22,19.064925
2000-09-23,2000,9,23,1.2826059
2000-09-24,2000,9,24,0
2000-09-25,2000,9,25,0
2000-09-26,2000,9,26,0
2000-09-27,2000,9,27,0
2000-09-28,2000,9,28,0.14559344
2000-09-29,2000,9,29,0
2000-09-30,2000,9,30,0
2000-10-01,2000,10,1,0.0034769596
2000-10-02,2000,10,2,22.030026
2000-10-03,2000,10,3,6.1511973
2000-10-04,2000,10,4,0
2000-10-05,2000,10,5,1.1881446
2000-10-06,2000,10,6,0
2000-10-07,2000,10,7,1.235032
2000-10-08,2000,10,8,13.763398
2000-10-09,2000,10,9,0.33716285
2000-10-10,2000,10,10,0.13269454
2000-10-11,2000,10,11,27.331244
2000-10-12,2000,10,12,1.9264932
2000-10-13,2000,10,13,0
2000-10-14,2000,10,14,0
2000-10-15,2000,10,15,0
2000-10-16,2000,10,16,0
2000-10-17,2000,10,17,0
2000-10-18,2000,10,18,0
2000-10-19,2000,10,19,0
2000-10-20,2000,10,20,0
2000-10-21,2000,10,21,17.430201
2000-10-22,2000,10,22,0
2000-10-23,2000,10,23,0
2000-10-24,2000,10,24,0
2000-10-25,2000,10,25,0.35616915
2000-10-26,2000,10,26,0
2000-10-27,2000,10,27,0
2000-10-28,2000,10,28,0
2000-10-29,2000,10,29,0
2000-10-30,2000,10,30,3.5340185
2000-10-31,2000,10,31,6.93533
2000-11-01,2000,11,1,0
2000-11-02,2000,11,2,0
2000-11-03,2000,11,3,0.00095006351
2000-11-04,2000,11,4,12.655074
2000-11-05,2000,11,5,1.813344
2000-11-06,2000,11,6,0.0071444229
2000-11-07,2000,11,7,0.023683616
2000-11-08,2000,11,8,0
2000-11-09,2000,11,9,3.1305705
2000-11-10,2000,11,10,33.60647
2000-11-11,2000,11,11,31.908091
2000-11-12,2000,11,12,8.1409547
2000-11-13,2000,11,13,0.98449208
2000-11-14,2000,11,14,0
2000-11-15,2000,11,15,0
2000-11-16,2000,11,16,0
2000-11-17,2000,11,17,0
2000-11-18,2000,11,18,0.0018776046
2000-11-19,2000,11,19,0
2000-11-20,2000,11,20,0.0023506027
2000-11-21,2000,11,21,0
2000-11-22,2000,11,22,0.0046446706
2000-11-23,2000,11,23,0
2000-11-24,2000,11,24,0
2000-11-25,2000,11,25,4.7697169
2000-11-26,2000,11,26,6.113029
2000-11-27,2000,11,27,0
2000-11-28,2000,11,28,0
2000-11-29,2000,11,29,0
2000-11-30,2000,11,30,0
2000-12-01,2000,12,1,0
2000-12-02,2000,12,2,0
2000-12-03,2000,12,3,0
2000-12-04,2000,12,4,0
2000-12-05,2000,12,5,0
2000-12-06,2000,12,6,0
2000-12-07,2000,12,7,0
2000-12-08,2000,12,8,0
2000-12-09,2000,12,9,0
2000-12-10,2000,12,10,0.16632409
2000-12-11,2000,12,11,0
2000-12-12,2000,12,12,0
2000-12-13,2000,12,13,14.407372
2000-12-14,2000,12,14,19.109475
2000-12-15,2000,12,15,0
2000-12-16,2000,12,16,0
2000-12-17,2000,12,17,0
2000-12-18,2000,12,18,0
2000-12-19,2000,12,19,0
2000-12-20,2000,12,20,0
2000-12-21,2000,12,21,1.1406879
2000-12-22,2000,12,22,0
2000-12-23,2000,12,23,2.6266179
2000-12-24,2000,12,24,37.977286
2000-12-25,2000,12,25,9.1635612
2000-12-26,2000,12,26,15.369104
2000-12-27,2000,12,27,0
2000-12-28,2000,12,28,0
2000-12-29,2000,12,29,0
2000-12-30,2000,12,30,0
2000-12-31,2000,12,31,0
2001-01-01,2001,1,1,0
2001-01-02,2001,1,2,0
2001-01-03,2001,1,3,0
2001-01-04,2001,1,4,3.1885714
2001-01-05,2001,1,5,6.9557608
2001-01-06,2001,1,6,20.658256
2001-01-07,2001,1,7,28.371794
2001-01-08,2001,1,8,13.834696
2001-01-09,2001,1,9,22.66415
2001-01-10,2001,1,10,0
2001-01-11,2001,1,11,0
2001-01-12,2001,1,12,0
2001-01-13,2001,1,13,0
2001-01-14,2001,1,14,0
2001-01-15,2001,1,15,0
2001-01-16,2001,1,16,0
2001-01-17,2001,1,17,0
2001-01-18,2001,1,18,0
2001-01-19,2001,1,19,0
2001-01-20,2001,1,20,0
2001-01-21,2001,1,21,0.44956027
2001-01-22,2001,1,22,0
2001-01-23,2001,1,23,0
2001-01-24,2001,1,24,0
2001-01-25,2001,1,25,0
2001-01-26,2001,1,26,0
2001-01-27,2001,1,27,0
2001-01-28,2001,1,28,0
2001-01-29,2001,1,29,13.622323
2001-01-30,2001,1,30,38.878179
2001-01-31,2001,1,31,0
2001-02-01,2001,2,1,8.1742186
2001-02-02,2001,2,2,0
2001-02-03,2001,2,3,0
2001-02-04,2001,2,4,0
2001-02-05,2001,2,5,0
2001-02-06,2001,2,6,0
2001-02-07,2001,2,7,0
2001-02-08,2001,2,8,0.094044559
2001-02-09,2001,2,9,19.11836
2001-02-10,2001,2,10,0
2001-02-11,2001,2,11,0
2001-02-12,2001,2,12,0
2001-02-13,2001,2,13,0
2001-02-14,2001,2,14,0
2001-02-15,2001,2,15,0
2001-02-16,2001,2,16,0
2001-02-17,2001,2,17,0
2001-02-18,2001,2,18,0
2001-02-19,2001,2,19,0
2001-02-20,2001,2,20,0.084034294
2001-02-21,2001,2,21,0
2001-02-22,2001,2,22,0
2001-02-23,2001,2,23,0
2001-02-24,2001,2,24,0
2001-02-25,2001,2,25,0
2001-02-26,2001,2,26,4.7370376
2001-02-27,2001,2,27,0
2001-02-28,2001,2,28,3.8410021
2001-03-01,2001,3,1,0
2001-03-02,2001,3,2,0
2001-03-03,2001,3,3,0.49312888
2001-03-04,2001,3,4,2.4455258
2001-03-05,2001,3,5,0
2001-03-06,2001,3,6,0
2001-03-07,2001,3,7,0
2001-03-08,2001,3,8,0
2001-03-09,2001,3,9,38.000853
2001-03-10,2001,3,10,14.115712
2001-03-11,2001,3,11,12.840676
2001-03-12,2001,3,12,12.743101
2001-03-13,2001,3,13,0
2001-03-14,2001,3,14,0
2001-03-15,2001,3,15,0
2001-03-16,2001,3,16,0
2001-03-17,2001,3,17,0.23406775
2001-03-18,2001,3,18,0
2001-03-19,2001,3,19,0
2001-03-20,2001,3,20,0
2001-03-21,2001,3,21,4.2355359
2001-03-22,2001,3,22,0
2001-03-23,2001,3,23,0
2001-03-24,2001,3,24,0
2001-03-25,2001,3,25,0
2001-03-26,2001,3,26,0
2001-03-27,2001,3,27,0
2001-03-28,2001,3,28,0
2001-03-29,2001,3,29,0
2001-03-30,2001,3,30,0
2001-03-31,2001,3,31,0.072202366
2001-04-01,2001,4,1,0.53044526
2001-04-02,2001,4,2,0
2001-04-03,2001,4,3,0
2001-04-04,2001,4,4,0
2001-04-05,2001,4,5,0
2001-04-06,2001,4,6,0
2001-04-07,2001,4,7,0
2001-04-08,2001,4,8,0
2001-04-09,2001,4,9,0
2001-04-10,2001,4,10,0.54203367
2001-04-11,2001,4,11,0
2001-04-12,2001,4,12,0
2001-04-13,2001,4,13,5.0407378
2001-04-14,2001,4,14,4.9516214
2001-04-15,2001,4,15,0
2001-04-16,2001,4,16,0
2001-04-17,2001,4,17,3.8182019
2001-04-18,2001,4,18,0.40835162
2001-04-19,2001,4,19,0.91691873
2001-04-20,2001,4,20,0.010234981
2001-04-21,2001,4,21,35.458853
2001-04-22,2001,4,22,16.250101
2001-04-23,2001,4,23,0
2001-04-24,2001,4,24,0
2001-04-25,2001,4,25,2.085125
2001-04-26,2001,4,26,13.623096
2001-04-27,2001,4,27,4.6502446
2001-04-28,2001,4,28,0
2001-04-29,2001,4,29,0
2001-04-30,2001,4,30,5.6298939
2001-05-01,2001,5,1,1.4763857
2001-05-02,2001,5,2,0
2001-05-03,2001,5,3,0
2001-05-04,2001,5,4,0
2001-05-05,2001,5,5,0
2001-05-06,2001,5,6,7.7041799
2001-05-07,2001,5,7,7.0236302
2001-05-08,2001,5,8,12.778349
2001-05-09,2001,5,9,0
2001-05-10,2001,5,10,0
2001-05-11,2001,5,11,0
2001-05-12,2001,5,12,0
2001-05-13,2001,5,13,0.71708159
2001-05-14,2001,5,14,0.71952891
2001-05-15,2001,5,15,2.4485532
2001-05-16,2001,5,16,22.21283
2001-05-17,2001,5,17,21.991397
2001-05-18,2001,5,18,0
2001-05-19,2001,5,19,21.802986
2001-05-20,2001,5,20,33.48121
2001-05-21,2001,5,21,49.962122
2001-05-22,2001,5,22,10.707019
2001-05-23,2001,5,23,0
2001-05-24,2001,5,24,28.368575
2001-05-25,2001,5,25,59.9384
2001-05-26,2001,5,26,61.554696
2001-05-27,2001,5,27,48.549301
2001-05-28,2001,5,28,41.935821
2001-05-29,2001,5,29,11.692037
2001-05-30,2001,5,30,19.014925
2001-05-31,2001,5,31,5.7234493
2001-06-01,2001,6,1,21.727487
2001-06-02,2001,6,2,3.8685897
2001-06-03,2001,6,3,7.7569236
2001-06-04,2001,6,4,20.086931
2001-06-05,2001,6,5,32.75368
2001-06-06,2001,6,6,71.315104
2001-06-07,2001,6,7,20.377835
2001-06-08,2001,6,8,7.0715993
2001-06-09,2001,6,9,0
2001-06-10,2001,6,10,0
2001-06-11,2001,6,11,16.808663
2001-06-12,2001,6,12,33.178968
2001-06-13,2001,6,13,38.514891
2001-06-14,2001,6,14,13.13848
2001-06-15,2001,6,15,0
2001-06-16,2001,6,16,0
2001-06-17,2001,6,17,0
2001-06-18,2001,6,18,0
2001-06-19,2001,6,19,0
2001-06-20,2001,6,20,0
2001-06-21,2001,6,21,0
2001-06-22,2001,6,22,6.3357934
2001-06-23,2001,6,23,0.10250635
2001-06-24,2001,6,24,0
2001-06-25,2001,6,25,0
2001-06-26,2001,6,26,0
2001-06-27,2001,6,27,0
2001-06-28,2001,6,28,13.352447
2001-06-29,2001,6,29,38.580958
2001-06-30,2001,6,30,37.233736
2001-07-01,2001,7,1,26.394895
2001-07-02,2001,7,2,72.138619
2001-07-03,2001,7,3,25.726966
2001-07-04,2001,7,4,0
2001-07-05,2001,7,5,0
2001-07-06,2001,7,6,28.357597
2001-07-07,2001,7,7,59.499896
2001-07-08,2001,7,8,16.409839
2001-07-09,2001,7,9,15.908823
2001-07-10,2001,7,10,12.763733
2001-07-11,2001,7,11,27.44941
2001-07-12,2001,7,12,29.429696
2001-07-13,2001,7,13,12.614072
2001-07-14,2001,7,14,6.7908184
2001-07-15,2001,7,15,37.639413
2001-07-16,2001,7,16,39.094742
2001-07-17,2001,7,17,19.919023
2001-07-18,2001,7,18,29.888189
2001-07-19,2001,7,19,52.193485
2001-07-20,2001,7,20,21.886474
2001-07-21,2001,7,21,0
2001-07-22,2001,7,22,0
2001-07-23,2001,7,23,0
2001-07-24,2001,7,24,0
2001-07-25,2001,7,25,0
2001-07-26,2001,7,26,0
2001-07-27,2001,7,27,0
2001-07-28,2001,7,28,22.120642
2001-07-29,2001,7,29,20.823665
2001-07-30,2001,7,30,22.359386
2001-07-31,2001,7,31,35.551014
2001-08-01,2001,8,1,21.308247
2001-08-02,2001,8,2,0.80989769
2001-08-03,2001,8,3,0
2001-08-04,2001,8,4,3.2602688
2001-08-05,2001,8,5,7.8714162
2001-08-06,2001,8,6,0
2001-08-07,2001,8,7,0
2001-08-08,2001,8,8,0
2001-08-09,2001,8,9,0
2001-08-10,2001,8,10,0
2001-08-11,2001,8,11,13.983615
2001-08-12,2001,8,12,8.1477748
2001-08-13,2001,8,13,22.39517
2001-08-14,2001,8,14,0
2001-08-15,2001,8,15,0
2001-08-16,2001,8,16,0
2001-08-17,2001,8,17,0.10124205
2001-08-18,2001,8,18,10.962741
2001-08-19,2001,8,19,0
2001-08-20,2001,8,20,0
2001-08-21,2001,8,21,0
2001-08-22,2001,8,22,0
2001-08-23,2001,8,23,0
2001-08-24,2001,8,24,11.864895
2001-08-25,2001,8,25,28.501907
2001-08-26,2001,8,26,16.819716
2001-08-27,2001,8,27,19.942644
2001-08-28,2001,8,28,44.152413
2001-08-29,2001,8,29,4.9395931
2001-08-30,2001,8,30,0
2001-08-31,2001,8,31,0
2001-09-01,2001,9,1,0
2001-09-02,2001,9,2,0
2001-09-03,2001,9,3,0
2001-09-04,2001,9,4,6.4409952e-05
2001-09-05,2001,9,5,0.0028648054
2001-09-06,2001,9,6,5.1754622
2001-09-07,2001,9,7,10.655779
2001-09-08,2001,9,8,4.6583652
2001-09-09,2001,9,9,0
2001-09-10,2001,9,10,0
2001-09-11,2001,9,11,0
2001-09-12,2001,9,12,0.45518852
2001-09-13,2001,9,13,0
2001-09-14,2001,9,14,0
2001-09-15,2001,9,15,0
2001-09-16,2001,9,16,0
2001-09-17,2001,9,17,0
2001-09-18,2001,9,18,0
2001-09-19,2001,9,19,6.2302735
2001-09-20,2001,9,20,0
2001-09-21,2001,9,21,0.72088315
2001-09-22,2001,9,22,3.1123054
2001-09-23,2001,9,23,5.050266
2001-09-24,2001,9,24,0
2001-09-25,2001,9,25,2.6622153
2001-09-26,2001,9,26,7.440976
2001-09-27,2001,9,27,8.5070897
2001-09-28,2001,9,28,0
2001-09-29,2001,9,29,3.9196594
2001-09-30,2001,9,30,0
2001-10-01,2001,10,1,0
2001-10-02,2001,10,2,0
2001-10-03,2001,10,3,0.095791144
2001-10-04,2001,10,4,0
2001-10-05,2001,10,5,3.9825407
2001-10-06,2001,10,6,10.608721
2001-10-07,2001,10,7,0.60381427
2001-10-08,2001,10,8,0
2001-10-09,2001,10,9,2.7721267
2001-10-10,2001,10,10,0
2001-10-11,2001,10,11,0
2001-10-12,2001,10,12,0
2001-10-13,2001,10,13,0
2001-10-14,2001,10,14,0
2001-10-15,2001,10,15,0
2001-10-16,2001,10,16,0
2001-10-17,2001,10,17,0
2001-10-18,2001,10,18,0
2001-10-19,2001,10,19,6.2217935
2001-10-20,2001,10,20,0
2001-10-21,2001,10,21,0
2001-10-22,2001,10,22,0
2001-10-23,2001,10,23,0
2001-10-24,2001,10,24,2.2106228
2001-10-25,2001,10,25,7.0683784
2001-10-26,2001,10,26,8.0917745
2001-10-27,2001,10,27,0.2125866
2001-10-28,2001,10,28,0
2001-10-29,2001,10,29,0
2001-10-30,2001,10,30,0
2001-10-31,2001,10,31,0
2001-11-01,2001,11,1,0
2001-11-02,2001,11,2,1.0794909
2001-11-03,2001,11,3,0
2001-11-04,2001,11,4,2.0684069
2001-11-05,2001,11,5,7.7402174
2001-11-06,2001,11,6,0
2001-11-07,2001,11,7,0
2001-11-08,2001,11,8,0
2001-11-09,2001,11,9,7.8885773
2001-11-10,2001,11,10,29.383393
2001-11-11,2001,11,11,0
2001-11-12,2001,11,12,12.555938
2001-11-13,2001,11,13,7.9188022
2001-11-14,2001,11,14,5.6887698
2001-11-15,2001,11,15,0
2001-11-16,2001,11,16,0
2001-11-17,2001,11,17,0
2001-11-18,2001,11,18,0
2001-11-19,2001,11,19,2.468177
2001-11-20,2001,11,20,6.76855
2001-11-21,2001,11,21,0
2001-11-22,2001,11,22,21.881638
2001-11-23,2001,11,23,4.1746547
2001-11-24,2001,11,24,0
2001-11-25,2001,11,25,0.0079619369
2001-11-26,2001,11,26,0
2001-11-27,2001,11,27,0
2001-11-28,2001,11,28,0
2001-11-29,2001,11,29,0
2001-11-30,2001,11,30,0
2001-12-01,2001,12,1,0
2001-12-02,2001,12,2,0
2001-12-03,2001,12,3,0
2001-12-04,2001,12,4,0
2001-12-05,2001,12,5,0
2001-12-06,2001,12,6,0
2001-12-07,2001,12,7,0
2001-12-08,2001,12,8,0
2001-12-09,2001,12,9,0
2001-12-10,2001,12,10,0
2001-12-11,2001,12,11,0
2001-12-12,2001,12,12,0
2001-12-13,2001,12,13,0
2001-12-14,2001,12,14,0
2001-12-15,2001,12,15,0
2001-12-16,2001,12,16,0
2001-12-17,2001,12,17,0
2001-12-18,2001,12,18,0
2001-12-19,2001,12,19,0
2001-12-20,2001,12,20,0
2001-12-21,2001,12,21,0
2001-12-22,2001,12,22,0
2001-12-23,2001,12,23,0
2001-12-24,2001,12,24,0
2001-12-25,2001,12,25,0
2001-12-26,2001,12,26,0
2001-12-27,2001,12,27,0
2001-12-28,2001,12,28,0
2001-12-29,2001,12,29,0
2001-12-30,2001,12,30,0
2001-12-31,2001,12,31,0.44198029
2002-01-01,2002,1,1,1.3144096
2002-01-02,2002,1,2,0
2002-01-03,2002,1,3,1.7590193
2002-01-04,2002,1,4,0
2002-01-05,2002,1,5,0
2002-01-06,2002,1,6,0
2002-01-07,2002,1,7,18.581847
2002-01-08,2002,1,8,3.8265544
2002-01-09,2002,1,9,0
2002-01-10,2002,1,10,0
2002-01-11,2002,1,11,0
2002-01-12,2002,1,12,4.1084601
2002-01-13,2002,1,13,0
2002-01-14,2002,1,14,0
2002-01-15,2002,1,15,0
2002-01-16,2002,1,16,0
2002-01-17,2002,1,17,0
2002-01-18,2002,1,18,2.953448
2002-01-19,2002,1,19,0
2002-01-20,2002,1,20,0
2002-01-21,2002,1,21,0
2002-01-22,2002,1,22,0
2002-01-23,2002,1,23,0
2002-01-24,2002,1,24,1.7859017
2002-01-25,2002,1,25,2.3117602
2002-01-26,2002,1,26,0
2002-01-27,2002,1,27,0
2002-01-28,2002,1,28,0
2002-01-29,2002,1,29,0
2002-01-30,2002,1,30,4.7362931
2002-01-31,2002,1,31,0
2002-02-01,2002,2,1,0
2002-02-02,2002,2,2,0
2002-02-03,2002,2,3,0
2002-02-04,2002,2,4,0
2002-02-05,2002,2,5,0
2002-02-06,2002,2,6,0
2002-02-07,2002,2,7,0
2002-02-08,2002,2,8,0.18806729
2002-02-09,2002,2,9,0
2002-02-10,2002,2,10,0
2002-02-11,2002,2,11,0
2002-02-12,2002,2,12,0
2002-02-13,2002,2,13,0
2002-02-14,2002,2,14,0
2002-02-15,2002,2,15,0
2002-02-16,2002,2,16,0
2002-02-17,2002,2,17,0.022349879
2002-02-18,2002,2,18,0
2002-02-19,2002,2,19,0
2002-02-20,2002,2,20,0
2002-02-21,2002,2,21,0
2002-02-22,2002,2,22,0
2002-02-23,2002,2,23,0
2002-02-24,2002,2,24,0
2002-02-25,2002,2,25,58.126804
2002-02-26,2002,2,26,12.182186
2002-02-27,2002,2,27,23.578407
2002-02-28,2002,2,28,0.056677814
2002-03-01,2002,3,1,0
2002-03-02,2002,3,2,0
2002-03-03,2002,3,3,5.1866562
2002-03-04,2002,3,4,0
2002-03-05,2002,3,5,4.8529211
2002-03-06,2002,3,6,7.7812739
2002-03-07,2002,3,7,1.1443285
2002-03-08,2002,3,8,22.736913
2002-03-09,2002,3,9,10.677465
2002-03-10,2002,3,10,0
2002-03-11,2002,3,11,0
2002-03-12,2002,3,12,4.0110574
2002-03-13,2002,3,13,34.117443
2002-03-14,2002,3,14,60.911037
2002-03-15,2002,3,15,17.00827
2002-03-16,2002,3,16,9.1755824
2002-03-17,2002,3,17,0
2002-03-18,2002,3,18,1.0161348
2002-03-19,2002,3,19,0
2002-03-20,2002,3,20,0
2002-03-21,2002,3,21,3.2033535
2002-03-22,2002,3,22,0
2002-03-23,2002,3,23,12.827005
2002-03-24,2002,3,24,0
2002-03-25,2002,3,25,0
2002-03-26,2002,3,26,0
2002-03-27,2002,3,27,0
2002-03-28,2002,3,28,4.2332158
2002-03-29,2002,3,29,0.30278588
2002-03-30,2002,3,30,0
2002-03-31,2002,3,31,0
2002-04-01,2002,4,1,0.40308047
2002-04-02,2002,4,2,0
2002-04-03,2002,4,3,0
2002-04-04,2002,4,4,0
2002-04-05,2002,4,5,17.178895
2002-04-06,2002,4,6,32.181242
2002-04-07,2002,4,7,4.9144327
2002-04-08,2002,4,8,0
2002-04-09,2002,4,9,0
2002-04-10,2002,4,10,0
2002-04-11,2002,4,11,9.4326429
2002-04-12,2002,4,12,0.04173681
2002-04-13,2002,4,13,0
2002-04-14,2002,4,14,0
2002-04-15,2002,4,15,0
2002-04-16,2002,4,16,15.803801
2002-04-17,2002,4,17,0
2002-04-18,2002,4,18,0
2002-04-19,2002,4,19,3.733017
2002-04-20,2002,4,20,0
2002-04-21,2002,4,21,0.2629043
2002-04-22,2002,4,22,6.79791
2002-04-23,2002,4,23,28.44051
2002-04-24,2002,4,24,24.470212
2002-04-25,2002,4,25,10.258309
2002-04-26,2002,4,26,0
2002-04-27,2002,4,27,0
2002-04-28,2002,4,28,8.6624721
2002-04-29,2002,4,29,3.4294738
2002-04-30,2002,4,30,0.19863432
2002-05-01,2002,5,1,5.4653052
2002-05-02,2002,5,2,12.423723
2002-05-03,2002,5,3,2.4199921
2002-05-04,2002,5,4,0
2002-05-05,2002,5,5,0
2002-05-06,2002,5,6,0
2002-05-07,2002,5,7,0
2002-05-08,2002,5,8,0
2002-05-09,2002,5,9,0
2002-05-10,2002,5,10,0.00076140392
2002-05-11,2002,5,11,4.8987999
2002-05-12,2002,5,12,0
2002-05-13,2002,5,13,12.831588
2002-05-14,2002,5,14,30.995146
2002-05-15,2002,5,15,23.649806
2002-05-16,2002,5,16,0
2002-05-17,2002,5,17,3.0015874
2002-05-18,2002,5,18,9.1957732
2002-05-19,2002,5,19,0.2977669
2002-05-20,2002,5,20,0
2002-05-21,2002,5,21,1.3625118
2002-05-22,2002,5,22,16.333784
2002-05-23,2002,5,23,0
2002-05-24,2002,5,24,18.464435
2002-05-25,2002,5,25,43.914627
2002-05-26,2002,5,26,35.054197
2002-05-27,2002,5,27,13.757557
2002-05-28,2002,5,28,0
2002-05-29,2002,5,29,0
2002-05-30,2002,5,30,7.1787656
2002-05-31,2002,5,31,28.123893
2002-06-01,2002,6,1,10.25947
2002-06-02,2002,6,2,23.310614
2002-06-03,2002,6,3,22.565729
2002-06-04,2002,6,4,24.380311
2002-06-05,2002,6,5,25.566082
2002-06-06,2002,6,6,27.10923
2002-06-07,2002,6,7,21.459971
2002-06-08,2002,6,8,42.862561
2002-06-09,2002,6,9,0.95833448
2002-06-10,2002,6,10,0
2002-06-11,2002,6,11,0
2002-06-12,2002,6,12,0
2002-06-13,2002,6,13,0
2002-06-14,2002,6,14,0
2002-06-15,2002,6,15,0
2002-06-16,2002,6,16,0
2002-06-17,2002,6,17,0.95650038
2002-06-18,2002,6,18,6.5380849
2002-06-19,2002,6,19,0.0030176656
2002-06-20,2002,6,20,0
2002-06-21,2002,6,21,0
2002-06-22,2002,6,22,0
2002-06-23,2002,6,23,0
2002-06-24,2002,6,24,0
2002-06-25,2002,6,25,0
2002-06-26,2002,6,26,32.447483
2002-06-27,2002,6,27,17.680485
2002-06-28,2002,6,28,5.2255979
2002-06-29,2002,6,29,0
2002-06-30,2002,6,30,0
2002-07-01,2002,7,1,0
2002-07-02,2002,7,2,1.6226096
2002-07-03,2002,7,3,0
2002-07-04,2002,7,4,0
2002-07-05,2002,7,5,0
2002-07-06,2002,7,6,0
2002-07-07,2002,7,7,0
2002-07-08,2002,7,8,0
2002-07-09,2002,7,9,0
2002-07-10,2002,7,10,3.6907747
2002-07-11,2002,7,11,2.585725
2002-07-12,2002,7,12,0
2002-07-13,2002,7,13,0
2002-07-14,2002,7,14,0.005510655
2002-07-15,2002,7,15,0
2002-07-16,2002,7,16,0
2002-07-17,2002,7,17,0
2002-07-18,2002,7,18,13.439082
2002-07-19,2002,7,19,29.368232
2002-07-20,2002,7,20,39.521117
2002-07-21,2002,7,21,17.21414
2002-07-22,2002,7,22,18.606843
2002-07-23,2002,7,23,21.283618
2002-07-24,2002,7,24,13.387889
2002-07-25,2002,7,25,14.243153
2002-07-26,2002,7,26,12.355991
2002-07-27,2002,7,27,1.5637293
2002-07-28,2002,7,28,0
2002-07-29,2002,7,29,14.496731
2002-07-30,2002,7,30,0
2002-07-31,2002,7,31,0
2002-08-01,2002,8,1,0
2002-08-02,2002,8,2,2.5344637
2002-08-03,2002,8,3,4.1526921
2002-08-04,2002,8,4,0
2002-08-05,2002,8,5,23.583277
2002-08-06,2002,8,6,20.872186
2002-08-07,2002,8,7,17.776227
2002-08-08,2002,8,8,8.0834656
2002-08-09,2002,8,9,3.3918251
2002-08-10,2002,8,10,8.2174066
2002-08-11,2002,8,11,0
2002-08-12,2002,8,12,0
2002-08-13,2002,8,13,0
2002-08-14,2002,8,14,0
2002-08-15,2002,8,15,0.21760628
2002-08-16,2002,8,16,0.8673108
2002-08-17,2002,8,17,17.151026
2002-08-18,2002,8,18,12.500447
2002-08-19,2002,8,19,4.6353329
2002-08-20,2002,8,20,0
2002-08-21,2002,8,21,8.6105992
2002-08-22,2002,8,22,32.343285
2002-08-23,2002,8,23,65.877131
2002-08-24,2002,8,24,29.221421
2002-08-25,2002,8,25,30.103208
2002-08-26,2002,8,26,21.153822
2002-08-27,2002,8,27,16.268642
2002-08-28,2002,8,28,11.284853
2002-08-29,2002,8,29,0
2002-08-30,2002,8,30,0
2002-08-31,2002,8,31,0
2002-09-01,2002,9,1,0
2002-09-02,2002,9,2,0
2002-09-03,2002,9,3,23.730827
2002-09-04,2002,9,4,9.7913393
2002-09-05,2002,9,5,9.9766774
2002-09-06,2002,9,6,0
2002-09-07,2002,9,7,3.9634571
2002-09-08,2002,9,8,0
2002-09-09,2002,9,9,22.668484
2002-09-10,2002,9,10,16.247034
2002-09-11,2002,9,11,1.8118624
2002-09-12,2002,9,12,2.7899912
2002-09-13,2002,9,13,0
2002-09-14,2002,9,14,23.004084
2002-09-15,2002,9,15,14.808159
2002-09-16,2002,9,16,25.098678
2002-09-17,2002,9,17,12.542957
2002-09-18,2002,9,18,5.7367471
2002-09-19,2002,9,19,6.8427413
2002-09-20,2002,9,20,0
2002-09-21,2002,9,21,0
2002-09-22,2002,9,22,0
2002-09-23,2002,9,23,12.812609
2002-09-24,2002,9,24,10.046869
2002-09-25,2002,9,25,0
2002-09-26,2002,9,26,0
2002-09-27,2002,9,27,0
2002-09-28,2002,9,28,0
2002-09-29,2002,9,29,13.887813
2002-09-30,2002,9,30,0.84187825
2002-10-01,2002,10,1,21.274928
2002-10-02,2002,10,2,10.034966
2002-10-03,2002,10,3,27.436219
2002-10-04,2002,10,4,10.264212
2002-10-05,2002,10,5,32.057192
2002-10-06,2002,10,6,31.645786
2002-10-07,2002,10,7,7.076007
2002-10-08,2002,10,8,20.703439
2002-10-09,2002,10,9,7.7665089
2002-10-10,2002,10,10,5.2603815
2002-10-11,2002,10,11,66.708145
2002-10-12,2002,10,12,61.106965
2002-10-13,2002,10,13,46.053273
2002-10-14,2002,10,14,16.3277
2002-10-15,2002,10,15,6.5709673
2002-10-16,2002,10,16,0
2002-10-17,2002,10,17,10.453851
2002-10-18,2002,10,18,3.9256794
2002-10-19,2002,10,19,14.868792
2002-10-20,2002,10,20,6.7082006
2002-10-21,2002,10,21,0
2002-10-22,2002,10,22,0
2002-10-23,2002,10,23,4.8022508
2002-10-24,2002,10,24,0.17813198
2002-10-25,2002,10,25,26.3869
2002-10-26,2002,10,26,4.4330853
2002-10-27,2002,10,27,0
2002-10-28,2002,10,28,0
2002-10-29,2002,10,29,0
2002-10-30,2002,10,30,0
2002-10-31,2002,10,31,10.072521
2002-11-01,2002,11,1,26.129661
2002-11-02,2002,11,2,5.7275438
2002-11-03,2002,11,3,0
2002-11-04,2002,11,4,0
2002-11-05,2002,11,5,0
2002-11-06,2002,11,6,15.518619
2002-11-07,2002,11,7,13.27041
2002-11-08,2002,11,8,7.911839
2002-11-09,2002,11,9,0.011507129
2002-11-10,2002,11,10,0
2002-11-11,2002,11,11,0
2002-11-12,2002,11,12,1.7195755
2002-11-13,2002,11,13,40.147735
2002-11-14,2002,11,14,4.904671
2002-11-15,2002,11,15,0
2002-11-16,2002,11,16,13.938045
2002-11-17,2002,11,17,14.758293
2002-11-18,2002,11,18,22.458691
2002-11-19,2002,11,19,24.656289
2002-11-20,2002,11,20,6.5190911
2002-11-21,2002,11,21,0
2002-11-22,2002,11,22,0
2002-11-23,2002,11,23,0
2002-11-24,2002,11,24,0
2002-11-25,2002,11,25,14.574088
2002-11-26,2002,11,26,2.9110516
2002-11-27,2002,11,27,0
2002-11-28,2002,11,28,0
2002-11-29,2002,11,29,0
2002-11-30,2002,11,30,0
2002-12-01,2002,12,1,0
2002-12-02,2002,12,2,0
2002-12-03,2002,12,3,0
2002-12-04,2002,12,4,0.036413681
2002-12-05,2002,12,5,1.1062426
2002-12-06,2002,12,6,0
2002-12-07,2002,12,7,4.483577
2002-12-08,2002,12,8,0
2002-12-09,2002,12,9,0
2002-12-10,2002,12,10,0
2002-12-11,2002,12,11,0
2002-12-12,2002,12,12,0
2002-12-13,2002,12,13,0
2002-12-14,2002,12,14,3.6500841
2002-12-15,2002,12,15,8.170884
2002-12-16,2002,12,16,0
2002-12-17,2002,12,17,0
2002-12-18,2002,12,18,31.850008
2002-12-19,2002,12,19,0.6529708
2002-12-20,2002,12,20,0
2002-12-21,2002,12,21,9.3395353
2002-12-22,2002,12,22,0
2002-12-23,2002,12,23,5.9071991
2002-12-24,2002,12,24,12.834273
2002-12-25,2002,12,25,10.929716
2002-12-26,2002,12,26,16.062739
2002-12-27,2002,12,27,0
2002-12-28,2002,12,28,0
2002-12-29,2002,12,29,0
2002-12-30,2002,12,30,0
2002-12-31,2002,12,31,0
2003-01-01,2003,1,1,0
2003-01-02,2003,1,2,0
2003-01-03,2003,1,3,0
2003-01-04,2003,1,4,0
2003-01-05,2003,1,5,0
2003-01-06,2003,1,6,0
2003-01-07,2003,1,7,0
2003-01-08,2003,1,8,0
2003-01-09,2003,1,9,0
2003-01-10,2003,1,10,0
2003-01-11,2003,1,11,0
2003-01-12,2003,1,12,0
2003-01-13,2003,1,13,0
2003-01-14,2003,1,14,0
2003-01-15,2003,1,15,0.99627831
2003-01-16,2003,1,16,10.989619
2003-01-17,2003,1,17,0
2003-01-18,2003,1,18,20.392801
2003-01-19,2003,1,19,4.1572974
2003-01-20,2003,1,20,8.7008346
2003-01-21,2003,1,21,7.3734623
2003-01-22,2003,1,22,0.013129885
2003-01-23,2003,1,23,0
2003-01-24,2003,1,24,0
2003-01-25,2003,1,25,0
2003-01-26,2003,1,26,0.039957622
2003-01-27,2003,1,27,0
2003-01-28,2003,1,28,0
2003-01-29,2003,1,29,0
2003-01-30,2003,1,30,0.066050802
2003-01-31,2003,1,31,0
2003-02-01,2003,2,1,0
2003-02-02,2003,2,2,0
2003-02-03,2003,2,3,0
2003-02-04,2003,2,4,0
2003-02-05,2003,2,5,0
2003-02-06,2003,2,6,0
2003-02-07,2003,2,7,0
2003-02-08,2003,2,8,0
2003-02-09,2003,2,9,0
2003-02-10,2003,2,10,0
2003-02-11,2003,2,11,0
2003-02-12,2003,2,12,0
2003-02-13,2003,2,13,0
2003-02-14,2003,2,14,4.9764678
2003-02-15,2003,2,15,0
2003-02-16,2003,2,16,0
2003-02-17,2003,2,17,7.134623
2003-02-18,2003,2,18,4.1867637
2003-02-19,2003,2,19,0
2003-02-20,2003,2,20,0
2003-02-21,2003,2,21,0
2003-02-22,2003,2,22,0
2003-02-23,2003,2,23,0
2003-02-24,2003,2,24,0
2003-02-25,2003,2,25,0
2003-02-26,2003,2,26,0.34573035
2003-02-27,2003,2,27,0
2003-02-28,2003,2,28,0
2003-03-01,2003,3,1,0
2003-03-02,2003,3,2,0
2003-03-03,2003,3,3,0
2003-03-04,2003,3,4,0
2003-03-05,2003,3,5,0
2003-03-06,2003,3,6,0
2003-03-07,2003,3,7,0
2003-03-08,2003,3,8,0
2003-03-09,2003,3,9,0
2003-03-10,2003,3,10,0
2003-03-11,2003,3,11,0
2003-03-12,2003,3,12,0
2003-03-13,2003,3,13,4.0402872
2003-03-14,2003,3,14,6.697151
2003-03-15,2003,3,15,0
2003-03-16,2003,3,16,0
2003-03-17,2003,3,17,0
2003-03-18,2003,3,18,0
2003-03-19,2003,3,19,10.427932
2003-03-20,2003,3,20,0
2003-03-21,2003,3,21,0
2003-03-22,2003,3,22,0
2003-03-23,2003,3,23,0.012236714
2003-03-24,2003,3,24,0
2003-03-25,2003,3,25,12.151432
2003-03-26,2003,3,26,7.9863716
2003-03-27,2003,3,27,0
2003-03-28,2003,3,28,0
2003-03-29,2003,3,29,0
2003-03-30,2003,3,30,0
2003-03-31,2003,3,31,0
2003-04-01,2003,4,1,0
2003-04-02,2003,4,2,0.09640569
2003-04-03,2003,4,3,0
2003-04-04,2003,4,4,0
2003-04-05,2003,4,5,0
2003-04-06,2003,4,6,0
2003-04-07,2003,4,7,2.1025104
2003-04-08,2003,4,8,2.7971871
2003-04-09,2003,4,9,0
2003-04-10,2003,4,10,0
2003-04-11,2003,4,11,0
2003-04-12,2003,4,12,0
2003-04-13,2003,4,13,0
2003-04-14,2003,4,14,0
2003-04-15,2003,4,15,0
2003-04-16,2003,4,16,0
2003-04-17,2003,4,17,0
2003-04-18,2003,4,18,0
2003-04-19,2003,4,19,7.8196009
2003-04-20,2003,4,20,31.443481
2003-04-21,2003,4,21,8.3717448
2003-04-22,2003,4,22,0.00012237872
2003-04-23,2003,4,23,0
2003-04-24,2003,4,24,0
2003-04-25,2003,4,25,0
2003-04-26,2003,4,26,0
2003-04-27,2003,4,27,0
2003-04-28,2003,4,28,0
2003-04-29,2003,4,29,8.6505245
2003-04-30,2003,4,30,0.052535011
2003-05-01,2003,5,1,0
2003-05-02,2003,5,2,0
2003-05-03,2003,5,3,0
2003-05-04,2003,5,4,0
2003-05-05,2003,5,5,0
2003-05-06,2003,5,6,0
2003-05-07,2003,5,7,0
2003-05-08,2003,5,8,0.69607271
2003-05-09,2003,5,9,12.809306
2003-05-10,2003,5,10,0
2003-05-11,2003,5,11,0
2003-05-12,2003,5,12,0
2003-05-13,2003,5,13,0.25501979
2003-05-14,2003,5,14,0
2003-05-15,2003,5,15,0
2003-05-16,2003,5,16,0
2003-05-17,2003,5,17,0
2003-05-18,2003,5,18,0
2003-05-19,2003,5,19,0
2003-05-20,2003,5,20,22.86541
2003-05-21,2003,5,21,26.839138
2003-05-22,2003,5,22,12.867644
2003-05-23,2003,5,23,3.4108083
2003-05-24,2003,5,24,0.0010630922
2003-05-25,2003,5,25,11.85783
2003-05-26,2003,5,26,0
2003-05-27,2003,5,27,0
2003-05-28,2003,5,28,0
2003-05-29,2003,5,29,7.7292046
2003-05-30,2003,5,30,8.6048567
2003-05-31,2003,5,31,0
2003-06-01,2003,6,1,0
2003-06-02,2003,6,2,0
2003-06-03,2003,6,3,0
2003-06-04,2003,6,4,40.086022
2003-06-05,2003,6,5,16.295791
2003-06-06,2003,6,6,0
2003-06-07,2003,6,7,0
2003-06-08,2003,6,8,0
2003-06-09,2003,6,9,23.211682
2003-06-10,2003,6,10,19.738426
2003-06-11,2003,6,11,28.194646
2003-06-12,2003,6,12,21.408969
2003-06-13,2003,6,13,32.690062
2003-06-14,2003,6,14,41.873129
2003-06-15,2003,6,15,43.398171
2003-06-16,2003,6,16,11.622881
2003-06-17,2003,6,17,16.609506
2003-06-18,2003,6,18,61.665613
2003-06-19,2003,6,19,119.35683
2003-06-20,2003,6,20,25.207879
2003-06-21,2003,6,21,44.968095
2003-06-22,2003,6,22,23.682384
2003-06-23,2003,6,23,12.770371
2003-06-24,2003,6,24,0
2003-06-25,2003,6,25,16.623851
2003-06-26,2003,6,26,17.979078
2003-06-27,2003,6,27,2.065721
2003-06-28,2003,6,28,0
2003-06-29,2003,6,29,16.278593
2003-06-30,2003,6,30,15.598809
2003-07-01,2003,7,1,0
2003-07-02,2003,7,2,0
2003-07-03,2003,7,3,0
2003-07-04,2003,7,4,0
2003-07-05,2003,7,5,0
2003-07-06,2003,7,6,30.125981
2003-07-07,2003,7,7,29.750295
2003-07-08,2003,7,8,2.5137216
2003-07-09,2003,7,9,0
2003-07-10,2003,7,10,0
2003-07-11,2003,7,11,0
2003-07-12,2003,7,12,0
2003-07-13,2003,7,13,29.45908
2003-07-14,2003,7,14,7.8660508
2003-07-15,2003,7,15,0
2003-07-16,2003,7,16,0
2003-07-17,2003,7,17,21.612705
2003-07-18,2003,7,18,54.457089
2003-07-19,2003,7,19,44.535323
2003-07-20,2003,7,20,10.664749
2003-07-21,2003,7,21,8.7882019
2003-07-22,2003,7,22,3.36521
2003-07-23,2003,7,23,4.8984043
2003-07-24,2003,7,24,0
2003-07-25,2003,7,25,0
2003-07-26,2003,7,26,0
2003-07-27,2003,7,27,0
2003-07-28,2003,7,28,0
2003-07-29,2003,7,29,0
2003-07-30,2003,7,30,0
2003-07-31,2003,7,31,16.609236
2003-08-01,2003,8,1,6.3961296
2003-08-02,2003,8,2,0.01479323
2003-08-03,2003,8,3,24.304244
2003-08-04,2003,8,4,7.5366182
2003-08-05,2003,8,5,0
2003-08-06,2003,8,6,14.935646
2003-08-07,2003,8,7,10.972315
2003-08-08,2003,8,8,0
2003-08-09,2003,8,9,0
2003-08-10,2003,8,10,0
2003-08-11,2003,8,11,2.8954077
2003-08-12,2003,8,12,0
2003-08-13,2003,8,13,0
2003-08-14,2003,8,14,0
2003-08-15,2003,8,15,0
2003-08-16,2003,8,16,0
2003-08-17,2003,8,17,14.458392
2003-08-18,2003,8,18,23.90466
2003-08-19,2003,8,19,16.741955
2003-08-20,2003,8,20,16.753723
2003-08-21,2003,8,21,0
2003-08-22,2003,8,22,0
2003-08-23,2003,8,23,0.0011702405
2003-08-24,2003,8,24,4.3394374
2003-08-25,2003,8,25,0
2003-08-26,2003,8,26,0
2003-08-27,2003,8,27,0
2003-08-28,2003,8,28,0
2003-08-29,2003,8,29,0
2003-08-30,2003,8,30,18.945814
2003-08-31,2003,8,31,0
2003-09-01,2003,9,1,0
2003-09-02,2003,9,2,0
2003-09-03,2003,9,3,0.53793364
2003-09-04,2003,9,4,37.805655
2003-09-05,2003,9,5,27.845932
2003-09-06,2003,9,6,9.8054447
2003-09-07,2003,9,7,3.3156328
2003-09-08,2003,9,8,0
2003-09-09,2003,9,9,0
2003-09-10,2003,9,10,2.0233336
2003-09-11,2003,9,11,32.911264
2003-09-12,2003,9,12,1.0668578
2003-09-13,2003,9,13,0
2003-09-14,2003,9,14,0
2003-09-15,2003,9,15,0
2003-09-16,2003,9,16,14.139053
2003-09-17,2003,9,17,9.8725768
2003-09-18,2003,9,18,24.292146
2003-09-19,2003,9,19,0.37770044
2003-09-20,2003,9,20,0.27979418
2003-09-21,2003,9,21,2.7365546
2003-09-22,2003,9,22,10.527078
2003-09-23,2003,9,23,0
2003-09-24,2003,9,24,0
2003-09-25,2003,9,25,0
2003-09-26,2003,9,26,37.435155
2003-09-27,2003,9,27,0.027920484
2003-09-28,2003,9,28,0
2003-09-29,2003,9,29,0
2003-09-30,2003,9,30,20.536804
2003-10-01,2003,10,1,0
2003-10-02,2003,10,2,0
2003-10-03,2003,10,3,0
2003-10-04,2003,10,4,0
2003-10-05,2003,10,5,0
2003-10-06,2003,10,6,10.103553
2003-10-07,2003,10,7,37.29946
2003-10-08,2003,10,8,14.491153
2003-10-09,2003,10,9,0
2003-10-10,2003,10,10,0
2003-10-11,2003,10,11,0
2003-10-12,2003,10,12,0
2003-10-13,2003,10,13,0
2003-10-14,2003,10,14,0
2003-10-15,2003,10,15,8.2644439
2003-10-16,2003,10,16,0
2003-10-17,2003,10,17,18.60081
2003-10-18,2003,10,18,0.38814981
2003-10-19,2003,10,19,0
2003-10-20,2003,10,20,0
2003-10-21,2003,10,21,0
2003-10-22,2003,10,22,0
2003-10-23,2003,10,23,15.781765
2003-10-24,2003,10,24,8.580634
2003-10-25,2003,10,25,29.531171
2003-10-26,2003,10,26,0
2003-10-27,2003,10,27,0
2003-10-28,2003,10,28,0
2003-10-29,2003,10,29,1.6497558
2003-10-30,2003,10,30,0
2003-10-31,2003,10,31,0
2003-11-01,2003,11,1,0
2003-11-02,2003,11,2,0
2003-11-03,2003,11,3,0
2003-11-04,2003,11,4,0
2003-11-05,2003,11,5,0
2003-11-06,2003,11,6,16.033644
2003-11-07,2003,11,7,2.8201884
2003-11-08,2003,11,8,5.5799977
2003-11-09,2003,11,9,0
2003-11-10,2003,11,10,5.9156786
2003-11-11,2003,11,11,9.1591902
2003-11-12,2003,11,12,0
2003-11-13,2003,11,13,0
2003-11-14,2003,11,14,3.1929402
2003-11-15,2003,11,15,28.683664
2003-11-16,2003,11,16,59.501263
2003-11-17,2003,11,17,9.5016894
2003-11-18,2003,11,18,4.9159546
2003-11-19,2003,11,19,0
2003-11-20,2003,11,20,0
2003-11-21,2003,11,21,5.7885911
2003-11-22,2003,11,22,0
2003-11-23,2003,11,23,0
2003-11-24,2003,11,24,0
2003-11-25,2003,11,25,0
2003-11-26,2003,11,26,0
2003-11-27,2003,11,27,0
2003-11-28,2003,11,28,0
2003-11-29,2003,11,29,0.062897744
2003-11-30,2003,11,30,0
2003-12-01,2003,12,1,4.0157189
2003-12-02,2003,12,2,0.020319713
2003-12-03,2003,12,3,6.8361185
2003-12-04,2003,12,4,6.1655537
2003-12-05,2003,12,5,3.1126305
2003-12-06,2003,12,6,0
2003-12-07,2003,12,7,0.58618566
2003-12-08,2003,12,8,0
2003-12-09,2003,12,9,29.390473
2003-12-10,2003,12,10,18.896459
2003-12-11,2003,12,11,0.042394743
2003-12-12,2003,12,12,0
2003-12-13,2003,12,13,5.9841632
2003-12-14,2003,12,14,9.7928166
2003-12-15,2003,12,15,0
2003-12-16,2003,12,16,0
2003-12-17,2003,12,17,0
2003-12-18,2003,12,18,0
2003-12-19,2003,12,19,0
2003-12-20,2003,12,20,11.650764
2003-12-21,2003,12,21,7.1358522
2003-12-22,2003,12,22,0
2003-12-23,2003,12,23,0
2003-12-24,2003,12,24,0
2003-12-25,2003,12,25,4.4951562
2003-12-26,2003,12,26,8.138637
2003-12-27,2003,12,27,0
2003-12-28,2003,12,28,0
2003-12-29,2003,12,29,0
2003-12-30,2003,12,30,0
2003-12-31,2003,12,31,0
2004-01-01,2004,1,1,0
2004-01-02,2004,1,2,0
2004-01-03,2004,1,3,0
2004-01-04,2004,1,4,0
2004-01-05,2004,1,5,0
2004-01-06,2004,1,6,0
2004-01-07,2004,1,7,0
2004-01-08,2004,1,8,0
2004-01-09,2004,1,9,0
2004-01-10,2004,1,10,0
2004-01-11,2004,1,11,0
2004-01-12,2004,1,12,0
2004-01-13,2004,1,13,0
2004-01-14,2004,1,14,0
2004-01-15,2004,1,15,0
2004-01-16,2004,1,16,1.8392061
2004-01-17,2004,1,17,0
2004-01-18,2004,1,18,0
2004-01-19,2004,1,19,0
2004-01-20,2004,1,20,0
2004-01-21,2004,1,21,0
2004-01-22,2004,1,22,0
2004-01-23,2004,1,23,0.39188413
2004-01-24,2004,1,24,1.7985204
2004-01-25,2004,1,25,4.070644e-05
2004-01-26,2004,1,26,0
2004-01-27,2004,1,27,0
2004-01-28,2004,1,28,8.0024967
2004-01-29,2004,1,29,0
2004-01-30,2004,1,30,0
2004-01-31,2004,1,31,0
2004-02-01,2004,2,1,0
2004-02-02,2004,2,2,0
2004-02-03,2004,2,3,0
2004-02-04,2004,2,4,0
2004-02-05,2004,2,5,0
2004-02-06,2004,2,6,0
2004-02-07,2004,2,7,0
2004-02-08,2004,2,8,0
2004-02-09,2004,2,9,0
2004-02-10,2004,2,10,0
2004-02-11,2004,2,11,0
2004-02-12,2004,2,12,0
2004-02-13,2004,2,13,0
2004-02-14,2004,2,14,0
2004-02-15,2004,2,15,23.451206
2004-02-16,2004,2,16,1.941203
2004-02-17,2004,2,17,0
2004-02-18,2004,2,18,0
2004-02-19,2004,2,19,0
2004-02-20,2004,2,20,0
2004-02-21,2004,2,21,0
2004-02-22,2004,2,22,0
2004-02-23,2004,2,23,0
2004-02-24,2004,2,24,0
2004-02-25,2004,2,25,0
2004-02-26,2004,2,26,0
2004-02-27,2004,2,27,0
2004-02-28,2004,2,28,4.1561799
2004-02-29,2004,2,29,8.353666
2004-03-01,2004,3,1,22.119893
2004-03-02,2004,3,2,6.0753179
2004-03-03,2004,3,3,0
2004-03-04,2004,3,4,0
2004-03-05,2004,3,5,15.317568
2004-03-06,2004,3,6,0.00056024389
2004-03-07,2004,3,7,0
2004-03-08,2004,3,8,0
2004-03-09,2004,3,9,0
2004-03-10,2004,3,10,0
2004-03-11,2004,3,11,3.093626
2004-03-12,2004,3,12,0
2004-03-13,2004,3,13,2.4913214
2004-03-14,2004,3,14,1.1278107e-16
2004-03-15,2004,3,15,0.016552228
2004-03-16,2004,3,16,15.605972
2004-03-17,2004,3,17,0
2004-03-18,2004,3,18,0
2004-03-19,2004,3,19,0
2004-03-20,2004,3,20,0
2004-03-21,2004,3,21,0
2004-03-22,2004,3,22,0
2004-03-23,2004,3,23,0
2004-03-24,2004,3,24,0
2004-03-25,2004,3,25,0
2004-03-26,2004,3,26,0
2004-03-27,2004,3,27,0
2004-03-28,2004,3,28,6.6803802
2004-03-29,2004,3,29,0
2004-03-30,2004,3,30,9.0020061
2004-03-31,2004,3,31,33.818483
2004-04-01,2004,4,1,12.215015
2004-04-02,2004,4,2,21.337374
2004-04-03,2004,4,3,20.887203
2004-04-04,2004,4,4,0.70101241
2004-04-05,2004,4,5,39.148241
2004-04-06,2004,4,6,13.941761
2004-04-07,2004,4,7,29.067359
2004-04-08,2004,4,8,0
2004-04-09,2004,4,9,0
2004-04-10,2004,4,10,6.4930571
2004-04-11,2004,4,11,69.825282
2004-04-12,2004,4,12,23.871764
2004-04-13,2004,4,13,10.133304
2004-04-14,2004,4,14,0
2004-04-15,2004,4,15,4.2791047
2004-04-16,2004,4,16,7.0653879
2004-04-17,2004,4,17,10.71996
2004-04-18,2004,4,18,0
2004-04-19,2004,4,19,8.8050992
2004-04-20,2004,4,20,38.379758
2004-04-21,2004,4,21,13.24986
2004-04-22,2004,4,22,3.5110235
2004-04-23,2004,4,23,0
2004-04-24,2004,4,24,0
2004-04-25,2004,4,25,0
2004-04-26,2004,4,26,0
2004-04-27,2004,4,27,0
2004-04-28,2004,4,28,4.5354563
2004-04-29,2004,4,29,4.8365562
2004-04-30,2004,4,30,11.544904
2004-05-01,2004,5,1,23.33821
2004-05-02,2004,5,2,0
2004-05-03,2004,5,3,0
2004-05-04,2004,5,4,0
2004-05-05,2004,5,5,0
2004-05-06,2004,5,6,0
2004-05-07,2004,5,7,0
2004-05-08,2004,5,8,0
2004-05-09,2004,5,9,0
2004-05-10,2004,5,10,0
2004-05-11,2004,5,11,0
2004-05-12,2004,5,12,0
2004-05-13,2004,5,13,0
2004-05-14,2004,5,14,0
2004-05-15,2004,5,15,0
2004-05-16,2004,5,16,0
2004-05-17,2004,5,17,0
2004-05-18,2004,5,18,0
2004-05-19,2004,5,19,0
2004-05-20,2004,5,20,6.1500719
2004-05-21,2004,5,21,0
2004-05-22,2004,5,22,0
2004-05-23,2004,5,23,0
2004-05-24,2004,5,24,0
2004-05-25,2004,5,25,0
2004-05-26,2004,5,26,0
2004-05-27,2004,5,27,0
2004-05-28,2004,5,28,0
2004-05-29,2004,5,29,0
2004-05-30,2004,5,30,0
2004-05-31,2004,5,31,0
2004-06-01,2004,6,1,0
2004-06-02,2004,6,2,0
2004-06-03,2004,6,3,13.153456
2004-06-04,2004,6,4,13.572384
2004-06-05,2004,6,5,2.7518383
2004-06-06,2004,6,6,0
2004-06-07,2004,6,7,18.967771
2004-06-08,2004,6,8,62.556182
2004-06-09,2004,6,9,14.251066
2004-06-10,2004,6,10,0
2004-06-11,2004,6,11,0
2004-06-12,2004,6,12,0
2004-06-13,2004,6,13,19.245083
2004-06-14,2004,6,14,46.59614
2004-06-15,2004,6,15,28.716885
2004-06-16,2004,6,16,0
2004-06-17,2004,6,17,24.425252
2004-06-18,2004,6,18,23.080879
2004-06-19,2004,6,19,37.778531
2004-06-20,2004,6,20,1.751542
2004-06-21,2004,6,21,24.257223
2004-06-22,2004,6,22,16.470607
2004-06-23,2004,6,23,1.1636763
2004-06-24,2004,6,24,7.3340121
2004-06-25,2004,6,25,3.2519659
2004-06-26,2004,6,26,31.79771
2004-06-27,2004,6,27,45.620804
2004-06-28,2004,6,28,33.83123
2004-06-29,2004,6,29,0
2004-06-30,2004,6,30,21.698856
2004-07-01,2004,7,1,44.025238
2004-07-02,2004,7,2,22.269372
2004-07-03,2004,7,3,10.501364
2004-07-04,2004,7,4,7.8944708
2004-07-05,2004,7,5,0.00039697968
2004-07-06,2004,7,6,0.18851354
2004-07-07,2004,7,7,0
2004-07-08,2004,7,8,31.991906
2004-07-09,2004,7,9,0
2004-07-10,2004,7,10,0
2004-07-11,2004,7,11,30.176087
2004-07-12,2004,7,12,42.319267
2004-07-13,2004,7,13,22.581422
2004-07-14,2004,7,14,23.631232
2004-07-15,2004,7,15,0.0041211438
2004-07-16,2004,7,16,0
2004-07-17,2004,7,17,0
2004-07-18,2004,7,18,18.731089
2004-07-19,2004,7,19,0
2004-07-20,2004,7,20,13.287001
2004-07-21,2004,7,21,19.420527
2004-07-22,2004,7,22,13.32543
2004-07-23,2004,7,23,16.542171
2004-07-24,2004,7,24,6.7000834
2004-07-25,2004,7,25,12.804254
2004-07-26,2004,7,26,13.817124
2004-07-27,2004,7,27,11.249542
2004-07-28,2004,7,28,4.0388477
2004-07-29,2004,7,29,0
2004-07-30,2004,7,30,0
2004-07-31,2004,7,31,0
2004-08-01,2004,8,1,8.8495568
2004-08-02,2004,8,2,15.249764
2004-08-03,2004,8,3,6.4748208
2004-08-04,2004,8,4,13.372867
2004-08-05,2004,8,5,3.4223679
2004-08-06,2004,8,6,0
2004-08-07,2004,8,7,0
2004-08-08,2004,8,8,0
2004-08-09,2004,8,9,0
2004-08-10,2004,8,10,0
2004-08-11,2004,8,11,5.0666495
2004-08-12,2004,8,12,0
2004-08-13,2004,8,13,23.418252
2004-08-14,2004,8,14,0
2004-08-15,2004,8,15,1.045272
2004-08-16,2004,8,16,0
2004-08-17,2004,8,17,0
2004-08-18,2004,8,18,0
2004-08-19,2004,8,19,0
2004-08-20,2004,8,20,0
2004-08-21,2004,8,21,0
2004-08-22,2004,8,22,0
2004-08-23,2004,8,23,5.6980431
2004-08-24,2004,8,24,0
2004-08-25,2004,8,25,0
2004-08-26,2004,8,26,11.253006
2004-08-27,2004,8,27,34.063702
2004-08-28,2004,8,28,23.380094
2004-08-29,2004,8,29,0
2004-08-30,2004,8,30,0
2004-08-31,2004,8,31,0
2004-09-01,2004,9,1,0
2004-09-02,2004,9,2,0
2004-09-03,2004,9,3,26.291389
2004-09-04,2004,9,4,33.25252
2004-09-05,2004,9,5,28.505863
2004-09-06,2004,9,6,16.179826
2004-09-07,2004,9,7,3.2171036
2004-09-08,2004,9,8,0
2004-09-09,2004,9,9,0
2004-09-10,2004,9,10,0
2004-09-11,2004,9,11,0
2004-09-12,2004,9,12,0
2004-09-13,2004,9,13,1.005706
2004-09-14,2004,9,14,0
2004-09-15,2004,9,15,0
2004-09-16,2004,9,16,0
2004-09-17,2004,9,17,28.72405
2004-09-18,2004,9,18,18.288803
2004-09-19,2004,9,19,0
2004-09-20,2004,9,20,0
2004-09-21,2004,9,21,0.01787574
2004-09-22,2004,9,22,0
2004-09-23,2004,9,23,0.9094542
2004-09-24,2004,9,24,0
2004-09-25,2004,9,25,0
2004-09-26,2004,9,26,0.44532601
2004-09-27,2004,9,27,0.27915976
2004-09-28,2004,9,28,0
2004-09-29,2004,9,29,0
2004-09-30,2004,9,30,0
2004-10-01,2004,10,1,0
2004-10-02,2004,10,2,0
2004-10-03,2004,10,3,0
2004-10-04,2004,10,4,0
2004-10-05,2004,10,5,0
2004-10-06,2004,10,6,2.9034329
2004-10-07,2004,10,7,0
2004-10-08,2004,10,8,14.045239
2004-10-09,2004,10,9,15.672146
2004-10-10,2004,10,10,21.384083
2004-10-11,2004,10,11,4.7987895
2004-10-12,2004,10,12,0
2004-10-13,2004,10,13,0
2004-10-14,2004,10,14,1.7616052
2004-10-15,2004,10,15,26.638105
2004-10-16,2004,10,16,9.6830486
2004-10-17,2004,10,17,12.34479
2004-10-18,2004,10,18,0
2004-10-19,2004,10,19,0
2004-10-20,2004,10,20,0
2004-10-21,2004,10,21,24.735776
2004-10-22,2004,10,22,11.518402
2004-10-23,2004,10,23,12.021558
2004-10-24,2004,10,24,26.2763
2004-10-25,2004,10,25,45.483796
2004-10-26,2004,10,26,1.3512906
2004-10-27,2004,10,27,0.30684813
2004-10-28,2004,10,28,0
2004-10-29,2004,10,29,0
2004-10-30,2004,10,30,0
2004-10-31,2004,10,31,9.6785417
2004-11-01,2004,11,1,46.896902
2004-11-02,2004,11,2,15.491918
2004-11-03,2004,11,3,11.045568
2004-11-04,2004,11,4,2.4914425
2004-11-05,2004,11,5,0
2004-11-06,2004,11,6,0
2004-11-07,2004,11,7,0
2004-11-08,2004,11,8,1.5603965
2004-11-09,2004,11,9,0
2004-11-10,2004,11,10,0
2004-11-11,2004,11,11,3.1620602
2004-11-12,2004,11,12,25.268551
2004-11-13,2004,11,13,8.1730475
2004-11-14,2004,11,14,11.963159
2004-11-15,2004,11,15,0
2004-11-16,2004,11,16,0
2004-11-17,2004,11,17,0
2004-11-18,2004,11,18,0
2004-11-19,2004,11,19,0
2004-11-20,2004,11,20,0.42998143
2004-11-21,2004,11,21,0
2004-11-22,2004,11,22,0.097585481
2004-11-23,2004,11,23,1.1461195
2004-11-24,2004,11,24,1.4225597
2004-11-25,2004,11,25,4.6745575
2004-11-26,2004,11,26,0
2004-11-27,2004,11,27,0
2004-11-28,2004,11,28,0
2004-11-29,2004,11,29,0
2004-11-30,2004,11,30,26.222668
2004-12-01,2004,12,1,12.730289
2004-12-02,2004,12,2,6.2400386
2004-12-03,2004,12,3,9.4735354
2004-12-04,2004,12,4,0
2004-12-05,2004,12,5,0
2004-12-06,2004,12,6,0
2004-12-07,2004,12,7,0
2004-12-08,2004,12,8,0
2004-12-09,2004,12,9,0
2004-12-10,2004,12,10,0
2004-12-11,2004,12,11,0
2004-12-12,2004,12,12,0
2004-12-13,2004,12,13,0
2004-12-14,2004,12,14,8.4329173
2004-12-15,2004,12,15,0
2004-12-16,2004,12,16,0
2004-12-17,2004,12,17,6.5605272
2004-12-18,2004,12,18,1.7582344
2004-12-19,2004,12,19,0
2004-12-20,2004,12,20,0
2004-12-21,2004,12,21,0
2004-12-22,2004,12,22,0
2004-12-23,2004,12,23,26.323576
2004-12-24,2004,12,24,0
2004-12-25,2004,12,25,0
2004-12-26,2004,12,26,0
2004-12-27,2004,12,27,0
2004-12-28,2004,12,28,0.012125171
2004-12-29,2004,12,29,0.21868993
2004-12-30,2004,12,30,0.010621438
2004-12-31,2004,12,31,0
2005-01-01,2005,1,1,0
2005-01-02,2005,1,2,0
2005-01-03,2005,1,3,0
2005-01-04,2005,1,4,6.7247533
2005-01-05,2005,1,5,0.10110175
2005-01-06,2005,1,6,0
2005-01-07,2005,1,7,0
2005-01-08,2005,1,8,4.19424
2005-01-09,2005,1,9,0
2005-01-10,2005,1,10,0
2005-01-11,2005,1,11,0
2005-01-12,2005,1,12,0
2005-01-13,2005,1,13,0
2005-01-14,2005,1,14,0
2005-01-15,2005,1,15,0
2005-01-16,2005,1,16,0
2005-01-17,2005,1,17,0
2005-01-18,2005,1,18,0
2005-01-19,2005,1,19,0
2005-01-20,2005,1,20,0
2005-01-21,2005,1,21,26.136342
2005-01-22,2005,1,22,0
2005-01-23,2005,1,23,0.03564362
2005-01-24,2005,1,24,0
2005-01-25,2005,1,25,0
2005-01-26,2005,1,26,0
2005-01-27,2005,1,27,0
2005-01-28,2005,1,28,8.9819546
2005-01-29,2005,1,29,2.903664
2005-01-30,2005,1,30,0.078114058
2005-01-31,2005,1,31,0
2005-02-01,2005,2,1,0
2005-02-02,2005,2,2,0
2005-02-03,2005,2,3,0
2005-02-04,2005,2,4,0
2005-02-05,2005,2,5,0
2005-02-06,2005,2,6,3.0962622
2005-02-07,2005,2,7,0
2005-02-08,2005,2,8,0
2005-02-09,2005,2,9,0
2005-02-10,2005,2,10,0
2005-02-11,2005,2,11,0
2005-02-12,2005,2,12,0
2005-02-13,2005,2,13,0
2005-02-14,2005,2,14,0
2005-02-15,2005,2,15,0
2005-02-16,2005,2,16,0
2005-02-17,2005,2,17,0
2005-02-18,2005,2,18,0
2005-02-19,2005,2,19,0
2005-02-20,2005,2,20,0
2005-02-21,2005,2,21,0
2005-02-22,2005,2,22,0
2005-02-23,2005,2,23,0
2005-02-24,2005,2,24,0
2005-02-25,2005,2,25,0
2005-02-26,2005,2,26,0
2005-02-27,2005,2,27,0
2005-02-28,2005,2,28,0
2005-03-01,2005,3,1,0
2005-03-02,2005,3,2,0
2005-03-03,2005,3,3,17.393331
2005-03-04,2005,3,4,0
2005-03-05,2005,3,5,0
2005-03-06,2005,3,6,21.115323
2005-03-07,2005,3,7,6.79824
2005-03-08,2005,3,8,0
2005-03-09,2005,3,9,0
2005-03-10,2005,3,10,0
2005-03-11,2005,3,11,0
2005-03-12,2005,3,12,0
2005-03-13,2005,3,13,0
2005-03-14,2005,3,14,2.0984349
2005-03-15,2005,3,15,19.380164
2005-03-16,2005,3,16,0.16795186
2005-03-17,2005,3,17,0
2005-03-18,2005,3,18,0.31685689
2005-03-19,2005,3,19,26.455367
2005-03-20,2005,3,20,5.0189012
2005-03-21,2005,3,21,0
2005-03-22,2005,3,22,0
2005-03-23,2005,3,23,0
2005-03-24,2005,3,24,0
2005-03-25,2005,3,25,0
2005-03-26,2005,3,26,0
2005-03-27,2005,3,27,0
2005-03-28,2005,3,28,0
2005-03-29,2005,3,29,0
2005-03-30,2005,3,30,0
2005-03-31,2005,3,31,0
2005-04-01,2005,4,1,0
2005-04-02,2005,4,2,0
2005-04-03,2005,4,3,0
2005-04-04,2005,4,4,14.97075
2005-04-05,2005,4,5,6.926747
2005-04-06,2005,4,6,25.798511
2005-04-07,2005,4,7,0.30360981
2005-04-08,2005,4,8,0
2005-04-09,2005,4,9,0
2005-04-10,2005,4,10,14.173858
2005-04-11,2005,4,11,0
2005-04-12,2005,4,12,0
2005-04-13,2005,4,13,0
2005-04-14,2005,4,14,0
2005-04-15,2005,4,15,0
2005-04-16,2005,4,16,0
2005-04-17,2005,4,17,0
2005-04-18,2005,4,18,0
2005-04-19,2005,4,19,0
2005-04-20,2005,4,20,0
2005-04-21,2005,4,21,0
2005-04-22,2005,4,22,0
2005-04-23,2005,4,23,0
2005-04-24,2005,4,24,0
2005-04-25,2005,4,25,0
2005-04-26,2005,4,26,0
2005-04-27,2005,4,27,0
2005-04-28,2005,4,28,0
2005-04-29,2005,4,29,0
2005-04-30,2005,4,30,0.0090483734
2005-05-01,2005,5,1,0
2005-05-02,2005,5,2,0.54591609
2005-05-03,2005,5,3,42.860124
2005-05-04,2005,5,4,7.7752307
2005-05-05,2005,5,5,0
2005-05-06,2005,5,6,0
2005-05-07,2005,5,7,13.307491
2005-05-08,2005,5,8,24.991763
2005-05-09,2005,5,9,39.736823
2005-05-10,2005,5,10,12.330398
2005-05-11,2005,5,11,45.070301
2005-05-12,2005,5,12,9.2080252
2005-05-13,2005,5,13,9.0507632
2005-05-14,2005,5,14,0
2005-05-15,2005,5,15,12.764586
2005-05-16,2005,5,16,47.03345
2005-05-17,2005,5,17,35.360857
2005-05-18,2005,5,18,25.382607
2005-05-19,2005,5,19,18.892216
2005-05-20,2005,5,20,9.8809743
2005-05-21,2005,5,21,0.16468506
2005-05-22,2005,5,22,20.166658
2005-05-23,2005,5,23,29.075186
2005-05-24,2005,5,24,11.282605
2005-05-25,2005,5,25,29.524635
2005-05-26,2005,5,26,21.322258
2005-05-27,2005,5,27,74.911365
2005-05-28,2005,5,28,50.068582
2005-05-29,2005,5,29,2.6699448
2005-05-30,2005,5,30,0
2005-05-31,2005,5,31,20.05368
2005-06-01,2005,6,1,16.914207
2005-06-02,2005,6,2,15.524092
2005-06-03,2005,6,3,17.415415
2005-06-04,2005,6,4,17.658578
2005-06-05,2005,6,5,6.9847659
2005-06-06,2005,6,6,74.672044
2005-06-07,2005,6,7,5.0302785
2005-06-08,2005,6,8,3.9937127
2005-06-09,2005,6,9,28.197041
2005-06-10,2005,6,10,10.478534
2005-06-11,2005,6,11,25.491695
2005-06-12,2005,6,12,2.6931711
2005-06-13,2005,6,13,0
2005-06-14,2005,6,14,0
2005-06-15,2005,6,15,6.2118638
2005-06-16,2005,6,16,1.2497795
2005-06-17,2005,6,17,15.784922
2005-06-18,2005,6,18,14.593338
2005-06-19,2005,6,19,0
2005-06-20,2005,6,20,2.9736366
2005-06-21,2005,6,21,14.472249
2005-06-22,2005,6,22,0.26189185
2005-06-23,2005,6,23,11.961759
2005-06-24,2005,6,24,11.686771
2005-06-25,2005,6,25,7.4323538
2005-06-26,2005,6,26,70.407526
2005-06-27,2005,6,27,15.722208
2005-06-28,2005,6,28,23.100705
2005-06-29,2005,6,29,14.434454
2005-06-30,2005,6,30,45.121509
2005-07-01,2005,7,1,41.688876
2005-07-02,2005,7,2,36.856033
2005-07-03,2005,7,3,7.7138886
2005-07-04,2005,7,4,0
2005-07-05,2005,7,5,0
2005-07-06,2005,7,6,0.06353427
2005-07-07,2005,7,7,29.891722
2005-07-08,2005,7,8,0
2005-07-09,2005,7,9,10.992608
2005-07-10,2005,7,10,0
2005-07-11,2005,7,11,0
2005-07-12,2005,7,12,28.772919
2005-07-13,2005,7,13,9.8636203
2005-07-14,2005,7,14,0
2005-07-15,2005,7,15,0
2005-07-16,2005,7,16,3.2993644
2005-07-17,2005,7,17,0
2005-07-18,2005,7,18,0
2005-07-19,2005,7,19,0
2005-07-20,2005,7,20,0.89006155
2005-07-21,2005,7,21,0
2005-07-22,2005,7,22,0
2005-07-23,2005,7,23,0
2005-07-24,2005,7,24,0
2005-07-25,2005,7,25,0
2005-07-26,2005,7,26,0
2005-07-27,2005,7,27,8.9964365
2005-07-28,2005,7,28,21.592919
2005-07-29,2005,7,29,31.953045
2005-07-30,2005,7,30,27.745185
2005-07-31,2005,7,31,16.03205
2005-08-01,2005,8,1,28.478804
2005-08-02,2005,8,2,20.85714
2005-08-03,2005,8,3,14.197649
2005-08-04,2005,8,4,3.714835
2005-08-05,2005,8,5,11.764477
2005-08-06,2005,8,6,0
2005-08-07,2005,8,7,0
2005-08-08,2005,8,8,0
2005-08-09,2005,8,9,15.031378
2005-08-10,2005,8,10,0
2005-08-11,2005,8,11,33.108697
2005-08-12,2005,8,12,24.194279
2005-08-13,2005,8,13,0.0057416611
2005-08-14,2005,8,14,0.14668524
2005-08-15,2005,8,15,25.380156
2005-08-16,2005,8,16,20.765393
2005-08-17,2005,8,17,0
2005-08-18,2005,8,18,0
2005-08-19,2005,8,19,0
2005-08-20,2005,8,20,18.013172
2005-08-21,2005,8,21,15.5095
2005-08-22,2005,8,22,2.69585
2005-08-23,2005,8,23,0
2005-08-24,2005,8,24,0
2005-08-25,2005,8,25,24.164851
2005-08-26,2005,8,26,40.059053
2005-08-27,2005,8,27,25.219631
2005-08-28,2005,8,28,28.528318
2005-08-29,2005,8,29,10.499414
2005-08-30,2005,8,30,0
2005-08-31,2005,8,31,0
2005-09-01,2005,9,1,0
2005-09-02,2005,9,2,13.267379
2005-09-03,2005,9,3,21.105549
2005-09-04,2005,9,4,7.1114492
2005-09-05,2005,9,5,18.626219
2005-09-06,2005,9,6,6.2296148
2005-09-07,2005,9,7,0
2005-09-08,2005,9,8,0
2005-09-09,2005,9,9,0
2005-09-10,2005,9,10,0
2005-09-11,2005,9,11,0
2005-09-12,2005,9,12,0
2005-09-13,2005,9,13,0
2005-09-14,2005,9,14,0
2005-09-15,2005,9,15,0
2005-09-16,2005,9,16,0
2005-09-17,2005,9,17,0
2005-09-18,2005,9,18,0
2005-09-19,2005,9,19,0
2005-09-20,2005,9,20,0
2005-09-21,2005,9,21,0
2005-09-22,2005,9,22,0.68243171
2005-09-23,2005,9,23,3.6031165
2005-09-24,2005,9,24,0
2005-09-25,2005,9,25,0
2005-09-26,2005,9,26,0
2005-09-27,2005,9,27,2.3239694
2005-09-28,2005,9,28,8.5603357
2005-09-29,2005,9,29,3.3183746
2005-09-30,2005,9,30,0.61880265
2005-10-01,2005,10,1,0.28896006
2005-10-02,2005,10,2,5.1576497
2005-10-03,2005,10,3,2.1356719
2005-10-04,2005,10,4,4.0503295
2005-10-05,2005,10,5,0
2005-10-06,2005,10,6,0
2005-10-07,2005,10,7,0
2005-10-08,2005,10,8,0
2005-10-09,2005,10,9,0
2005-10-10,2005,10,10,14.057724
2005-10-11,2005,10,11,16.729842
2005-10-12,2005,10,12,0.18545132
2005-10-13,2005,10,13,0
2005-10-14,2005,10,14,0
2005-10-15,2005,10,15,0
2005-10-16,2005,10,16,0
2005-10-17,2005,10,17,0
2005-10-18,2005,10,18,0
2005-10-19,2005,10,19,0
2005-10-20,2005,10,20,0.31794486
2005-10-21,2005,10,21,1.988038
2005-10-22,2005,10,22,0
2005-10-23,2005,10,23,0
2005-10-24,2005,10,24,0
2005-10-25,2005,10,25,0
2005-10-26,2005,10,26,0
2005-10-27,2005,10,27,5.1305797
2005-10-28,2005,10,28,4.9100779
2005-10-29,2005,10,29,0
2005-10-30,2005,10,30,0
2005-10-31,2005,10,31,0
2005-11-01,2005,11,1,0
2005-11-02,2005,11,2,19.423147
2005-11-03,2005,11,3,2.3042716
2005-11-04,2005,11,4,0
2005-11-05,2005,11,5,0
2005-11-06,2005,11,6,0
2005-11-07,2005,11,7,0
2005-11-08,2005,11,8,0
2005-11-09,2005,11,9,0
2005-11-10,2005,11,10,0
2005-11-11,2005,11,11,0
2005-11-12,2005,11,12,0
2005-11-13,2005,11,13,0
2005-11-14,2005,11,14,6.3923
2005-11-15,2005,11,15,0
2005-11-16,2005,11,16,4.5909425
2005-11-17,2005,11,17,10.448084
2005-11-18,2005,11,18,3.4958405
2005-11-19,2005,11,19,0
2005-11-20,2005,11,20,12.52066
2005-11-21,2005,11,21,18.967131
2005-11-22,2005,11,22,48.718565
2005-11-23,2005,11,23,21.741519
2005-11-24,2005,11,24,33.64373
2005-11-25,2005,11,25,6.4565465
2005-11-26,2005,11,26,40.890697
2005-11-27,2005,11,27,36.050114
2005-11-28,2005,11,28,1.1996762
2005-11-29,2005,11,29,0
2005-11-30,2005,11,30,0
2005-12-01,2005,12,1,0
2005-12-02,2005,12,2,4.4228033
2005-12-03,2005,12,3,22.140347
2005-12-04,2005,12,4,12.017913
2005-12-05,2005,12,5,2.0556084
2005-12-06,2005,12,6,15.409624
2005-12-07,2005,12,7,21.137411
2005-12-08,2005,12,8,0
2005-12-09,2005,12,9,0
2005-12-10,2005,12,10,0
2005-12-11,2005,12,11,0
2005-12-12,2005,12,12,0
2005-12-13,2005,12,13,0
2005-12-14,2005,12,14,0
2005-12-15,2005,12,15,0
2005-12-16,2005,12,16,0
2005-12-17,2005,12,17,0
2005-12-18,2005,12,18,0
2005-12-19,2005,12,19,0
2005-12-20,2005,12,20,0
2005-12-21,2005,12,21,0
2005-12-22,2005,12,22,0
2005-12-23,2005,12,23,0
2005-12-24,2005,12,24,0
2005-12-25,2005,12,25,0
2005-12-26,2005,12,26,0
2005-12-27,2005,12,27,0
2005-12-28,2005,12,28,0
2005-12-29,2005,12,29,0
2005-12-30,2005,12,30,0
2005-12-31,2005,12,31,0
2006-01-01,2006,1,1,7.5437636
2006-01-02,2006,1,2,0
2006-01-03,2006,1,3,0
2006-01-04,2006,1,4,5.9481291
2006-01-05,2006,1,5,28.457943
2006-01-06,2006,1,6,0
2006-01-07,2006,1,7,20.497463
2006-01-08,2006,1,8,12.661393
2006-01-09,2006,1,9,32.061446
2006-01-10,2006,1,10,0
2006-01-11,2006,1,11,0.068624677
2006-01-12,2006,1,12,0
2006-01-13,2006,1,13,0
2006-01-14,2006,1,14,6.7899163
2006-01-15,2006,1,15,0
2006-01-16,2006,1,16,0
2006-01-17,2006,1,17,0
2006-01-18,2006,1,18,4.119625
2006-01-19,2006,1,19,0
2006-01-20,2006,1,20,0
2006-01-21,2006,1,21,0
2006-01-22,2006,1,22,0
2006-01-23,2006,1,23,0
2006-01-24,2006,1,24,0
2006-01-25,2006,1,25,0
2006-01-26,2006,1,26,0
2006-01-27,2006,1,27,0
2006-01-28,2006,1,28,0
2006-01-29,2006,1,29,0
2006-01-30,2006,1,30,0
2006-01-31,2006,1,31,0
2006-02-01,2006,2,1,0
2006-02-02,2006,2,2,0
2006-02-03,2006,2,3,4.4638269
2006-02-04,2006,2,4,0
2006-02-05,2006,2,5,0
2006-02-06,2006,2,6,0
2006-02-07,2006,2,7,0
2006-02-08,2006,2,8,0
2006-02-09,2006,2,9,0
2006-02-10,2006,2,10,0
2006-02-11,2006,2,11,0
2006-02-12,2006,2,12,0
2006-02-13,2006,2,13,0
2006-02-14,2006,2,14,0
2006-02-15,2006,2,15,3.6911832
2006-02-16,2006,2,16,0.54194871
2006-02-17,2006,2,17,0
2006-02-18,2006,2,18,0
2006-02-19,2006,2,19,0
2006-02-20,2006,2,20,0
2006-02-21,2006,2,21,11.031794
2006-02-22,2006,2,22,11.880502
2006-02-23,2006,2,23,0
2006-02-24,2006,2,24,0
2006-02-25,2006,2,25,0.006016718
2006-02-26,2006,2,26,9.9382356
2006-02-27,2006,2,27,3.5693511e-05
2006-02-28,2006,2,28,0
2006-03-01,2006,3,1,0
2006-03-02,2006,3,2,0
2006-03-03,2006,3,3,0
2006-03-04,2006,3,4,0
2006-03-05,2006,3,5,5.3194893
2006-03-06,2006,3,6,5.8005328
2006-03-07,2006,3,7,17.406396
2006-03-08,2006,3,8,15.908717
2006-03-09,2006,3,9,0
2006-03-10,2006,3,10,0
2006-03-11,2006,3,11,0
2006-03-12,2006,3,12,5.6547406
2006-03-13,2006,3,13,10.529473
2006-03-14,2006,3,14,0
2006-03-15,2006,3,15,0
2006-03-16,2006,3,16,18.486469
2006-03-17,2006,3,17,0
2006-03-18,2006,3,18,0
2006-03-19,2006,3,19,0
2006-03-20,2006,3,20,0
2006-03-21,2006,3,21,0
2006-03-22,2006,3,22,0
2006-03-23,2006,3,23,16.656004
2006-03-24,2006,3,24,0
2006-03-25,2006,3,25,0
2006-03-26,2006,3,26,0
2006-03-27,2006,3,27,0
2006-03-28,2006,3,28,0
2006-03-29,2006,3,29,0
2006-03-30,2006,3,30,0
2006-03-31,2006,3,31,0
2006-04-01,2006,4,1,0
2006-04-02,2006,4,2,0
2006-04-03,2006,4,3,0.77601753
2006-04-04,2006,4,4,0
2006-04-05,2006,4,5,0
2006-04-06,2006,4,6,0
2006-04-07,2006,4,7,0
2006-04-08,2006,4,8,0
2006-04-09,2006,4,9,0
2006-04-10,2006,4,10,0.14276547
2006-04-11,2006,4,11,33.017997
2006-04-12,2006,4,12,7.2768494
2006-04-13,2006,4,13,1.8419897
2006-04-14,2006,4,14,0
2006-04-15,2006,4,15,0
2006-04-16,2006,4,16,0
2006-04-17,2006,4,17,7.1976266
2006-04-18,2006,4,18,78.627994
2006-04-19,2006,4,19,47.477215
2006-04-20,2006,4,20,6.3971633
2006-04-21,2006,4,21,16.94632
2006-04-22,2006,4,22,0
2006-04-23,2006,4,23,0
2006-04-24,2006,4,24,0.022277523
2006-04-25,2006,4,25,0
2006-04-26,2006,4,26,0
2006-04-27,2006,4,27,8.7184673
2006-04-28,2006,4,28,0
2006-04-29,2006,4,29,0
2006-04-30,2006,4,30,0
2006-05-01,2006,5,1,0
2006-05-02,2006,5,2,0
2006-05-03,2006,5,3,0
2006-05-04,2006,5,4,0
2006-05-05,2006,5,5,0
2006-05-06,2006,5,6,0
2006-05-07,2006,5,7,0
2006-05-08,2006,5,8,0
2006-05-09,2006,5,9,0
2006-05-10,2006,5,10,0
2006-05-11,2006,5,11,0
2006-05-12,2006,5,12,0
2006-05-13,2006,5,13,0
2006-05-14,2006,5,14,8.6730347
2006-05-15,2006,5,15,33.176757
2006-05-16,2006,5,16,9.3893307
2006-05-17,2006,5,17,10.508438
2006-05-18,2006,5,18,0
2006-05-19,2006,5,19,0
2006-05-20,2006,5,20,0
2006-05-21,2006,5,21,0
2006-05-22,2006,5,22,9.397369
2006-05-23,2006,5,23,22.503603
2006-05-24,2006,5,24,45.680697
2006-05-25,2006,5,25,43.08959
2006-05-26,2006,5,26,5.6637878
2006-05-27,2006,5,27,0
2006-05-28,2006,5,28,2.9156121
2006-05-29,2006,5,29,0
2006-05-30,2006,5,30,0
2006-05-31,2006,5,31,15.829505
2006-06-01,2006,6,1,13.925564
2006-06-02,2006,6,2,4.2838076
2006-06-03,2006,6,3,11.188328
2006-06-04,2006,6,4,28.57182
2006-06-05,2006,6,5,20.794447
2006-06-06,2006,6,6,72.947738
2006-06-07,2006,6,7,45.60714
2006-06-08,2006,6,8,4.6720402
2006-06-09,2006,6,9,0
2006-06-10,2006,6,10,9.2256246
2006-06-11,2006,6,11,56.065425
2006-06-12,2006,6,12,22.447393
2006-06-13,2006,6,13,0.62565961
2006-06-14,2006,6,14,21.984127
2006-06-15,2006,6,15,0
2006-06-16,2006,6,16,15.24144
2006-06-17,2006,6,17,16.644221
2006-06-18,2006,6,18,34.448193
2006-06-19,2006,6,19,28.355148
2006-06-20,2006,6,20,12.680493
2006-06-21,2006,6,21,0.24105804
2006-06-22,2006,6,22,0.027168003
2006-06-23,2006,6,23,24.870155
2006-06-24,2006,6,24,11.62251
2006-06-25,2006,6,25,4.295278
2006-06-26,2006,6,26,0
2006-06-27,2006,6,27,0.27937566
2006-06-28,2006,6,28,0
2006-06-29,2006,6,29,17.727674
2006-06-30,2006,6,30,28.717537
2006-07-01,2006,7,1,33.14771
2006-07-02,2006,7,2,8.7383202
2006-07-03,2006,7,3,0.52488714
2006-07-04,2006,7,4,0
2006-07-05,2006,7,5,0.081895099
2006-07-06,2006,7,6,39.103308
2006-07-07,2006,7,7,25.880503
2006-07-08,2006,7,8,15.04494
2006-07-09,2006,7,9,25.991683
2006-07-10,2006,7,10,87.593168
2006-07-11,2006,7,11,39.511326
2006-07-12,2006,7,12,13.531208
2006-07-13,2006,7,13,0
2006-07-14,2006,7,14,0
2006-07-15,2006,7,15,18.343001
2006-07-16,2006,7,16,1.4953345
2006-07-17,2006,7,17,18.891972
2006-07-18,2006,7,18,0
2006-07-19,2006,7,19,17.554155
2006-07-20,2006,7,20,16.182929
2006-07-21,2006,7,21,25.342589
2006-07-22,2006,7,22,7.7272473
2006-07-23,2006,7,23,12.464213
2006-07-24,2006,7,24,17.149967
2006-07-25,2006,7,25,23.453816
2006-07-26,2006,7,26,11.789263
2006-07-27,2006,7,27,9.2884627
2006-07-28,2006,7,28,0
2006-07-29,2006,7,29,0
2006-07-30,2006,7,30,0
2006-07-31,2006,7,31,0
2006-08-01,2006,8,1,0.23555867
2006-08-02,2006,8,2,6.7081222
2006-08-03,2006,8,3,21.648719
2006-08-04,2006,8,4,7.2189287
2006-08-05,2006,8,5,8.0593272
2006-08-06,2006,8,6,30.582703
2006-08-07,2006,8,7,4.022378
2006-08-08,2006,8,8,30.623483
2006-08-09,2006,8,9,26.241096
2006-08-10,2006,8,10,49.543185
2006-08-11,2006,8,11,27.110953
2006-08-12,2006,8,12,29.90188
2006-08-13,2006,8,13,22.479011
2006-08-14,2006,8,14,4.2338453
2006-08-15,2006,8,15,0
2006-08-16,2006,8,16,2.7175577
2006-08-17,2006,8,17,0
2006-08-18,2006,8,18,0
2006-08-19,2006,8,19,0
2006-08-20,2006,8,20,0
2006-08-21,2006,8,21,0
2006-08-22,2006,8,22,0
2006-08-23,2006,8,23,0
2006-08-24,2006,8,24,0
2006-08-25,2006,8,25,3.2003857
2006-08-26,2006,8,26,0
2006-08-27,2006,8,27,0
2006-08-28,2006,8,28,0
2006-08-29,2006,8,29,0.57347465
2006-08-30,2006,8,30,37.069018
2006-08-31,2006,8,31,3.4128972
2006-09-01,2006,9,1,0
2006-09-02,2006,9,2,0
2006-09-03,2006,9,3,0
2006-09-04,2006,9,4,0
2006-09-05,2006,9,5,0
2006-09-06,2006,9,6,19.064616
2006-09-07,2006,9,7,8.6916962
2006-09-08,2006,9,8,8.8082568
2006-09-09,2006,9,9,59.223821
2006-09-10,2006,9,10,23.808394
2006-09-11,2006,9,11,9.2043582
2006-09-12,2006,9,12,0
2006-09-13,2006,9,13,0
2006-09-14,2006,9,14,0
2006-09-15,2006,9,15,0
2006-09-16,2006,9,16,0
2006-09-17,2006,9,17,0
2006-09-18,2006,9,18,0
2006-09-19,2006,9,19,0
2006-09-20,2006,9,20,9.1319353
2006-09-21,2006,9,21,21.49294
2006-09-22,2006,9,22,7.6318297
2006-09-23,2006,9,23,0
2006-09-24,2006,9,24,0
2006-09-25,2006,9,25,6.999741
2006-09-26,2006,9,26,5.9155825
2006-09-27,2006,9,27,0
2006-09-28,2006,9,28,0
2006-09-29,2006,9,29,0
2006-09-30,2006,9,30,8.797549
2006-10-01,2006,10,1,0
2006-10-02,2006,10,2,0
2006-10-03,2006,10,3,13.523941
2006-10-04,2006,10,4,5.6606392
2006-10-05,2006,10,5,6.957898
2006-10-06,2006,10,6,2.8058193
2006-10-07,2006,10,7,0
2006-10-08,2006,10,8,4.3687998
2006-10-09,2006,10,9,0
2006-10-10,2006,10,10,0.00014184169
2006-10-11,2006,10,11,35.827662
2006-10-12,2006,10,12,15.135005
2006-10-13,2006,10,13,25.796791
2006-10-14,2006,10,14,13.745949
2006-10-15,2006,10,15,0
2006-10-16,2006,10,16,0
2006-10-17,2006,10,17,0
2006-10-18,2006,10,18,0
2006-10-19,2006,10,19,0.23482601
2006-10-20,2006,10,20,0
2006-10-21,2006,10,21,0
2006-10-22,2006,10,22,0
2006-10-23,2006,10,23,10.810601
2006-10-24,2006,10,24,12.064778
2006-10-25,2006,10,25,0
2006-10-26,2006,10,26,11.355868
2006-10-27,2006,10,27,22.312914
2006-10-28,2006,10,28,14.500244
2006-10-29,2006,10,29,15.201438
2006-10-30,2006,10,30,4.3032188
2006-10-31,2006,10,31,6.4872716
2006-11-01,2006,11,1,10.25224
2006-11-02,2006,11,2,0.87121794
2006-11-03,2006,11,3,0
2006-11-04,2006,11,4,0
2006-11-05,2006,11,5,5.6345077
2006-11-06,2006,11,6,0
2006-11-07,2006,11,7,0
2006-11-08,2006,11,8,0
2006-11-09,2006,11,9,0
2006-11-10,2006,11,10,0
2006-11-11,2006,11,11,0
2006-11-12,2006,11,12,9.8526287
2006-11-13,2006,11,13,14.825692
2006-11-14,2006,11,14,9.4269732
2006-11-15,2006,11,15,6.6156252
2006-11-16,2006,11,16,0
2006-11-17,2006,11,17,0
2006-11-18,2006,11,18,0
2006-11-19,2006,11,19,0
2006-11-20,2006,11,20,0
2006-11-21,2006,11,21,0
2006-11-22,2006,11,22,0
2006-11-23,2006,11,23,0
2006-11-24,2006,11,24,0
2006-11-25,2006,11,25,0
2006-11-26,2006,11,26,1.5312532
2006-11-27,2006,11,27,0
2006-11-28,2006,11,28,0
2006-11-29,2006,11,29,0
2006-11-30,2006,11,30,0
2006-12-01,2006,12,1,8.1733588
2006-12-02,2006,12,2,0
2006-12-03,2006,12,3,0
2006-12-04,2006,12,4,0
2006-12-05,2006,12,5,0
2006-12-06,2006,12,6,0
2006-12-07,2006,12,7,0.031745605
2006-12-08,2006,12,8,0
2006-12-09,2006,12,9,0
2006-12-10,2006,12,10,0
2006-12-11,2006,12,11,0
2006-12-12,2006,12,12,0
2006-12-13,2006,12,13,7.0403858
2006-12-14,2006,12,14,1.8852422
2006-12-15,2006,12,15,22.117558
2006-12-16,2006,12,16,3.3750737
2006-12-17,2006,12,17,6.4080272
2006-12-18,2006,12,18,3.6607895
2006-12-19,2006,12,19,6.8753469
2006-12-20,2006,12,20,1.5352818
2006-12-21,2006,12,21,0.031052381
2006-12-22,2006,12,22,39.121296
2006-12-23,2006,12,23,20.574347
2006-12-24,2006,12,24,1.6058368
2006-12-25,2006,12,25,0
2006-12-26,2006,12,26,22.421354
2006-12-27,2006,12,27,0
2006-12-28,2006,12,28,0
2006-12-29,2006,12,29,0
2006-12-30,2006,12,30,0
2006-12-31,2006,12,31,3.4195985
2007-01-01,2007,1,1,0
2007-01-02,2007,1,2,0
2007-01-03,2007,1,3,0
2007-01-04,2007,1,4,0
2007-01-05,2007,1,5,0
2007-01-06,2007,1,6,0
2007-01-07,2007,1,7,0.19090289
2007-01-08,2007,1,8,0
2007-01-09,2007,1,9,0
2007-01-10,2007,1,10,0
2007-01-11,2007,1,11,0
2007-01-12,2007,1,12,0
2007-01-13,2007,1,13,0
2007-01-14,2007,1,14,0
2007-01-15,2007,1,15,0
2007-01-16,2007,1,16,0
2007-01-17,2007,1,17,0
2007-01-18,2007,1,18,0
2007-01-19,2007,1,19,3.7499586
2007-01-20,2007,1,20,0
2007-01-21,2007,1,21,0
2007-01-22,2007,1,22,37.257093
2007-01-23,2007,1,23,0.066055479
2007-01-24,2007,1,24,0
2007-01-25,2007,1,25,0
2007-01-26,2007,1,26,0
2007-01-27,2007,1,27,0
2007-01-28,2007,1,28,0
2007-01-29,2007,1,29,0
2007-01-30,2007,1,30,0
2007-01-31,2007,1,31,0
2007-02-01,2007,2,1,0
2007-02-02,2007,2,2,0
2007-02-03,2007,2,3,0
2007-02-04,2007,2,4,0
2007-02-05,2007,2,5,0.0019419012
2007-02-06,2007,2,6,0
2007-02-07,2007,2,7,0
2007-02-08,2007,2,8,0
2007-02-09,2007,2,9,0
2007-02-10,2007,2,10,0
2007-02-11,2007,2,11,0.22256183
2007-02-12,2007,2,12,0
2007-02-13,2007,2,13,3.6856798
2007-02-14,2007,2,14,10.479788
2007-02-15,2007,2,15,43.272961
2007-02-16,2007,2,16,0.27232501
2007-02-17,2007,2,17,0
2007-02-18,2007,2,18,0
2007-02-19,2007,2,19,0
2007-02-20,2007,2,20,3.5234745
2007-02-21,2007,2,21,8.0179842
2007-02-22,2007,2,22,0
2007-02-23,2007,2,23,0
2007-02-24,2007,2,24,0
2007-02-25,2007,2,25,0
2007-02-26,2007,2,26,0
2007-02-27,2007,2,27,0
2007-02-28,2007,2,28,0
2007-03-01,2007,3,1,0
2007-03-02,2007,3,2,0
2007-03-03,2007,3,3,0
2007-03-04,2007,3,4,0
2007-03-05,2007,3,5,0
2007-03-06,2007,3,6,0
2007-03-07,2007,3,7,8.8594948
2007-03-08,2007,3,8,8.8179791
2007-03-09,2007,3,9,0
2007-03-10,2007,3,10,0
2007-03-11,2007,3,11,6.7742374
2007-03-12,2007,3,12,0
2007-03-13,2007,3,13,0
2007-03-14,2007,3,14,1.5075247
2007-03-15,2007,3,15,4.3953002
2007-03-16,2007,3,16,0
2007-03-17,2007,3,17,0
2007-03-18,2007,3,18,0
2007-03-19,2007,3,19,0
2007-03-20,2007,3,20,0
2007-03-21,2007,3,21,6.7598017
2007-03-22,2007,3,22,2.2734091
2007-03-23,2007,3,23,0
2007-03-24,2007,3,24,0
2007-03-25,2007,3,25,0
2007-03-26,2007,3,26,0
2007-03-27,2007,3,27,0
2007-03-28,2007,3,28,0
2007-03-29,2007,3,29,0
2007-03-30,2007,3,30,0
2007-03-31,2007,3,31,0
2007-04-01,2007,4,1,0
2007-04-02,2007,4,2,0
2007-04-03,2007,4,3,0
2007-04-04,2007,4,4,0
2007-04-05,2007,4,5,0
2007-04-06,2007,4,6,0
2007-04-07,2007,4,7,0
2007-04-08,2007,4,8,0
2007-04-09,2007,4,9,19.755404
2007-04-10,2007,4,10,23.772551
2007-04-11,2007,4,11,8.2332898
2007-04-12,2007,4,12,0
2007-04-13,2007,4,13,38.091283
2007-04-14,2007,4,14,4.3576084
2007-04-15,2007,4,15,0
2007-04-16,2007,4,16,36.84017
2007-04-17,2007,4,17,8.0897065
2007-04-18,2007,4,18,26.899186
2007-04-19,2007,4,19,5.8030925
2007-04-20,2007,4,20,0
2007-04-21,2007,4,21,0
2007-04-22,2007,4,22,1.263099
2007-04-23,2007,4,23,0.97002314
2007-04-24,2007,4,24,0
2007-04-25,2007,4,25,0
2007-04-26,2007,4,26,0
2007-04-27,2007,4,27,0
2007-04-28,2007,4,28,0
2007-04-29,2007,4,29,2.7503962
2007-04-30,2007,4,30,12.276646
2007-05-01,2007,5,1,9.4030969
2007-05-02,2007,5,2,10.092679
2007-05-03,2007,5,3,32.492867
2007-05-04,2007,5,4,14.736282
2007-05-05,2007,5,5,0.20641517
2007-05-06,2007,5,6,0
2007-05-07,2007,5,7,0
2007-05-08,2007,5,8,0
2007-05-09,2007,5,9,0
2007-05-10,2007,5,10,5.3117589
2007-05-11,2007,5,11,0
2007-05-12,2007,5,12,0
2007-05-13,2007,5,13,6.7709254
2007-05-14,2007,5,14,2.1375997
2007-05-15,2007,5,15,5.4364725
2007-05-16,2007,5,16,0
2007-05-17,2007,5,17,0
2007-05-18,2007,5,18,0
2007-05-19,2007,5,19,8.401565
2007-05-20,2007,5,20,7.2299437
2007-05-21,2007,5,21,0
2007-05-22,2007,5,22,0
2007-05-23,2007,5,23,0
2007-05-24,2007,5,24,0
2007-05-25,2007,5,25,0
2007-05-26,2007,5,26,0
2007-05-27,2007,5,27,0
2007-05-28,2007,5,28,0
2007-05-29,2007,5,29,0.091091292
2007-05-30,2007,5,30,11.228986
2007-05-31,2007,5,31,12.537743
2007-06-01,2007,6,1,6.439976
2007-06-02,2007,6,2,0
2007-06-03,2007,6,3,0
2007-06-04,2007,6,4,0
2007-06-05,2007,6,5,1.5546118
2007-06-06,2007,6,6,6.7933792
2007-06-07,2007,6,7,21.048323
2007-06-08,2007,6,8,14.818451
2007-06-09,2007,6,9,17.076755
2007-06-10,2007,6,10,15.363587
2007-06-11,2007,6,11,29.245814
2007-06-12,2007,6,12,26.712983
2007-06-13,2007,6,13,19.542261
2007-06-14,2007,6,14,1.2845539
2007-06-15,2007,6,15,0
2007-06-16,2007,6,16,12.377438
2007-06-17,2007,6,17,0
2007-06-18,2007,6,18,0
2007-06-19,2007,6,19,14.588467
2007-06-20,2007,6,20,18.000664
2007-06-21,2007,6,21,44.007032
2007-06-22,2007,6,22,24.620535
2007-06-23,2007,6,23,7.675161
2007-06-24,2007,6,24,0
2007-06-25,2007,6,25,0
2007-06-26,2007,6,26,0
2007-06-27,2007,6,27,0
2007-06-28,2007,6,28,0
2007-06-29,2007,6,29,0
2007-06-30,2007,6,30,0
2007-07-01,2007,7,1,0.30425827
2007-07-02,2007,7,2,23.068215
2007-07-03,2007,7,3,14.487216
2007-07-04,2007,7,4,39.236698
2007-07-05,2007,7,5,21.55479
2007-07-06,2007,7,6,13.048016
2007-07-07,2007,7,7,0
2007-07-08,2007,7,8,0
2007-07-09,2007,7,9,0
2007-07-10,2007,7,10,0
2007-07-11,2007,7,11,1.0293147
2007-07-12,2007,7,12,33.999012
2007-07-13,2007,7,13,18.593651
2007-07-14,2007,7,14,12.058977
2007-07-15,2007,7,15,5.6283178
2007-07-16,2007,7,16,32.151738
2007-07-17,2007,7,17,16.662646
2007-07-18,2007,7,18,27.723224
2007-07-19,2007,7,19,14.926955
2007-07-20,2007,7,20,15.587495
2007-07-21,2007,7,21,15.872339
2007-07-22,2007,7,22,37.058429
2007-07-23,2007,7,23,19.842451
2007-07-24,2007,7,24,8.0857249
2007-07-25,2007,7,25,0
2007-07-26,2007,7,26,0
2007-07-27,2007,7,27,0
2007-07-28,2007,7,28,0
2007-07-29,2007,7,29,3.7831024
2007-07-30,2007,7,30,13.377514
2007-07-31,2007,7,31,0
2007-08-01,2007,8,1,0.040588741
2007-08-02,2007,8,2,0
2007-08-03,2007,8,3,0
2007-08-04,2007,8,4,0.057934127
2007-08-05,2007,8,5,0
2007-08-06,2007,8,6,18.679259
2007-08-07,2007,8,7,32.910513
2007-08-08,2007,8,8,0.0069298883
2007-08-09,2007,8,9,0
2007-08-10,2007,8,10,0
2007-08-11,2007,8,11,0
2007-08-12,2007,8,12,34.59931
2007-08-13,2007,8,13,45.117931
2007-08-14,2007,8,14,25.863414
2007-08-15,2007,8,15,1.4182549
2007-08-16,2007,8,16,0
2007-08-17,2007,8,17,0
2007-08-18,2007,8,18,0
2007-08-19,2007,8,19,0
2007-08-20,2007,8,20,2.4234589
2007-08-21,2007,8,21,5.1655615
2007-08-22,2007,8,22,1.2053958
2007-08-23,2007,8,23,12.2046
2007-08-24,2007,8,24,0
2007-08-25,2007,8,25,7.1731647
2007-08-26,2007,8,26,0
2007-08-27,2007,8,27,14.389269
2007-08-28,2007,8,28,0
2007-08-29,2007,8,29,0
2007-08-30,2007,8,30,0
2007-08-31,2007,8,31,0
2007-09-01,2007,9,1,0
2007-09-02,2007,9,2,3.6678519
2007-09-03,2007,9,3,38.632772
2007-09-04,2007,9,4,2.6159596
2007-09-05,2007,9,5,0
2007-09-06,2007,9,6,0
2007-09-07,2007,9,7,0
2007-09-08,2007,9,8,6.2837877
2007-09-09,2007,9,9,7.1321771
2007-09-10,2007,9,10,3.5179512
2007-09-11,2007,9,11,0
2007-09-12,2007,9,12,0
2007-09-13,2007,9,13,3.5154261
2007-09-14,2007,9,14,0
2007-09-15,2007,9,15,0.3258213
2007-09-16,2007,9,16,0
2007-09-17,2007,9,17,2.6961006
2007-09-18,2007,9,18,0
2007-09-19,2007,9,19,15.742678
2007-09-20,2007,9,20,15.174085
2007-09-21,2007,9,21,4.5203967
2007-09-22,2007,9,22,0
2007-09-23,2007,9,23,0
2007-09-24,2007,9,24,0
2007-09-25,2007,9,25,0
2007-09-26,2007,9,26,0.19116415
2007-09-27,2007,9,27,0
2007-09-28,2007,9,28,0
2007-09-29,2007,9,29,0
2007-09-30,2007,9,30,0
2007-10-01,2007,10,1,0
2007-10-02,2007,10,2,0
2007-10-03,2007,10,3,4.5276256
2007-10-04,2007,10,4,4.4846783
2007-10-05,2007,10,5,4.9304577
2007-10-06,2007,10,6,0
2007-10-07,2007,10,7,0
2007-10-08,2007,10,8,0
2007-10-09,2007,10,9,0.17768479
2007-10-10,2007,10,10,1.5399493
2007-10-11,2007,10,11,6.6740099
2007-10-12,2007,10,12,4.4990624
2007-10-13,2007,10,13,9.8544015
2007-10-14,2007,10,14,0
2007-10-15,2007,10,15,0.47525219
2007-10-16,2007,10,16,12.317379
2007-10-17,2007,10,17,0
2007-10-18,2007,10,18,5.7718848
2007-10-19,2007,10,19,14.829369
2007-10-20,2007,10,20,0.93581053
2007-10-21,2007,10,21,0
2007-10-22,2007,10,22,0
2007-10-23,2007,10,23,0
2007-10-24,2007,10,24,18.271648
2007-10-25,2007,10,25,17.223477
2007-10-26,2007,10,26,7.6336851
2007-10-27,2007,10,27,0
2007-10-28,2007,10,28,5.8210066
2007-10-29,2007,10,29,0
2007-10-30,2007,10,30,12.716927
2007-10-31,2007,10,31,0
2007-11-01,2007,11,1,2.5019933
2007-11-02,2007,11,2,0
2007-11-03,2007,11,3,0
2007-11-04,2007,11,4,0
2007-11-05,2007,11,5,0
2007-11-06,2007,11,6,0
2007-11-07,2007,11,7,0
2007-11-08,2007,11,8,0.58247046
2007-11-09,2007,11,9,6.4755971
2007-11-10,2007,11,10,0
2007-11-11,2007,11,11,0
2007-11-12,2007,11,12,3.2972726
2007-11-13,2007,11,13,0.026562889
2007-11-14,2007,11,14,0
2007-11-15,2007,11,15,0.06169747
2007-11-16,2007,11,16,16.388587
2007-11-17,2007,11,17,6.1009852
2007-11-18,2007,11,18,0
2007-11-19,2007,11,19,0
2007-11-20,2007,11,20,0
2007-11-21,2007,11,21,0.0010800067
2007-11-22,2007,11,22,0
2007-11-23,2007,11,23,0
2007-11-24,2007,11,24,0
2007-11-25,2007,11,25,0
2007-11-26,2007,11,26,0
2007-11-27,2007,11,27,0
2007-11-28,2007,11,28,0
2007-11-29,2007,11,29,0
2007-11-30,2007,11,30,4.4526534
2007-12-01,2007,12,1,0
2007-12-02,2007,12,2,0
2007-12-03,2007,12,3,0.0011542105
2007-12-04,2007,12,4,0
2007-12-05,2007,12,5,3.2872009
2007-12-06,2007,12,6,23.725031
2007-12-07,2007,12,7,2.3719078
2007-12-08,2007,12,8,0
2007-12-09,2007,12,9,16.092539
2007-12-10,2007,12,10,0
2007-12-11,2007,12,11,0
2007-12-12,2007,12,12,0
2007-12-13,2007,12,13,2.1288321
2007-12-14,2007,12,14,0
2007-12-15,2007,12,15,0
2007-12-16,2007,12,16,0
2007-12-17,2007,12,17,0
2007-12-18,2007,12,18,0
2007-12-19,2007,12,19,0
2007-12-20,2007,12,20,0
2007-12-21,2007,12,21,0
2007-12-22,2007,12,22,0
2007-12-23,2007,12,23,0
2007-12-24,2007,12,24,0
2007-12-25,2007,12,25,0.00030577635
2007-12-26,2007,12,26,4.230296
2007-12-27,2007,12,27,0
2007-12-28,2007,12,28,0
2007-12-29,2007,12,29,7.0654044
2007-12-30,2007,12,30,3.1390431
2007-12-31,2007,12,31,0
2008-01-01,2008,1,1,0
2008-01-02,2008,1,2,0
2008-01-03,2008,1,3,0
2008-01-04,2008,1,4,0
2008-01-05,2008,1,5,0
2008-01-06,2008,1,6,0
2008-01-07,2008,1,7,0
2008-01-08,2008,1,8,9.0527904
2008-01-09,2008,1,9,27.095786
2008-01-10,2008,1,10,3.1902862
2008-01-11,2008,1,11,0
2008-01-12,2008,1,12,0.04873721
2008-01-13,2008,1,13,13.829686
2008-01-14,2008,1,14,0
2008-01-15,2008,1,15,0
2008-01-16,2008,1,16,0
2008-01-17,2008,1,17,0
2008-01-18,2008,1,18,0
2008-01-19,2008,1,19,0
2008-01-20,2008,1,20,0
2008-01-21,2008,1,21,0
2008-01-22,2008,1,22,0
2008-01-23,2008,1,23,0
2008-01-24,2008,1,24,0
2008-01-25,2008,1,25,0.62172234
2008-01-26,2008,1,26,0
2008-01-27,2008,1,27,0
2008-01-28,2008,1,28,0
2008-01-29,2008,1,29,0
2008-01-30,2008,1,30,0.10653493
2008-01-31,2008,1,31,0
2008-02-01,2008,2,1,0
2008-02-02,2008,2,2,0
2008-02-03,2008,2,3,0
2008-02-04,2008,2,4,0
2008-02-05,2008,2,5,1.5754041
2008-02-06,2008,2,6,0
2008-02-07,2008,2,7,0.056192084
2008-02-08,2008,2,8,0.0019439578
2008-02-09,2008,2,9,0
2008-02-10,2008,2,10,0
2008-02-11,2008,2,11,0
2008-02-12,2008,2,12,0
2008-02-13,2008,2,13,3.3084892
2008-02-14,2008,2,14,0
2008-02-15,2008,2,15,0
2008-02-16,2008,2,16,0
2008-02-17,2008,2,17,0
2008-02-18,2008,2,18,0
2008-02-19,2008,2,19,0
2008-02-20,2008,2,20,0
2008-02-21,2008,2,21,0
2008-02-22,2008,2,22,0
2008-02-23,2008,2,23,0
2008-02-24,2008,2,24,0
2008-02-25,2008,2,25,0.00084981378
2008-02-26,2008,2,26,0
2008-02-27,2008,2,27,0
2008-02-28,2008,2,28,0
2008-02-29,2008,2,29,57.071724
2008-03-01,2008,3,1,1.8229842
2008-03-02,2008,3,2,0
2008-03-03,2008,3,3,0
2008-03-04,2008,3,4,0
2008-03-05,2008,3,5,0
2008-03-06,2008,3,6,0
2008-03-07,2008,3,7,15.174204
2008-03-08,2008,3,8,7.8134846
2008-03-09,2008,3,9,0
2008-03-10,2008,3,10,0
2008-03-11,2008,3,11,0
2008-03-12,2008,3,12,0
2008-03-13,2008,3,13,0
2008-03-14,2008,3,14,0.0054803016
2008-03-15,2008,3,15,5.7532728
2008-03-16,2008,3,16,2.2047434
2008-03-17,2008,3,17,0
2008-03-18,2008,3,18,5.0581281
2008-03-19,2008,3,19,5.6624642
2008-03-20,2008,3,20,0
2008-03-21,2008,3,21,0
2008-03-22,2008,3,22,0
2008-03-23,2008,3,23,0
2008-03-24,2008,3,24,0
2008-03-25,2008,3,25,0.050712659
2008-03-26,2008,3,26,0
2008-03-27,2008,3,27,0
2008-03-28,2008,3,28,0
2008-03-29,2008,3,29,0
2008-03-30,2008,3,30,0
2008-03-31,2008,3,31,0
2008-04-01,2008,4,1,0
2008-04-02,2008,4,2,0
2008-04-03,2008,4,3,0
2008-04-04,2008,4,4,0
2008-04-05,2008,4,5,13.087986
2008-04-06,2008,4,6,2.3707091
2008-04-07,2008,4,7,1.9542542
2008-04-08,2008,4,8,0
2008-04-09,2008,4,9,11.995947
2008-04-10,2008,4,10,39.444859
2008-04-11,2008,4,11,0
2008-04-12,2008,4,12,11.957945
2008-04-13,2008,4,13,0
2008-04-14,2008,4,14,0
2008-04-15,2008,4,15,0
2008-04-16,2008,4,16,5.9338418
2008-04-17,2008,4,17,0
2008-04-18,2008,4,18,0
2008-04-19,2008,4,19,0
2008-04-20,2008,4,20,0.00061462022
2008-04-21,2008,4,21,0
2008-04-22,2008,4,22,0
2008-04-23,2008,4,23,0
2008-04-24,2008,4,24,0
2008-04-25,2008,4,25,1.4696609
2008-04-26,2008,4,26,11.749092
2008-04-27,2008,4,27,17.043964
2008-04-28,2008,4,28,0
2008-04-29,2008,4,29,0
2008-04-30,2008,4,30,0
2008-05-01,2008,5,1,0
2008-05-02,2008,5,2,0
2008-05-03,2008,5,3,0
2008-05-04,2008,5,4,4.6695422
2008-05-05,2008,5,5,4.5474457
2008-05-06,2008,5,6,0
2008-05-07,2008,5,7,0
2008-05-08,2008,5,8,0
2008-05-09,2008,5,9,0
2008-05-10,2008,5,10,0
2008-05-11,2008,5,11,0
2008-05-12,2008,5,12,0
2008-05-13,2008,5,13,0
2008-05-14,2008,5,14,0
2008-05-15,2008,5,15,0.024457144
2008-05-16,2008,5,16,9.4114992
2008-05-17,2008,5,17,31.615851
2008-05-18,2008,5,18,84.686693
2008-05-19,2008,5,19,59.627398
2008-05-20,2008,5,20,57.52581
2008-05-21,2008,5,21,41.28772
2008-05-22,2008,5,22,53.570467
2008-05-23,2008,5,23,0
2008-05-24,2008,5,24,3.3873757
2008-05-25,2008,5,25,36.113676
2008-05-26,2008,5,26,24.261398
2008-05-27,2008,5,27,0
2008-05-28,2008,5,28,0
2008-05-29,2008,5,29,0
2008-05-30,2008,5,30,0
2008-05-31,2008,5,31,0
2008-06-01,2008,6,1,0
2008-06-02,2008,6,2,24.541713
2008-06-03,2008,6,3,29.810322
2008-06-04,2008,6,4,31.160136
2008-06-05,2008,6,5,12.90974
2008-06-06,2008,6,6,12.540613
2008-06-07,2008,6,7,30.11518
2008-06-08,2008,6,8,8.7986317
2008-06-09,2008,6,9,10.67572
2008-06-10,2008,6,10,12.662912
2008-06-11,2008,6,11,2.7057927
2008-06-12,2008,6,12,0
2008-06-13,2008,6,13,4.5319203
2008-06-14,2008,6,14,0.48592498
2008-06-15,2008,6,15,0
2008-06-16,2008,6,16,0
2008-06-17,2008,6,17,0
2008-06-18,2008,6,18,5.554811
2008-06-19,2008,6,19,3.4297763
2008-06-20,2008,6,20,0
2008-06-21,2008,6,21,0.003253667
2008-06-22,2008,6,22,5.6389291
2008-06-23,2008,6,23,0
2008-06-24,2008,6,24,0
2008-06-25,2008,6,25,0
2008-06-26,2008,6,26,0
2008-06-27,2008,6,27,0
2008-06-28,2008,6,28,0
2008-06-29,2008,6,29,29.646399
2008-06-30,2008,6,30,14.072371
2008-07-01,2008,7,1,0.026558706
2008-07-02,2008,7,2,0
2008-07-03,2008,7,3,1.3877089
2008-07-04,2008,7,4,37.899713
2008-07-05,2008,7,5,25.641103
2008-07-06,2008,7,6,14.445665
2008-07-07,2008,7,7,27.717281
2008-07-08,2008,7,8,10.112083
2008-07-09,2008,7,9,0.2863584
2008-07-10,2008,7,10,29.277548
2008-07-11,2008,7,11,11.845813
2008-07-12,2008,7,12,27.162124
2008-07-13,2008,7,13,16.279558
2008-07-14,2008,7,14,6.3347573
2008-07-15,2008,7,15,21.225298
2008-07-16,2008,7,16,36.55577
2008-07-17,2008,7,17,11.710542
2008-07-18,2008,7,18,0
2008-07-19,2008,7,19,0
2008-07-20,2008,7,20,3.6537237
2008-07-21,2008,7,21,6.8274241
2008-07-22,2008,7,22,27.905013
2008-07-23,2008,7,23,7.6031338
2008-07-24,2008,7,24,10.193112
2008-07-25,2008,7,25,0.24080635
2008-07-26,2008,7,26,3.5975107
2008-07-27,2008,7,27,6.0839586
2008-07-28,2008,7,28,0
2008-07-29,2008,7,29,6.8279669
2008-07-30,2008,7,30,21.470806
2008-07-31,2008,7,31,20.702477
2008-08-01,2008,8,1,26.591239
2008-08-02,2008,8,2,19.024081
2008-08-03,2008,8,3,28.75889
2008-08-04,2008,8,4,6.3780169
2008-08-05,2008,8,5,19.515757
2008-08-06,2008,8,6,17.364118
2008-08-07,2008,8,7,0
2008-08-08,2008,8,8,0
2008-08-09,2008,8,9,26.252215
2008-08-10,2008,8,10,18.437587
2008-08-11,2008,8,11,6.5066417
2008-08-12,2008,8,12,0
2008-08-13,2008,8,13,0.019146585
2008-08-14,2008,8,14,39.411344
2008-08-15,2008,8,15,31.450091
2008-08-16,2008,8,16,3.9111068
2008-08-17,2008,8,17,0.057881104
2008-08-18,2008,8,18,0.43994441
2008-08-19,2008,8,19,15.080706
2008-08-20,2008,8,20,1.5208874
2008-08-21,2008,8,21,0
2008-08-22,2008,8,22,0
2008-08-23,2008,8,23,0
2008-08-24,2008,8,24,16.717576
2008-08-25,2008,8,25,45.638226
2008-08-26,2008,8,26,18.069481
2008-08-27,2008,8,27,25.028304
2008-08-28,2008,8,28,15.184948
2008-08-29,2008,8,29,43.051489
2008-08-30,2008,8,30,27.750052
2008-08-31,2008,8,31,54.12095
2008-09-01,2008,9,1,45.749894
2008-09-02,2008,9,2,8.319112
2008-09-03,2008,9,3,0
2008-09-04,2008,9,4,0
2008-09-05,2008,9,5,0
2008-09-06,2008,9,6,7.2799159
2008-09-07,2008,9,7,2.669899
2008-09-08,2008,9,8,0
2008-09-09,2008,9,9,10.523063
2008-09-10,2008,9,10,0
2008-09-11,2008,9,11,0
2008-09-12,2008,9,12,0
2008-09-13,2008,9,13,0
2008-09-14,2008,9,14,0
2008-09-15,2008,9,15,0
2008-09-16,2008,9,16,0
2008-09-17,2008,9,17,0
2008-09-18,2008,9,18,0
2008-09-19,2008,9,19,0
2008-09-20,2008,9,20,0
2008-09-21,2008,9,21,0
2008-09-22,2008,9,22,0
2008-09-23,2008,9,23,0
2008-09-24,2008,9,24,0
2008-09-25,2008,9,25,0
2008-09-26,2008,9,26,2.3500346
2008-09-27,2008,9,27,0
2008-09-28,2008,9,28,0
2008-09-29,2008,9,29,0
2008-09-30,2008,9,30,7.6125344
2008-10-01,2008,10,1,12.374389
2008-10-02,2008,10,2,10.207337
2008-10-03,2008,10,3,0.0126835
2008-10-04,2008,10,4,0
2008-10-05,2008,10,5,0
2008-10-06,2008,10,6,0
2008-10-07,2008,10,7,0
2008-10-08,2008,10,8,0
2008-10-09,2008,10,9,0
2008-10-10,2008,10,10,15.425283
2008-10-11,2008,10,11,0.25526221
2008-10-12,2008,10,12,3.7821903
2008-10-13,2008,10,13,0.13223349
2008-10-14,2008,10,14,0
2008-10-15,2008,10,15,0
2008-10-16,2008,10,16,0
2008-10-17,2008,10,17,0
2008-10-18,2008,10,18,0
2008-10-19,2008,10,19,5.2049516
2008-10-20,2008,10,20,16.701858
2008-10-21,2008,10,21,0.92649963
2008-10-22,2008,10,22,0
2008-10-23,2008,10,23,0
2008-10-24,2008,10,24,0
2008-10-25,2008,10,25,0
2008-10-26,2008,10,26,0
2008-10-27,2008,10,27,5.1024436
2008-10-28,2008,10,28,1.8923061
2008-10-29,2008,10,29,0
2008-10-30,2008,10,30,0
2008-10-31,2008,10,31,0
2008-11-01,2008,11,1,0
2008-11-02,2008,11,2,0
2008-11-03,2008,11,3,0
2008-11-04,2008,11,4,0
2008-11-05,2008,11,5,0
2008-11-06,2008,11,6,8.1372085
2008-11-07,2008,11,7,26.006871
2008-11-08,2008,11,8,14.372749
2008-11-09,2008,11,9,0
2008-11-10,2008,11,10,0
2008-11-11,2008,11,11,0
2008-11-12,2008,11,12,0
2008-11-13,2008,11,13,0
2008-11-14,2008,11,14,0
2008-11-15,2008,11,15,0
2008-11-16,2008,11,16,0
2008-11-17,2008,11,17,0
2008-11-18,2008,11,18,0
2008-11-19,2008,11,19,0
2008-11-20,2008,11,20,0
2008-11-21,2008,11,21,0
2008-11-22,2008,11,22,1.3575533
2008-11-23,2008,11,23,0
2008-11-24,2008,11,24,0
2008-11-25,2008,11,25,0
2008-11-26,2008,11,26,0
2008-11-27,2008,11,27,18.184954
2008-11-28,2008,11,28,14.810094
2008-11-29,2008,11,29,0
2008-11-30,2008,11,30,0
2008-12-01,2008,12,1,0
2008-12-02,2008,12,2,0
2008-12-03,2008,12,3,6.0351814
2008-12-04,2008,12,4,0
2008-12-05,2008,12,5,0
2008-12-06,2008,12,6,0
2008-12-07,2008,12,7,0
2008-12-08,2008,12,8,0
2008-12-09,2008,12,9,0
2008-12-10,2008,12,10,0
2008-12-11,2008,12,11,0
2008-12-12,2008,12,12,0
2008-12-13,2008,12,13,0
2008-12-14,2008,12,14,0
2008-12-15,2008,12,15,0
2008-12-16,2008,12,16,0
2008-12-17,2008,12,17,0
2008-12-18,2008,12,18,0
2008-12-19,2008,12,19,0
2008-12-20,2008,12,20,20.305343
2008-12-21,2008,12,21,0
2008-12-22,2008,12,22,0
2008-12-23,2008,12,23,0
2008-12-24,2008,12,24,0
2008-12-25,2008,12,25,0
2008-12-26,2008,12,26,0
2008-12-27,2008,12,27,5.4154097
2008-12-28,2008,12,28,0
2008-12-29,2008,12,29,0
2008-12-30,2008,12,30,0
2008-12-31,2008,12,31,0
2009-01-01,2009,1,1,0.0046182428
2009-01-02,2009,1,2,0
2009-01-03,2009,1,3,0
2009-01-04,2009,1,4,0
2009-01-05,2009,1,5,0.71473334
2009-01-06,2009,1,6,0
2009-01-07,2009,1,7,0
2009-01-08,2009,1,8,0
2009-01-09,2009,1,9,0
2009-01-10,2009,1,10,0
2009-01-11,2009,1,11,0
2009-01-12,2009,1,12,0.00010464619
2009-01-13,2009,1,13,0
2009-01-14,2009,1,14,0
2009-01-15,2009,1,15,0
2009-01-16,2009,1,16,3.2201384
2009-01-17,2009,1,17,0
2009-01-18,2009,1,18,0
2009-01-19,2009,1,19,0
2009-01-20,2009,1,20,0
2009-01-21,2009,1,21,0
2009-01-22,2009,1,22,0
2009-01-23,2009,1,23,2.4455029
2009-01-24,2009,1,24,13.788988
2009-01-25,2009,1,25,0
2009-01-26,2009,1,26,0
2009-01-27,2009,1,27,0
2009-01-28,2009,1,28,0
2009-01-29,2009,1,29,0
2009-01-30,2009,1,30,0
2009-01-31,2009,1,31,0
2009-02-01,2009,2,1,1.8083496
2009-02-02,2009,2,2,10.978205
2009-02-03,2009,2,3,0.092614062
2009-02-04,2009,2,4,28.429799
2009-02-05,2009,2,5,5.0238716
2009-02-06,2009,2,6,0
2009-02-07,2009,2,7,0
2009-02-08,2009,2,8,0
2009-02-09,2009,2,9,0
2009-02-10,2009,2,10,0.81447834
2009-02-11,2009,2,11,0
2009-02-12,2009,2,12,0.022446598
2009-02-13,2009,2,13,0
2009-02-14,2009,2,14,0
2009-02-15,2009,2,15,14.135136
2009-02-16,2009,2,16,0
2009-02-17,2009,2,17,0
2009-02-18,2009,2,18,1.4605193
2009-02-19,2009,2,19,6.3573386
2009-02-20,2009,2,20,0
2009-02-21,2009,2,21,0
2009-02-22,2009,2,22,0
2009-02-23,2009,2,23,0
2009-02-24,2009,2,24,0
2009-02-25,2009,2,25,0
2009-02-26,2009,2,26,0
2009-02-27,2009,2,27,0
2009-02-28,2009,2,28,5.7260046
2009-03-01,2009,3,1,2.8733056
2009-03-02,2009,3,2,0
2009-03-03,2009,3,3,0
2009-03-04,2009,3,4,0
2009-03-05,2009,3,5,0
2009-03-06,2009,3,6,0
2009-03-07,2009,3,7,0
2009-03-08,2009,3,8,0
2009-03-09,2009,3,9,0
2009-03-10,2009,3,10,0
2009-03-11,2009,3,11,0
2009-03-12,2009,3,12,0
2009-03-13,2009,3,13,0
2009-03-14,2009,3,14,0
2009-03-15,2009,3,15,4.3627066
2009-03-16,2009,3,16,0
2009-03-17,2009,3,17,0
2009-03-18,2009,3,18,0
2009-03-19,2009,3,19,0
2009-03-20,2009,3,20,0
2009-03-21,2009,3,21,0
2009-03-22,2009,3,22,0
2009-03-23,2009,3,23,0
2009-03-24,2009,3,24,0
2009-03-25,2009,3,25,0
2009-03-26,2009,3,26,0
2009-03-27,2009,3,27,0.96232072
2009-03-28,2009,3,28,32.845698
2009-03-29,2009,3,29,0.97873469
2009-03-30,2009,3,30,0
2009-03-31,2009,3,31,0
2009-04-01,2009,4,1,31.79178
2009-04-02,2009,4,2,28.628978
2009-04-03,2009,4,3,22.575546
2009-04-04,2009,4,4,4.1372476
2009-04-05,2009,4,5,17.659948
2009-04-06,2009,4,6,0.38255645
2009-04-07,2009,4,7,0
2009-04-08,2009,4,8,0
2009-04-09,2009,4,9,0
2009-04-10,2009,4,10,0
2009-04-11,2009,4,11,0
2009-04-12,2009,4,12,0
2009-04-13,2009,4,13,0
2009-04-14,2009,4,14,0
2009-04-15,2009,4,15,0
2009-04-16,2009,4,16,0
2009-04-17,2009,4,17,0
2009-04-18,2009,4,18,0
2009-04-19,2009,4,19,0
2009-04-20,2009,4,20,0
2009-04-21,2009,4,21,0
2009-04-22,2009,4,22,18.442974
2009-04-23,2009,4,23,0
2009-04-24,2009,4,24,0
2009-04-25,2009,4,25,0
2009-04-26,2009,4,26,0
2009-04-27,2009,4,27,0
2009-04-28,2009,4,28,0
2009-04-29,2009,4,29,0
2009-04-30,2009,4,30,0
2009-05-01,2009,5,1,0
2009-05-02,2009,5,2,14.222304
2009-05-03,2009,5,3,20.855522
2009-05-04,2009,5,4,0
2009-05-05,2009,5,5,0
2009-05-06,2009,5,6,0
2009-05-07,2009,5,7,0
2009-05-08,2009,5,8,18.081977
2009-05-09,2009,5,9,42.718193
2009-05-10,2009,5,10,47.322123
2009-05-11,2009,5,11,0
2009-05-12,2009,5,12,8.4094181
2009-05-13,2009,5,13,0
2009-05-14,2009,5,14,0
2009-05-15,2009,5,15,32.30311
2009-05-16,2009,5,16,37.353329
2009-05-17,2009,5,17,0
2009-05-18,2009,5,18,0
2009-05-19,2009,5,19,23.804217
2009-05-20,2009,5,20,60.873422
2009-05-21,2009,5,21,30.335144
2009-05-22,2009,5,22,33.785431
2009-05-23,2009,5,23,32.166269
2009-05-24,2009,5,24,26.686856
2009-05-25,2009,5,25,5.6176209
2009-05-26,2009,5,26,0
2009-05-27,2009,5,27,0
2009-05-28,2009,5,28,0
2009-05-29,2009,5,29,0
2009-05-30,2009,5,30,1.3995642
2009-05-31,2009,5,31,0
2009-06-01,2009,6,1,0
2009-06-02,2009,6,2,0
2009-06-03,2009,6,3,13.644856
2009-06-04,2009,6,4,1.8628662
2009-06-05,2009,6,5,0
2009-06-06,2009,6,6,0
2009-06-07,2009,6,7,0
2009-06-08,2009,6,8,0
2009-06-09,2009,6,9,0
2009-06-10,2009,6,10,0
2009-06-11,2009,6,11,0
2009-06-12,2009,6,12,0
2009-06-13,2009,6,13,39.344106
2009-06-14,2009,6,14,6.0108898
2009-06-15,2009,6,15,6.03822
2009-06-16,2009,6,16,41.142769
2009-06-17,2009,6,17,34.352964
2009-06-18,2009,6,18,63.730361
2009-06-19,2009,6,19,8.9533698
2009-06-20,2009,6,20,4.6727302
2009-06-21,2009,6,21,14.200629
2009-06-22,2009,6,22,1.2128256
2009-06-23,2009,6,23,0
2009-06-24,2009,6,24,0
2009-06-25,2009,6,25,0
2009-06-26,2009,6,26,8.2934192
2009-06-27,2009,6,27,23.552299
2009-06-28,2009,6,28,19.435579
2009-06-29,2009,6,29,5.2630471
2009-06-30,2009,6,30,22.794005
2009-07-01,2009,7,1,20.518092
2009-07-02,2009,7,2,8.3963732
2009-07-03,2009,7,3,19.366542
2009-07-04,2009,7,4,40.762287
2009-07-05,2009,7,5,26.497598
2009-07-06,2009,7,6,30.604986
2009-07-07,2009,7,7,0
2009-07-08,2009,7,8,4.2884204
2009-07-09,2009,7,9,13.813444
2009-07-10,2009,7,10,0
2009-07-11,2009,7,11,7.4395467
2009-07-12,2009,7,12,2.8645426
2009-07-13,2009,7,13,0
2009-07-14,2009,7,14,0
2009-07-15,2009,7,15,0
2009-07-16,2009,7,16,0
2009-07-17,2009,7,17,0
2009-07-18,2009,7,18,4.4780997
2009-07-19,2009,7,19,3.5565674
2009-07-20,2009,7,20,9.8346067
2009-07-21,2009,7,21,5.8327261
2009-07-22,2009,7,22,0
2009-07-23,2009,7,23,0
2009-07-24,2009,7,24,0.1009811
2009-07-25,2009,7,25,0
2009-07-26,2009,7,26,0
2009-07-27,2009,7,27,0
2009-07-28,2009,7,28,0
2009-07-29,2009,7,29,0
2009-07-30,2009,7,30,0.87494327
2009-07-31,2009,7,31,2.1836125
2009-08-01,2009,8,1,0
2009-08-02,2009,8,2,10.582951
2009-08-03,2009,8,3,56.574303
2009-08-04,2009,8,4,32.124172
2009-08-05,2009,8,5,7.1293288
2009-08-06,2009,8,6,0
2009-08-07,2009,8,7,0
2009-08-08,2009,8,8,0
2009-08-09,2009,8,9,14.484676
2009-08-10,2009,8,10,6.6232711
2009-08-11,2009,8,11,18.227245
2009-08-12,2009,8,12,14.12866
2009-08-13,2009,8,13,29.630873
2009-08-14,2009,8,14,45.597975
2009-08-15,2009,8,15,15.762485
2009-08-16,2009,8,16,16.613963
2009-08-17,2009,8,17,9.3225768
2009-08-18,2009,8,18,15.16353
2009-08-19,2009,8,19,11.995129
2009-08-20,2009,8,20,4.439222
2009-08-21,2009,8,21,16.148863
2009-08-22,2009,8,22,18.890578
2009-08-23,2009,8,23,35.811995
2009-08-24,2009,8,24,17.759158
2009-08-25,2009,8,25,17.278683
2009-08-26,2009,8,26,6.2614099
2009-08-27,2009,8,27,0
2009-08-28,2009,8,28,20.56132
2009-08-29,2009,8,29,22.134216
2009-08-30,2009,8,30,0
2009-08-31,2009,8,31,0
2009-09-01,2009,9,1,0
2009-09-02,2009,9,2,0
2009-09-03,2009,9,3,0
2009-09-04,2009,9,4,40.595674
2009-09-05,2009,9,5,40.457523
2009-09-06,2009,9,6,18.810385
2009-09-07,2009,9,7,0
2009-09-08,2009,9,8,0
2009-09-09,2009,9,9,0
2009-09-10,2009,9,10,0
2009-09-11,2009,9,11,0
2009-09-12,2009,9,12,0
2009-09-13,2009,9,13,19.786331
2009-09-14,2009,9,14,5.3883224
2009-09-15,2009,9,15,0
2009-09-16,2009,9,16,0
2009-09-17,2009,9,17,8.7285737
2009-09-18,2009,9,18,0
2009-09-19,2009,9,19,0
2009-09-20,2009,9,20,0
2009-09-21,2009,9,21,0
2009-09-22,2009,9,22,0
2009-09-23,2009,9,23,0
2009-09-24,2009,9,24,0
2009-09-25,2009,9,25,0.4593584
2009-09-26,2009,9,26,0.18472734
2009-09-27,2009,9,27,0
2009-09-28,2009,9,28,0
2009-09-29,2009,9,29,0
2009-09-30,2009,9,30,0
2009-10-01,2009,10,1,0
2009-10-02,2009,10,2,0
2009-10-03,2009,10,3,0
2009-10-04,2009,10,4,29.829827
2009-10-05,2009,10,5,3.2876101
2009-10-06,2009,10,6,0
2009-10-07,2009,10,7,0
2009-10-08,2009,10,8,2.290955
2009-10-09,2009,10,9,20.545511
2009-10-10,2009,10,10,18.689147
2009-10-11,2009,10,11,6.6117603
2009-10-12,2009,10,12,0.88865374
2009-10-13,2009,10,13,0
2009-10-14,2009,10,14,0
2009-10-15,2009,10,15,0.22665345
2009-10-16,2009,10,16,0
2009-10-17,2009,10,17,0
2009-10-18,2009,10,18,0
2009-10-19,2009,10,19,0
2009-10-20,2009,10,20,0
2009-10-21,2009,10,21,35.685957
2009-10-22,2009,10,22,63.582033
2009-10-23,2009,10,23,11.149108
2009-10-24,2009,10,24,7.5553942
2009-10-25,2009,10,25,0
2009-10-26,2009,10,26,12.265839
2009-10-27,2009,10,27,28.843913
2009-10-28,2009,10,28,14.92584
2009-10-29,2009,10,29,15.911754
2009-10-30,2009,10,30,4.7146586
2009-10-31,2009,10,31,28.872962
2009-11-01,2009,11,1,11.907061
2009-11-02,2009,11,2,4.4785171
2009-11-03,2009,11,3,19.618171
2009-11-04,2009,11,4,12.876196
2009-11-05,2009,11,5,21.301495
2009-11-06,2009,11,6,1.3370742
2009-11-07,2009,11,7,3.4207091
2009-11-08,2009,11,8,17.88113
2009-11-09,2009,11,9,1.7102818
2009-11-10,2009,11,10,0
2009-11-11,2009,11,11,0
2009-11-12,2009,11,12,0
2009-11-13,2009,11,13,0
2009-11-14,2009,11,14,0
2009-11-15,2009,11,15,0
2009-11-16,2009,11,16,15.882737
2009-11-17,2009,11,17,1.6420727
2009-11-18,2009,11,18,36.295173
2009-11-19,2009,11,19,9.0766325
2009-11-20,2009,11,20,0
2009-11-21,2009,11,21,0
2009-11-22,2009,11,22,15.029512
2009-11-23,2009,11,23,12.624431
2009-11-24,2009,11,24,12.288809
2009-11-25,2009,11,25,0.17776223
2009-11-26,2009,11,26,0
2009-11-27,2009,11,27,0
2009-11-28,2009,11,28,9.0242458
2009-11-29,2009,11,29,4.9273785
2009-11-30,2009,11,30,0.97393682
2009-12-01,2009,12,1,5.5513261
2009-12-02,2009,12,2,0
2009-12-03,2009,12,3,0
2009-12-04,2009,12,4,0
2009-12-05,2009,12,5,0
2009-12-06,2009,12,6,0
2009-12-07,2009,12,7,7.6510624
2009-12-08,2009,12,8,1.6218414
2009-12-09,2009,12,9,0
2009-12-10,2009,12,10,0
2009-12-11,2009,12,11,0
2009-12-12,2009,12,12,1.5826229
2009-12-13,2009,12,13,0.022622559
2009-12-14,2009,12,14,0
2009-12-15,2009,12,15,0
2009-12-16,2009,12,16,0
2009-12-17,2009,12,17,0
2009-12-18,2009,12,18,0
2009-12-19,2009,12,19,0
2009-12-20,2009,12,20,0
2009-12-21,2009,12,21,0
2009-12-22,2009,12,22,0
2009-12-23,2009,12,23,21.559712
2009-12-24,2009,12,24,0.91285926
2009-12-25,2009,12,25,2.3847571
2009-12-26,2009,12,26,3.6260602
2009-12-27,2009,12,27,3.5819704
2009-12-28,2009,12,28,24.651051
2009-12-29,2009,12,29,8.9897101
2009-12-30,2009,12,30,0.57728949
2009-12-31,2009,12,31,5.9387917
2010-01-01,2010,1,1,0
2010-01-02,2010,1,2,0
2010-01-03,2010,1,3,0.0096519158
2010-01-04,2010,1,4,8.7862365
2010-01-05,2010,1,5,0.72637276
2010-01-06,2010,1,6,0
2010-01-07,2010,1,7,0
2010-01-08,2010,1,8,0
2010-01-09,2010,1,9,0
2010-01-10,2010,1,10,0
2010-01-11,2010,1,11,24.913693
2010-01-12,2010,1,12,1.806599
2010-01-13,2010,1,13,0
2010-01-14,2010,1,14,0
2010-01-15,2010,1,15,0
2010-01-16,2010,1,16,0.49311319
2010-01-17,2010,1,17,0
2010-01-18,2010,1,18,0
2010-01-19,2010,1,19,0
2010-01-20,2010,1,20,0
2010-01-21,2010,1,21,0
2010-01-22,2010,1,22,0
2010-01-23,2010,1,23,0
2010-01-24,2010,1,24,0
2010-01-25,2010,1,25,0
2010-01-26,2010,1,26,0
2010-01-27,2010,1,27,0
2010-01-28,2010,1,28,0
2010-01-29,2010,1,29,0
2010-01-30,2010,1,30,0
2010-01-31,2010,1,31,0
2010-02-01,2010,2,1,0
2010-02-02,2010,2,2,15.041945
2010-02-03,2010,2,3,2.0613787
2010-02-04,2010,2,4,0
2010-02-05,2010,2,5,1.3064778
2010-02-06,2010,2,6,43.830594
2010-02-07,2010,2,7,7.1500689
2010-02-08,2010,2,8,0
2010-02-09,2010,2,9,4.1703137
2010-02-10,2010,2,10,0
2010-02-11,2010,2,11,0
2010-02-12,2010,2,12,0
2010-02-13,2010,2,13,0
2010-02-14,2010,2,14,0
2010-02-15,2010,2,15,0
2010-02-16,2010,2,16,0.69408629
2010-02-17,2010,2,17,15.029038
2010-02-18,2010,2,18,15.992056
2010-02-19,2010,2,19,0
2010-02-20,2010,2,20,0
2010-02-21,2010,2,21,0
2010-02-22,2010,2,22,0
2010-02-23,2010,2,23,0
2010-02-24,2010,2,24,0
2010-02-25,2010,2,25,0
2010-02-26,2010,2,26,0
2010-02-27,2010,2,27,0
2010-02-28,2010,2,28,0
2010-03-01,2010,3,1,0.13146733
2010-03-02,2010,3,2,3.9731888
2010-03-03,2010,3,3,0
2010-03-04,2010,3,4,0
2010-03-05,2010,3,5,0
2010-03-06,2010,3,6,0
2010-03-07,2010,3,7,10.686818
2010-03-08,2010,3,8,0
2010-03-09,2010,3,9,0
2010-03-10,2010,3,10,0
2010-03-11,2010,3,11,0
2010-03-12,2010,3,12,0
2010-03-13,2010,3,13,0.23594682
2010-03-14,2010,3,14,0
2010-03-15,2010,3,15,0
2010-03-16,2010,3,16,0
2010-03-17,2010,3,17,0
2010-03-18,2010,3,18,0
2010-03-19,2010,3,19,0
2010-03-20,2010,3,20,21.384255
2010-03-21,2010,3,21,8.4402084
2010-03-22,2010,3,22,15.305324
2010-03-23,2010,3,23,9.3452891
2010-03-24,2010,3,24,0
2010-03-25,2010,3,25,0
2010-03-26,2010,3,26,0
2010-03-27,2010,3,27,0
2010-03-28,2010,3,28,0
2010-03-29,2010,3,29,0
2010-03-30,2010,3,30,0
2010-03-31,2010,3,31,15.303119
2010-04-01,2010,4,1,0.26195852
2010-04-02,2010,4,2,0
2010-04-03,2010,4,3,0
2010-04-04,2010,4,4,0
2010-04-05,2010,4,5,0
2010-04-06,2010,4,6,0
2010-04-07,2010,4,7,0
2010-04-08,2010,4,8,0
2010-04-09,2010,4,9,0
2010-04-10,2010,4,10,2.0764768
2010-04-11,2010,4,11,0
2010-04-12,2010,4,12,0
2010-04-13,2010,4,13,0
2010-04-14,2010,4,14,0
2010-04-15,2010,4,15,0
2010-04-16,2010,4,16,10.633876
2010-04-17,2010,4,17,16.585311
2010-04-18,2010,4,18,8.5996474
2010-04-19,2010,4,19,11.818106
2010-04-20,2010,4,20,0
2010-04-21,2010,4,21,0
2010-04-22,2010,4,22,0
2010-04-23,2010,4,23,0
2010-04-24,2010,4,24,0
2010-04-25,2010,4,25,0
2010-04-26,2010,4,26,0
2010-04-27,2010,4,27,3.2620493
2010-04-28,2010,4,28,0
2010-04-29,2010,4,29,0
2010-04-30,2010,4,30,0
2010-05-01,2010,5,1,0
2010-05-02,2010,5,2,7.2147917
2010-05-03,2010,5,3,0.35142355
2010-05-04,2010,5,4,37.648888
2010-05-05,2010,5,5,16.747919
2010-05-06,2010,5,6,0
2010-05-07,2010,5,7,0
2010-05-08,2010,5,8,0
2010-05-09,2010,5,9,0
2010-05-10,2010,5,10,0
2010-05-11,2010,5,11,0
2010-05-12,2010,5,12,0
2010-05-13,2010,5,13,0
2010-05-14,2010,5,14,0
2010-05-15,2010,5,15,0
2010-05-16,2010,5,16,0
2010-05-17,2010,5,17,0
2010-05-18,2010,5,18,17.606386
2010-05-19,2010,5,19,0
2010-05-20,2010,5,20,0
2010-05-21,2010,5,21,8.6009052
2010-05-22,2010,5,22,4.2093231
2010-05-23,2010,5,23,0.58247131
2010-05-24,2010,5,24,18.589744
2010-05-25,2010,5,25,4.2669578
2010-05-26,2010,5,26,0.6762818
2010-05-27,2010,5,27,0
2010-05-28,2010,5,28,0
2010-05-29,2010,5,29,0
2010-05-30,2010,5,30,0
2010-05-31,2010,5,31,0
2010-06-01,2010,6,1,11.29617
2010-06-02,2010,6,2,7.8528408
2010-06-03,2010,6,3,21.0779
2010-06-04,2010,6,4,0.77873516
2010-06-05,2010,6,5,0
2010-06-06,2010,6,6,2.5798691
2010-06-07,2010,6,7,0
2010-06-08,2010,6,8,0
2010-06-09,2010,6,9,0
2010-06-10,2010,6,10,13.485293
2010-06-11,2010,6,11,12.787717
2010-06-12,2010,6,12,0
2010-06-13,2010,6,13,13.120466
2010-06-14,2010,6,14,33.816095
2010-06-15,2010,6,15,11.504514
2010-06-16,2010,6,16,15.484981
2010-06-17,2010,6,17,20.959938
2010-06-18,2010,6,18,24.492127
2010-06-19,2010,6,19,16.93882
2010-06-20,2010,6,20,28.372664
2010-06-21,2010,6,21,40.939924
2010-06-22,2010,6,22,70.511338
2010-06-23,2010,6,23,37.744617
2010-06-24,2010,6,24,10.088869
2010-06-25,2010,6,25,0
2010-06-26,2010,6,26,0
2010-06-27,2010,6,27,0
2010-06-28,2010,6,28,0
2010-06-29,2010,6,29,4.7107753
2010-06-30,2010,6,30,6.0194651
2010-07-01,2010,7,1,34.745065
2010-07-02,2010,7,2,4.6943919
2010-07-03,2010,7,3,9.2466241
2010-07-04,2010,7,4,35.279167
2010-07-05,2010,7,5,8.0343739
2010-07-06,2010,7,6,27.805255
2010-07-07,2010,7,7,55.974484
2010-07-08,2010,7,8,12.151414
2010-07-09,2010,7,9,0
2010-07-10,2010,7,10,24.042298
2010-07-11,2010,7,11,5.0013057
2010-07-12,2010,7,12,0
2010-07-13,2010,7,13,0
2010-07-14,2010,7,14,0
2010-07-15,2010,7,15,0.017414757
2010-07-16,2010,7,16,0.011345479
2010-07-17,2010,7,17,0
2010-07-18,2010,7,18,0
2010-07-19,2010,7,19,22.552099
2010-07-20,2010,7,20,13.189989
2010-07-21,2010,7,21,4.4592824
2010-07-22,2010,7,22,5.5054486
2010-07-23,2010,7,23,16.252414
2010-07-24,2010,7,24,0
2010-07-25,2010,7,25,5.4270125
2010-07-26,2010,7,26,0
2010-07-27,2010,7,27,16.714637
2010-07-28,2010,7,28,0.91901771
2010-07-29,2010,7,29,23.504967
2010-07-30,2010,7,30,15.057514
2010-07-31,2010,7,31,2.9570919
2010-08-01,2010,8,1,0
2010-08-02,2010,8,2,0
2010-08-03,2010,8,3,0.054525802
2010-08-04,2010,8,4,0
2010-08-05,2010,8,5,8.4500574
2010-08-06,2010,8,6,0.53722569
2010-08-07,2010,8,7,2.0130094
2010-08-08,2010,8,8,0
2010-08-09,2010,8,9,0
2010-08-10,2010,8,10,0
2010-08-11,2010,8,11,0.032781529
2010-08-12,2010,8,12,0
2010-08-13,2010,8,13,0
2010-08-14,2010,8,14,0
2010-08-15,2010,8,15,15.42247
2010-08-16,2010,8,16,46.809412
2010-08-17,2010,8,17,35.860856
2010-08-18,2010,8,18,8.0716068
2010-08-19,2010,8,19,0
2010-08-20,2010,8,20,0.97840277
2010-08-21,2010,8,21,30.936298
2010-08-22,2010,8,22,11.85124
2010-08-23,2010,8,23,1.4969154
2010-08-24,2010,8,24,9.4545899
2010-08-25,2010,8,25,11.33025
2010-08-26,2010,8,26,37.419668
2010-08-27,2010,8,27,48.740759
2010-08-28,2010,8,28,3.1105378
2010-08-29,2010,8,29,6.8900922
2010-08-30,2010,8,30,11.038959
2010-08-31,2010,8,31,0
2010-09-01,2010,9,1,0
2010-09-02,2010,9,2,0
2010-09-03,2010,9,3,0
2010-09-04,2010,9,4,0
2010-09-05,2010,9,5,0
2010-09-06,2010,9,6,0
2010-09-07,2010,9,7,0
2010-09-08,2010,9,8,0
2010-09-09,2010,9,9,0
2010-09-10,2010,9,10,0
2010-09-11,2010,9,11,8.6361646
2010-09-12,2010,9,12,4.5666593
2010-09-13,2010,9,13,5.0749091
2010-09-14,2010,9,14,8.7554459
2010-09-15,2010,9,15,0.0020011888
2010-09-16,2010,9,16,0
2010-09-17,2010,9,17,0
2010-09-18,2010,9,18,6.9326865
2010-09-19,2010,9,19,0
2010-09-20,2010,9,20,11.433524
2010-09-21,2010,9,21,0
2010-09-22,2010,9,22,0
2010-09-23,2010,9,23,0
2010-09-24,2010,9,24,0
2010-09-25,2010,9,25,0
2010-09-26,2010,9,26,4.8432547
2010-09-27,2010,9,27,9.8211679
2010-09-28,2010,9,28,2.0720122
2010-09-29,2010,9,29,0
2010-09-30,2010,9,30,0
2010-10-01,2010,10,1,0
2010-10-02,2010,10,2,0
2010-10-03,2010,10,3,0
2010-10-04,2010,10,4,0
2010-10-05,2010,10,5,4.3741375
2010-10-06,2010,10,6,10.938429
2010-10-07,2010,10,7,0
2010-10-08,2010,10,8,0
2010-10-09,2010,10,9,0
2010-10-10,2010,10,10,0
2010-10-11,2010,10,11,0
2010-10-12,2010,10,12,6.7876833
2010-10-13,2010,10,13,8.038654
2010-10-14,2010,10,14,9.1151324
2010-10-15,2010,10,15,1.2450563
2010-10-16,2010,10,16,0
2010-10-17,2010,10,17,5.1231752
2010-10-18,2010,10,18,4.7303614
2010-10-19,2010,10,19,11.066568
2010-10-20,2010,10,20,9.9337455
2010-10-21,2010,10,21,0
2010-10-22,2010,10,22,5.3036939
2010-10-23,2010,10,23,7.6884236
2010-10-24,2010,10,24,0
2010-10-25,2010,10,25,0
2010-10-26,2010,10,26,2.335479
2010-10-27,2010,10,27,8.3121074
2010-10-28,2010,10,28,30.493592
2010-10-29,2010,10,29,15.243925
2010-10-30,2010,10,30,3.2764167
2010-10-31,2010,10,31,0
2010-11-01,2010,11,1,0
2010-11-02,2010,11,2,0.00107197
2010-11-03,2010,11,3,0.17511973
2010-11-04,2010,11,4,0
2010-11-05,2010,11,5,3.5889974
2010-11-06,2010,11,6,31.855261
2010-11-07,2010,11,7,8.6705878
2010-11-08,2010,11,8,0.26894183
2010-11-09,2010,11,9,0
2010-11-10,2010,11,10,0
2010-11-11,2010,11,11,0
2010-11-12,2010,11,12,0
2010-11-13,2010,11,13,0
2010-11-14,2010,11,14,0
2010-11-15,2010,11,15,0
2010-11-16,2010,11,16,0
2010-11-17,2010,11,17,0
2010-11-18,2010,11,18,11.484836
2010-11-19,2010,11,19,16.950833
2010-11-20,2010,11,20,29.948755
2010-11-21,2010,11,21,8.7703085
2010-11-22,2010,11,22,0
2010-11-23,2010,11,23,0
2010-11-24,2010,11,24,0
2010-11-25,2010,11,25,0
2010-11-26,2010,11,26,0
2010-11-27,2010,11,27,0
2010-11-28,2010,11,28,0
2010-11-29,2010,11,29,1.8518748
2010-11-30,2010,11,30,0
2010-12-01,2010,12,1,5.0580674
2010-12-02,2010,12,2,4.0830382
2010-12-03,2010,12,3,0
2010-12-04,2010,12,4,0
2010-12-05,2010,12,5,0
2010-12-06,2010,12,6,6.9926359
2010-12-07,2010,12,7,7.2942665
2010-12-08,2010,12,8,0
2010-12-09,2010,12,9,23.250833
2010-12-10,2010,12,10,42.031943
2010-12-11,2010,12,11,5.4284911
2010-12-12,2010,12,12,0
2010-12-13,2010,12,13,0
2010-12-14,2010,12,14,0
2010-12-15,2010,12,15,0
2010-12-16,2010,12,16,13.721163
2010-12-17,2010,12,17,7.9768984
2010-12-18,2010,12,18,0
2010-12-19,2010,12,19,0
2010-12-20,2010,12,20,0
2010-12-21,2010,12,21,0
2010-12-22,2010,12,22,0
2010-12-23,2010,12,23,0.42624491
2010-12-24,2010,12,24,0
2010-12-25,2010,12,25,0
2010-12-26,2010,12,26,0
2010-12-27,2010,12,27,0
2010-12-28,2010,12,28,0
2010-12-29,2010,12,29,5.2661154
2010-12-30,2010,12,30,1.8994457
2010-12-31,2010,12,31,0
2011-01-01,2011,1,1,1.5115241
2011-01-02,2011,1,2,7.5375159
2011-01-03,2011,1,3,10.508941
2011-01-04,2011,1,4,5.0438073
2011-01-05,2011,1,5,0
2011-01-06,2011,1,6,0.27446088
2011-01-07,2011,1,7,0.031898795
2011-01-08,2011,1,8,0
2011-01-09,2011,1,9,0
2011-01-10,2011,1,10,0
2011-01-11,2011,1,11,0
2011-01-12,2011,1,12,0
2011-01-13,2011,1,13,6.7715851
2011-01-14,2011,1,14,0
2011-01-15,2011,1,15,33.497723
2011-01-16,2011,1,16,5.5695783
2011-01-17,2011,1,17,0
2011-01-18,2011,1,18,22.957705
2011-01-19,2011,1,19,0
2011-01-20,2011,1,20,0
2011-01-21,2011,1,21,0
2011-01-22,2011,1,22,0
2011-01-23,2011,1,23,0
2011-01-24,2011,1,24,0
2011-01-25,2011,1,25,1.7146739
2011-01-26,2011,1,26,0
2011-01-27,2011,1,27,0
2011-01-28,2011,1,28,0
2011-01-29,2011,1,29,0
2011-01-30,2011,1,30,4.0711088
2011-01-31,2011,1,31,0
2011-02-01,2011,2,1,0.69485395
2011-02-02,2011,2,2,3.9375963
2011-02-03,2011,2,3,0.026511945
2011-02-04,2011,2,4,0
2011-02-05,2011,2,5,0
2011-02-06,2011,2,6,0
2011-02-07,2011,2,7,0
2011-02-08,2011,2,8,0
2011-02-09,2011,2,9,0
2011-02-10,2011,2,10,7.9734264e-06
2011-02-11,2011,2,11,20.414192
2011-02-12,2011,2,12,40.995532
2011-02-13,2011,2,13,0
2011-02-14,2011,2,14,0
2011-02-15,2011,2,15,0
2011-02-16,2011,2,16,2.4349413
2011-02-17,2011,2,17,0
2011-02-18,2011,2,18,0
2011-02-19,2011,2,19,0
2011-02-20,2011,2,20,0
2011-02-21,2011,2,21,0
2011-02-22,2011,2,22,0
2011-02-23,2011,2,23,0
2011-02-24,2011,2,24,0
2011-02-25,2011,2,25,0
2011-02-26,2011,2,26,0
2011-02-27,2011,2,27,0
2011-02-28,2011,2,28,0
2011-03-01,2011,3,1,0
2011-03-02,2011,3,2,0.86172523
2011-03-03,2011,3,3,0
2011-03-04,2011,3,4,0
2011-03-05,2011,3,5,0
2011-03-06,2011,3,6,0
2011-03-07,2011,3,7,0
2011-03-08,2011,3,8,0
2011-03-09,2011,3,9,0
2011-03-10,2011,3,10,12.336
2011-03-11,2011,3,11,28.869322
2011-03-12,2011,3,12,0.055457907
2011-03-13,2011,3,13,0
2011-03-14,2011,3,14,11.616041
2011-03-15,2011,3,15,0.86225649
2011-03-16,2011,3,16,8.9411067
2011-03-17,2011,3,17,0
2011-03-18,2011,3,18,0
2011-03-19,2011,3,19,0
2011-03-20,2011,3,20,0.42252068
2011-03-21,2011,3,21,16.819176
2011-03-22,2011,3,22,0
2011-03-23,2011,3,23,0
2011-03-24,2011,3,24,0
2011-03-25,2011,3,25,15.032756
2011-03-26,2011,3,26,0
2011-03-27,2011,3,27,0
2011-03-28,2011,3,28,0
2011-03-29,2011,3,29,0
2011-03-30,2011,3,30,5.8853244
2011-03-31,2011,3,31,0
2011-04-01,2011,4,1,0
2011-04-02,2011,4,2,0
2011-04-03,2011,4,3,0
2011-04-04,2011,4,4,0
2011-04-05,2011,4,5,0
2011-04-06,2011,4,6,0
2011-04-07,2011,4,7,0
2011-04-08,2011,4,8,0
2011-04-09,2011,4,9,0
2011-04-10,2011,4,10,0
2011-04-11,2011,4,11,12.278507
2011-04-12,2011,4,12,61.725478
2011-04-13,2011,4,13,26.856223
2011-04-14,2011,4,14,1.2869637
2011-04-15,2011,4,15,0
2011-04-16,2011,4,16,5.4808014
2011-04-17,2011,4,17,0
2011-04-18,2011,4,18,0
2011-04-19,2011,4,19,0
2011-04-20,2011,4,20,5.4419979
2011-04-21,2011,4,21,44.248551
2011-04-22,2011,4,22,11.857424
2011-04-23,2011,4,23,3.9797266
2011-04-24,2011,4,24,0.0011731589
2011-04-25,2011,4,25,0
2011-04-26,2011,4,26,0
2011-04-27,2011,4,27,24.578626
2011-04-28,2011,4,28,0
2011-04-29,2011,4,29,0
2011-04-30,2011,4,30,0
2011-05-01,2011,5,1,0
2011-05-02,2011,5,2,0
2011-05-03,2011,5,3,0
2011-05-04,2011,5,4,0
2011-05-05,2011,5,5,0
2011-05-06,2011,5,6,0
2011-05-07,2011,5,7,0.42536128
2011-05-08,2011,5,8,0
2011-05-09,2011,5,9,0
2011-05-10,2011,5,10,22.698979
2011-05-11,2011,5,11,0
2011-05-12,2011,5,12,0
2011-05-13,2011,5,13,0
2011-05-14,2011,5,14,0
2011-05-15,2011,5,15,0
2011-05-16,2011,5,16,0
2011-05-17,2011,5,17,0
2011-05-18,2011,5,18,10.464112
2011-05-19,2011,5,19,38.942155
2011-05-20,2011,5,20,0.19932876
2011-05-21,2011,5,21,7.8721119
2011-05-22,2011,5,22,0
2011-05-23,2011,5,23,0
2011-05-24,2011,5,24,9.5561312
2011-05-25,2011,5,25,0
2011-05-26,2011,5,26,0
2011-05-27,2011,5,27,10.479999
2011-05-28,2011,5,28,0
2011-05-29,2011,5,29,0
2011-05-30,2011,5,30,0
2011-05-31,2011,5,31,0
2011-06-01,2011,6,1,0
2011-06-02,2011,6,2,1.4362941
2011-06-03,2011,6,3,0
2011-06-04,2011,6,4,7.9876541
2011-06-05,2011,6,5,0
2011-06-06,2011,6,6,19.112852
2011-06-07,2011,6,7,42.561485
2011-06-08,2011,6,8,28.090308
2011-06-09,2011,6,9,16.169457
2011-06-10,2011,6,10,35.862715
2011-06-11,2011,6,11,13.35659
2011-06-12,2011,6,12,0
2011-06-13,2011,6,13,0
2011-06-14,2011,6,14,12.194107
2011-06-15,2011,6,15,16.461806
2011-06-16,2011,6,16,0
2011-06-17,2011,6,17,24.263582
2011-06-18,2011,6,18,32.772425
2011-06-19,2011,6,19,8.2702433
2011-06-20,2011,6,20,0
2011-06-21,2011,6,21,0
2011-06-22,2011,6,22,0
2011-06-23,2011,6,23,9.0874525
2011-06-24,2011,6,24,0
2011-06-25,2011,6,25,0
2011-06-26,2011,6,26,0
2011-06-27,2011,6,27,0
2011-06-28,2011,6,28,41.344524
2011-06-29,2011,6,29,16.057099
2011-06-30,2011,6,30,4.2424621
2011-07-01,2011,7,1,0
2011-07-02,2011,7,2,0
2011-07-03,2011,7,3,0
2011-07-04,2011,7,4,0
2011-07-05,2011,7,5,0
2011-07-06,2011,7,6,0
2011-07-07,2011,7,7,0
2011-07-08,2011,7,8,0
2011-07-09,2011,7,9,8.0386187
2011-07-10,2011,7,10,6.4009564
2011-07-11,2011,7,11,21.358236
2011-07-12,2011,7,12,1.6075573
2011-07-13,2011,7,13,43.906773
2011-07-14,2011,7,14,31.937997
2011-07-15,2011,7,15,19.259305
2011-07-16,2011,7,16,20.931053
2011-07-17,2011,7,17,7.2670158
2011-07-18,2011,7,18,0
2011-07-19,2011,7,19,0
2011-07-20,2011,7,20,18.810796
2011-07-21,2011,7,21,4.1773303
2011-07-22,2011,7,22,0
2011-07-23,2011,7,23,0
2011-07-24,2011,7,24,22.603417
2011-07-25,2011,7,25,8.6959107
2011-07-26,2011,7,26,7.3519299
2011-07-27,2011,7,27,18.518833
2011-07-28,2011,7,28,9.8242612
2011-07-29,2011,7,29,0
2011-07-30,2011,7,30,0
2011-07-31,2011,7,31,0
2011-08-01,2011,8,1,17.39659
2011-08-02,2011,8,2,5.0141097
2011-08-03,2011,8,3,2.206755
2011-08-04,2011,8,4,26.509584
2011-08-05,2011,8,5,25.693302
2011-08-06,2011,8,6,16.061798
2011-08-07,2011,8,7,18.152613
2011-08-08,2011,8,8,15.581945
2011-08-09,2011,8,9,34.664085
2011-08-10,2011,8,10,23.558805
2011-08-11,2011,8,11,25.819634
2011-08-12,2011,8,12,13.749567
2011-08-13,2011,8,13,0
2011-08-14,2011,8,14,0
2011-08-15,2011,8,15,7.5651971
2011-08-16,2011,8,16,30.90392
2011-08-17,2011,8,17,12.636773
2011-08-18,2011,8,18,0
2011-08-19,2011,8,19,0
2011-08-20,2011,8,20,0
2011-08-21,2011,8,21,0
2011-08-22,2011,8,22,5.5900931
2011-08-23,2011,8,23,13.781946
2011-08-24,2011,8,24,0
2011-08-25,2011,8,25,0.082330593
2011-08-26,2011,8,26,18.394791
2011-08-27,2011,8,27,9.0913489
2011-08-28,2011,8,28,37.93933
2011-08-29,2011,8,29,15.4283
2011-08-30,2011,8,30,0
2011-08-31,2011,8,31,0
2011-09-01,2011,9,1,9.9793711
2011-09-02,2011,9,2,25.695486
2011-09-03,2011,9,3,11.077478
2011-09-04,2011,9,4,15.599202
2011-09-05,2011,9,5,7.843156
2011-09-06,2011,9,6,0
2011-09-07,2011,9,7,2.3566832
2011-09-08,2011,9,8,29.099993
2011-09-09,2011,9,9,22.455185
2011-09-10,2011,9,10,0
2011-09-11,2011,9,11,11.82743
2011-09-12,2011,9,12,0
2011-09-13,2011,9,13,0
2011-09-14,2011,9,14,0
2011-09-15,2011,9,15,24.905402
2011-09-16,2011,9,16,6.7416991
2011-09-17,2011,9,17,0
2011-09-18,2011,9,18,0
2011-09-19,2011,9,19,0
2011-09-20,2011,9,20,0
2011-09-21,2011,9,21,0
2011-09-22,2011,9,22,0
2011-09-23,2011,9,23,1.5678954
2011-09-24,2011,9,24,3.9692107
2011-09-25,2011,9,25,0
2011-09-26,2011,9,26,0.077976527
2011-09-27,2011,9,27,33.748703
2011-09-28,2011,9,28,9.8668279
2011-09-29,2011,9,29,0
2011-09-30,2011,9,30,0.66994948
2011-10-01,2011,10,1,0.060298145
2011-10-02,2011,10,2,0
2011-10-03,2011,10,3,0
2011-10-04,2011,10,4,0
2011-10-05,2011,10,5,10.271317
2011-10-06,2011,10,6,11.515537
2011-10-07,2011,10,7,1.4181377
2011-10-08,2011,10,8,0
2011-10-09,2011,10,9,3.2628042
2011-10-10,2011,10,10,0
2011-10-11,2011,10,11,10.286561
2011-10-12,2011,10,12,5.5850519
2011-10-13,2011,10,13,0
2011-10-14,2011,10,14,0.0045741458
2011-10-15,2011,10,15,6.5610297
2011-10-16,2011,10,16,0
2011-10-17,2011,10,17,0
2011-10-18,2011,10,18,0
2011-10-19,2011,10,19,0
2011-10-20,2011,10,20,0
2011-10-21,2011,10,21,0
2011-10-22,2011,10,22,0
2011-10-23,2011,10,23,0
2011-10-24,2011,10,24,0
2011-10-25,2011,10,25,0
2011-10-26,2011,10,26,0
2011-10-27,2011,10,27,0.0035869618
2011-10-28,2011,10,28,0
2011-10-29,2011,10,29,0
2011-10-30,2011,10,30,0
2011-10-31,2011,10,31,0
2011-11-01,2011,11,1,0
2011-11-02,2011,11,2,0
2011-11-03,2011,11,3,0
2011-11-04,2011,11,4,0
2011-11-05,2011,11,5,0
2011-11-06,2011,11,6,0
2011-11-07,2011,11,7,0.81005096
2011-11-08,2011,11,8,45.702686
2011-11-09,2011,11,9,7.8474656
2011-11-10,2011,11,10,0
2011-11-11,2011,11,11,0
2011-11-12,2011,11,12,0
2011-11-13,2011,11,13,0
2011-11-14,2011,11,14,0
2011-11-15,2011,11,15,1.6873683
2011-11-16,2011,11,16,10.284676
2011-11-17,2011,11,17,3.2932602
2011-11-18,2011,11,18,1.3509698
2011-11-19,2011,11,19,0.77061096
2011-11-20,2011,11,20,1.3467282
2011-11-21,2011,11,21,0
2011-11-22,2011,11,22,10.411764
2011-11-23,2011,11,23,6.1152845
2011-11-24,2011,11,24,0.0072353912
2011-11-25,2011,11,25,0
2011-11-26,2011,11,26,0
2011-11-27,2011,11,27,0
2011-11-28,2011,11,28,0
2011-11-29,2011,11,29,0
2011-11-30,2011,11,30,0
2011-12-01,2011,12,1,0
2011-12-02,2011,12,2,0.0040981351
2011-12-03,2011,12,3,5.6649791
2011-12-04,2011,12,4,0
2011-12-05,2011,12,5,0
2011-12-06,2011,12,6,0
2011-12-07,2011,12,7,0
2011-12-08,2011,12,8,0
2011-12-09,2011,12,9,0
2011-12-10,2011,12,10,2.2352223
2011-12-11,2011,12,11,0
2011-12-12,2011,12,12,0
2011-12-13,2011,12,13,0
2011-12-14,2011,12,14,0
2011-12-15,2011,12,15,0
2011-12-16,2011,12,16,0
2011-12-17,2011,12,17,0
2011-12-18,2011,12,18,0
2011-12-19,2011,12,19,0
2011-12-20,2011,12,20,2.0368625
2011-12-21,2011,12,21,0.71284341
2011-12-22,2011,12,22,0
2011-12-23,2011,12,23,0
2011-12-24,2011,12,24,0
2011-12-25,2011,12,25,0
2011-12-26,2011,12,26,0
2011-12-27,2011,12,27,0
2011-12-28,2011,12,28,0
2011-12-29,2011,12,29,0
2011-12-30,2011,12,30,0
2011-12-31,2011,12,31,0
2012-01-01,2012,1,1,0
2012-01-02,2012,1,2,0
2012-01-03,2012,1,3,0
2012-01-04,2012,1,4,0
2012-01-05,2012,1,5,0
2012-01-06,2012,1,6,0
2012-01-07,2012,1,7,0.016572161
2012-01-08,2012,1,8,5.6764261
2012-01-09,2012,1,9,27.560141
2012-01-10,2012,1,10,0.73159573
2012-01-11,2012,1,11,0
2012-01-12,2012,1,12,0
2012-01-13,2012,1,13,0
2012-01-14,2012,1,14,0
2012-01-15,2012,1,15,0
2012-01-16,2012,1,16,9.5360389e-05
2012-01-17,2012,1,17,0.048416663
2012-01-18,2012,1,18,0
2012-01-19,2012,1,19,0
2012-01-20,2012,1,20,0
2012-01-21,2012,1,21,0.42700906
2012-01-22,2012,1,22,11.557608
2012-01-23,2012,1,23,9.6577645
2012-01-24,2012,1,24,0
2012-01-25,2012,1,25,0
2012-01-26,2012,1,26,0
2012-01-27,2012,1,27,0
2012-01-28,2012,1,28,2.5483033
2012-01-29,2012,1,29,5.3329801
2012-01-30,2012,1,30,36.253586
2012-01-31,2012,1,31,0
2012-02-01,2012,2,1,0
2012-02-02,2012,2,2,0
2012-02-03,2012,2,3,5.3498386
2012-02-04,2012,2,4,0
2012-02-05,2012,2,5,0
2012-02-06,2012,2,6,0
2012-02-07,2012,2,7,0
2012-02-08,2012,2,8,0
2012-02-09,2012,2,9,0
2012-02-10,2012,2,10,0
2012-02-11,2012,2,11,0
2012-02-12,2012,2,12,0
2012-02-13,2012,2,13,3.2073767
2012-02-14,2012,2,14,10.985683
2012-02-15,2012,2,15,0.05511327
2012-02-16,2012,2,16,0
2012-02-17,2012,2,17,38.78405
2012-02-18,2012,2,18,15.27822
2012-02-19,2012,2,19,0
2012-02-20,2012,2,20,0
2012-02-21,2012,2,21,4.5688608
2012-02-22,2012,2,22,0
2012-02-23,2012,2,23,0
2012-02-24,2012,2,24,25.957753
2012-02-25,2012,2,25,11.97226
2012-02-26,2012,2,26,10.581998
2012-02-27,2012,2,27,31.004662
2012-02-28,2012,2,28,33.212115
2012-02-29,2012,2,29,0.36638251
2012-03-01,2012,3,1,7.4791936
2012-03-02,2012,3,2,12.968057
2012-03-03,2012,3,3,0.70966653
2012-03-04,2012,3,4,28.306571
2012-03-05,2012,3,5,0.0077541045
2012-03-06,2012,3,6,0
2012-03-07,2012,3,7,0
2012-03-08,2012,3,8,0
2012-03-09,2012,3,9,0
2012-03-10,2012,3,10,0
2012-03-11,2012,3,11,4.5461882
2012-03-12,2012,3,12,0
2012-03-13,2012,3,13,0
2012-03-14,2012,3,14,0
2012-03-15,2012,3,15,0
2012-03-16,2012,3,16,0
2012-03-17,2012,3,17,0
2012-03-18,2012,3,18,6.6430213
2012-03-19,2012,3,19,4.8654464
2012-03-20,2012,3,20,0
2012-03-21,2012,3,21,0
2012-03-22,2012,3,22,0
2012-03-23,2012,3,23,0
2012-03-24,2012,3,24,0
2012-03-25,2012,3,25,0
2012-03-26,2012,3,26,0
2012-03-27,2012,3,27,0
2012-03-28,2012,3,28,0
2012-03-29,2012,3,29,0
2012-03-30,2012,3,30,0
2012-03-31,2012,3,31,0
2012-04-01,2012,4,1,0
2012-04-02,2012,4,2,0
2012-04-03,2012,4,3,7.4469639
2012-04-04,2012,4,4,4.9127931
2012-04-05,2012,4,5,13.89086
2012-04-06,2012,4,6,9.5341501
2012-04-07,2012,4,7,8.1265131
2012-04-08,2012,4,8,0
2012-04-09,2012,4,9,0
2012-04-10,2012,4,10,0
2012-04-11,2012,4,11,0
2012-04-12,2012,4,12,0.25436816
2012-04-13,2012,4,13,2.6478908
2012-04-14,2012,4,14,0
2012-04-15,2012,4,15,0
2012-04-16,2012,4,16,0
2012-04-17,2012,4,17,0
2012-04-18,2012,4,18,0
2012-04-19,2012,4,19,0
2012-04-20,2012,4,20,0
2012-04-21,2012,4,21,0
2012-04-22,2012,4,22,0
2012-04-23,2012,4,23,0
2012-04-24,2012,4,24,0
2012-04-25,2012,4,25,0
2012-04-26,2012,4,26,1.858221
2012-04-27,2012,4,27,8.6393708
2012-04-28,2012,4,28,6.5801271
2012-04-29,2012,4,29,0
2012-04-30,2012,4,30,11.973636
2012-05-01,2012,5,1,4.4954243
2012-05-02,2012,5,2,16.307872
2012-05-03,2012,5,3,0
2012-05-04,2012,5,4,0
2012-05-05,2012,5,5,0.91529014
2012-05-06,2012,5,6,27.313395
2012-05-07,2012,5,7,0
2012-05-08,2012,5,8,0
2012-05-09,2012,5,9,6.9926849
2012-05-10,2012,5,10,10.287785
2012-05-11,2012,5,11,0
2012-05-12,2012,5,12,0
2012-05-13,2012,5,13,0
2012-05-14,2012,5,14,0
2012-05-15,2012,5,15,23.275637
2012-05-16,2012,5,16,9.1321149
2012-05-17,2012,5,17,17.236575
2012-05-18,2012,5,18,15.319009
2012-05-19,2012,5,19,36.206885
2012-05-20,2012,5,20,0
2012-05-21,2012,5,21,0
2012-05-22,2012,5,22,0
2012-05-23,2012,5,23,0
2012-05-24,2012,5,24,0
2012-05-25,2012,5,25,15.15656
2012-05-26,2012,5,26,47.018267
2012-05-27,2012,5,27,41.467146
2012-05-28,2012,5,28,35.589061
2012-05-29,2012,5,29,3.1198734
2012-05-30,2012,5,30,0
2012-05-31,2012,5,31,11.390267
2012-06-01,2012,6,1,49.891436
2012-06-02,2012,6,2,8.0990765
2012-06-03,2012,6,3,3.7199837
2012-06-04,2012,6,4,0
2012-06-05,2012,6,5,1.280324
2012-06-06,2012,6,6,0
2012-06-07,2012,6,7,0
2012-06-08,2012,6,8,0
2012-06-09,2012,6,9,0
2012-06-10,2012,6,10,0
2012-06-11,2012,6,11,34.794424
2012-06-12,2012,6,12,40.434553
2012-06-13,2012,6,13,14.253148
2012-06-14,2012,6,14,9.9006041
2012-06-15,2012,6,15,12.756462
2012-06-16,2012,6,16,6.4864812
2012-06-17,2012,6,17,11.598734
2012-06-18,2012,6,18,11.082128
2012-06-19,2012,6,19,48.300775
2012-06-20,2012,6,20,26.063141
2012-06-21,2012,6,21,26.259193
2012-06-22,2012,6,22,46.127508
2012-06-23,2012,6,23,12.615795
2012-06-24,2012,6,24,0
2012-06-25,2012,6,25,0
2012-06-26,2012,6,26,0.35700278
2012-06-27,2012,6,27,28.572711
2012-06-28,2012,6,28,14.651864
2012-06-29,2012,6,29,12.276273
2012-06-30,2012,6,30,28.780538
2012-07-01,2012,7,1,9.4053643
2012-07-02,2012,7,2,0
2012-07-03,2012,7,3,21.394894
2012-07-04,2012,7,4,12.416607
2012-07-05,2012,7,5,7.2518473
2012-07-06,2012,7,6,6.2981613
2012-07-07,2012,7,7,27.04668
2012-07-08,2012,7,8,0
2012-07-09,2012,7,9,0
2012-07-10,2012,7,10,5.4032133
2012-07-11,2012,7,11,5.0869496
2012-07-12,2012,7,12,0.37489011
2012-07-13,2012,7,13,0
2012-07-14,2012,7,14,0
2012-07-15,2012,7,15,0
2012-07-16,2012,7,16,0
2012-07-17,2012,7,17,0
2012-07-18,2012,7,18,0
2012-07-19,2012,7,19,4.7310308
2012-07-20,2012,7,20,29.172368
2012-07-21,2012,7,21,0.67695251
2012-07-22,2012,7,22,5.2470176
2012-07-23,2012,7,23,9.8464377
2012-07-24,2012,7,24,0
2012-07-25,2012,7,25,2.8161429
2012-07-26,2012,7,26,0
2012-07-27,2012,7,27,0
2012-07-28,2012,7,28,5.7349136
2012-07-29,2012,7,29,0
2012-07-30,2012,7,30,0
2012-07-31,2012,7,31,0
2012-08-01,2012,8,1,11.062878
2012-08-02,2012,8,2,7.09114
2012-08-03,2012,8,3,0
2012-08-04,2012,8,4,0
2012-08-05,2012,8,5,0
2012-08-06,2012,8,6,0
2012-08-07,2012,8,7,0
2012-08-08,2012,8,8,0
2012-08-09,2012,8,9,0.0023573513
2012-08-10,2012,8,10,0
2012-08-11,2012,8,11,6.4987156
2012-08-12,2012,8,12,14.444458
2012-08-13,2012,8,13,9.5257497
2012-08-14,2012,8,14,12.881778
2012-08-15,2012,8,15,18.391687
2012-08-16,2012,8,16,11.661731
2012-08-17,2012,8,17,5.5156114
2012-08-18,2012,8,18,9.0236617
2012-08-19,2012,8,19,10.585898
2012-08-20,2012,8,20,0.8159913
2012-08-21,2012,8,21,25.536205
2012-08-22,2012,8,22,12.912517
2012-08-23,2012,8,23,0
2012-08-24,2012,8,24,0
2012-08-25,2012,8,25,0
2012-08-26,2012,8,26,0
2012-08-27,2012,8,27,0
2012-08-28,2012,8,28,0
2012-08-29,2012,8,29,0
2012-08-30,2012,8,30,4.7971062
2012-08-31,2012,8,31,0.3363733
2012-09-01,2012,9,1,0
2012-09-02,2012,9,2,0
2012-09-03,2012,9,3,15.640757
2012-09-04,2012,9,4,0.054895634
2012-09-05,2012,9,5,0
2012-09-06,2012,9,6,0
2012-09-07,2012,9,7,0.010450653
2012-09-08,2012,9,8,0
2012-09-09,2012,9,9,0
2012-09-10,2012,9,10,0
2012-09-11,2012,9,11,0
2012-09-12,2012,9,12,0
2012-09-13,2012,9,13,0
2012-09-14,2012,9,14,11.360783
2012-09-15,2012,9,15,9.1822789
2012-09-16,2012,9,16,14.921426
2012-09-17,2012,9,17,5.269328
2012-09-18,2012,9,18,0.017490419
2012-09-19,2012,9,19,27.157518
2012-09-20,2012,9,20,7.6380342
2012-09-21,2012,9,21,0
2012-09-22,2012,9,22,0
2012-09-23,2012,9,23,0
2012-09-24,2012,9,24,0
2012-09-25,2012,9,25,0
2012-09-26,2012,9,26,0
2012-09-27,2012,9,27,2.4619163
2012-09-28,2012,9,28,0
2012-09-29,2012,9,29,9.0875418
2012-09-30,2012,9,30,6.1257657
2012-10-01,2012,10,1,0
2012-10-02,2012,10,2,0
2012-10-03,2012,10,3,2.5297812
2012-10-04,2012,10,4,35.515188
2012-10-05,2012,10,5,3.3281143
2012-10-06,2012,10,6,8.8941646
2012-10-07,2012,10,7,0
2012-10-08,2012,10,8,0
2012-10-09,2012,10,9,0
2012-10-10,2012,10,10,0
2012-10-11,2012,10,11,0
2012-10-12,2012,10,12,0
2012-10-13,2012,10,13,0
2012-10-14,2012,10,14,6.1778555
2012-10-15,2012,10,15,0.36418906
2012-10-16,2012,10,16,0
2012-10-17,2012,10,17,1.9470633
2012-10-18,2012,10,18,0
2012-10-19,2012,10,19,5.7788913
2012-10-20,2012,10,20,9.5810067
2012-10-21,2012,10,21,14.763967
2012-10-22,2012,10,22,9.4551423
2012-10-23,2012,10,23,3.3443518e-05
2012-10-24,2012,10,24,0
2012-10-25,2012,10,25,0
2012-10-26,2012,10,26,0.50269079
2012-10-27,2012,10,27,0
2012-10-28,2012,10,28,0
2012-10-29,2012,10,29,0
2012-10-30,2012,10,30,0
2012-10-31,2012,10,31,0.027373111
2012-11-01,2012,11,1,0
2012-11-02,2012,11,2,0
2012-11-03,2012,11,3,0
2012-11-04,2012,11,4,0
2012-11-05,2012,11,5,0
2012-11-06,2012,11,6,0
2012-11-07,2012,11,7,0.33329889
2012-11-08,2012,11,8,21.316687
2012-11-09,2012,11,9,0
2012-11-10,2012,11,10,0
2012-11-11,2012,11,11,0
2012-11-12,2012,11,12,0
2012-11-13,2012,11,13,0
2012-11-14,2012,11,14,0
2012-11-15,2012,11,15,0
2012-11-16,2012,11,16,12.150182
2012-11-17,2012,11,17,5.5726852
2012-11-18,2012,11,18,0
2012-11-19,2012,11,19,0
2012-11-20,2012,11,20,0
2012-11-21,2012,11,21,0
2012-11-22,2012,11,22,0
2012-11-23,2012,11,23,0
2012-11-24,2012,11,24,0
2012-11-25,2012,11,25,0
2012-11-26,2012,11,26,0
2012-11-27,2012,11,27,0
2012-11-28,2012,11,28,0.058562783
2012-11-29,2012,11,29,13.607556
2012-11-30,2012,11,30,0.067265582
2012-12-01,2012,12,1,18.036469
2012-12-02,2012,12,2,18.376402
2012-12-03,2012,12,3,5.7138965
2012-12-04,2012,12,4,0.25074249
2012-12-05,2012,12,5,35.544691
2012-12-06,2012,12,6,20.111711
2012-12-07,2012,12,7,0
2012-12-08,2012,12,8,0
2012-12-09,2012,12,9,0
2012-12-10,2012,12,10,0
2012-12-11,2012,12,11,13.331286
2012-12-12,2012,12,12,5.5887737
2012-12-13,2012,12,13,0.0016002884
2012-12-14,2012,12,14,5.4754419
2012-12-15,2012,12,15,13.482853
2012-12-16,2012,12,16,3.3729821
2012-12-17,2012,12,17,19.892163
2012-12-18,2012,12,18,32.761516
2012-12-19,2012,12,19,21.209197
2012-12-20,2012,12,20,11.194227
2012-12-21,2012,12,21,0
2012-12-22,2012,12,22,2.5947088
2012-12-23,2012,12,23,19.813163
2012-12-24,2012,12,24,34.161658
2012-12-25,2012,12,25,6.9379615
2012-12-26,2012,12,26,0
2012-12-27,2012,12,27,0
2012-12-28,2012,12,28,0
2012-12-29,2012,12,29,0
2012-12-30,2012,12,30,0.16835929
2012-12-31,2012,12,31,0
2013-01-01,2013,1,1,0
2013-01-02,2013,1,2,0
2013-01-03,2013,1,3,0
2013-01-04,2013,1,4,0
2013-01-05,2013,1,5,0
2013-01-06,2013,1,6,32.316549
2013-01-07,2013,1,7,0
2013-01-08,2013,1,8,0
2013-01-09,2013,1,9,0
2013-01-10,2013,1,10,0
2013-01-11,2013,1,11,0
2013-01-12,2013,1,12,0
2013-01-13,2013,1,13,0
2013-01-14,2013,1,14,0
2013-01-15,2013,1,15,0
2013-01-16,2013,1,16,0
2013-01-17,2013,1,17,0
2013-01-18,2013,1,18,0
2013-01-19,2013,1,19,0
2013-01-20,2013,1,20,0
2013-01-21,2013,1,21,0
2013-01-22,2013,1,22,0
2013-01-23,2013,1,23,0
2013-01-24,2013,1,24,0
2013-01-25,2013,1,25,0
2013-01-26,2013,1,26,0
2013-01-27,2013,1,27,0
2013-01-28,2013,1,28,0.007426907
2013-01-29,2013,1,29,0
2013-01-30,2013,1,30,0
2013-01-31,2013,1,31,0
2013-02-01,2013,2,1,4.3067645
2013-02-02,2013,2,2,0
2013-02-03,2013,2,3,0
2013-02-04,2013,2,4,0
2013-02-05,2013,2,5,0
2013-02-06,2013,2,6,0
2013-02-07,2013,2,7,0
2013-02-08,2013,2,8,9.0582347
2013-02-09,2013,2,9,7.4845913
2013-02-10,2013,2,10,19.62229
2013-02-11,2013,2,11,17.674093
2013-02-12,2013,2,12,0.38007109
2013-02-13,2013,2,13,0
2013-02-14,2013,2,14,2.7029348
2013-02-15,2013,2,15,22.57288
2013-02-16,2013,2,16,11.635574
2013-02-17,2013,2,17,0
2013-02-18,2013,2,18,0
2013-02-19,2013,2,19,0
2013-02-20,2013,2,20,0
2013-02-21,2013,2,21,0
2013-02-22,2013,2,22,2.5222966
2013-02-23,2013,2,23,9.4199297
2013-02-24,2013,2,24,0
2013-02-25,2013,2,25,0
2013-02-26,2013,2,26,0
2013-02-27,2013,2,27,0
2013-02-28,2013,2,28,0.25085519
2013-03-01,2013,3,1,1.5044135
2013-03-02,2013,3,2,0
2013-03-03,2013,3,3,0
2013-03-04,2013,3,4,0
2013-03-05,2013,3,5,14.669071
2013-03-06,2013,3,6,1.6855411
2013-03-07,2013,3,7,0
2013-03-08,2013,3,8,0
2013-03-09,2013,3,9,8.4061039
2013-03-10,2013,3,10,0
2013-03-11,2013,3,11,0
2013-03-12,2013,3,12,0
2013-03-13,2013,3,13,0
2013-03-14,2013,3,14,0
2013-03-15,2013,3,15,0
2013-03-16,2013,3,16,0
2013-03-17,2013,3,17,0
2013-03-18,2013,3,18,0
2013-03-19,2013,3,19,0
2013-03-20,2013,3,20,12.283036
2013-03-21,2013,3,21,0
2013-03-22,2013,3,22,0
2013-03-23,2013,3,23,5.3051676
2013-03-24,2013,3,24,4.11458
2013-03-25,2013,3,25,0
2013-03-26,2013,3,26,0
2013-03-27,2013,3,27,0
2013-03-28,2013,3,28,0
2013-03-29,2013,3,29,0
2013-03-30,2013,3,30,0.0012319372
2013-03-31,2013,3,31,0
2013-04-01,2013,4,1,0
2013-04-02,2013,4,2,0
2013-04-03,2013,4,3,0
2013-04-04,2013,4,4,21.787672
2013-04-05,2013,4,5,14.179146
2013-04-06,2013,4,6,0
2013-04-07,2013,4,7,0
2013-04-08,2013,4,8,0
2013-04-09,2013,4,9,6.7477822
2013-04-10,2013,4,10,17.496139
2013-04-11,2013,4,11,0.048222339
2013-04-12,2013,4,12,0
2013-04-13,2013,4,13,0
2013-04-14,2013,4,14,0
2013-04-15,2013,4,15,0
2013-04-16,2013,4,16,0
2013-04-17,2013,4,17,0
2013-04-18,2013,4,18,0
2013-04-19,2013,4,19,0
2013-04-20,2013,4,20,2.7550691
2013-04-21,2013,4,21,0
2013-04-22,2013,4,22,0
2013-04-23,2013,4,23,0
2013-04-24,2013,4,24,0
2013-04-25,2013,4,25,2.6081023
2013-04-26,2013,4,26,26.216661
2013-04-27,2013,4,27,0
2013-04-28,2013,4,28,4.8707649
2013-04-29,2013,4,29,3.3536731
2013-04-30,2013,4,30,0.78850117
2013-05-01,2013,5,1,19.454417
2013-05-02,2013,5,2,22.326764
2013-05-03,2013,5,3,36.537604
2013-05-04,2013,5,4,0.0080059079
2013-05-05,2013,5,5,7.7886733
2013-05-06,2013,5,6,0
2013-05-07,2013,5,7,0
2013-05-08,2013,5,8,0
2013-05-09,2013,5,9,13.538191
2013-05-10,2013,5,10,19.168962
2013-05-11,2013,5,11,1.3638737
2013-05-12,2013,5,12,0
2013-05-13,2013,5,13,5.7042592
2013-05-14,2013,5,14,0
2013-05-15,2013,5,15,0
2013-05-16,2013,5,16,0
2013-05-17,2013,5,17,0
2013-05-18,2013,5,18,9.8389797
2013-05-19,2013,5,19,0
2013-05-20,2013,5,20,0
2013-05-21,2013,5,21,0
2013-05-22,2013,5,22,0
2013-05-23,2013,5,23,8.7143688
2013-05-24,2013,5,24,0
2013-05-25,2013,5,25,5.9718424
2013-05-26,2013,5,26,18.669186
2013-05-27,2013,5,27,33.81006
2013-05-28,2013,5,28,32.200783
2013-05-29,2013,5,29,5.7774993
2013-05-30,2013,5,30,42.186833
2013-05-31,2013,5,31,55.287455
2013-06-01,2013,6,1,13.73587
2013-06-02,2013,6,2,10.04706
2013-06-03,2013,6,3,0.21361397
2013-06-04,2013,6,4,7.6189231
2013-06-05,2013,6,5,0
2013-06-06,2013,6,6,3.6251214
2013-06-07,2013,6,7,0
2013-06-08,2013,6,8,0
2013-06-09,2013,6,9,0
2013-06-10,2013,6,10,0
2013-06-11,2013,6,11,0
2013-06-12,2013,6,12,0.61976517
2013-06-13,2013,6,13,0.0036529637
2013-06-14,2013,6,14,15.990522
2013-06-15,2013,6,15,16.371012
2013-06-16,2013,6,16,0
2013-06-17,2013,6,17,19.391544
2013-06-18,2013,6,18,0
2013-06-19,2013,6,19,0
2013-06-20,2013,6,20,0.00016002248
2013-06-21,2013,6,21,34.3899
2013-06-22,2013,6,22,1.2490913
2013-06-23,2013,6,23,0
2013-06-24,2013,6,24,0
2013-06-25,2013,6,25,4.8108747
2013-06-26,2013,6,26,28.283681
2013-06-27,2013,6,27,37.264525
2013-06-28,2013,6,28,15.546307
2013-06-29,2013,6,29,17.165689
2013-06-30,2013,6,30,15.712594
2013-07-01,2013,7,1,13.43683
2013-07-02,2013,7,2,52.271231
2013-07-03,2013,7,3,13.299093
2013-07-04,2013,7,4,3.5595307
2013-07-05,2013,7,5,2.6972225
2013-07-06,2013,7,6,0
2013-07-07,2013,7,7,0
2013-07-08,2013,7,8,6.0125579
2013-07-09,2013,7,9,30.36619
2013-07-10,2013,7,10,21.996079
2013-07-11,2013,7,11,7.9820524
2013-07-12,2013,7,12,33.81523
2013-07-13,2013,7,13,10.785131
2013-07-14,2013,7,14,4.3749517
2013-07-15,2013,7,15,0
2013-07-16,2013,7,16,0.5540741
2013-07-17,2013,7,17,8.2953346
2013-07-18,2013,7,18,0
2013-07-19,2013,7,19,3.2523898
2013-07-20,2013,7,20,0
2013-07-21,2013,7,21,0
2013-07-22,2013,7,22,0
2013-07-23,2013,7,23,0
2013-07-24,2013,7,24,0
2013-07-25,2013,7,25,0
2013-07-26,2013,7,26,8.7112583
2013-07-27,2013,7,27,0
2013-07-28,2013,7,28,0
2013-07-29,2013,7,29,0
2013-07-30,2013,7,30,3.1992453
2013-07-31,2013,7,31,0
2013-08-01,2013,8,1,0
2013-08-02,2013,8,2,11.845162
2013-08-03,2013,8,3,35.689917
2013-08-04,2013,8,4,43.461638
2013-08-05,2013,8,5,7.8371142
2013-08-06,2013,8,6,46.855406
2013-08-07,2013,8,7,13.255628
2013-08-08,2013,8,8,0.33890343
2013-08-09,2013,8,9,0.8513403
2013-08-10,2013,8,10,45.597569
2013-08-11,2013,8,11,16.588352
2013-08-12,2013,8,12,0
2013-08-13,2013,8,13,0
2013-08-14,2013,8,14,2.7738798
2013-08-15,2013,8,15,8.5104609
2013-08-16,2013,8,16,0
2013-08-17,2013,8,17,0
2013-08-18,2013,8,18,18.836432
2013-08-19,2013,8,19,0
2013-08-20,2013,8,20,9.9590257
2013-08-21,2013,8,21,5.5636748
2013-08-22,2013,8,22,0
2013-08-23,2013,8,23,0
2013-08-24,2013,8,24,0
2013-08-25,2013,8,25,0
2013-08-26,2013,8,26,9.3809771
2013-08-27,2013,8,27,5.7415191
2013-08-28,2013,8,28,0
2013-08-29,2013,8,29,0
2013-08-30,2013,8,30,0.090244904
2013-08-31,2013,8,31,9.8141879
2013-09-01,2013,9,1,9.9631099
2013-09-02,2013,9,2,0.8357076
2013-09-03,2013,9,3,4.2392653
2013-09-04,2013,9,4,21.242083
2013-09-05,2013,9,5,15.611174
2013-09-06,2013,9,6,29.479158
2013-09-07,2013,9,7,11.473583
2013-09-08,2013,9,8,15.371059
2013-09-09,2013,9,9,34.32608
2013-09-10,2013,9,10,5.6290562
2013-09-11,2013,9,11,6.8997909
2013-09-12,2013,9,12,0
2013-09-13,2013,9,13,0
2013-09-14,2013,9,14,2.7060662
2013-09-15,2013,9,15,3.0367893
2013-09-16,2013,9,16,1.6204323
2013-09-17,2013,9,17,0
2013-09-18,2013,9,18,0.0087761837
2013-09-19,2013,9,19,13.8292
2013-09-20,2013,9,20,17.933452
2013-09-21,2013,9,21,0
2013-09-22,2013,9,22,0
2013-09-23,2013,9,23,0
2013-09-24,2013,9,24,0
2013-09-25,2013,9,25,0
2013-09-26,2013,9,26,0
2013-09-27,2013,9,27,0
2013-09-28,2013,9,28,0
2013-09-29,2013,9,29,0
2013-09-30,2013,9,30,6.5924537
2013-10-01,2013,10,1,3.7376261
2013-10-02,2013,10,2,0
2013-10-03,2013,10,3,0
2013-10-04,2013,10,4,0
2013-10-05,2013,10,5,0
2013-10-06,2013,10,6,0
2013-10-07,2013,10,7,0.0072423975
2013-10-08,2013,10,8,9.4759747
2013-10-09,2013,10,9,0
2013-10-10,2013,10,10,0
2013-10-11,2013,10,11,0
2013-10-12,2013,10,12,0
2013-10-13,2013,10,13,0
2013-10-14,2013,10,14,0
2013-10-15,2013,10,15,0
2013-10-16,2013,10,16,0
2013-10-17,2013,10,17,0
2013-10-18,2013,10,18,0
2013-10-19,2013,10,19,27.858773
2013-10-20,2013,10,20,10.060812
2013-10-21,2013,10,21,0
2013-10-22,2013,10,22,9.2342479
2013-10-23,2013,10,23,0
2013-10-24,2013,10,24,0
2013-10-25,2013,10,25,0.56084313
2013-10-26,2013,10,26,0
2013-10-27,2013,10,27,0
2013-10-28,2013,10,28,0
2013-10-29,2013,10,29,0
2013-10-30,2013,10,30,0
2013-10-31,2013,10,31,12.344203
2013-11-01,2013,11,1,0
2013-11-02,2013,11,2,0
2013-11-03,2013,11,3,0
2013-11-04,2013,11,4,0
2013-11-05,2013,11,5,0.23351802
2013-11-06,2013,11,6,18.092266
2013-11-07,2013,11,7,4.7218522
2013-11-08,2013,11,8,8.6644809
2013-11-09,2013,11,9,0
2013-11-10,2013,11,10,0
2013-11-11,2013,11,11,4.6320777
2013-11-12,2013,11,12,0
2013-11-13,2013,11,13,13.677809
2013-11-14,2013,11,14,18.209378
2013-11-15,2013,11,15,0
2013-11-16,2013,11,16,0
2013-11-17,2013,11,17,0
2013-11-18,2013,11,18,0
2013-11-19,2013,11,19,0
2013-11-20,2013,11,20,0
2013-11-21,2013,11,21,0
2013-11-22,2013,11,22,0
2013-11-23,2013,11,23,8.3127885
2013-11-24,2013,11,24,0
2013-11-25,2013,11,25,0
2013-11-26,2013,11,26,4.0398866
2013-11-27,2013,11,27,0
2013-11-28,2013,11,28,0
2013-11-29,2013,11,29,0
2013-11-30,2013,11,30,0
2013-12-01,2013,12,1,0
2013-12-02,2013,12,2,0
2013-12-03,2013,12,3,0
2013-12-04,2013,12,4,0
2013-12-05,2013,12,5,0
2013-12-06,2013,12,6,0
2013-12-07,2013,12,7,0
2013-12-08,2013,12,8,0
2013-12-09,2013,12,9,0
2013-12-10,2013,12,10,0
2013-12-11,2013,12,11,0
2013-12-12,2013,12,12,0
2013-12-13,2013,12,13,0
2013-12-14,2013,12,14,0
2013-12-15,2013,12,15,0
2013-12-16,2013,12,16,0
2013-12-17,2013,12,17,0
2013-12-18,2013,12,18,0
2013-12-19,2013,12,19,0
2013-12-20,2013,12,20,0
2013-12-21,2013,12,21,0
2013-12-22,2013,12,22,0
2013-12-23,2013,12,23,0
2013-12-24,2013,12,24,0
2013-12-25,2013,12,25,0
2013-12-26,2013,12,26,0
2013-12-27,2013,12,27,0
2013-12-28,2013,12,28,0
2013-12-29,2013,12,29,5.6862972
2013-12-30,2013,12,30,0.032408834
2013-12-31,2013,12,31,10.378383
2014-01-01,2014,1,1,1.8134241
2014-01-02,2014,1,2,0
2014-01-03,2014,1,3,0
2014-01-04,2014,1,4,0
2014-01-05,2014,1,5,0
2014-01-06,2014,1,6,0
2014-01-07,2014,1,7,0
2014-01-08,2014,1,8,0
2014-01-09,2014,1,9,5.203936
2014-01-10,2014,1,10,0
2014-01-11,2014,1,11,0
2014-01-12,2014,1,12,0
2014-01-13,2014,1,13,0
2014-01-14,2014,1,14,0
2014-01-15,2014,1,15,0
2014-01-16,2014,1,16,0
2014-01-17,2014,1,17,0
2014-01-18,2014,1,18,0
2014-01-19,2014,1,19,4.8407633
2014-01-20,2014,1,20,18.746044
2014-01-21,2014,1,21,10.225938
2014-01-22,2014,1,22,49.331173
2014-01-23,2014,1,23,16.247146
2014-01-24,2014,1,24,0
2014-01-25,2014,1,25,0
2014-01-26,2014,1,26,0
2014-01-27,2014,1,27,0
2014-01-28,2014,1,28,0
2014-01-29,2014,1,29,0
2014-01-30,2014,1,30,10.118447
2014-01-31,2014,1,31,0
2014-02-01,2014,2,1,0.5860676
2014-02-02,2014,2,2,11.232235
2014-02-03,2014,2,3,4.7460735
2014-02-04,2014,2,4,33.928159
2014-02-05,2014,2,5,0.14109015
2014-02-06,2014,2,6,0.16435804
2014-02-07,2014,2,7,0.91587414
2014-02-08,2014,2,8,0.78509188
2014-02-09,2014,2,9,0
2014-02-10,2014,2,10,0
2014-02-11,2014,2,11,0
2014-02-12,2014,2,12,0
2014-02-13,2014,2,13,0
2014-02-14,2014,2,14,0
2014-02-15,2014,2,15,0.052549033
2014-02-16,2014,2,16,0.91153056
2014-02-17,2014,2,17,0
2014-02-18,2014,2,18,0
2014-02-19,2014,2,19,0
2014-02-20,2014,2,20,0
2014-02-21,2014,2,21,0
2014-02-22,2014,2,22,0
2014-02-23,2014,2,23,0
2014-02-24,2014,2,24,0
2014-02-25,2014,2,25,0
2014-02-26,2014,2,26,0
2014-02-27,2014,2,27,0
2014-02-28,2014,2,28,0
2014-03-01,2014,3,1,0
2014-03-02,2014,3,2,0
2014-03-03,2014,3,3,0
2014-03-04,2014,3,4,0
2014-03-05,2014,3,5,0
2014-03-06,2014,3,6,0
2014-03-07,2014,3,7,0
2014-03-08,2014,3,8,12.872921
2014-03-09,2014,3,9,0
2014-03-10,2014,3,10,8.5197551
2014-03-11,2014,3,11,1.124039
2014-03-12,2014,3,12,0.0021600133
2014-03-13,2014,3,13,0.3301606
2014-03-14,2014,3,14,0
2014-03-15,2014,3,15,21.689173
2014-03-16,2014,3,16,4.093459
2014-03-17,2014,3,17,0.32512539
2014-03-18,2014,3,18,0
2014-03-19,2014,3,19,0
2014-03-20,2014,3,20,1.9780782
2014-03-21,2014,3,21,0
2014-03-22,2014,3,22,0
2014-03-23,2014,3,23,0
2014-03-24,2014,3,24,0
2014-03-25,2014,3,25,0
2014-03-26,2014,3,26,0
2014-03-27,2014,3,27,0
2014-03-28,2014,3,28,25.723497
2014-03-29,2014,3,29,45.934977
2014-03-30,2014,3,30,13.728332
2014-03-31,2014,3,31,13.038652
2014-04-01,2014,4,1,0
2014-04-02,2014,4,2,0.21862405
2014-04-03,2014,4,3,0
2014-04-04,2014,4,4,0
2014-04-05,2014,4,5,0
2014-04-06,2014,4,6,7.1092494
2014-04-07,2014,4,7,13.011761
2014-04-08,2014,4,8,8.0153008
2014-04-09,2014,4,9,4.3546171
2014-04-10,2014,4,10,4.1483218
2014-04-11,2014,4,11,24.669893
2014-04-12,2014,4,12,0
2014-04-13,2014,4,13,0
2014-04-14,2014,4,14,0
2014-04-15,2014,4,15,0.38182422
2014-04-16,2014,4,16,0
2014-04-17,2014,4,17,0
2014-04-18,2014,4,18,0.018637386
2014-04-19,2014,4,19,0
2014-04-20,2014,4,20,0
2014-04-21,2014,4,21,0
2014-04-22,2014,4,22,0
2014-04-23,2014,4,23,0
2014-04-24,2014,4,24,0
2014-04-25,2014,4,25,0
2014-04-26,2014,4,26,13.302693
2014-04-27,2014,4,27,0
2014-04-28,2014,4,28,0
2014-04-29,2014,4,29,0
2014-04-30,2014,4,30,61.223327
2014-05-01,2014,5,1,18.71291
2014-05-02,2014,5,2,5.4512792
2014-05-03,2014,5,3,30.3905
2014-05-04,2014,5,4,13.703624
2014-05-05,2014,5,5,10.271081
2014-05-06,2014,5,6,24.603376
2014-05-07,2014,5,7,0
2014-05-08,2014,5,8,0
2014-05-09,2014,5,9,4.1351356
2014-05-10,2014,5,10,0
2014-05-11,2014,5,11,0.028266831
2014-05-12,2014,5,12,17.54372
2014-05-13,2014,5,13,55.467879
2014-05-14,2014,5,14,19.376061
2014-05-15,2014,5,15,15.68382
2014-05-16,2014,5,16,0
2014-05-17,2014,5,17,7.3661691
2014-05-18,2014,5,18,9.6285859
2014-05-19,2014,5,19,0.42645264
2014-05-20,2014,5,20,9.4424631
2014-05-21,2014,5,21,0
2014-05-22,2014,5,22,0
2014-05-23,2014,5,23,0
2014-05-24,2014,5,24,0
2014-05-25,2014,5,25,0.34856271
2014-05-26,2014,5,26,5.651624
2014-05-27,2014,5,27,0
2014-05-28,2014,5,28,35.936254
2014-05-29,2014,5,29,15.788419
2014-05-30,2014,5,30,0
2014-05-31,2014,5,31,0.11614236
2014-06-01,2014,6,1,0.12953014
2014-06-02,2014,6,2,39.498407
2014-06-03,2014,6,3,43.843818
2014-06-04,2014,6,4,22.192187
2014-06-05,2014,6,5,11.296205
2014-06-06,2014,6,6,27.216036
2014-06-07,2014,6,7,51.10968
2014-06-08,2014,6,8,18.88857
2014-06-09,2014,6,9,0
2014-06-10,2014,6,10,54.312172
2014-06-11,2014,6,11,19.501752
2014-06-12,2014,6,12,6.4422143
2014-06-13,2014,6,13,20.449634
2014-06-14,2014,6,14,54.233951
2014-06-15,2014,6,15,1.8183014
2014-06-16,2014,6,16,0
2014-06-17,2014,6,17,0
2014-06-18,2014,6,18,0
2014-06-19,2014,6,19,0
2014-06-20,2014,6,20,0
2014-06-21,2014,6,21,26.194722
2014-06-22,2014,6,22,19.770807
2014-06-23,2014,6,23,0
2014-06-24,2014,6,24,0
2014-06-25,2014,6,25,0
2014-06-26,2014,6,26,0
2014-06-27,2014,6,27,0
2014-06-28,2014,6,28,0
2014-06-29,2014,6,29,0
2014-06-30,2014,6,30,0.3261104
2014-07-01,2014,7,1,39.508175
2014-07-02,2014,7,2,6.0836969
2014-07-03,2014,7,3,14.226485
2014-07-04,2014,7,4,8.949981
2014-07-05,2014,7,5,0.34552716
2014-07-06,2014,7,6,0.021979244
2014-07-07,2014,7,7,0
2014-07-08,2014,7,8,0
2014-07-09,2014,7,9,0
2014-07-10,2014,7,10,0
2014-07-11,2014,7,11,0
2014-07-12,2014,7,12,0
2014-07-13,2014,7,13,19.503215
2014-07-14,2014,7,14,27.86349
2014-07-15,2014,7,15,27.304679
2014-07-16,2014,7,16,13.308304
2014-07-17,2014,7,17,0
2014-07-18,2014,7,18,0
2014-07-19,2014,7,19,0
2014-07-20,2014,7,20,17.697032
2014-07-21,2014,7,21,6.7814206
2014-07-22,2014,7,22,0
2014-07-23,2014,7,23,0
2014-07-24,2014,7,24,9.4131358
2014-07-25,2014,7,25,1.8702301
2014-07-26,2014,7,26,16.530821
2014-07-27,2014,7,27,68.432362
2014-07-28,2014,7,28,45.380173
2014-07-29,2014,7,29,6.0166746
2014-07-30,2014,7,30,24.353335
2014-07-31,2014,7,31,36.214485
2014-08-01,2014,8,1,43.134248
2014-08-02,2014,8,2,40.952651
2014-08-03,2014,8,3,2.6120956
2014-08-04,2014,8,4,5.882623
2014-08-05,2014,8,5,32.00478
2014-08-06,2014,8,6,10.440412
2014-08-07,2014,8,7,0
2014-08-08,2014,8,8,0
2014-08-09,2014,8,9,12.827315
2014-08-10,2014,8,10,0.33778618
2014-08-11,2014,8,11,6.6316279
2014-08-12,2014,8,12,0
2014-08-13,2014,8,13,0
2014-08-14,2014,8,14,0
2014-08-15,2014,8,15,8.9574357
2014-08-16,2014,8,16,0
2014-08-17,2014,8,17,0
2014-08-18,2014,8,18,0
2014-08-19,2014,8,19,0
2014-08-20,2014,8,20,0
2014-08-21,2014,8,21,0
2014-08-22,2014,8,22,14.54908
2014-08-23,2014,8,23,10.824984
2014-08-24,2014,8,24,4.9084357
2014-08-25,2014,8,25,0
2014-08-26,2014,8,26,0
2014-08-27,2014,8,27,0
2014-08-28,2014,8,28,4.0540602
2014-08-29,2014,8,29,13.012036
2014-08-30,2014,8,30,12.130977
2014-08-31,2014,8,31,8.9191187
2014-09-01,2014,9,1,14.201858
2014-09-02,2014,9,2,14.4067
2014-09-03,2014,9,3,6.6710515
2014-09-04,2014,9,4,11.488736
2014-09-05,2014,9,5,9.406722
2014-09-06,2014,9,6,26.439985
2014-09-07,2014,9,7,29.598758
2014-09-08,2014,9,8,16.670511
2014-09-09,2014,9,9,9.0238343
2014-09-10,2014,9,10,0
2014-09-11,2014,9,11,0
2014-09-12,2014,9,12,0
2014-09-13,2014,9,13,0
2014-09-14,2014,9,14,0
2014-09-15,2014,9,15,0
2014-09-16,2014,9,16,0
2014-09-17,2014,9,17,0
2014-09-18,2014,9,18,5.7358616
2014-09-19,2014,9,19,5.9531391
2014-09-20,2014,9,20,7.7291936
2014-09-21,2014,9,21,9.0360299
2014-09-22,2014,9,22,12.503709
2014-09-23,2014,9,23,37.492313
2014-09-24,2014,9,24,45.759482
2014-09-25,2014,9,25,6.9153566
2014-09-26,2014,9,26,6.8281013
2014-09-27,2014,9,27,31.489209
2014-09-28,2014,9,28,5.0601103
2014-09-29,2014,9,29,3.2293256
2014-09-30,2014,9,30,0
2014-10-01,2014,10,1,0
2014-10-02,2014,10,2,0.00078642094
2014-10-03,2014,10,3,0
2014-10-04,2014,10,4,0.020990014
2014-10-05,2014,10,5,0
2014-10-06,2014,10,6,0
2014-10-07,2014,10,7,0
2014-10-08,2014,10,8,7.3359629
2014-10-09,2014,10,9,2.2785599
2014-10-10,2014,10,10,0
2014-10-11,2014,10,11,0
2014-10-12,2014,10,12,0
2014-10-13,2014,10,13,0
2014-10-14,2014,10,14,0
2014-10-15,2014,10,15,8.0327773
2014-10-16,2014,10,16,0
2014-10-17,2014,10,17,23.852505
2014-10-18,2014,10,18,7.0094119
2014-10-19,2014,10,19,8.441623
2014-10-20,2014,10,20,1.818761
2014-10-21,2014,10,21,0
2014-10-22,2014,10,22,0
2014-10-23,2014,10,23,0
2014-10-24,2014,10,24,0
2014-10-25,2014,10,25,0
2014-10-26,2014,10,26,0.088567036
2014-10-27,2014,10,27,6.9755744
2014-10-28,2014,10,28,30.519406
2014-10-29,2014,10,29,15.716261
2014-10-30,2014,10,30,4.1582467
2014-10-31,2014,10,31,0
2014-11-01,2014,11,1,3.9043492
2014-11-02,2014,11,2,7.1969155
2014-11-03,2014,11,3,2.3529037
2014-11-04,2014,11,4,0
2014-11-05,2014,11,5,0.25886119
2014-11-06,2014,11,6,4.4544862
2014-11-07,2014,11,7,0
2014-11-08,2014,11,8,0
2014-11-09,2014,11,9,0
2014-11-10,2014,11,10,0
2014-11-11,2014,11,11,0
2014-11-12,2014,11,12,0
2014-11-13,2014,11,13,0
2014-11-14,2014,11,14,0
2014-11-15,2014,11,15,0
2014-11-16,2014,11,16,0
2014-11-17,2014,11,17,2.0954953
2014-11-18,2014,11,18,8.1967867
2014-11-19,2014,11,19,0
2014-11-20,2014,11,20,0
2014-11-21,2014,11,21,0
2014-11-22,2014,11,22,1.603068
2014-11-23,2014,11,23,12.461635
2014-11-24,2014,11,24,0
2014-11-25,2014,11,25,0
2014-11-26,2014,11,26,0
2014-11-27,2014,11,27,0
2014-11-28,2014,11,28,6.4945733
2014-11-29,2014,11,29,0
2014-11-30,2014,11,30,0
2014-12-01,2014,12,1,0
2014-12-02,2014,12,2,0
2014-12-03,2014,12,3,0
2014-12-04,2014,12,4,0
2014-12-05,2014,12,5,0
2014-12-06,2014,12,6,4.3480912
2014-12-07,2014,12,7,0
2014-12-08,2014,12,8,0
2014-12-09,2014,12,9,0
2014-12-10,2014,12,10,0
2014-12-11,2014,12,11,0
2014-12-12,2014,12,12,0
2014-12-13,2014,12,13,0
2014-12-14,2014,12,14,1.764347
2014-12-15,2014,12,15,0
2014-12-16,2014,12,16,0
2014-12-17,2014,12,17,0
2014-12-18,2014,12,18,0
2014-12-19,2014,12,19,14.281557
2014-12-20,2014,12,20,4.2242858
2014-12-21,2014,12,21,0.0023264247
2014-12-22,2014,12,22,0
2014-12-23,2014,12,23,0
2014-12-24,2014,12,24,0
2014-12-25,2014,12,25,0
2014-12-26,2014,12,26,0
2014-12-27,2014,12,27,0
2014-12-28,2014,12,28,0
2014-12-29,2014,12,29,0.88964849
2014-12-30,2014,12,30,14.927861
2014-12-31,2014,12,31,10.513102
2015-01-01,2015,1,1,0
2015-01-02,2015,1,2,0
2015-01-03,2015,1,3,0
2015-01-04,2015,1,4,0
2015-01-05,2015,1,5,0
2015-01-06,2015,1,6,0
2015-01-07,2015,1,7,0
2015-01-08,2015,1,8,0
2015-01-09,2015,1,9,0
2015-01-10,2015,1,10,0
2015-01-11,2015,1,11,0
2015-01-12,2015,1,12,0
2015-01-13,2015,1,13,0
2015-01-14,2015,1,14,0
2015-01-15,2015,1,15,0
2015-01-16,2015,1,16,0
2015-01-17,2015,1,17,0
2015-01-18,2015,1,18,0
2015-01-19,2015,1,19,0
2015-01-20,2015,1,20,0
2015-01-21,2015,1,21,0.027125287
2015-01-22,2015,1,22,0
2015-01-23,2015,1,23,0
2015-01-24,2015,1,24,0
2015-01-25,2015,1,25,0
2015-01-26,2015,1,26,0
2015-01-27,2015,1,27,0
2015-01-28,2015,1,28,0
2015-01-29,2015,1,29,0
2015-01-30,2015,1,30,0
2015-01-31,2015,1,31,0
2015-02-01,2015,2,1,0
2015-02-02,2015,2,2,0
2015-02-03,2015,2,3,0
2015-02-04,2015,2,4,0
2015-02-05,2015,2,5,0
2015-02-06,2015,2,6,0
2015-02-07,2015,2,7,0
2015-02-08,2015,2,8,0.011648908
2015-02-09,2015,2,9,0
2015-02-10,2015,2,10,0
2015-02-11,2015,2,11,0
2015-02-12,2015,2,12,0
2015-02-13,2015,2,13,0
2015-02-14,2015,2,14,0
2015-02-15,2015,2,15,0
2015-02-16,2015,2,16,0
2015-02-17,2015,2,17,0
2015-02-18,2015,2,18,0
2015-02-19,2015,2,19,0
2015-02-20,2015,2,20,0
2015-02-21,2015,2,21,1.7414554
2015-02-22,2015,2,22,0
2015-02-23,2015,2,23,0
2015-02-24,2015,2,24,0
2015-02-25,2015,2,25,0
2015-02-26,2015,2,26,0
2015-02-27,2015,2,27,0
2015-02-28,2015,2,28,0
2015-03-01,2015,3,1,0
2015-03-02,2015,3,2,0
2015-03-03,2015,3,3,0
2015-03-04,2015,3,4,0
2015-03-05,2015,3,5,0
2015-03-06,2015,3,6,0
2015-03-07,2015,3,7,0.89412753
2015-03-08,2015,3,8,0
2015-03-09,2015,3,9,0
2015-03-10,2015,3,10,0
2015-03-11,2015,3,11,0
2015-03-12,2015,3,12,0
2015-03-13,2015,3,13,0
2015-03-14,2015,3,14,0
2015-03-15,2015,3,15,0
2015-03-16,2015,3,16,0
2015-03-17,2015,3,17,0
2015-03-18,2015,3,18,0
2015-03-19,2015,3,19,0.0047256338
2015-03-20,2015,3,20,0
2015-03-21,2015,3,21,0
2015-03-22,2015,3,22,0
2015-03-23,2015,3,23,0
2015-03-24,2015,3,24,0
2015-03-25,2015,3,25,0
2015-03-26,2015,3,26,0
2015-03-27,2015,3,27,0
2015-03-28,2015,3,28,2.7411899
2015-03-29,2015,3,29,0
2015-03-30,2015,3,30,0
2015-03-31,2015,3,31,0.014336225
2015-04-01,2015,4,1,9.463526
2015-04-02,2015,4,2,17.352263
2015-04-03,2015,4,3,3.3388902
2015-04-04,2015,4,4,0
2015-04-05,2015,4,5,0
2015-04-06,2015,4,6,0.024737957
2015-04-07,2015,4,7,5.9200301
2015-04-08,2015,4,8,0
2015-04-09,2015,4,9,0
2015-04-10,2015,4,10,0
2015-04-11,2015,4,11,0
2015-04-12,2015,4,12,7.3421634
2015-04-13,2015,4,13,2.5495802
2015-04-14,2015,4,14,0
2015-04-15,2015,4,15,8.7161541
2015-04-16,2015,4,16,7.4403356
2015-04-17,2015,4,17,0
2015-04-18,2015,4,18,37.565243
2015-04-19,2015,4,19,0.8955197
2015-04-20,2015,4,20,0
2015-04-21,2015,4,21,0
2015-04-22,2015,4,22,0
2015-04-23,2015,4,23,0
2015-04-24,2015,4,24,0
2015-04-25,2015,4,25,0
2015-04-26,2015,4,26,0
2015-04-27,2015,4,27,0
2015-04-28,2015,4,28,0
2015-04-29,2015,4,29,0
2015-04-30,2015,4,30,0
2015-05-01,2015,5,1,25.132456
2015-05-02,2015,5,2,1.0532239
2015-05-03,2015,5,3,1.5481742
2015-05-04,2015,5,4,0
2015-05-05,2015,5,5,0
2015-05-06,2015,5,6,0
2015-05-07,2015,5,7,0
2015-05-08,2015,5,8,13.299897
2015-05-09,2015,5,9,7.7428638
2015-05-10,2015,5,10,0
2015-05-11,2015,5,11,0.38567535
2015-05-12,2015,5,12,4.2280104
2015-05-13,2015,5,13,0
2015-05-14,2015,5,14,0
2015-05-15,2015,5,15,0.51750698
2015-05-16,2015,5,16,10.462731
2015-05-17,2015,5,17,17.07086
2015-05-18,2015,5,18,0
2015-05-19,2015,5,19,0.51923494
2015-05-20,2015,5,20,51.363249
2015-05-21,2015,5,21,15.247857
2015-05-22,2015,5,22,12.660598
2015-05-23,2015,5,23,0.027913064
2015-05-24,2015,5,24,0
2015-05-25,2015,5,25,0
2015-05-26,2015,5,26,0
2015-05-27,2015,5,27,0
2015-05-28,2015,5,28,26.640547
2015-05-29,2015,5,29,6.898616
2015-05-30,2015,5,30,23.078199
2015-05-31,2015,5,31,101.23695
2015-06-01,2015,6,1,68.852192
2015-06-02,2015,6,2,45.321001
2015-06-03,2015,6,3,9.455136
2015-06-04,2015,6,4,79.433927
2015-06-05,2015,6,5,33.761069
2015-06-06,2015,6,6,19.858714
2015-06-07,2015,6,7,34.128666
2015-06-08,2015,6,8,30.981291
2015-06-09,2015,6,9,8.7407691
2015-06-10,2015,6,10,7.9577684
2015-06-11,2015,6,11,0
2015-06-12,2015,6,12,5.8697625
2015-06-13,2015,6,13,25.071687
2015-06-14,2015,6,14,5.1636845
2015-06-15,2015,6,15,1.4387594
2015-06-16,2015,6,16,10.251962
2015-06-17,2015,6,17,0
2015-06-18,2015,6,18,0
2015-06-19,2015,6,19,16.573703
2015-06-20,2015,6,20,0
2015-06-21,2015,6,21,0
2015-06-22,2015,6,22,0
2015-06-23,2015,6,23,0
2015-06-24,2015,6,24,0.27112828
2015-06-25,2015,6,25,4.8299434
2015-06-26,2015,6,26,0
2015-06-27,2015,6,27,0
2015-06-28,2015,6,28,0
2015-06-29,2015,6,29,0
2015-06-30,2015,6,30,0
2015-07-01,2015,7,1,1.9035409
2015-07-02,2015,7,2,0
2015-07-03,2015,7,3,0
2015-07-04,2015,7,4,20.889032
2015-07-05,2015,7,5,26.3744
2015-07-06,2015,7,6,8.4096995
2015-07-07,2015,7,7,27.086546
2015-07-08,2015,7,8,35.327191
2015-07-09,2015,7,9,7.9643233
2015-07-10,2015,7,10,5.9125318
2015-07-11,2015,7,11,27.345341
2015-07-12,2015,7,12,0
2015-07-13,2015,7,13,14.472297
2015-07-14,2015,7,14,16.672097
2015-07-15,2015,7,15,14.746086
2015-07-16,2015,7,16,11.289235
2015-07-17,2015,7,17,36.960188
2015-07-18,2015,7,18,15.117365
2015-07-19,2015,7,19,0.94518642
2015-07-20,2015,7,20,0
2015-07-21,2015,7,21,0
2015-07-22,2015,7,22,0
2015-07-23,2015,7,23,0
2015-07-24,2015,7,24,1.0430051
2015-07-25,2015,7,25,12.500459
2015-07-26,2015,7,26,48.394581
2015-07-27,2015,7,27,16.395795
2015-07-28,2015,7,28,8.63393
2015-07-29,2015,7,29,12.251412
2015-07-30,2015,7,30,23.431027
2015-07-31,2015,7,31,18.780051
2015-08-01,2015,8,1,23.535451
2015-08-02,2015,8,2,16.692776
2015-08-03,2015,8,3,0
2015-08-04,2015,8,4,3.0511293
2015-08-05,2015,8,5,30.39776
2015-08-06,2015,8,6,17.320314
2015-08-07,2015,8,7,6.7803381
2015-08-08,2015,8,8,22.234049
2015-08-09,2015,8,9,15.902923
2015-08-10,2015,8,10,0.20684558
2015-08-11,2015,8,11,0
2015-08-12,2015,8,12,0
2015-08-13,2015,8,13,0
2015-08-14,2015,8,14,20.647198
2015-08-15,2015,8,15,3.3371539
2015-08-16,2015,8,16,0
2015-08-17,2015,8,17,7.1083694
2015-08-18,2015,8,18,0
2015-08-19,2015,8,19,0
2015-08-20,2015,8,20,0.11582623
2015-08-21,2015,8,21,25.450619
2015-08-22,2015,8,22,16.374488
2015-08-23,2015,8,23,0
2015-08-24,2015,8,24,21.337483
2015-08-25,2015,8,25,40.924417
2015-08-26,2015,8,26,11.153144
2015-08-27,2015,8,27,34.780362
2015-08-28,2015,8,28,34.344802
2015-08-29,2015,8,29,10.345921
2015-08-30,2015,8,30,10.621317
2015-08-31,2015,8,31,0
2015-09-01,2015,9,1,0
2015-09-02,2015,9,2,0
2015-09-03,2015,9,3,0
2015-09-04,2015,9,4,0
2015-09-05,2015,9,5,0
2015-09-06,2015,9,6,30.880928
2015-09-07,2015,9,7,15.357808
2015-09-08,2015,9,8,17.816259
2015-09-09,2015,9,9,2.2978214
2015-09-10,2015,9,10,3.8117885
2015-09-11,2015,9,11,0
2015-09-12,2015,9,12,0
2015-09-13,2015,9,13,0
2015-09-14,2015,9,14,2.8564349
2015-09-15,2015,9,15,3.4727868
2015-09-16,2015,9,16,0
2015-09-17,2015,9,17,0
2015-09-18,2015,9,18,0
2015-09-19,2015,9,19,0
2015-09-20,2015,9,20,0
2015-09-21,2015,9,21,0.02112238
2015-09-22,2015,9,22,7.375059
2015-09-23,2015,9,23,16.092731
2015-09-24,2015,9,24,18.784337
2015-09-25,2015,9,25,1.3126006
2015-09-26,2015,9,26,12.788381
2015-09-27,2015,9,27,39.873214
2015-09-28,2015,9,28,4.3965935
2015-09-29,2015,9,29,10.417918
2015-09-30,2015,9,30,14.485354
2015-10-01,2015,10,1,10.641556
2015-10-02,2015,10,2,0
2015-10-03,2015,10,3,3.9399964
2015-10-04,2015,10,4,18.304509
2015-10-05,2015,10,5,11.559325
2015-10-06,2015,10,6,5.3558451
2015-10-07,2015,10,7,3.9682735
2015-10-08,2015,10,8,0
2015-10-09,2015,10,9,0
2015-10-10,2015,10,10,0
2015-10-11,2015,10,11,0
2015-10-12,2015,10,12,10.597771
2015-10-13,2015,10,13,27.282291
2015-10-14,2015,10,14,7.4948088
2015-10-15,2015,10,15,0.68613005
2015-10-16,2015,10,16,0
2015-10-17,2015,10,17,0
2015-10-18,2015,10,18,0
2015-10-19,2015,10,19,11.913066
2015-10-20,2015,10,20,1.2400893
2015-10-21,2015,10,21,0
2015-10-22,2015,10,22,0
2015-10-23,2015,10,23,0.0018577421
2015-10-24,2015,10,24,15.550574
2015-10-25,2015,10,25,8.0750629
2015-10-26,2015,10,26,0
2015-10-27,2015,10,27,0
2015-10-28,2015,10,28,0.00076062519
2015-10-29,2015,10,29,0
2015-10-30,2015,10,30,0
2015-10-31,2015,10,31,0
2015-11-01,2015,11,1,0
2015-11-02,2015,11,2,0
2015-11-03,2015,11,3,0
2015-11-04,2015,11,4,0
2015-11-05,2015,11,5,0
2015-11-06,2015,11,6,1.4658899
2015-11-07,2015,11,7,0
2015-11-08,2015,11,8,15.672436
2015-11-09,2015,11,9,1.3229479
2015-11-10,2015,11,10,0
2015-11-11,2015,11,11,0.043666747
2015-11-12,2015,11,12,0.73427106
2015-11-13,2015,11,13,0
2015-11-14,2015,11,14,0
2015-11-15,2015,11,15,0
2015-11-16,2015,11,16,13.267901
2015-11-17,2015,11,17,0
2015-11-18,2015,11,18,11.720986
2015-11-19,2015,11,19,0.065990127
2015-11-20,2015,11,20,2.9823269
2015-11-21,2015,11,21,0.28029281
2015-11-22,2015,11,22,0.0077188711
2015-11-23,2015,11,23,1.6419063
2015-11-24,2015,11,24,8.3488125
2015-11-25,2015,11,25,0
2015-11-26,2015,11,26,4.4747045
2015-11-27,2015,11,27,0
2015-11-28,2015,11,28,0
2015-11-29,2015,11,29,0
2015-11-30,2015,11,30,0
2015-12-01,2015,12,1,0
2015-12-02,2015,12,2,9.0961916
2015-12-03,2015,12,3,0
2015-12-04,2015,12,4,0
2015-12-05,2015,12,5,0
2015-12-06,2015,12,6,0
2015-12-07,2015,12,7,0
2015-12-08,2015,12,8,0
2015-12-09,2015,12,9,0
2015-12-10,2015,12,10,0
2015-12-11,2015,12,11,0
2015-12-12,2015,12,12,2.6875531
2015-12-13,2015,12,13,49.021715
2015-12-14,2015,12,14,0.78259508
2015-12-15,2015,12,15,0
2015-12-16,2015,12,16,0
2015-12-17,2015,12,17,0
2015-12-18,2015,12,18,0
2015-12-19,2015,12,19,0
2015-12-20,2015,12,20,0
2015-12-21,2015,12,21,15.2518
2015-12-22,2015,12,22,12.134579
2015-12-23,2015,12,23,0
2015-12-24,2015,12,24,0
2015-12-25,2015,12,25,0
2015-12-26,2015,12,26,0
2015-12-27,2015,12,27,0
2015-12-28,2015,12,28,0
2015-12-29,2015,12,29,0
2015-12-30,2015,12,30,0
2015-12-31,2015,12,31,0
2016-01-01,2016,1,1,0
2016-01-02,2016,1,2,0
2016-01-03,2016,1,3,0
2016-01-04,2016,1,4,0
2016-01-05,2016,1,5,0
2016-01-06,2016,1,6,0
2016-01-07,2016,1,7,8.8941295
2016-01-08,2016,1,8,4.3122565
2016-01-09,2016,1,9,4.7063906
2016-01-10,2016,1,10,0
2016-01-11,2016,1,11,0.90076242
2016-01-12,2016,1,12,0
2016-01-13,2016,1,13,0
2016-01-14,2016,1,14,0
2016-01-15,2016,1,15,0
2016-01-16,2016,1,16,0
2016-01-17,2016,1,17,0
2016-01-18,2016,1,18,0
2016-01-19,2016,1,19,0
2016-01-20,2016,1,20,0
2016-01-21,2016,1,21,0
2016-01-22,2016,1,22,0
2016-01-23,2016,1,23,0.3702352
2016-01-24,2016,1,24,2.7048266
2016-01-25,2016,1,25,0
2016-01-26,2016,1,26,6.9347463
2016-01-27,2016,1,27,10.276058
2016-01-28,2016,1,28,0
2016-01-29,2016,1,29,0
2016-01-30,2016,1,30,0
2016-01-31,2016,1,31,0
2016-02-01,2016,2,1,0
2016-02-02,2016,2,2,0
2016-02-03,2016,2,3,0
2016-02-04,2016,2,4,0
2016-02-05,2016,2,5,0
2016-02-06,2016,2,6,0
2016-02-07,2016,2,7,0
2016-02-08,2016,2,8,0
2016-02-09,2016,2,9,0
2016-02-10,2016,2,10,0
2016-02-11,2016,2,11,0
2016-02-12,2016,2,12,3.9858394
2016-02-13,2016,2,13,0
2016-02-14,2016,2,14,0
2016-02-15,2016,2,15,0
2016-02-16,2016,2,16,0
2016-02-17,2016,2,17,0
2016-02-18,2016,2,18,1.659832
2016-02-19,2016,2,19,0
2016-02-20,2016,2,20,0
2016-02-21,2016,2,21,0
2016-02-22,2016,2,22,0
2016-02-23,2016,2,23,0
2016-02-24,2016,2,24,0
2016-02-25,2016,2,25,1.1722983
2016-02-26,2016,2,26,0
2016-02-27,2016,2,27,0
2016-02-28,2016,2,28,0
2016-02-29,2016,2,29,0
2016-03-01,2016,3,1,0
2016-03-02,2016,3,2,0
2016-03-03,2016,3,3,0
2016-03-04,2016,3,4,0
2016-03-05,2016,3,5,0
2016-03-06,2016,3,6,0
2016-03-07,2016,3,7,0
2016-03-08,2016,3,8,0
2016-03-09,2016,3,9,0
2016-03-10,2016,3,10,0
2016-03-11,2016,3,11,0
2016-03-12,2016,3,12,0
2016-03-13,2016,3,13,0
2016-03-14,2016,3,14,0
2016-03-15,2016,3,15,0
2016-03-16,2016,3,16,0
2016-03-17,2016,3,17,8.5036584
2016-03-18,2016,3,18,0
2016-03-19,2016,3,19,0
2016-03-20,2016,3,20,0
2016-03-21,2016,3,21,0
2016-03-22,2016,3,22,0
2016-03-23,2016,3,23,0
2016-03-24,2016,3,24,0
2016-03-25,2016,3,25,0
2016-03-26,2016,3,26,0
2016-03-27,2016,3,27,0
2016-03-28,2016,3,28,0
2016-03-29,2016,3,29,0
2016-03-30,2016,3,30,25.994494
2016-03-31,2016,3,31,0
2016-04-01,2016,4,1,0
2016-04-02,2016,4,2,0
2016-04-03,2016,4,3,0.15553913
2016-04-04,2016,4,4,0
2016-04-05,2016,4,5,0
2016-04-06,2016,4,6,12.94056
2016-04-07,2016,4,7,0
2016-04-08,2016,4,8,0
2016-04-09,2016,4,9,0
2016-04-10,2016,4,10,0
2016-04-11,2016,4,11,0
2016-04-12,2016,4,12,1.7112988
2016-04-13,2016,4,13,18.877133
2016-04-14,2016,4,14,29.652621
2016-04-15,2016,4,15,21.903937
2016-04-16,2016,4,16,0
2016-04-17,2016,4,17,0
2016-04-18,2016,4,18,0.52566375
2016-04-19,2016,4,19,26.506271
2016-04-20,2016,4,20,14.61637
2016-04-21,2016,4,21,0
2016-04-22,2016,4,22,35.873102
2016-04-23,2016,4,23,18.817252
2016-04-24,2016,4,24,1.2421015
2016-04-25,2016,4,25,0
2016-04-26,2016,4,26,0
2016-04-27,2016,4,27,0
2016-04-28,2016,4,28,0
2016-04-29,2016,4,29,0
2016-04-30,2016,4,30,0.048646398
2016-05-01,2016,5,1,5.6673111
2016-05-02,2016,5,2,0
2016-05-03,2016,5,3,0
2016-05-04,2016,5,4,0.021524048
2016-05-05,2016,5,5,9.5583674
2016-05-06,2016,5,6,0
2016-05-07,2016,5,7,4.4624925
2016-05-08,2016,5,8,0
2016-05-09,2016,5,9,0
2016-05-10,2016,5,10,0.66690639
2016-05-11,2016,5,11,6.2646982
2016-05-12,2016,5,12,0
2016-05-13,2016,5,13,0
2016-05-14,2016,5,14,10.186559
2016-05-15,2016,5,15,0.0011235144
2016-05-16,2016,5,16,0
2016-05-17,2016,5,17,0
2016-05-18,2016,5,18,22.23826
2016-05-19,2016,5,19,3.4081903
2016-05-20,2016,5,20,0
2016-05-21,2016,5,21,0
2016-05-22,2016,5,22,0
2016-05-23,2016,5,23,0.12246126
2016-05-24,2016,5,24,11.420801
2016-05-25,2016,5,25,5.8248059
2016-05-26,2016,5,26,0
2016-05-27,2016,5,27,0
2016-05-28,2016,5,28,9.369678
2016-05-29,2016,5,29,16.979037
2016-05-30,2016,5,30,1.4806928
2016-05-31,2016,5,31,1.2996475
2016-06-01,2016,6,1,2.0525806
2016-06-02,2016,6,2,0
2016-06-03,2016,6,3,0
2016-06-04,2016,6,4,0
2016-06-05,2016,6,5,6.687741
2016-06-06,2016,6,6,9.7929418
2016-06-07,2016,6,7,0.29988753
2016-06-08,2016,6,8,0.13277636
2016-06-09,2016,6,9,0
2016-06-10,2016,6,10,0
2016-06-11,2016,6,11,0
2016-06-12,2016,6,12,0.015737357
2016-06-13,2016,6,13,0
2016-06-14,2016,6,14,0
2016-06-15,2016,6,15,0
2016-06-16,2016,6,16,0
2016-06-17,2016,6,17,0
2016-06-18,2016,6,18,0
2016-06-19,2016,6,19,0
2016-06-20,2016,6,20,0
2016-06-21,2016,6,21,0
2016-06-22,2016,6,22,6.185977
2016-06-23,2016,6,23,0
2016-06-24,2016,6,24,0
2016-06-25,2016,6,25,0
2016-06-26,2016,6,26,0
2016-06-27,2016,6,27,0
2016-06-28,2016,6,28,0.55915891
2016-06-29,2016,6,29,7.4817865
2016-06-30,2016,6,30,0
2016-07-01,2016,7,1,0
2016-07-02,2016,7,2,0
2016-07-03,2016,7,3,0
2016-07-04,2016,7,4,0
2016-07-05,2016,7,5,0
2016-07-06,2016,7,6,3.2871472
2016-07-07,2016,7,7,0
2016-07-08,2016,7,8,5.5120978
2016-07-09,2016,7,9,12.468417
2016-07-10,2016,7,10,34.703
2016-07-11,2016,7,11,18.46156
2016-07-12,2016,7,12,9.8248517
2016-07-13,2016,7,13,28.03587
2016-07-14,2016,7,14,9.1640431
2016-07-15,2016,7,15,0
2016-07-16,2016,7,16,3.0064742
2016-07-17,2016,7,17,24.83809
2016-07-18,2016,7,18,0
2016-07-19,2016,7,19,4.0277654
2016-07-20,2016,7,20,17.848713
2016-07-21,2016,7,21,20.799542
2016-07-22,2016,7,22,47.415701
2016-07-23,2016,7,23,26.173667
2016-07-24,2016,7,24,32.427246
2016-07-25,2016,7,25,7.2649199
2016-07-26,2016,7,26,0
2016-07-27,2016,7,27,0
2016-07-28,2016,7,28,20.22057
2016-07-29,2016,7,29,6.8946819
2016-07-30,2016,7,30,0.053527575
2016-07-31,2016,7,31,9.6331063
2016-08-01,2016,8,1,0
2016-08-02,2016,8,2,7.3067206
2016-08-03,2016,8,3,7.9609625
2016-08-04,2016,8,4,5.6601536
2016-08-05,2016,8,5,5.3508899
2016-08-06,2016,8,6,8.5503926
2016-08-07,2016,8,7,7.8052438
2016-08-08,2016,8,8,0
2016-08-09,2016,8,9,0
2016-08-10,2016,8,10,9.7256951
2016-08-11,2016,8,11,0
2016-08-12,2016,8,12,28.314669
2016-08-13,2016,8,13,9.4893579
2016-08-14,2016,8,14,30.494251
2016-08-15,2016,8,15,55.607209
2016-08-16,2016,8,16,25.699579
2016-08-17,2016,8,17,21.559452
2016-08-18,2016,8,18,19.902921
2016-08-19,2016,8,19,9.3673102
2016-08-20,2016,8,20,0
2016-08-21,2016,8,21,0
2016-08-22,2016,8,22,0
2016-08-23,2016,8,23,0
2016-08-24,2016,8,24,0.10751812
2016-08-25,2016,8,25,17.351632
2016-08-26,2016,8,26,0
2016-08-27,2016,8,27,0
2016-08-28,2016,8,28,0
2016-08-29,2016,8,29,9.6859948
2016-08-30,2016,8,30,11.448431
2016-08-31,2016,8,31,0
2016-09-01,2016,9,1,0
2016-09-02,2016,9,2,0
2016-09-03,2016,9,3,0
2016-09-04,2016,9,4,0
2016-09-05,2016,9,5,0
2016-09-06,2016,9,6,0
2016-09-07,2016,9,7,0
2016-09-08,2016,9,8,21.426284
2016-09-09,2016,9,9,1.8695666
2016-09-10,2016,9,10,0
2016-09-11,2016,9,11,14.889072
2016-09-12,2016,9,12,21.927118
2016-09-13,2016,9,13,0
2016-09-14,2016,9,14,0
2016-09-15,2016,9,15,2.457622
2016-09-16,2016,9,16,4.7038658
2016-09-17,2016,9,17,0
2016-09-18,2016,9,18,0
2016-09-19,2016,9,19,0
2016-09-20,2016,9,20,0
2016-09-21,2016,9,21,0
2016-09-22,2016,9,22,0
2016-09-23,2016,9,23,0
2016-09-24,2016,9,24,0
2016-09-25,2016,9,25,0
2016-09-26,2016,9,26,0
2016-09-27,2016,9,27,0
2016-09-28,2016,9,28,0
2016-09-29,2016,9,29,13.20444
2016-09-30,2016,9,30,6.9752532
2016-10-01,2016,10,1,0
2016-10-02,2016,10,2,0
2016-10-03,2016,10,3,13.764046
2016-10-04,2016,10,4,0.31490694
2016-10-05,2016,10,5,0
2016-10-06,2016,10,6,0
2016-10-07,2016,10,7,0
2016-10-08,2016,10,8,0
2016-10-09,2016,10,9,0
2016-10-10,2016,10,10,7.4785066
2016-10-11,2016,10,11,49.593701
2016-10-12,2016,10,12,28.142251
2016-10-13,2016,10,13,0.42211218
2016-10-14,2016,10,14,8.2330028
2016-10-15,2016,10,15,28.101896
2016-10-16,2016,10,16,21.635224
2016-10-17,2016,10,17,0
2016-10-18,2016,10,18,9.1439702
2016-10-19,2016,10,19,0
2016-10-20,2016,10,20,0
2016-10-21,2016,10,21,0
2016-10-22,2016,10,22,0
2016-10-23,2016,10,23,6.0822109
2016-10-24,2016,10,24,0.44740423
2016-10-25,2016,10,25,0
2016-10-26,2016,10,26,0
2016-10-27,2016,10,27,0
2016-10-28,2016,10,28,0
2016-10-29,2016,10,29,0
2016-10-30,2016,10,30,0
2016-10-31,2016,10,31,26.504219
2016-11-01,2016,11,1,2.8085442
2016-11-02,2016,11,2,10.576625
2016-11-03,2016,11,3,2.5132275
2016-11-04,2016,11,4,0
2016-11-05,2016,11,5,0
2016-11-06,2016,11,6,0
2016-11-07,2016,11,7,0
2016-11-08,2016,11,8,0
2016-11-09,2016,11,9,0
2016-11-10,2016,11,10,0
2016-11-11,2016,11,11,0
2016-11-12,2016,11,12,0
2016-11-13,2016,11,13,6.9612001
2016-11-14,2016,11,14,26.281694
2016-11-15,2016,11,15,0.0033650563
2016-11-16,2016,11,16,0
2016-11-17,2016,11,17,0
2016-11-18,2016,11,18,0
2016-11-19,2016,11,19,0
2016-11-20,2016,11,20,0
2016-11-21,2016,11,21,0
2016-11-22,2016,11,22,0
2016-11-23,2016,11,23,0
2016-11-24,2016,11,24,3.3101036
2016-11-25,2016,11,25,11.427614
2016-11-26,2016,11,26,15.971665
2016-11-27,2016,11,27,0
2016-11-28,2016,11,28,0
2016-11-29,2016,11,29,0
2016-11-30,2016,11,30,0
2016-12-01,2016,12,1,0
2016-12-02,2016,12,2,0
2016-12-03,2016,12,3,0
2016-12-04,2016,12,4,28.953349
2016-12-05,2016,12,5,2.2478143
2016-12-06,2016,12,6,0
2016-12-07,2016,12,7,0
2016-12-08,2016,12,8,0
2016-12-09,2016,12,9,9.4805306
2016-12-10,2016,12,10,18.503056
2016-12-11,2016,12,11,6.535716
2016-12-12,2016,12,12,0
2016-12-13,2016,12,13,0
2016-12-14,2016,12,14,0
2016-12-15,2016,12,15,0
2016-12-16,2016,12,16,0
2016-12-17,2016,12,17,0.24073915
2016-12-18,2016,12,18,0
2016-12-19,2016,12,19,0
2016-12-20,2016,12,20,24.808467
2016-12-21,2016,12,21,0
2016-12-22,2016,12,22,0
2016-12-23,2016,12,23,0
2016-12-24,2016,12,24,9.8360615
2016-12-25,2016,12,25,17.686815
2016-12-26,2016,12,26,0
2016-12-27,2016,12,27,0
2016-12-28,2016,12,28,0
2016-12-29,2016,12,29,0
2016-12-30,2016,12,30,0.54421851
2016-12-31,2016,12,31,6.2933715
2017-01-01,2017,1,1,0
2017-01-02,2017,1,2,4.1400558
2017-01-03,2017,1,3,5.4964255
2017-01-04,2017,1,4,0
2017-01-05,2017,1,5,0
2017-01-06,2017,1,6,0
2017-01-07,2017,1,7,3.3679734
2017-01-08,2017,1,8,38.232808
2017-01-09,2017,1,9,0.99331931
2017-01-10,2017,1,10,0
2017-01-11,2017,1,11,0
2017-01-12,2017,1,12,0
2017-01-13,2017,1,13,0
2017-01-14,2017,1,14,0
2017-01-15,2017,1,15,0
2017-01-16,2017,1,16,0.21819947
2017-01-17,2017,1,17,0
2017-01-18,2017,1,18,0
2017-01-19,2017,1,19,0
2017-01-20,2017,1,20,0
2017-01-21,2017,1,21,0
2017-01-22,2017,1,22,0
2017-01-23,2017,1,23,0
2017-01-24,2017,1,24,0
2017-01-25,2017,1,25,0
2017-01-26,2017,1,26,0
2017-01-27,2017,1,27,0
2017-01-28,2017,1,28,0
2017-01-29,2017,1,29,0
2017-01-30,2017,1,30,0
2017-01-31,2017,1,31,0
2017-02-01,2017,2,1,0
2017-02-02,2017,2,2,0
2017-02-03,2017,2,3,8.8672015
2017-02-04,2017,2,4,4.2144408
2017-02-05,2017,2,5,0
2017-02-06,2017,2,6,0
2017-02-07,2017,2,7,0
2017-02-08,2017,2,8,0
2017-02-09,2017,2,9,0
2017-02-10,2017,2,10,0
2017-02-11,2017,2,11,0
2017-02-12,2017,2,12,0
2017-02-13,2017,2,13,0
2017-02-14,2017,2,14,1.2820269
2017-02-15,2017,2,15,1.604827
2017-02-16,2017,2,16,14.771184
2017-02-17,2017,2,17,10.117133
2017-02-18,2017,2,18,5.3651653
2017-02-19,2017,2,19,1.4065736
2017-02-20,2017,2,20,0
2017-02-21,2017,2,21,0
2017-02-22,2017,2,22,0
2017-02-23,2017,2,23,0
2017-02-24,2017,2,24,0
2017-02-25,2017,2,25,0
2017-02-26,2017,2,26,0
2017-02-27,2017,2,27,11.174225
2017-02-28,2017,2,28,26.248988
2017-03-01,2017,3,1,7.3979106
2017-03-02,2017,3,2,0.38533905
2017-03-03,2017,3,3,0
2017-03-04,2017,3,4,0
2017-03-05,2017,3,5,0
2017-03-06,2017,3,6,0
2017-03-07,2017,3,7,11.041562
2017-03-08,2017,3,8,31.315047
2017-03-09,2017,3,9,13.01951
2017-03-10,2017,3,10,7.1963017
2017-03-11,2017,3,11,2.9266721
2017-03-12,2017,3,12,0
2017-03-13,2017,3,13,0
2017-03-14,2017,3,14,0
2017-03-15,2017,3,15,0
2017-03-16,2017,3,16,0
2017-03-17,2017,3,17,0
2017-03-18,2017,3,18,0
2017-03-19,2017,3,19,0
2017-03-20,2017,3,20,0
2017-03-21,2017,3,21,0
2017-03-22,2017,3,22,0
2017-03-23,2017,3,23,0
2017-03-24,2017,3,24,0.0024054317
2017-03-25,2017,3,25,1.621704
2017-03-26,2017,3,26,9.2729373
2017-03-27,2017,3,27,0
2017-03-28,2017,3,28,0
2017-03-29,2017,3,29,4.4037477
2017-03-30,2017,3,30,0
2017-03-31,2017,3,31,0
2017-04-01,2017,4,1,10.772259
2017-04-02,2017,4,2,5.1472888
2017-04-03,2017,4,3,0
2017-04-04,2017,4,4,13.154405
2017-04-05,2017,4,5,1.4935722
2017-04-06,2017,4,6,27.55157
2017-04-07,2017,4,7,10.962919
2017-04-08,2017,4,8,0
2017-04-09,2017,4,9,0
2017-04-10,2017,4,10,0
2017-04-11,2017,4,11,0
2017-04-12,2017,4,12,0
2017-04-13,2017,4,13,0
2017-04-14,2017,4,14,2.097275
2017-04-15,2017,4,15,0
2017-04-16,2017,4,16,0
2017-04-17,2017,4,17,0
2017-04-18,2017,4,18,6.728166
2017-04-19,2017,4,19,15.3674
2017-04-20,2017,4,20,11.893268
2017-04-21,2017,4,21,0
2017-04-22,2017,4,22,0
2017-04-23,2017,4,23,2.2683469e-05
2017-04-24,2017,4,24,17.602766
2017-04-25,2017,4,25,3.4883924
2017-04-26,2017,4,26,0.30088417
2017-04-27,2017,4,27,7.5134847
2017-04-28,2017,4,28,0
2017-04-29,2017,4,29,0
2017-04-30,2017,4,30,0
2017-05-01,2017,5,1,15.802724
2017-05-02,2017,5,2,5.7547901
2017-05-03,2017,5,3,0
2017-05-04,2017,5,4,0
2017-05-05,2017,5,5,2.8740198
2017-05-06,2017,5,6,29.317454
2017-05-07,2017,5,7,7.8965446
2017-05-08,2017,5,8,0
2017-05-09,2017,5,9,0
2017-05-10,2017,5,10,5.3322677
2017-05-11,2017,5,11,6.8401319
2017-05-12,2017,5,12,0.11384618
2017-05-13,2017,5,13,38.945975
2017-05-14,2017,5,14,4.852133
2017-05-15,2017,5,15,0
2017-05-16,2017,5,16,17.716314
2017-05-17,2017,5,17,7.148279
2017-05-18,2017,5,18,0
2017-05-19,2017,5,19,0
2017-05-20,2017,5,20,15.011417
2017-05-21,2017,5,21,17.028128
2017-05-22,2017,5,22,0
2017-05-23,2017,5,23,0
2017-05-24,2017,5,24,0
2017-05-25,2017,5,25,0
2017-05-26,2017,5,26,0
2017-05-27,2017,5,27,0
2017-05-28,2017,5,28,0
2017-05-29,2017,5,29,0
2017-05-30,2017,5,30,0
2017-05-31,2017,5,31,8.5703832
2017-06-01,2017,6,1,0
2017-06-02,2017,6,2,15.676323
2017-06-03,2017,6,3,18.889508
2017-06-04,2017,6,4,0.0002484265
2017-06-05,2017,6,5,0
2017-06-06,2017,6,6,26.980219
2017-06-07,2017,6,7,17.634438
2017-06-08,2017,6,8,6.639805
2017-06-09,2017,6,9,10.366266
2017-06-10,2017,6,10,3.899902
2017-06-11,2017,6,11,0
2017-06-12,2017,6,12,0
2017-06-13,2017,6,13,0
2017-06-14,2017,6,14,2.9546707
2017-06-15,2017,6,15,43.120942
2017-06-16,2017,6,16,46.961257
2017-06-17,2017,6,17,10.486903
2017-06-18,2017,6,18,0
2017-06-19,2017,6,19,0
2017-06-20,2017,6,20,10.255201
2017-06-21,2017,6,21,43.829725
2017-06-22,2017,6,22,17.92765
2017-06-23,2017,6,23,3.4897038
2017-06-24,2017,6,24,33.901489
2017-06-25,2017,6,25,8.2887788
2017-06-26,2017,6,26,0
2017-06-27,2017,6,27,0
2017-06-28,2017,6,28,7.9714332
2017-06-29,2017,6,29,22.610216
2017-06-30,2017,6,30,0.089694181
2017-07-01,2017,7,1,0
2017-07-02,2017,7,2,0
2017-07-03,2017,7,3,19.507427
2017-07-04,2017,7,4,5.2366053
2017-07-05,2017,7,5,6.0653725
2017-07-06,2017,7,6,5.2380537
2017-07-07,2017,7,7,0.020627717
2017-07-08,2017,7,8,19.529596
2017-07-09,2017,7,9,0
2017-07-10,2017,7,10,0
2017-07-11,2017,7,11,0
2017-07-12,2017,7,12,24.001031
2017-07-13,2017,7,13,29.243019
2017-07-14,2017,7,14,42.605103
2017-07-15,2017,7,15,4.2583837
2017-07-16,2017,7,16,0
2017-07-17,2017,7,17,0
2017-07-18,2017,7,18,0
2017-07-19,2017,7,19,0.58938365
2017-07-20,2017,7,20,0.56064294
2017-07-21,2017,7,21,0.000582185
2017-07-22,2017,7,22,21.762378
2017-07-23,2017,7,23,6.6385077
2017-07-24,2017,7,24,0.37358492
2017-07-25,2017,7,25,0
2017-07-26,2017,7,26,0
2017-07-27,2017,7,27,17.371106
2017-07-28,2017,7,28,7.5155506
2017-07-29,2017,7,29,0
2017-07-30,2017,7,30,0
2017-07-31,2017,7,31,0
2017-08-01,2017,8,1,0
2017-08-02,2017,8,2,0
2017-08-03,2017,8,3,0
2017-08-04,2017,8,4,1.7961619
2017-08-05,2017,8,5,20.241125
2017-08-06,2017,8,6,6.1543546
2017-08-07,2017,8,7,12.826497
2017-08-08,2017,8,8,29.052389
2017-08-09,2017,8,9,11.870581
2017-08-10,2017,8,10,19.739746
2017-08-11,2017,8,11,8.3047086
2017-08-12,2017,8,12,25.973521
2017-08-13,2017,8,13,45.019871
2017-08-14,2017,8,14,20.565216
2017-08-15,2017,8,15,3.1331537
2017-08-16,2017,8,16,1.6207012
2017-08-17,2017,8,17,19.809027
2017-08-18,2017,8,18,23.976609
2017-08-19,2017,8,19,8.4265488
2017-08-20,2017,8,20,0
2017-08-21,2017,8,21,6.2861607
2017-08-22,2017,8,22,30.055635
2017-08-23,2017,8,23,23.568533
2017-08-24,2017,8,24,13.6176
2017-08-25,2017,8,25,7.5124133
2017-08-26,2017,8,26,11.83486
2017-08-27,2017,8,27,24.621195
2017-08-28,2017,8,28,3.6585136
2017-08-29,2017,8,29,0
2017-08-30,2017,8,30,5.2389309
2017-08-31,2017,8,31,17.818239
2017-09-01,2017,9,1,25.263058
2017-09-02,2017,9,2,0
2017-09-03,2017,9,3,1.0564117
2017-09-04,2017,9,4,0
2017-09-05,2017,9,5,7.9289655
2017-09-06,2017,9,6,0
2017-09-07,2017,9,7,9.6181768
2017-09-08,2017,9,8,0
2017-09-09,2017,9,9,0
2017-09-10,2017,9,10,1.8337631
2017-09-11,2017,9,11,0
2017-09-12,2017,9,12,0
2017-09-13,2017,9,13,19.403604
2017-09-14,2017,9,14,0
2017-09-15,2017,9,15,0
2017-09-16,2017,9,16,0
2017-09-17,2017,9,17,0
2017-09-18,2017,9,18,0
2017-09-19,2017,9,19,12.467888
2017-09-20,2017,9,20,0
2017-09-21,2017,9,21,0
2017-09-22,2017,9,22,0
2017-09-23,2017,9,23,0
2017-09-24,2017,9,24,0.012518101
2017-09-25,2017,9,25,0
2017-09-26,2017,9,26,0
2017-09-27,2017,9,27,0
2017-09-28,2017,9,28,0.0036645667
2017-09-29,2017,9,29,37.851301
2017-09-30,2017,9,30,21.817183
2017-10-01,2017,10,1,14.946893
2017-10-02,2017,10,2,36.366462
2017-10-03,2017,10,3,29.130998
2017-10-04,2017,10,4,26.47997
2017-10-05,2017,10,5,30.205712
2017-10-06,2017,10,6,0
2017-10-07,2017,10,7,4.1115436
2017-10-08,2017,10,8,5.8836556
2017-10-09,2017,10,9,8.3930804e-07
2017-10-10,2017,10,10,6.0408676
2017-10-11,2017,10,11,0
2017-10-12,2017,10,12,0
2017-10-13,2017,10,13,0
2017-10-14,2017,10,14,0
2017-10-15,2017,10,15,0
2017-10-16,2017,10,16,5.0167401
2017-10-17,2017,10,17,22.464938
2017-10-18,2017,10,18,0.005028598
2017-10-19,2017,10,19,0
2017-10-20,2017,10,20,0
2017-10-21,2017,10,21,0
2017-10-22,2017,10,22,0
2017-10-23,2017,10,23,8.7694817
2017-10-24,2017,10,24,0
2017-10-25,2017,10,25,0
2017-10-26,2017,10,26,0
2017-10-27,2017,10,27,12.527577
2017-10-28,2017,10,28,21.015642
2017-10-29,2017,10,29,14.857727
2017-10-30,2017,10,30,7.3778524
2017-10-31,2017,10,31,20.503124
2017-11-01,2017,11,1,7.7594654
2017-11-02,2017,11,2,11.106158
2017-11-03,2017,11,3,0
2017-11-04,2017,11,4,25.6779
2017-11-05,2017,11,5,4.1838682
2017-11-06,2017,11,6,0
2017-11-07,2017,11,7,8.7538321
2017-11-08,2017,11,8,0
2017-11-09,2017,11,9,0.0016245883
2017-11-10,2017,11,10,0
2017-11-11,2017,11,11,0
2017-11-12,2017,11,12,0
2017-11-13,2017,11,13,0
2017-11-14,2017,11,14,5.3304091
2017-11-15,2017,11,15,2.9625648
2017-11-16,2017,11,16,11.76508
2017-11-17,2017,11,17,0
2017-11-18,2017,11,18,0.59769179
2017-11-19,2017,11,19,0
2017-11-20,2017,11,20,0
2017-11-21,2017,11,21,0
2017-11-22,2017,11,22,0
2017-11-23,2017,11,23,0
2017-11-24,2017,11,24,0
2017-11-25,2017,11,25,0
2017-11-26,2017,11,26,0
2017-11-27,2017,11,27,0
2017-11-28,2017,11,28,0
2017-11-29,2017,11,29,0.0020887563
2017-11-30,2017,11,30,0
2017-12-01,2017,12,1,0
2017-12-02,2017,12,2,3.9209982
2017-12-03,2017,12,3,4.973612
2017-12-04,2017,12,4,0
2017-12-05,2017,12,5,0
2017-12-06,2017,12,6,0
2017-12-07,2017,12,7,0
2017-12-08,2017,12,8,0
2017-12-09,2017,12,9,0
2017-12-10,2017,12,10,0
2017-12-11,2017,12,11,1.8534766
2017-12-12,2017,12,12,0
2017-12-13,2017,12,13,0.71940847
2017-12-14,2017,12,14,0
2017-12-15,2017,12,15,1.5025647
2017-12-16,2017,12,16,21.200859
2017-12-17,2017,12,17,0
2017-12-18,2017,12,18,0
2017-12-19,2017,12,19,0
2017-12-20,2017,12,20,4.8632136
2017-12-21,2017,12,21,0
2017-12-22,2017,12,22,0
2017-12-23,2017,12,23,0
2017-12-24,2017,12,24,0
2017-12-25,2017,12,25,3.6630757
2017-12-26,2017,12,26,0.27110522
2017-12-27,2017,12,27,0
2017-12-28,2017,12,28,0
2017-12-29,2017,12,29,19.323426
2017-12-30,2017,12,30,0
2017-12-31,2017,12,31,0
2018-01-01,2018,1,1,0
2018-01-02,2018,1,2,2.515657
2018-01-03,2018,1,3,47.560505
2018-01-04,2018,1,4,3.3767638
2018-01-05,2018,1,5,0
2018-01-06,2018,1,6,0
2018-01-07,2018,1,7,0
2018-01-08,2018,1,8,0
2018-01-09,2018,1,9,0
2018-01-10,2018,1,10,0
2018-01-11,2018,1,11,0
2018-01-12,2018,1,12,0
2018-01-13,2018,1,13,0
2018-01-14,2018,1,14,0
2018-01-15,2018,1,15,0.83882742
2018-01-16,2018,1,16,0
2018-01-17,2018,1,17,0
2018-01-18,2018,1,18,0
2018-01-19,2018,1,19,0
2018-01-20,2018,1,20,0
2018-01-21,2018,1,21,0.13535158
2018-01-22,2018,1,22,0
2018-01-23,2018,1,23,0
2018-01-24,2018,1,24,0
2018-01-25,2018,1,25,0
2018-01-26,2018,1,26,0
2018-01-27,2018,1,27,0
2018-01-28,2018,1,28,0
2018-01-29,2018,1,29,0
2018-01-30,2018,1,30,0
2018-01-31,2018,1,31,0
2018-02-01,2018,2,1,0
2018-02-02,2018,2,2,0
2018-02-03,2018,2,3,0
2018-02-04,2018,2,4,0
2018-02-05,2018,2,5,0
2018-02-06,2018,2,6,0
2018-02-07,2018,2,7,0
2018-02-08,2018,2,8,0.0044392223
2018-02-09,2018,2,9,0
2018-02-10,2018,2,10,0
2018-02-11,2018,2,11,0
2018-02-12,2018,2,12,0
2018-02-13,2018,2,13,0
2018-02-14,2018,2,14,0
2018-02-15,2018,2,15,0
2018-02-16,2018,2,16,0
2018-02-17,2018,2,17,0.14782262
2018-02-18,2018,2,18,0
2018-02-19,2018,2,19,19.853174
2018-02-20,2018,2,20,0.1305922
2018-02-21,2018,2,21,1.2630044
2018-02-22,2018,2,22,16.115562
2018-02-23,2018,2,23,0
2018-02-24,2018,2,24,0
2018-02-25,2018,2,25,0
2018-02-26,2018,2,26,0
2018-02-27,2018,2,27,0
2018-02-28,2018,2,28,0
2018-03-01,2018,3,1,0
2018-03-02,2018,3,2,0
2018-03-03,2018,3,3,0
2018-03-04,2018,3,4,0.0024342961
2018-03-05,2018,3,5,0
2018-03-06,2018,3,6,0
2018-03-07,2018,3,7,0
2018-03-08,2018,3,8,0.32879505
2018-03-09,2018,3,9,11.885479
2018-03-10,2018,3,10,0
2018-03-11,2018,3,11,0
2018-03-12,2018,3,12,8.6499575
2018-03-13,2018,3,13,7.6484195
2018-03-14,2018,3,14,16.302161
2018-03-15,2018,3,15,0
2018-03-16,2018,3,16,39.05916
2018-03-17,2018,3,17,18.055654
2018-03-18,2018,3,18,0
2018-03-19,2018,3,19,0
2018-03-20,2018,3,20,0
2018-03-21,2018,3,21,11.762711
2018-03-22,2018,3,22,24.676418
2018-03-23,2018,3,23,9.3615778
2018-03-24,2018,3,24,0
2018-03-25,2018,3,25,0
2018-03-26,2018,3,26,0
2018-03-27,2018,3,27,0
2018-03-28,2018,3,28,0.25204018
2018-03-29,2018,3,29,0
2018-03-30,2018,3,30,0
2018-03-31,2018,3,31,0
2018-04-01,2018,4,1,0
2018-04-02,2018,4,2,0
2018-04-03,2018,4,3,11.904237
2018-04-04,2018,4,4,25.704369
2018-04-05,2018,4,5,0
2018-04-06,2018,4,6,0
2018-04-07,2018,4,7,0.43737032
2018-04-08,2018,4,8,1.6002872
2018-04-09,2018,4,9,47.119358
2018-04-10,2018,4,10,63.201446
2018-04-11,2018,4,11,9.7574415
2018-04-12,2018,4,12,0
2018-04-13,2018,4,13,0
2018-04-14,2018,4,14,0
2018-04-15,2018,4,15,0
2018-04-16,2018,4,16,7.0567009
2018-04-17,2018,4,17,0
2018-04-18,2018,4,18,0
2018-04-19,2018,4,19,0
2018-04-20,2018,4,20,0
2018-04-21,2018,4,21,9.2113952
2018-04-22,2018,4,22,1.4399189
2018-04-23,2018,4,23,0
2018-04-24,2018,4,24,0
2018-04-25,2018,4,25,0
2018-04-26,2018,4,26,30.001157
2018-04-27,2018,4,27,0
2018-04-28,2018,4,28,0
2018-04-29,2018,4,29,0
2018-04-30,2018,4,30,4.1443747
2018-05-01,2018,5,1,0
2018-05-02,2018,5,2,11.003394
2018-05-03,2018,5,3,0
2018-05-04,2018,5,4,4.2637964
2018-05-05,2018,5,5,0
2018-05-06,2018,5,6,7.1414596
2018-05-07,2018,5,7,5.5838283
2018-05-08,2018,5,8,0
2018-05-09,2018,5,9,0
2018-05-10,2018,5,10,0.010958891
2018-05-11,2018,5,11,0
2018-05-12,2018,5,12,2.0271852
2018-05-13,2018,5,13,34.259356
2018-05-14,2018,5,14,8.7372521
2018-05-15,2018,5,15,0
2018-05-16,2018,5,16,20.235313
2018-05-17,2018,5,17,14.505316
2018-05-18,2018,5,18,0
2018-05-19,2018,5,19,12.459084
2018-05-20,2018,5,20,0
2018-05-21,2018,5,21,0
2018-05-22,2018,5,22,0
2018-05-23,2018,5,23,0
2018-05-24,2018,5,24,0
2018-05-25,2018,5,25,12.981121
2018-05-26,2018,5,26,18.390563
2018-05-27,2018,5,27,36.438436
2018-05-28,2018,5,28,53.152991
2018-05-29,2018,5,29,4.4688236
2018-05-30,2018,5,30,7.3489593
2018-05-31,2018,5,31,0
2018-06-01,2018,6,1,0
2018-06-02,2018,6,2,0
2018-06-03,2018,6,3,0
2018-06-04,2018,6,4,0.025942642
2018-06-05,2018,6,5,18.207086
2018-06-06,2018,6,6,0
2018-06-07,2018,6,7,30.405369
2018-06-08,2018,6,8,22.846581
2018-06-09,2018,6,9,37.944915
2018-06-10,2018,6,10,19.995688
2018-06-11,2018,6,11,1.3263323
2018-06-12,2018,6,12,0
2018-06-13,2018,6,13,0
2018-06-14,2018,6,14,0.0062595483
2018-06-15,2018,6,15,0.29736811
2018-06-16,2018,6,16,0
2018-06-17,2018,6,17,0
2018-06-18,2018,6,18,0
2018-06-19,2018,6,19,7.8583527
2018-06-20,2018,6,20,6.0719203
2018-06-21,2018,6,21,2.7822202
2018-06-22,2018,6,22,17.976073
2018-06-23,2018,6,23,0
2018-06-24,2018,6,24,4.088896
2018-06-25,2018,6,25,48.3584
2018-06-26,2018,6,26,80.946088
2018-06-27,2018,6,27,7.1436787
2018-06-28,2018,6,28,6.0116547
2018-06-29,2018,6,29,17.864473
2018-06-30,2018,6,30,0.18434601
2018-07-01,2018,7,1,4.9452853
2018-07-02,2018,7,2,0.018024668
2018-07-03,2018,7,3,13.099918
2018-07-04,2018,7,4,11.757202
2018-07-05,2018,7,5,15.581268
2018-07-06,2018,7,6,20.808939
2018-07-07,2018,7,7,0
2018-07-08,2018,7,8,0
2018-07-09,2018,7,9,0
2018-07-10,2018,7,10,0
2018-07-11,2018,7,11,6.4216771
2018-07-12,2018,7,12,34.085184
2018-07-13,2018,7,13,25.923682
2018-07-14,2018,7,14,10.431648
2018-07-15,2018,7,15,0
2018-07-16,2018,7,16,0
2018-07-17,2018,7,17,0
2018-07-18,2018,7,18,0.00038449872
2018-07-19,2018,7,19,0
2018-07-20,2018,7,20,0
2018-07-21,2018,7,21,21.156413
2018-07-22,2018,7,22,1.0605529
2018-07-23,2018,7,23,0
2018-07-24,2018,7,24,0
2018-07-25,2018,7,25,0
2018-07-26,2018,7,26,0
2018-07-27,2018,7,27,0.036304545
2018-07-28,2018,7,28,0
2018-07-29,2018,7,29,0
2018-07-30,2018,7,30,0
2018-07-31,2018,7,31,0
2018-08-01,2018,8,1,0
2018-08-02,2018,8,2,16.285742
2018-08-03,2018,8,3,1.7626528
2018-08-04,2018,8,4,20.342521
2018-08-05,2018,8,5,26.375362
2018-08-06,2018,8,6,25.768528
2018-08-07,2018,8,7,0.020591423
2018-08-08,2018,8,8,0
2018-08-09,2018,8,9,0
2018-08-10,2018,8,10,0
2018-08-11,2018,8,11,0
2018-08-12,2018,8,12,12.811673
2018-08-13,2018,8,13,6.1775181
2018-08-14,2018,8,14,0
2018-08-15,2018,8,15,0
2018-08-16,2018,8,16,15.117892
2018-08-17,2018,8,17,12.697855
2018-08-18,2018,8,18,0
2018-08-19,2018,8,19,0
2018-08-20,2018,8,20,0
2018-08-21,2018,8,21,0
2018-08-22,2018,8,22,29.477238
2018-08-23,2018,8,23,13.884824
2018-08-24,2018,8,24,0
2018-08-25,2018,8,25,0
2018-08-26,2018,8,26,0
2018-08-27,2018,8,27,0
2018-08-28,2018,8,28,13.921781
2018-08-29,2018,8,29,9.1725908
2018-08-30,2018,8,30,7.4430335
2018-08-31,2018,8,31,2.2533177
2018-09-01,2018,9,1,0
2018-09-02,2018,9,2,4.7664606
2018-09-03,2018,9,3,0
2018-09-04,2018,9,4,0
2018-09-05,2018,9,5,12.668057
2018-09-06,2018,9,6,0
2018-09-07,2018,9,7,0
2018-09-08,2018,9,8,0
2018-09-09,2018,9,9,0
2018-09-10,2018,9,10,0
2018-09-11,2018,9,11,0
2018-09-12,2018,9,12,0
2018-09-13,2018,9,13,0
2018-09-14,2018,9,14,0
2018-09-15,2018,9,15,0
2018-09-16,2018,9,16,33.126911
2018-09-17,2018,9,17,37.033103
2018-09-18,2018,9,18,23.66713
2018-09-19,2018,9,19,20.047908
2018-09-20,2018,9,20,27.888046
2018-09-21,2018,9,21,22.616414
2018-09-22,2018,9,22,18.52519
2018-09-23,2018,9,23,7.6611993
2018-09-24,2018,9,24,0
2018-09-25,2018,9,25,0
2018-09-26,2018,9,26,11.241861
2018-09-27,2018,9,27,19.544386
2018-09-28,2018,9,28,49.444812
2018-09-29,2018,9,29,29.474845
2018-09-30,2018,9,30,8.1012825
2018-10-01,2018,10,1,2.8925353
2018-10-02,2018,10,2,0.32051771
2018-10-03,2018,10,3,0
2018-10-04,2018,10,4,0
2018-10-05,2018,10,5,0
2018-10-06,2018,10,6,0
2018-10-07,2018,10,7,14.907793
2018-10-08,2018,10,8,22.753037
2018-10-09,2018,10,9,1.6684639
2018-10-10,2018,10,10,0
2018-10-11,2018,10,11,0.076411504
2018-10-12,2018,10,12,0
2018-10-13,2018,10,13,0
2018-10-14,2018,10,14,1.8666986
2018-10-15,2018,10,15,11.053694
2018-10-16,2018,10,16,39.221338
2018-10-17,2018,10,17,35.27975
2018-10-18,2018,10,18,0.0034147416
2018-10-19,2018,10,19,2.3342364
2018-10-20,2018,10,20,0
2018-10-21,2018,10,21,0
2018-10-22,2018,10,22,0
2018-10-23,2018,10,23,24.767071
2018-10-24,2018,10,24,0.87065749
2018-10-25,2018,10,25,0
2018-10-26,2018,10,26,0
2018-10-27,2018,10,27,0.14210741
2018-10-28,2018,10,28,24.979151
2018-10-29,2018,10,29,20.012882
2018-10-30,2018,10,30,1.4064059
2018-10-31,2018,10,31,0
2018-11-01,2018,11,1,17.431025
2018-11-02,2018,11,2,20.533586
2018-11-03,2018,11,3,2.6926695
2018-11-04,2018,11,4,12.891973
2018-11-05,2018,11,5,0
2018-11-06,2018,11,6,0
2018-11-07,2018,11,7,0
2018-11-08,2018,11,8,0.14914743
2018-11-09,2018,11,9,54.625431
2018-11-10,2018,11,10,14.016357
2018-11-11,2018,11,11,6.3297591
2018-11-12,2018,11,12,7.0777587
2018-11-13,2018,11,13,2.2269553
2018-11-14,2018,11,14,9.5184092
2018-11-15,2018,11,15,0
2018-11-16,2018,11,16,17.647499
2018-11-17,2018,11,17,2.2874354
2018-11-18,2018,11,18,0
2018-11-19,2018,11,19,0
2018-11-20,2018,11,20,0
2018-11-21,2018,11,21,20.598043
2018-11-22,2018,11,22,0
2018-11-23,2018,11,23,0
2018-11-24,2018,11,24,0
2018-11-25,2018,11,25,0
2018-11-26,2018,11,26,0
2018-11-27,2018,11,27,0
2018-11-28,2018,11,28,0
2018-11-29,2018,11,29,0.00034941392
2018-11-30,2018,11,30,0
2018-12-01,2018,12,1,0
2018-12-02,2018,12,2,0
2018-12-03,2018,12,3,0
2018-12-04,2018,12,4,0.72041967
2018-12-05,2018,12,5,0
2018-12-06,2018,12,6,0
2018-12-07,2018,12,7,0
2018-12-08,2018,12,8,7.2044335
2018-12-09,2018,12,9,1.4972607
2018-12-10,2018,12,10,21.276637
2018-12-11,2018,12,11,3.1238398
2018-12-12,2018,12,12,0
2018-12-13,2018,12,13,18.552268
2018-12-14,2018,12,14,0.16634639
2018-12-15,2018,12,15,0
2018-12-16,2018,12,16,0.11442845
2018-12-17,2018,12,17,0
2018-12-18,2018,12,18,0
2018-12-19,2018,12,19,2.3181795
2018-12-20,2018,12,20,0
2018-12-21,2018,12,21,0
2018-12-22,2018,12,22,0
2018-12-23,2018,12,23,0
2018-12-24,2018,12,24,0
2018-12-25,2018,12,25,0
2018-12-26,2018,12,26,0
2018-12-27,2018,12,27,0
2018-12-28,2018,12,28,0
2018-12-29,2018,12,29,14.570277
2018-12-30,2018,12,30,0
2018-12-31,2018,12,31,0
2019-01-01,2019,1,1,0
2019-01-02,2019,1,2,0
2019-01-03,2019,1,3,0
2019-01-04,2019,1,4,0
2019-01-05,2019,1,5,0
2019-01-06,2019,1,6,0
2019-01-07,2019,1,7,19.572599
2019-01-08,2019,1,8,39.405387
2019-01-09,2019,1,9,3.4306773
2019-01-10,2019,1,10,0
2019-01-11,2019,1,11,0
2019-01-12,2019,1,12,0
2019-01-13,2019,1,13,0
2019-01-14,2019,1,14,1.7556395
2019-01-15,2019,1,15,0.084616377
2019-01-16,2019,1,16,0
2019-01-17,2019,1,17,0
2019-01-18,2019,1,18,0
2019-01-19,2019,1,19,0
2019-01-20,2019,1,20,0
2019-01-21,2019,1,21,0
2019-01-22,2019,1,22,0
2019-01-23,2019,1,23,0
2019-01-24,2019,1,24,0
2019-01-25,2019,1,25,0
2019-01-26,2019,1,26,0
2019-01-27,2019,1,27,0
2019-01-28,2019,1,28,0
2019-01-29,2019,1,29,0
2019-01-30,2019,1,30,0
2019-01-31,2019,1,31,0
2019-02-01,2019,2,1,0
2019-02-02,2019,2,2,0
2019-02-03,2019,2,3,0
2019-02-04,2019,2,4,0
2019-02-05,2019,2,5,0
2019-02-06,2019,2,6,0
2019-02-07,2019,2,7,0
2019-02-08,2019,2,8,0
2019-02-09,2019,2,9,0
2019-02-10,2019,2,10,11.88335
2019-02-11,2019,2,11,0
2019-02-12,2019,2,12,0
2019-02-13,2019,2,13,0
2019-02-14,2019,2,14,0
2019-02-15,2019,2,15,0
2019-02-16,2019,2,16,0
2019-02-17,2019,2,17,0
2019-02-18,2019,2,18,0.6904758
2019-02-19,2019,2,19,6.8225299
2019-02-20,2019,2,20,2.4097524
2019-02-21,2019,2,21,14.144145
2019-02-22,2019,2,22,0.82436227
2019-02-23,2019,2,23,0
2019-02-24,2019,2,24,0
2019-02-25,2019,2,25,0
2019-02-26,2019,2,26,0
2019-02-27,2019,2,27,0
2019-02-28,2019,2,28,0
2019-03-01,2019,3,1,0
2019-03-02,2019,3,2,0
2019-03-03,2019,3,3,0
2019-03-04,2019,3,4,1.5209078
2019-03-05,2019,3,5,0
2019-03-06,2019,3,6,48.755637
2019-03-07,2019,3,7,0
2019-03-08,2019,3,8,0
2019-03-09,2019,3,9,0
2019-03-10,2019,3,10,0
2019-03-11,2019,3,11,0
2019-03-12,2019,3,12,0
2019-03-13,2019,3,13,0
2019-03-14,2019,3,14,0
2019-03-15,2019,3,15,0
2019-03-16,2019,3,16,0
2019-03-17,2019,3,17,0.90933843
2019-03-18,2019,3,18,0
2019-03-19,2019,3,19,0
2019-03-20,2019,3,20,0
2019-03-21,2019,3,21,0
2019-03-22,2019,3,22,0
2019-03-23,2019,3,23,0
2019-03-24,2019,3,24,0
2019-03-25,2019,3,25,0
2019-03-26,2019,3,26,0
2019-03-27,2019,3,27,0
2019-03-28,2019,3,28,0
2019-03-29,2019,3,29,0
2019-03-30,2019,3,30,0
2019-03-31,2019,3,31,0
2019-04-01,2019,4,1,0
2019-04-02,2019,4,2,0
2019-04-03,2019,4,3,25.373969
2019-04-04,2019,4,4,0
2019-04-05,2019,4,5,0
2019-04-06,2019,4,6,0
2019-04-07,2019,4,7,0
2019-04-08,2019,4,8,0
2019-04-09,2019,4,9,0
2019-04-10,2019,4,10,0
2019-04-11,2019,4,11,0
2019-04-12,2019,4,12,12.637471
2019-04-13,2019,4,13,6.0199526
2019-04-14,2019,4,14,0.071915979
2019-04-15,2019,4,15,0
2019-04-16,2019,4,16,0
2019-04-17,2019,4,17,0
2019-04-18,2019,4,18,0
2019-04-19,2019,4,19,0
2019-04-20,2019,4,20,0
2019-04-21,2019,4,21,0
2019-04-22,2019,4,22,0
2019-04-23,2019,4,23,0
2019-04-24,2019,4,24,6.1116241
2019-04-25,2019,4,25,0
2019-04-26,2019,4,26,0
2019-04-27,2019,4,27,4.0110298
2019-04-28,2019,4,28,4.3970094
2019-04-29,2019,4,29,0
2019-04-30,2019,4,30,0.46040608
2019-05-01,2019,5,1,56.278921
2019-05-02,2019,5,2,74.957793
2019-05-03,2019,5,3,44.678922
2019-05-04,2019,5,4,9.0221202
2019-05-05,2019,5,5,0
2019-05-06,2019,5,6,0
2019-05-07,2019,5,7,0
2019-05-08,2019,5,8,0
2019-05-09,2019,5,9,3.7421665
2019-05-10,2019,5,10,0
2019-05-11,2019,5,11,2.3672025
2019-05-12,2019,5,12,3.2041803
2019-05-13,2019,5,13,0
2019-05-14,2019,5,14,0
2019-05-15,2019,5,15,0
2019-05-16,2019,5,16,23.120984
2019-05-17,2019,5,17,13.697975
2019-05-18,2019,5,18,0
2019-05-19,2019,5,19,0.010023844
2019-05-20,2019,5,20,0
2019-05-21,2019,5,21,0
2019-05-22,2019,5,22,0
2019-05-23,2019,5,23,0
2019-05-24,2019,5,24,0
2019-05-25,2019,5,25,0
2019-05-26,2019,5,26,14.153529
2019-05-27,2019,5,27,10.079385
2019-05-28,2019,5,28,3.5555223
2019-05-29,2019,5,29,16.920359
2019-05-30,2019,5,30,14.917344
2019-05-31,2019,5,31,33.972015
2019-06-01,2019,6,1,28.345271
2019-06-02,2019,6,2,7.4001951
2019-06-03,2019,6,3,6.2394069
2019-06-04,2019,6,4,35.624297
2019-06-05,2019,6,5,26.299466
2019-06-06,2019,6,6,12.604054
2019-06-07,2019,6,7,0.52393691
2019-06-08,2019,6,8,0.83411505
2019-06-09,2019,6,9,16.862386
2019-06-10,2019,6,10,0
2019-06-11,2019,6,11,12.848604
2019-06-12,2019,6,12,33.232896
2019-06-13,2019,6,13,10.617437
2019-06-14,2019,6,14,0
2019-06-15,2019,6,15,0.10607904
2019-06-16,2019,6,16,0
2019-06-17,2019,6,17,3.5224888
2019-06-18,2019,6,18,1.4625693
2019-06-19,2019,6,19,0
2019-06-20,2019,6,20,0.11722996
2019-06-21,2019,6,21,2.6026544
2019-06-22,2019,6,22,14.439279
2019-06-23,2019,6,23,13.607429
2019-06-24,2019,6,24,17.023508
2019-06-25,2019,6,25,41.916167
2019-06-26,2019,6,26,93.587089
2019-06-27,2019,6,27,42.632086
2019-06-28,2019,6,28,19.085478
2019-06-29,2019,6,29,4.3241059
2019-06-30,2019,6,30,0
2019-07-01,2019,7,1,14.485813
2019-07-02,2019,7,2,12.313725
2019-07-03,2019,7,3,7.724847
2019-07-04,2019,7,4,0
2019-07-05,2019,7,5,0
2019-07-06,2019,7,6,0
2019-07-07,2019,7,7,0.083487664
2019-07-08,2019,7,8,9.8616891
2019-07-09,2019,7,9,0.24379162
2019-07-10,2019,7,10,15.470763
2019-07-11,2019,7,11,6.3421086
2019-07-12,2019,7,12,11.511648
2019-07-13,2019,7,13,19.168554
2019-07-14,2019,7,14,4.8421144
2019-07-15,2019,7,15,0
2019-07-16,2019,7,16,18.126172
2019-07-17,2019,7,17,27.738012
2019-07-18,2019,7,18,0.0027922808
2019-07-19,2019,7,19,34.114861
2019-07-20,2019,7,20,55.097605
2019-07-21,2019,7,21,21.449137
2019-07-22,2019,7,22,0
2019-07-23,2019,7,23,0
2019-07-24,2019,7,24,0
2019-07-25,2019,7,25,0.10480684
2019-07-26,2019,7,26,0
2019-07-27,2019,7,27,0
2019-07-28,2019,7,28,26.252499
2019-07-29,2019,7,29,37.393545
2019-07-30,2019,7,30,33.778524
2019-07-31,2019,7,31,31.316241
2019-08-01,2019,8,1,3.2564003
2019-08-02,2019,8,2,0
2019-08-03,2019,8,3,0
2019-08-04,2019,8,4,0
2019-08-05,2019,8,5,17.49396
2019-08-06,2019,8,6,5.7937467
2019-08-07,2019,8,7,0
2019-08-08,2019,8,8,0
2019-08-09,2019,8,9,0
2019-08-10,2019,8,10,20.452453
2019-08-11,2019,8,11,17.977198
2019-08-12,2019,8,12,0
2019-08-13,2019,8,13,0
2019-08-14,2019,8,14,0
2019-08-15,2019,8,15,0
2019-08-16,2019,8,16,17.375497
2019-08-17,2019,8,17,9.8719154
2019-08-18,2019,8,18,0
2019-08-19,2019,8,19,0
2019-08-20,2019,8,20,4.4277011
2019-08-21,2019,8,21,0.22561703
2019-08-22,2019,8,22,0
2019-08-23,2019,8,23,2.8896254
2019-08-24,2019,8,24,0.15744041
2019-08-25,2019,8,25,24.317006
2019-08-26,2019,8,26,8.6162183
2019-08-27,2019,8,27,16.281476
2019-08-28,2019,8,28,28.698951
2019-08-29,2019,8,29,2.9041446
2019-08-30,2019,8,30,0
2019-08-31,2019,8,31,0
2019-09-01,2019,9,1,0
2019-09-02,2019,9,2,0
2019-09-03,2019,9,3,0
2019-09-04,2019,9,4,0
2019-09-05,2019,9,5,4.6732212
2019-09-06,2019,9,6,7.5899632
2019-09-07,2019,9,7,3.9752717
2019-09-08,2019,9,8,10.569735
2019-09-09,2019,9,9,5.5350722
2019-09-10,2019,9,10,1.6883108
2019-09-11,2019,9,11,0
2019-09-12,2019,9,12,0
2019-09-13,2019,9,13,0
2019-09-14,2019,9,14,33.563027
2019-09-15,2019,9,15,5.6479958
2019-09-16,2019,9,16,0
2019-09-17,2019,9,17,0
2019-09-18,2019,9,18,10.766611
2019-09-19,2019,9,19,4.0148673
2019-09-20,2019,9,20,0.0083739051
2019-09-21,2019,9,21,0
2019-09-22,2019,9,22,0
2019-09-23,2019,9,23,0
2019-09-24,2019,9,24,0
2019-09-25,2019,9,25,0
2019-09-26,2019,9,26,0
2019-09-27,2019,9,27,0
2019-09-28,2019,9,28,0.013918238
2019-09-29,2019,9,29,21.224777
2019-09-30,2019,9,30,14.392183
2019-10-01,2019,10,1,7.1315577
2019-10-02,2019,10,2,0.34706055
2019-10-03,2019,10,3,4.6136732
2019-10-04,2019,10,4,0
2019-10-05,2019,10,5,0.00965653
2019-10-06,2019,10,6,24.141129
2019-10-07,2019,10,7,0
2019-10-08,2019,10,8,0
2019-10-09,2019,10,9,0
2019-10-10,2019,10,10,0
2019-10-11,2019,10,11,2.9995352
2019-10-12,2019,10,12,0
2019-10-13,2019,10,13,0
2019-10-14,2019,10,14,1.0116821
2019-10-15,2019,10,15,0
2019-10-16,2019,10,16,0.12591667
2019-10-17,2019,10,17,0
2019-10-18,2019,10,18,0
2019-10-19,2019,10,19,3.1346659
2019-10-20,2019,10,20,6.6106056
2019-10-21,2019,10,21,0
2019-10-22,2019,10,22,0
2019-10-23,2019,10,23,0
2019-10-24,2019,10,24,0
2019-10-25,2019,10,25,11.555826
2019-10-26,2019,10,26,15.895721
2019-10-27,2019,10,27,6.0223285
2019-10-28,2019,10,28,22.110217
2019-10-29,2019,10,29,12.026825
2019-10-30,2019,10,30,0
2019-10-31,2019,10,31,0
2019-11-01,2019,11,1,16.067603
2019-11-02,2019,11,2,0
2019-11-03,2019,11,3,6.7056106
2019-11-04,2019,11,4,3.6715856
2019-11-05,2019,11,5,0
2019-11-06,2019,11,6,0
2019-11-07,2019,11,7,0
2019-11-08,2019,11,8,0
2019-11-09,2019,11,9,0
2019-11-10,2019,11,10,0
2019-11-11,2019,11,11,0
2019-11-12,2019,11,12,0
2019-11-13,2019,11,13,0
2019-11-14,2019,11,14,0
2019-11-15,2019,11,15,12.332393
2019-11-16,2019,11,16,0
2019-11-17,2019,11,17,0
2019-11-18,2019,11,18,0
2019-11-19,2019,11,19,0
2019-11-20,2019,11,20,0
2019-11-21,2019,11,21,0
2019-11-22,2019,11,22,0
2019-11-23,2019,11,23,0.41258479
2019-11-24,2019,11,24,13.566464
2019-11-25,2019,11,25,10.93969
2019-11-26,2019,11,26,3.0577363
2019-11-27,2019,11,27,0
2019-11-28,2019,11,28,14.302758
2019-11-29,2019,11,29,4.5302667
2019-11-30,2019,11,30,0
2019-12-01,2019,12,1,0
2019-12-02,2019,12,2,0
2019-12-03,2019,12,3,0
2019-12-04,2019,12,4,0
2019-12-05,2019,12,5,0
2019-12-06,2019,12,6,0
2019-12-07,2019,12,7,0
2019-12-08,2019,12,8,0
2019-12-09,2019,12,9,0
2019-12-10,2019,12,10,0
2019-12-11,2019,12,11,2.9639294
2019-12-12,2019,12,12,0
2019-12-13,2019,12,13,1.0024047
2019-12-14,2019,12,14,0
2019-12-15,2019,12,15,0
2019-12-16,2019,12,16,0
2019-12-17,2019,12,17,0
2019-12-18,2019,12,18,5.4678098
2019-12-19,2019,12,19,0.7700164
2019-12-20,2019,12,20,0
2019-12-21,2019,12,21,0
2019-12-22,2019,12,22,0
2019-12-23,2019,12,23,22.777477
2019-12-24,2019,12,24,1.8232957
2019-12-25,2019,12,25,0
2019-12-26,2019,12,26,0
2019-12-27,2019,12,27,0.053287168
2019-12-28,2019,12,28,0
2019-12-29,2019,12,29,0
2019-12-30,2019,12,30,0
2019-12-31,2019,12,31,0
2020-01-01,2020,1,1,0
2020-01-02,2020,1,2,0
2020-01-03,2020,1,3,0
2020-01-04,2020,1,4,0
2020-01-05,2020,1,5,6.2884522
2020-01-06,2020,1,6,0
2020-01-07,2020,1,7,7.2529611
2020-01-08,2020,1,8,28.917328
2020-01-09,2020,1,9,1.6628656
2020-01-10,2020,1,10,0
2020-01-11,2020,1,11,0
2020-01-12,2020,1,12,0
2020-01-13,2020,1,13,0
2020-01-14,2020,1,14,0.059131602
2020-01-15,2020,1,15,0
2020-01-16,2020,1,16,0
2020-01-17,2020,1,17,0
2020-01-18,2020,1,18,0
2020-01-19,2020,1,19,0
2020-01-20,2020,1,20,0
2020-01-21,2020,1,21,0
2020-01-22,2020,1,22,0
2020-01-23,2020,1,23,0
2020-01-24,2020,1,24,0
2020-01-25,2020,1,25,0
2020-01-26,2020,1,26,0
2020-01-27,2020,1,27,0.085039834
2020-01-28,2020,1,28,1.3769384
2020-01-29,2020,1,29,0
2020-01-30,2020,1,30,0
2020-01-31,2020,1,31,0
2020-02-01,2020,2,1,3.4089674
2020-02-02,2020,2,2,0
2020-02-03,2020,2,3,21.297832
2020-02-04,2020,2,4,2.7137842
2020-02-05,2020,2,5,0
2020-02-06,2020,2,6,0
2020-02-07,2020,2,7,0
2020-02-08,2020,2,8,0
2020-02-09,2020,2,9,0
2020-02-10,2020,2,10,0
2020-02-11,2020,2,11,0
2020-02-12,2020,2,12,0
2020-02-13,2020,2,13,0
2020-02-14,2020,2,14,0
2020-02-15,2020,2,15,0
2020-02-16,2020,2,16,7.0852694
2020-02-17,2020,2,17,0
2020-02-18,2020,2,18,0
2020-02-19,2020,2,19,0
2020-02-20,2020,2,20,0
2020-02-21,2020,2,21,0
2020-02-22,2020,2,22,0
2020-02-23,2020,2,23,0.31483288
2020-02-24,2020,2,24,0
2020-02-25,2020,2,25,0
2020-02-26,2020,2,26,0
2020-02-27,2020,2,27,0
2020-02-28,2020,2,28,0
2020-02-29,2020,2,29,0
2020-03-01,2020,3,1,0
2020-03-02,2020,3,2,0
2020-03-03,2020,3,3,0
2020-03-04,2020,3,4,0
2020-03-05,2020,3,5,0
2020-03-06,2020,3,6,0.24161793
2020-03-07,2020,3,7,0
2020-03-08,2020,3,8,0
2020-03-09,2020,3,9,0
2020-03-10,2020,3,10,0
2020-03-11,2020,3,11,0
2020-03-12,2020,3,12,0.56885608
2020-03-13,2020,3,13,4.2144584
2020-03-14,2020,3,14,0
2020-03-15,2020,3,15,0
2020-03-16,2020,3,16,0
2020-03-17,2020,3,17,0
2020-03-18,2020,3,18,0
2020-03-19,2020,3,19,0
2020-03-20,2020,3,20,0
2020-03-21,2020,3,21,0
2020-03-22,2020,3,22,0
2020-03-23,2020,3,23,23.168656
2020-03-24,2020,3,24,0
2020-03-25,2020,3,25,0
2020-03-26,2020,3,26,0
2020-03-27,2020,3,27,0
2020-03-28,2020,3,28,1.181486
2020-03-29,2020,3,29,0
2020-03-30,2020,3,30,0
2020-03-31,2020,3,31,0
2020-04-01,2020,4,1,0
2020-04-02,2020,4,2,0
2020-04-03,2020,4,3,0
2020-04-04,2020,4,4,0
2020-04-05,2020,4,5,0.013927191
2020-04-06,2020,4,6,0
2020-04-07,2020,4,7,0
2020-04-08,2020,4,8,0
2020-04-09,2020,4,9,0
2020-04-10,2020,4,10,0.012839102
2020-04-11,2020,4,11,0
2020-04-12,2020,4,12,0
2020-04-13,2020,4,13,0
2020-04-14,2020,4,14,0
2020-04-15,2020,4,15,0.14123721
2020-04-16,2020,4,16,3.5705461e-05
2020-04-17,2020,4,17,16.06974
2020-04-18,2020,4,18,10.610069
2020-04-19,2020,4,19,0.042906205
2020-04-20,2020,4,20,0
2020-04-21,2020,4,21,0
2020-04-22,2020,4,22,0
2020-04-23,2020,4,23,18.626086
2020-04-24,2020,4,24,8.54829
2020-04-25,2020,4,25,6.0101566
2020-04-26,2020,4,26,7.0129637
2020-04-27,2020,4,27,7.3405422
2020-04-28,2020,4,28,0.31646718
2020-04-29,2020,4,29,0
2020-04-30,2020,4,30,0
