"date","year","month","day","8317001"
1979-01-01,1979,1,1,0
1979-01-02,1979,1,2,0
1979-01-03,1979,1,3,0
1979-01-04,1979,1,4,0
1979-01-05,1979,1,5,0
1979-01-06,1979,1,6,0
1979-01-07,1979,1,7,0
1979-01-08,1979,1,8,0
1979-01-09,1979,1,9,0
1979-01-10,1979,1,10,0
1979-01-11,1979,1,11,4.6388255
1979-01-12,1979,1,12,14.215048
1979-01-13,1979,1,13,0
1979-01-14,1979,1,14,0
1979-01-15,1979,1,15,0
1979-01-16,1979,1,16,0
1979-01-17,1979,1,17,0
1979-01-18,1979,1,18,0
1979-01-19,1979,1,19,0
1979-01-20,1979,1,20,0
1979-01-21,1979,1,21,0
1979-01-22,1979,1,22,0
1979-01-23,1979,1,23,0
1979-01-24,1979,1,24,0
1979-01-25,1979,1,25,0.01271407
1979-01-26,1979,1,26,1.1254019
1979-01-27,1979,1,27,0
1979-01-28,1979,1,28,0
1979-01-29,1979,1,29,0
1979-01-30,1979,1,30,0
1979-01-31,1979,1,31,0
1979-02-01,1979,2,1,0
1979-02-02,1979,2,2,0
1979-02-03,1979,2,3,2.5411673
1979-02-04,1979,2,4,3.8194485
1979-02-05,1979,2,5,0
1979-02-06,1979,2,6,0
1979-02-07,1979,2,7,0
1979-02-08,1979,2,8,0.052310043
1979-02-09,1979,2,9,0
1979-02-10,1979,2,10,0
1979-02-11,1979,2,11,0
1979-02-12,1979,2,12,0
1979-02-13,1979,2,13,4.3895287
1979-02-14,1979,2,14,2.2333951
1979-02-15,1979,2,15,0
1979-02-16,1979,2,16,0
1979-02-17,1979,2,17,0
1979-02-18,1979,2,18,0
1979-02-19,1979,2,19,0
1979-02-20,1979,2,20,0
1979-02-21,1979,2,21,0
1979-02-22,1979,2,22,0
1979-02-23,1979,2,23,0
1979-02-24,1979,2,24,0
1979-02-25,1979,2,25,0
1979-02-26,1979,2,26,0
1979-02-27,1979,2,27,0
1979-02-28,1979,2,28,0
1979-03-01,1979,3,1,0
1979-03-02,1979,3,2,0.014102916
1979-03-03,1979,3,3,3.5398071
1979-03-04,1979,3,4,4.547196
1979-03-05,1979,3,5,16.88846
1979-03-06,1979,3,6,0
1979-03-07,1979,3,7,0
1979-03-08,1979,3,8,0
1979-03-09,1979,3,9,0
1979-03-10,1979,3,10,8.9034932e-05
1979-03-11,1979,3,11,0
1979-03-12,1979,3,12,0
1979-03-13,1979,3,13,0
1979-03-14,1979,3,14,0
1979-03-15,1979,3,15,0
1979-03-16,1979,3,16,0
1979-03-17,1979,3,17,0
1979-03-18,1979,3,18,0
1979-03-19,1979,3,19,0
1979-03-20,1979,3,20,0
1979-03-21,1979,3,21,0.0032483417
1979-03-22,1979,3,22,0
1979-03-23,1979,3,23,0
1979-03-24,1979,3,24,0
1979-03-25,1979,3,25,0.086525592
1979-03-26,1979,3,26,0
1979-03-27,1979,3,27,0
1979-03-28,1979,3,28,4.736578e-05
1979-03-29,1979,3,29,0
1979-03-30,1979,3,30,0
1979-03-31,1979,3,31,0
1979-04-01,1979,4,1,0
1979-04-02,1979,4,2,0.33597588
1979-04-03,1979,4,3,0.00010861629
1979-04-04,1979,4,4,0
1979-04-05,1979,4,5,0
1979-04-06,1979,4,6,0
1979-04-07,1979,4,7,0
1979-04-08,1979,4,8,0
1979-04-09,1979,4,9,0
1979-04-10,1979,4,10,0
1979-04-11,1979,4,11,0
1979-04-12,1979,4,12,0
1979-04-13,1979,4,13,0
1979-04-14,1979,4,14,0
1979-04-15,1979,4,15,0
1979-04-16,1979,4,16,0
1979-04-17,1979,4,17,0
1979-04-18,1979,4,18,0
1979-04-19,1979,4,19,0
1979-04-20,1979,4,20,0
1979-04-21,1979,4,21,0
1979-04-22,1979,4,22,0
1979-04-23,1979,4,23,0
1979-04-24,1979,4,24,0
1979-04-25,1979,4,25,0
1979-04-26,1979,4,26,0
1979-04-27,1979,4,27,18.42337
1979-04-28,1979,4,28,11.187883
1979-04-29,1979,4,29,0
1979-04-30,1979,4,30,6.4968607
1979-05-01,1979,5,1,35.954373
1979-05-02,1979,5,2,8.2623315
1979-05-03,1979,5,3,0
1979-05-04,1979,5,4,0
1979-05-05,1979,5,5,0
1979-05-06,1979,5,6,0
1979-05-07,1979,5,7,0
1979-05-08,1979,5,8,0
1979-05-09,1979,5,9,10.701584
1979-05-10,1979,5,10,23.545596
1979-05-11,1979,5,11,0.00053368283
1979-05-12,1979,5,12,2.1994683
1979-05-13,1979,5,13,7.3940041
1979-05-14,1979,5,14,24.049575
1979-05-15,1979,5,15,24.764883
1979-05-16,1979,5,16,35.6687
1979-05-17,1979,5,17,26.420689
1979-05-18,1979,5,18,14.784419
1979-05-19,1979,5,19,10.890596
1979-05-20,1979,5,20,21.096549
1979-05-21,1979,5,21,9.0038773
1979-05-22,1979,5,22,5.9795005e-05
1979-05-23,1979,5,23,0
1979-05-24,1979,5,24,21.042232
1979-05-25,1979,5,25,0.079795446
1979-05-26,1979,5,26,14.492971
1979-05-27,1979,5,27,26.953873
1979-05-28,1979,5,28,2.3645299
1979-05-29,1979,5,29,0
1979-05-30,1979,5,30,0
1979-05-31,1979,5,31,0.092524196
1979-06-01,1979,6,1,24.329176
1979-06-02,1979,6,2,22.409258
1979-06-03,1979,6,3,4.8961668
1979-06-04,1979,6,4,0
1979-06-05,1979,6,5,0
1979-06-06,1979,6,6,0
1979-06-07,1979,6,7,0
1979-06-08,1979,6,8,0
1979-06-09,1979,6,9,0
1979-06-10,1979,6,10,0
1979-06-11,1979,6,11,0
1979-06-12,1979,6,12,0
1979-06-13,1979,6,13,0.087146724
1979-06-14,1979,6,14,0
1979-06-15,1979,6,15,0.31327114
1979-06-16,1979,6,16,0.00011929159
1979-06-17,1979,6,17,2.2109772
1979-06-18,1979,6,18,45.032723
1979-06-19,1979,6,19,0.092318473
1979-06-20,1979,6,20,0
1979-06-21,1979,6,21,0
1979-06-22,1979,6,22,20.795583
1979-06-23,1979,6,23,0.069301271
1979-06-24,1979,6,24,0.04601584
1979-06-25,1979,6,25,0
1979-06-26,1979,6,26,0
1979-06-27,1979,6,27,0
1979-06-28,1979,6,28,0
1979-06-29,1979,6,29,0
1979-06-30,1979,6,30,0
1979-07-01,1979,7,1,0
1979-07-02,1979,7,2,0
1979-07-03,1979,7,3,0
1979-07-04,1979,7,4,0
1979-07-05,1979,7,5,0
1979-07-06,1979,7,6,0
1979-07-07,1979,7,7,0
1979-07-08,1979,7,8,0
1979-07-09,1979,7,9,0
1979-07-10,1979,7,10,0
1979-07-11,1979,7,11,0.45560922
1979-07-12,1979,7,12,9.6036559
1979-07-13,1979,7,13,4.7239267
1979-07-14,1979,7,14,4.6706359
1979-07-15,1979,7,15,0
1979-07-16,1979,7,16,12.468531
1979-07-17,1979,7,17,18.654751
1979-07-18,1979,7,18,0
1979-07-19,1979,7,19,0
1979-07-20,1979,7,20,0.031171805
1979-07-21,1979,7,21,0
1979-07-22,1979,7,22,25.228161
1979-07-23,1979,7,23,44.673042
1979-07-24,1979,7,24,24.571698
1979-07-25,1979,7,25,50.678234
1979-07-26,1979,7,26,27.506569
1979-07-27,1979,7,27,88.801531
1979-07-28,1979,7,28,61.988499
1979-07-29,1979,7,29,60.103408
1979-07-30,1979,7,30,27.169801
1979-07-31,1979,7,31,24.469697
1979-08-01,1979,8,1,16.202493
1979-08-02,1979,8,2,3.2859029
1979-08-03,1979,8,3,44.954206
1979-08-04,1979,8,4,15.116196
1979-08-05,1979,8,5,54.46623
1979-08-06,1979,8,6,9.2392003
1979-08-07,1979,8,7,1.2895835
1979-08-08,1979,8,8,7.9630273
1979-08-09,1979,8,9,1.173864
1979-08-10,1979,8,10,0
1979-08-11,1979,8,11,0
1979-08-12,1979,8,12,0
1979-08-13,1979,8,13,0
1979-08-14,1979,8,14,0
1979-08-15,1979,8,15,0
1979-08-16,1979,8,16,0
1979-08-17,1979,8,17,0.18258934
1979-08-18,1979,8,18,0
1979-08-19,1979,8,19,2.5813645
1979-08-20,1979,8,20,52.338623
1979-08-21,1979,8,21,10.486564
1979-08-22,1979,8,22,16.187173
1979-08-23,1979,8,23,54.019902
1979-08-24,1979,8,24,41.785651
1979-08-25,1979,8,25,28.19768
1979-08-26,1979,8,26,30.453626
1979-08-27,1979,8,27,7.7648681
1979-08-28,1979,8,28,0
1979-08-29,1979,8,29,75.902683
1979-08-30,1979,8,30,27.252953
1979-08-31,1979,8,31,18.628217
1979-09-01,1979,9,1,15.034033
1979-09-02,1979,9,2,8.6445659
1979-09-03,1979,9,3,0
1979-09-04,1979,9,4,0
1979-09-05,1979,9,5,0
1979-09-06,1979,9,6,0
1979-09-07,1979,9,7,0
1979-09-08,1979,9,8,0
1979-09-09,1979,9,9,8.7326268
1979-09-10,1979,9,10,4.0482637
1979-09-11,1979,9,11,0.0683918
1979-09-12,1979,9,12,0.088583121
1979-09-13,1979,9,13,21.13284
1979-09-14,1979,9,14,12.635072
1979-09-15,1979,9,15,0.099421046
1979-09-16,1979,9,16,0
1979-09-17,1979,9,17,0
1979-09-18,1979,9,18,3.0844354
1979-09-19,1979,9,19,18.852452
1979-09-20,1979,9,20,7.4082656
1979-09-21,1979,9,21,27.912151
1979-09-22,1979,9,22,69.445373
1979-09-23,1979,9,23,13.444072
1979-09-24,1979,9,24,3.5046052
1979-09-25,1979,9,25,17.179782
1979-09-26,1979,9,26,3.1295175
1979-09-27,1979,9,27,8.1022359
1979-09-28,1979,9,28,0.1336963
1979-09-29,1979,9,29,0.39419241
1979-09-30,1979,9,30,8.1342528
1979-10-01,1979,10,1,1.5688779
1979-10-02,1979,10,2,0.085158219
1979-10-03,1979,10,3,4.397324
1979-10-04,1979,10,4,1.5673542
1979-10-05,1979,10,5,0
1979-10-06,1979,10,6,0
1979-10-07,1979,10,7,0
1979-10-08,1979,10,8,0
1979-10-09,1979,10,9,0
1979-10-10,1979,10,10,0
1979-10-11,1979,10,11,0
1979-10-12,1979,10,12,0
1979-10-13,1979,10,13,0
1979-10-14,1979,10,14,0
1979-10-15,1979,10,15,0
1979-10-16,1979,10,16,0
1979-10-17,1979,10,17,0
1979-10-18,1979,10,18,0
1979-10-19,1979,10,19,1.0086711
1979-10-20,1979,10,20,8.1015649
1979-10-21,1979,10,21,11.221472
1979-10-22,1979,10,22,1.4211571
1979-10-23,1979,10,23,18.270659
1979-10-24,1979,10,24,0.42679809
1979-10-25,1979,10,25,0
1979-10-26,1979,10,26,28.945083
1979-10-27,1979,10,27,0.0013673166
1979-10-28,1979,10,28,12.862501
1979-10-29,1979,10,29,15.99998
1979-10-30,1979,10,30,19.19617
1979-10-31,1979,10,31,3.0658234
1979-11-01,1979,11,1,1.3025214
1979-11-02,1979,11,2,0
1979-11-03,1979,11,3,0
1979-11-04,1979,11,4,0
1979-11-05,1979,11,5,2.4048127
1979-11-06,1979,11,6,30.332333
1979-11-07,1979,11,7,0
1979-11-08,1979,11,8,0
1979-11-09,1979,11,9,0
1979-11-10,1979,11,10,0
1979-11-11,1979,11,11,41.755474
1979-11-12,1979,11,12,10.182182
1979-11-13,1979,11,13,0
1979-11-14,1979,11,14,0
1979-11-15,1979,11,15,5.230081
1979-11-16,1979,11,16,12.339167
1979-11-17,1979,11,17,20.016518
1979-11-18,1979,11,18,14.867993
1979-11-19,1979,11,19,16.472011
1979-11-20,1979,11,20,12.174525
1979-11-21,1979,11,21,9.9436534
1979-11-22,1979,11,22,0
1979-11-23,1979,11,23,0
1979-11-24,1979,11,24,0
1979-11-25,1979,11,25,0
1979-11-26,1979,11,26,0
1979-11-27,1979,11,27,0
1979-11-28,1979,11,28,1.7839454
1979-11-29,1979,11,29,10.832335
1979-11-30,1979,11,30,1.6923772e-18
1979-12-01,1979,12,1,0
1979-12-02,1979,12,2,1.3431629
1979-12-03,1979,12,3,8.4846411
1979-12-04,1979,12,4,10.927205
1979-12-05,1979,12,5,28.537609
1979-12-06,1979,12,6,18.56305
1979-12-07,1979,12,7,3.4136431
1979-12-08,1979,12,8,0
1979-12-09,1979,12,9,0
1979-12-10,1979,12,10,36.494548
1979-12-11,1979,12,11,27.872282
1979-12-12,1979,12,12,0.0019530264
1979-12-13,1979,12,13,0
1979-12-14,1979,12,14,0
1979-12-15,1979,12,15,0
1979-12-16,1979,12,16,0
1979-12-17,1979,12,17,0
1979-12-18,1979,12,18,0
1979-12-19,1979,12,19,0.51242743
1979-12-20,1979,12,20,0.006162135
1979-12-21,1979,12,21,0.069752624
1979-12-22,1979,12,22,0.01814033
1979-12-23,1979,12,23,0
1979-12-24,1979,12,24,0
1979-12-25,1979,12,25,0
1979-12-26,1979,12,26,0
1979-12-27,1979,12,27,0
1979-12-28,1979,12,28,0
1979-12-29,1979,12,29,0
1979-12-30,1979,12,30,0
1979-12-31,1979,12,31,0
1980-01-01,1980,1,1,0
1980-01-02,1980,1,2,0
1980-01-03,1980,1,3,0
1980-01-04,1980,1,4,0
1980-01-05,1980,1,5,0
1980-01-06,1980,1,6,0
1980-01-07,1980,1,7,0
1980-01-08,1980,1,8,0
1980-01-09,1980,1,9,0
1980-01-10,1980,1,10,0
1980-01-11,1980,1,11,0
1980-01-12,1980,1,12,0.052228279
1980-01-13,1980,1,13,0
1980-01-14,1980,1,14,0
1980-01-15,1980,1,15,0
1980-01-16,1980,1,16,0
1980-01-17,1980,1,17,0
1980-01-18,1980,1,18,0
1980-01-19,1980,1,19,0
1980-01-20,1980,1,20,0
1980-01-21,1980,1,21,0
1980-01-22,1980,1,22,0
1980-01-23,1980,1,23,0
1980-01-24,1980,1,24,0
1980-01-25,1980,1,25,0.035354612
1980-01-26,1980,1,26,0
1980-01-27,1980,1,27,0
1980-01-28,1980,1,28,0
1980-01-29,1980,1,29,0
1980-01-30,1980,1,30,0
1980-01-31,1980,1,31,0
1980-02-01,1980,2,1,0.0024529861
1980-02-02,1980,2,2,0.00034210407
1980-02-03,1980,2,3,0
1980-02-04,1980,2,4,0
1980-02-05,1980,2,5,6.4004333
1980-02-06,1980,2,6,10.949343
1980-02-07,1980,2,7,3.647448
1980-02-08,1980,2,8,31.964516
1980-02-09,1980,2,9,3.0046353
1980-02-10,1980,2,10,36.759026
1980-02-11,1980,2,11,35.288826
1980-02-12,1980,2,12,0.0035356512
1980-02-13,1980,2,13,0
1980-02-14,1980,2,14,0.00032100605
1980-02-15,1980,2,15,0
1980-02-16,1980,2,16,0
1980-02-17,1980,2,17,0
1980-02-18,1980,2,18,0
1980-02-19,1980,2,19,0
1980-02-20,1980,2,20,1.8167493
1980-02-21,1980,2,21,0.067296262
1980-02-22,1980,2,22,1.7455227
1980-02-23,1980,2,23,0.0042480847
1980-02-24,1980,2,24,0
1980-02-25,1980,2,25,3.1920831
1980-02-26,1980,2,26,3.8284627
1980-02-27,1980,2,27,22.569166
1980-02-28,1980,2,28,84.679139
1980-02-29,1980,2,29,2.0222481
1980-03-01,1980,3,1,0
1980-03-02,1980,3,2,0
1980-03-03,1980,3,3,5.3316989
1980-03-04,1980,3,4,10.013409
1980-03-05,1980,3,5,5.0698937
1980-03-06,1980,3,6,0
1980-03-07,1980,3,7,0
1980-03-08,1980,3,8,0
1980-03-09,1980,3,9,0
1980-03-10,1980,3,10,0
1980-03-11,1980,3,11,0
1980-03-12,1980,3,12,0
1980-03-13,1980,3,13,0.1689808
1980-03-14,1980,3,14,0
1980-03-15,1980,3,15,0
1980-03-16,1980,3,16,0
1980-03-17,1980,3,17,0
1980-03-18,1980,3,18,0
1980-03-19,1980,3,19,0
1980-03-20,1980,3,20,0
1980-03-21,1980,3,21,15.31278
1980-03-22,1980,3,22,0
1980-03-23,1980,3,23,0
1980-03-24,1980,3,24,0
1980-03-25,1980,3,25,0.40513669
1980-03-26,1980,3,26,5.0618024
1980-03-27,1980,3,27,0.00024279052
1980-03-28,1980,3,28,0
1980-03-29,1980,3,29,0
1980-03-30,1980,3,30,0
1980-03-31,1980,3,31,0
1980-04-01,1980,4,1,0
1980-04-02,1980,4,2,32.30686
1980-04-03,1980,4,3,7.581832
1980-04-04,1980,4,4,0
1980-04-05,1980,4,5,0
1980-04-06,1980,4,6,0
1980-04-07,1980,4,7,19.469508
1980-04-08,1980,4,8,43.371898
1980-04-09,1980,4,9,52.358856
1980-04-10,1980,4,10,32.048148
1980-04-11,1980,4,11,9.0844599
1980-04-12,1980,4,12,6.0318021
1980-04-13,1980,4,13,0.00048744061
1980-04-14,1980,4,14,0
1980-04-15,1980,4,15,0
1980-04-16,1980,4,16,36.303829
1980-04-17,1980,4,17,0.010782899
1980-04-18,1980,4,18,0
1980-04-19,1980,4,19,1.5556864
1980-04-20,1980,4,20,0
1980-04-21,1980,4,21,7.7976873
1980-04-22,1980,4,22,35.594559
1980-04-23,1980,4,23,35.301822
1980-04-24,1980,4,24,6.5067742
1980-04-25,1980,4,25,8.8473253
1980-04-26,1980,4,26,7.8586201
1980-04-27,1980,4,27,13.665458
1980-04-28,1980,4,28,0
1980-04-29,1980,4,29,0
1980-04-30,1980,4,30,0
1980-05-01,1980,5,1,0
1980-05-02,1980,5,2,0
1980-05-03,1980,5,3,1.8117697
1980-05-04,1980,5,4,14.544996
1980-05-05,1980,5,5,0.020231185
1980-05-06,1980,5,6,10.753802
1980-05-07,1980,5,7,0
1980-05-08,1980,5,8,33.237076
1980-05-09,1980,5,9,60.837302
1980-05-10,1980,5,10,40.315239
1980-05-11,1980,5,11,91.645432
1980-05-12,1980,5,12,67.794863
1980-05-13,1980,5,13,65.233825
1980-05-14,1980,5,14,7.0401845
1980-05-15,1980,5,15,0
1980-05-16,1980,5,16,0
1980-05-17,1980,5,17,1.2660161
1980-05-18,1980,5,18,14.836065
1980-05-19,1980,5,19,28.960623
1980-05-20,1980,5,20,36.968007
1980-05-21,1980,5,21,23.918349
1980-05-22,1980,5,22,38.892812
1980-05-23,1980,5,23,17.28842
1980-05-24,1980,5,24,0
1980-05-25,1980,5,25,0
1980-05-26,1980,5,26,46.255585
1980-05-27,1980,5,27,23.45464
1980-05-28,1980,5,28,16.994299
1980-05-29,1980,5,29,46.302114
1980-05-30,1980,5,30,27.580571
1980-05-31,1980,5,31,0.72171283
1980-06-01,1980,6,1,0
1980-06-02,1980,6,2,0
1980-06-03,1980,6,3,0.0051423403
1980-06-04,1980,6,4,19.413008
1980-06-05,1980,6,5,9.5582889
1980-06-06,1980,6,6,0.57160764
1980-06-07,1980,6,7,14.115524
1980-06-08,1980,6,8,19.991897
1980-06-09,1980,6,9,0
1980-06-10,1980,6,10,0.086766116
1980-06-11,1980,6,11,0
1980-06-12,1980,6,12,0
1980-06-13,1980,6,13,0
1980-06-14,1980,6,14,29.589272
1980-06-15,1980,6,15,35.457105
1980-06-16,1980,6,16,19.630593
1980-06-17,1980,6,17,40.324792
1980-06-18,1980,6,18,0.48095442
1980-06-19,1980,6,19,0
1980-06-20,1980,6,20,1.8669516
1980-06-21,1980,6,21,0.92325423
1980-06-22,1980,6,22,50.398414
1980-06-23,1980,6,23,10.661036
1980-06-24,1980,6,24,18.033586
1980-06-25,1980,6,25,0
1980-06-26,1980,6,26,67.124886
1980-06-27,1980,6,27,77.064222
1980-06-28,1980,6,28,6.1908916
1980-06-29,1980,6,29,0
1980-06-30,1980,6,30,0
1980-07-01,1980,7,1,0
1980-07-02,1980,7,2,0
1980-07-03,1980,7,3,0
1980-07-04,1980,7,4,0
1980-07-05,1980,7,5,0
1980-07-06,1980,7,6,3.1686174
1980-07-07,1980,7,7,2.5399265
1980-07-08,1980,7,8,0
1980-07-09,1980,7,9,0
1980-07-10,1980,7,10,0
1980-07-11,1980,7,11,0
1980-07-12,1980,7,12,60.372605
1980-07-13,1980,7,13,10.463408
1980-07-14,1980,7,14,0
1980-07-15,1980,7,15,0
1980-07-16,1980,7,16,0
1980-07-17,1980,7,17,47.73427
1980-07-18,1980,7,18,28.428713
1980-07-19,1980,7,19,11.436675
1980-07-20,1980,7,20,39.59144
1980-07-21,1980,7,21,6.2540822
1980-07-22,1980,7,22,0
1980-07-23,1980,7,23,0
1980-07-24,1980,7,24,5.6649436
1980-07-25,1980,7,25,12.994998
1980-07-26,1980,7,26,19.238169
1980-07-27,1980,7,27,38.980807
1980-07-28,1980,7,28,9.6572274
1980-07-29,1980,7,29,0
1980-07-30,1980,7,30,1.6580575
1980-07-31,1980,7,31,0.003580837
1980-08-01,1980,8,1,0
1980-08-02,1980,8,2,5.2537398
1980-08-03,1980,8,3,7.2873934
1980-08-04,1980,8,4,0.19677556
1980-08-05,1980,8,5,38.026371
1980-08-06,1980,8,6,33.002769
1980-08-07,1980,8,7,51.439339
1980-08-08,1980,8,8,42.726925
1980-08-09,1980,8,9,20.72071
1980-08-10,1980,8,10,0
1980-08-11,1980,8,11,0
1980-08-12,1980,8,12,0
1980-08-13,1980,8,13,0
1980-08-14,1980,8,14,21.706301
1980-08-15,1980,8,15,27.327204
1980-08-16,1980,8,16,0.022902631
1980-08-17,1980,8,17,4.0453047
1980-08-18,1980,8,18,6.2901667
1980-08-19,1980,8,19,16.675868
1980-08-20,1980,8,20,16.734507
1980-08-21,1980,8,21,0
1980-08-22,1980,8,22,0
1980-08-23,1980,8,23,0
1980-08-24,1980,8,24,0.010803134
1980-08-25,1980,8,25,0
1980-08-26,1980,8,26,0
1980-08-27,1980,8,27,0
1980-08-28,1980,8,28,0
1980-08-29,1980,8,29,6.0857748
1980-08-30,1980,8,30,10.44051
1980-08-31,1980,8,31,0
1980-09-01,1980,9,1,0
1980-09-02,1980,9,2,0
1980-09-03,1980,9,3,0
1980-09-04,1980,9,4,0
1980-09-05,1980,9,5,0
1980-09-06,1980,9,6,21.708803
1980-09-07,1980,9,7,6.751256
1980-09-08,1980,9,8,0
1980-09-09,1980,9,9,0
1980-09-10,1980,9,10,0
1980-09-11,1980,9,11,0
1980-09-12,1980,9,12,0.69178651
1980-09-13,1980,9,13,2.5108652
1980-09-14,1980,9,14,0
1980-09-15,1980,9,15,0
1980-09-16,1980,9,16,0
1980-09-17,1980,9,17,11.825156
1980-09-18,1980,9,18,0
1980-09-19,1980,9,19,0
1980-09-20,1980,9,20,0
1980-09-21,1980,9,21,0
1980-09-22,1980,9,22,0
1980-09-23,1980,9,23,0
1980-09-24,1980,9,24,0
1980-09-25,1980,9,25,4.8382195
1980-09-26,1980,9,26,6.2527353
1980-09-27,1980,9,27,0
1980-09-28,1980,9,28,23.658907
1980-09-29,1980,9,29,17.987859
1980-09-30,1980,9,30,0.61921191
1980-10-01,1980,10,1,0
1980-10-02,1980,10,2,0
1980-10-03,1980,10,3,0
1980-10-04,1980,10,4,0
1980-10-05,1980,10,5,0
1980-10-06,1980,10,6,0.47086546
1980-10-07,1980,10,7,0
1980-10-08,1980,10,8,0
1980-10-09,1980,10,9,0.027857982
1980-10-10,1980,10,10,0
1980-10-11,1980,10,11,0
1980-10-12,1980,10,12,0
1980-10-13,1980,10,13,0
1980-10-14,1980,10,14,0
1980-10-15,1980,10,15,0
1980-10-16,1980,10,16,0
1980-10-17,1980,10,17,0
1980-10-18,1980,10,18,0
1980-10-19,1980,10,19,0
1980-10-20,1980,10,20,1.0306242
1980-10-21,1980,10,21,0.007513529
1980-10-22,1980,10,22,1.8607554
1980-10-23,1980,10,23,1.1625729e-05
1980-10-24,1980,10,24,0
1980-10-25,1980,10,25,0
1980-10-26,1980,10,26,0
1980-10-27,1980,10,27,0
1980-10-28,1980,10,28,0.12703149
1980-10-29,1980,10,29,0
1980-10-30,1980,10,30,0
1980-10-31,1980,10,31,0
1980-11-01,1980,11,1,0
1980-11-02,1980,11,2,25.201153
1980-11-03,1980,11,3,0
1980-11-04,1980,11,4,0.52009462
1980-11-05,1980,11,5,15.919246
1980-11-06,1980,11,6,44.231738
1980-11-07,1980,11,7,2.5118034
1980-11-08,1980,11,8,0
1980-11-09,1980,11,9,1.0049934
1980-11-10,1980,11,10,0
1980-11-11,1980,11,11,0
1980-11-12,1980,11,12,0
1980-11-13,1980,11,13,0
1980-11-14,1980,11,14,0
1980-11-15,1980,11,15,0.00061376567
1980-11-16,1980,11,16,0
1980-11-17,1980,11,17,0
1980-11-18,1980,11,18,8.341859
1980-11-19,1980,11,19,12.448722
1980-11-20,1980,11,20,1.1232237
1980-11-21,1980,11,21,2.350799
1980-11-22,1980,11,22,0
1980-11-23,1980,11,23,0
1980-11-24,1980,11,24,0
1980-11-25,1980,11,25,0
1980-11-26,1980,11,26,0
1980-11-27,1980,11,27,0.22519466
1980-11-28,1980,11,28,0
1980-11-29,1980,11,29,0
1980-11-30,1980,11,30,0
1980-12-01,1980,12,1,0
1980-12-02,1980,12,2,0
1980-12-03,1980,12,3,0
1980-12-04,1980,12,4,0.0063765827
1980-12-05,1980,12,5,0
1980-12-06,1980,12,6,0
1980-12-07,1980,12,7,0
1980-12-08,1980,12,8,0
1980-12-09,1980,12,9,2.3941673
1980-12-10,1980,12,10,0
1980-12-11,1980,12,11,0
1980-12-12,1980,12,12,21.258574
1980-12-13,1980,12,13,0.0023062625
1980-12-14,1980,12,14,0
1980-12-15,1980,12,15,0
1980-12-16,1980,12,16,3.6396542
1980-12-17,1980,12,17,3.1468668
1980-12-18,1980,12,18,6.4299918
1980-12-19,1980,12,19,0
1980-12-20,1980,12,20,0
1980-12-21,1980,12,21,0
1980-12-22,1980,12,22,0
1980-12-23,1980,12,23,0.00050902187
1980-12-24,1980,12,24,0
1980-12-25,1980,12,25,0
1980-12-26,1980,12,26,0
1980-12-27,1980,12,27,0
1980-12-28,1980,12,28,0.0025556615
1980-12-29,1980,12,29,47.709006
1980-12-30,1980,12,30,24.219917
1980-12-31,1980,12,31,3.2454946
1981-01-01,1981,1,1,0
1981-01-02,1981,1,2,0
1981-01-03,1981,1,3,0
1981-01-04,1981,1,4,0
1981-01-05,1981,1,5,0.58995722
1981-01-06,1981,1,6,0
1981-01-07,1981,1,7,0
1981-01-08,1981,1,8,0
1981-01-09,1981,1,9,0
1981-01-10,1981,1,10,0.14227599
1981-01-11,1981,1,11,0
1981-01-12,1981,1,12,0
1981-01-13,1981,1,13,0
1981-01-14,1981,1,14,1.6120435
1981-01-15,1981,1,15,0
1981-01-16,1981,1,16,0.0026402505
1981-01-17,1981,1,17,42.877243
1981-01-18,1981,1,18,69.497311
1981-01-19,1981,1,19,61.100867
1981-01-20,1981,1,20,1.264545
1981-01-21,1981,1,21,0
1981-01-22,1981,1,22,7.5874905
1981-01-23,1981,1,23,6.8070845
1981-01-24,1981,1,24,11.575348
1981-01-25,1981,1,25,7.2851664
1981-01-26,1981,1,26,6.3670992
1981-01-27,1981,1,27,0.99732908
1981-01-28,1981,1,28,0
1981-01-29,1981,1,29,0
1981-01-30,1981,1,30,0
1981-01-31,1981,1,31,0
1981-02-01,1981,2,1,0
1981-02-02,1981,2,2,0.011747316
1981-02-03,1981,2,3,0
1981-02-04,1981,2,4,0
1981-02-05,1981,2,5,0
1981-02-06,1981,2,6,10.0532
1981-02-07,1981,2,7,1.295834
1981-02-08,1981,2,8,0
1981-02-09,1981,2,9,0.00038637812
1981-02-10,1981,2,10,0
1981-02-11,1981,2,11,0.045376948
1981-02-12,1981,2,12,11.659564
1981-02-13,1981,2,13,0
1981-02-14,1981,2,14,0
1981-02-15,1981,2,15,0
1981-02-16,1981,2,16,0
1981-02-17,1981,2,17,0
1981-02-18,1981,2,18,0
1981-02-19,1981,2,19,0
1981-02-20,1981,2,20,0
1981-02-21,1981,2,21,0
1981-02-22,1981,2,22,0
1981-02-23,1981,2,23,0
1981-02-24,1981,2,24,0.0093271557
1981-02-25,1981,2,25,0
1981-02-26,1981,2,26,0.00081143196
1981-02-27,1981,2,27,0
1981-02-28,1981,2,28,0
1981-03-01,1981,3,1,0
1981-03-02,1981,3,2,0
1981-03-03,1981,3,3,0
1981-03-04,1981,3,4,0
1981-03-05,1981,3,5,0
1981-03-06,1981,3,6,0
1981-03-07,1981,3,7,0
1981-03-08,1981,3,8,0
1981-03-09,1981,3,9,0
1981-03-10,1981,3,10,0.063798125
1981-03-11,1981,3,11,0
1981-03-12,1981,3,12,0
1981-03-13,1981,3,13,4.2243189
1981-03-14,1981,3,14,25.790264
1981-03-15,1981,3,15,0.86303813
1981-03-16,1981,3,16,7.180553
1981-03-17,1981,3,17,0
1981-03-18,1981,3,18,0
1981-03-19,1981,3,19,0
1981-03-20,1981,3,20,0
1981-03-21,1981,3,21,9.8863631
1981-03-22,1981,3,22,16.893639
1981-03-23,1981,3,23,0
1981-03-24,1981,3,24,0
1981-03-25,1981,3,25,0
1981-03-26,1981,3,26,0
1981-03-27,1981,3,27,0
1981-03-28,1981,3,28,0
1981-03-29,1981,3,29,5.836698
1981-03-30,1981,3,30,2.0681262
1981-03-31,1981,3,31,0
1981-04-01,1981,4,1,0
1981-04-02,1981,4,2,0
1981-04-03,1981,4,3,0
1981-04-04,1981,4,4,0
1981-04-05,1981,4,5,0.00017553452
1981-04-06,1981,4,6,0
1981-04-07,1981,4,7,0
1981-04-08,1981,4,8,5.7230673
1981-04-09,1981,4,9,0
1981-04-10,1981,4,10,0
1981-04-11,1981,4,11,0
1981-04-12,1981,4,12,0
1981-04-13,1981,4,13,0
1981-04-14,1981,4,14,0
1981-04-15,1981,4,15,0
1981-04-16,1981,4,16,0.17575877
1981-04-17,1981,4,17,0.47919725
1981-04-18,1981,4,18,8.7940847
1981-04-19,1981,4,19,11.702566
1981-04-20,1981,4,20,3.2343396
1981-04-21,1981,4,21,36.420532
1981-04-22,1981,4,22,5.2095395
1981-04-23,1981,4,23,0
1981-04-24,1981,4,24,3.5725741
1981-04-25,1981,4,25,16.095456
1981-04-26,1981,4,26,28.985001
1981-04-27,1981,4,27,3.3108334
1981-04-28,1981,4,28,0
1981-04-29,1981,4,29,10.239593
1981-04-30,1981,4,30,0
1981-05-01,1981,5,1,27.98795
1981-05-02,1981,5,2,58.34516
1981-05-03,1981,5,3,47.550534
1981-05-04,1981,5,4,66.680005
1981-05-05,1981,5,5,17.890934
1981-05-06,1981,5,6,79.664106
1981-05-07,1981,5,7,58.240651
1981-05-08,1981,5,8,7.7143808
1981-05-09,1981,5,9,0
1981-05-10,1981,5,10,22.25665
1981-05-11,1981,5,11,8.5270427
1981-05-12,1981,5,12,5.6362982
1981-05-13,1981,5,13,23.997105
1981-05-14,1981,5,14,25.491979
1981-05-15,1981,5,15,23.221298
1981-05-16,1981,5,16,4.4548574
1981-05-17,1981,5,17,38.187431
1981-05-18,1981,5,18,32.850516
1981-05-19,1981,5,19,0
1981-05-20,1981,5,20,0
1981-05-21,1981,5,21,30.421867
1981-05-22,1981,5,22,60.625917
1981-05-23,1981,5,23,47.743278
1981-05-24,1981,5,24,6.0983564
1981-05-25,1981,5,25,0
1981-05-26,1981,5,26,0.014795796
1981-05-27,1981,5,27,54.800952
1981-05-28,1981,5,28,27.722887
1981-05-29,1981,5,29,8.49292
1981-05-30,1981,5,30,17.401595
1981-05-31,1981,5,31,23.346099
1981-06-01,1981,6,1,12.428898
1981-06-02,1981,6,2,0.90116752
1981-06-03,1981,6,3,2.2006497
1981-06-04,1981,6,4,14.19573
1981-06-05,1981,6,5,14.060196
1981-06-06,1981,6,6,0.84890553
1981-06-07,1981,6,7,59.728068
1981-06-08,1981,6,8,6.4782419
1981-06-09,1981,6,9,7.4318944
1981-06-10,1981,6,10,0.014946801
1981-06-11,1981,6,11,0.1091546
1981-06-12,1981,6,12,0.021198143
1981-06-13,1981,6,13,0
1981-06-14,1981,6,14,4.8312214
1981-06-15,1981,6,15,0
1981-06-16,1981,6,16,0
1981-06-17,1981,6,17,0
1981-06-18,1981,6,18,0
1981-06-19,1981,6,19,0
1981-06-20,1981,6,20,6.2350516
1981-06-21,1981,6,21,0
1981-06-22,1981,6,22,0
1981-06-23,1981,6,23,0
1981-06-24,1981,6,24,28.866752
1981-06-25,1981,6,25,0
1981-06-26,1981,6,26,0
1981-06-27,1981,6,27,0.069708169
1981-06-28,1981,6,28,23.367678
1981-06-29,1981,6,29,62.594016
1981-06-30,1981,6,30,42.604755
1981-07-01,1981,7,1,0
1981-07-02,1981,7,2,0
1981-07-03,1981,7,3,0
1981-07-04,1981,7,4,0
1981-07-05,1981,7,5,0.10172315
1981-07-06,1981,7,6,0
1981-07-07,1981,7,7,21.527936
1981-07-08,1981,7,8,18.536455
1981-07-09,1981,7,9,12.160181
1981-07-10,1981,7,10,49.528792
1981-07-11,1981,7,11,42.075184
1981-07-12,1981,7,12,29.96692
1981-07-13,1981,7,13,52.769447
1981-07-14,1981,7,14,9.9806368
1981-07-15,1981,7,15,0
1981-07-16,1981,7,16,1.9079192
1981-07-17,1981,7,17,0
1981-07-18,1981,7,18,0
1981-07-19,1981,7,19,0
1981-07-20,1981,7,20,7.2055502
1981-07-21,1981,7,21,0.0043296502
1981-07-22,1981,7,22,0
1981-07-23,1981,7,23,0
1981-07-24,1981,7,24,0
1981-07-25,1981,7,25,0
1981-07-26,1981,7,26,0
1981-07-27,1981,7,27,4.3203122
1981-07-28,1981,7,28,0
1981-07-29,1981,7,29,4.8504797
1981-07-30,1981,7,30,29.399489
1981-07-31,1981,7,31,45.130131
1981-08-01,1981,8,1,34.29508
1981-08-02,1981,8,2,34.203809
1981-08-03,1981,8,3,10.339792
1981-08-04,1981,8,4,1.2421089
1981-08-05,1981,8,5,0
1981-08-06,1981,8,6,6.5802475
1981-08-07,1981,8,7,4.5514231
1981-08-08,1981,8,8,0
1981-08-09,1981,8,9,0
1981-08-10,1981,8,10,10.753368
1981-08-11,1981,8,11,0
1981-08-12,1981,8,12,0
1981-08-13,1981,8,13,0
1981-08-14,1981,8,14,0
1981-08-15,1981,8,15,0.35968068
1981-08-16,1981,8,16,0
1981-08-17,1981,8,17,0
1981-08-18,1981,8,18,0
1981-08-19,1981,8,19,0
1981-08-20,1981,8,20,0
1981-08-21,1981,8,21,9.8511975
1981-08-22,1981,8,22,2.2696785
1981-08-23,1981,8,23,0.079311341
1981-08-24,1981,8,24,0
1981-08-25,1981,8,25,0
1981-08-26,1981,8,26,0
1981-08-27,1981,8,27,1.6426062
1981-08-28,1981,8,28,12.839703
1981-08-29,1981,8,29,0.014397431
1981-08-30,1981,8,30,7.6278966
1981-08-31,1981,8,31,10.474284
1981-09-01,1981,9,1,0
1981-09-02,1981,9,2,6.7348294
1981-09-03,1981,9,3,0
1981-09-04,1981,9,4,0.051849202
1981-09-05,1981,9,5,0.32757053
1981-09-06,1981,9,6,32.261853
1981-09-07,1981,9,7,26.096558
1981-09-08,1981,9,8,27.003854
1981-09-09,1981,9,9,11.088267
1981-09-10,1981,9,10,1.3977406
1981-09-11,1981,9,11,0
1981-09-12,1981,9,12,0.060728129
1981-09-13,1981,9,13,0
1981-09-14,1981,9,14,0
1981-09-15,1981,9,15,12.03821
1981-09-16,1981,9,16,18.641953
1981-09-17,1981,9,17,1.9467826
1981-09-18,1981,9,18,0.0088633599
1981-09-19,1981,9,19,0.0013810759
1981-09-20,1981,9,20,0
1981-09-21,1981,9,21,0
1981-09-22,1981,9,22,0
1981-09-23,1981,9,23,0
1981-09-24,1981,9,24,0
1981-09-25,1981,9,25,0.99689102
1981-09-26,1981,9,26,0
1981-09-27,1981,9,27,1.7227263
1981-09-28,1981,9,28,0
1981-09-29,1981,9,29,0
1981-09-30,1981,9,30,0
1981-10-01,1981,10,1,30.610651
1981-10-02,1981,10,2,6.3873652
1981-10-03,1981,10,3,0.49516407
1981-10-04,1981,10,4,0.30920518
1981-10-05,1981,10,5,0.18010507
1981-10-06,1981,10,6,0.13995654
1981-10-07,1981,10,7,0
1981-10-08,1981,10,8,4.547362
1981-10-09,1981,10,9,3.4964968
1981-10-10,1981,10,10,0
1981-10-11,1981,10,11,0
1981-10-12,1981,10,12,0
1981-10-13,1981,10,13,0
1981-10-14,1981,10,14,0
1981-10-15,1981,10,15,0
1981-10-16,1981,10,16,0
1981-10-17,1981,10,17,0.056771386
1981-10-18,1981,10,18,0
1981-10-19,1981,10,19,0
1981-10-20,1981,10,20,0
1981-10-21,1981,10,21,0
1981-10-22,1981,10,22,0
1981-10-23,1981,10,23,0
1981-10-24,1981,10,24,0
1981-10-25,1981,10,25,0.16865526
1981-10-26,1981,10,26,12.370102
1981-10-27,1981,10,27,0
1981-10-28,1981,10,28,13.355412
1981-10-29,1981,10,29,15.20635
1981-10-30,1981,10,30,0
1981-10-31,1981,10,31,0
1981-11-01,1981,11,1,16.514317
1981-11-02,1981,11,2,6.739232
1981-11-03,1981,11,3,0.81199931
1981-11-04,1981,11,4,4.3038834
1981-11-05,1981,11,5,0
1981-11-06,1981,11,6,0
1981-11-07,1981,11,7,0
1981-11-08,1981,11,8,5.4323103
1981-11-09,1981,11,9,0
1981-11-10,1981,11,10,0
1981-11-11,1981,11,11,0
1981-11-12,1981,11,12,0
1981-11-13,1981,11,13,0
1981-11-14,1981,11,14,0
1981-11-15,1981,11,15,0
1981-11-16,1981,11,16,1.3092262
1981-11-17,1981,11,17,0
1981-11-18,1981,11,18,0
1981-11-19,1981,11,19,0
1981-11-20,1981,11,20,0.62872059
1981-11-21,1981,11,21,0
1981-11-22,1981,11,22,0
1981-11-23,1981,11,23,0.030455071
1981-11-24,1981,11,24,0
1981-11-25,1981,11,25,0
1981-11-26,1981,11,26,0.34894607
1981-11-27,1981,11,27,0
1981-11-28,1981,11,28,0.10616467
1981-11-29,1981,11,29,0.032209747
1981-11-30,1981,11,30,0.048760517
1981-12-01,1981,12,1,0
1981-12-02,1981,12,2,0
1981-12-03,1981,12,3,0
1981-12-04,1981,12,4,1.5685043
1981-12-05,1981,12,5,0.47577245
1981-12-06,1981,12,6,0
1981-12-07,1981,12,7,0
1981-12-08,1981,12,8,0
1981-12-09,1981,12,9,0
1981-12-10,1981,12,10,0
1981-12-11,1981,12,11,0
1981-12-12,1981,12,12,0
1981-12-13,1981,12,13,1.0929851
1981-12-14,1981,12,14,10.249435
1981-12-15,1981,12,15,0.45537551
1981-12-16,1981,12,16,27.118888
1981-12-17,1981,12,17,0
1981-12-18,1981,12,18,0.0036657347
1981-12-19,1981,12,19,8.0687437
1981-12-20,1981,12,20,0
1981-12-21,1981,12,21,0
1981-12-22,1981,12,22,0
1981-12-23,1981,12,23,0
1981-12-24,1981,12,24,0
1981-12-25,1981,12,25,0
1981-12-26,1981,12,26,0
1981-12-27,1981,12,27,0
1981-12-28,1981,12,28,0
1981-12-29,1981,12,29,0.24206679
1981-12-30,1981,12,30,0
1981-12-31,1981,12,31,0
1982-01-01,1982,1,1,0
1982-01-02,1982,1,2,0
1982-01-03,1982,1,3,0
1982-01-04,1982,1,4,0
1982-01-05,1982,1,5,0
1982-01-06,1982,1,6,0
1982-01-07,1982,1,7,0
1982-01-08,1982,1,8,0
1982-01-09,1982,1,9,0
1982-01-10,1982,1,10,0
1982-01-11,1982,1,11,0.48008337
1982-01-12,1982,1,12,4.3791031
1982-01-13,1982,1,13,0
1982-01-14,1982,1,14,0
1982-01-15,1982,1,15,31.466753
1982-01-16,1982,1,16,1.0568065
1982-01-17,1982,1,17,0
1982-01-18,1982,1,18,0
1982-01-19,1982,1,19,0
1982-01-20,1982,1,20,0
1982-01-21,1982,1,21,0
1982-01-22,1982,1,22,0
1982-01-23,1982,1,23,0
1982-01-24,1982,1,24,0
1982-01-25,1982,1,25,0
1982-01-26,1982,1,26,0
1982-01-27,1982,1,27,0
1982-01-28,1982,1,28,0.0011155662
1982-01-29,1982,1,29,29.187082
1982-01-30,1982,1,30,0
1982-01-31,1982,1,31,0
1982-02-01,1982,2,1,13.609983
1982-02-02,1982,2,2,2.0937244
1982-02-03,1982,2,3,0
1982-02-04,1982,2,4,0
1982-02-05,1982,2,5,0
1982-02-06,1982,2,6,0.64465937
1982-02-07,1982,2,7,0
1982-02-08,1982,2,8,0
1982-02-09,1982,2,9,0.0064176354
1982-02-10,1982,2,10,5.5500911
1982-02-11,1982,2,11,0.48505179
1982-02-12,1982,2,12,39.094821
1982-02-13,1982,2,13,0.00070713025
1982-02-14,1982,2,14,0.0022129177
1982-02-15,1982,2,15,0
1982-02-16,1982,2,16,0
1982-02-17,1982,2,17,0
1982-02-18,1982,2,18,0.00077086726
1982-02-19,1982,2,19,7.712507
1982-02-20,1982,2,20,0.008787174
1982-02-21,1982,2,21,0
1982-02-22,1982,2,22,0
1982-02-23,1982,2,23,0
1982-02-24,1982,2,24,1.9900808
1982-02-25,1982,2,25,0
1982-02-26,1982,2,26,0
1982-02-27,1982,2,27,0
1982-02-28,1982,2,28,0
1982-03-01,1982,3,1,0
1982-03-02,1982,3,2,0
1982-03-03,1982,3,3,0
1982-03-04,1982,3,4,0
1982-03-05,1982,3,5,0
1982-03-06,1982,3,6,0
1982-03-07,1982,3,7,0.40890815
1982-03-08,1982,3,8,4.4832847
1982-03-09,1982,3,9,0
1982-03-10,1982,3,10,0
1982-03-11,1982,3,11,0
1982-03-12,1982,3,12,0
1982-03-13,1982,3,13,0
1982-03-14,1982,3,14,0
1982-03-15,1982,3,15,6.3018754
1982-03-16,1982,3,16,19.421545
1982-03-17,1982,3,17,1.4844378
1982-03-18,1982,3,18,0.14507287
1982-03-19,1982,3,19,0
1982-03-20,1982,3,20,0
1982-03-21,1982,3,21,0.27204397
1982-03-22,1982,3,22,0
1982-03-23,1982,3,23,32.52893
1982-03-24,1982,3,24,5.6104595
1982-03-25,1982,3,25,2.8578659
1982-03-26,1982,3,26,0
1982-03-27,1982,3,27,0
1982-03-28,1982,3,28,0
1982-03-29,1982,3,29,0
1982-03-30,1982,3,30,0
1982-03-31,1982,3,31,0
1982-04-01,1982,4,1,0
1982-04-02,1982,4,2,0.0029038784
1982-04-03,1982,4,3,0
1982-04-04,1982,4,4,0
1982-04-05,1982,4,5,0
1982-04-06,1982,4,6,0
1982-04-07,1982,4,7,0
1982-04-08,1982,4,8,0
1982-04-09,1982,4,9,0
1982-04-10,1982,4,10,0
1982-04-11,1982,4,11,11.363425
1982-04-12,1982,4,12,4.6432787
1982-04-13,1982,4,13,0
1982-04-14,1982,4,14,0
1982-04-15,1982,4,15,0
1982-04-16,1982,4,16,22.854934
1982-04-17,1982,4,17,0.82498337
1982-04-18,1982,4,18,0.30002826
1982-04-19,1982,4,19,0
1982-04-20,1982,4,20,0
1982-04-21,1982,4,21,0
1982-04-22,1982,4,22,0.019876495
1982-04-23,1982,4,23,0
1982-04-24,1982,4,24,0
1982-04-25,1982,4,25,8.6944815e-18
1982-04-26,1982,4,26,0
1982-04-27,1982,4,27,0
1982-04-28,1982,4,28,0
1982-04-29,1982,4,29,0
1982-04-30,1982,4,30,0
1982-05-01,1982,5,1,1.2149494e-18
1982-05-02,1982,5,2,0
1982-05-03,1982,5,3,0.0039392535
1982-05-04,1982,5,4,0
1982-05-05,1982,5,5,0.28221168
1982-05-06,1982,5,6,31.129779
1982-05-07,1982,5,7,4.619519
1982-05-08,1982,5,8,14.671501
1982-05-09,1982,5,9,44.601601
1982-05-10,1982,5,10,37.123282
1982-05-11,1982,5,11,60.784134
1982-05-12,1982,5,12,27.407463
1982-05-13,1982,5,13,11.120086
1982-05-14,1982,5,14,16.478505
1982-05-15,1982,5,15,48.077361
1982-05-16,1982,5,16,34.165178
1982-05-17,1982,5,17,15.325148
1982-05-18,1982,5,18,0
1982-05-19,1982,5,19,32.004428
1982-05-20,1982,5,20,1.1340424
1982-05-21,1982,5,21,0
1982-05-22,1982,5,22,2.7272365
1982-05-23,1982,5,23,0.12159941
1982-05-24,1982,5,24,0.47189343
1982-05-25,1982,5,25,0
1982-05-26,1982,5,26,0
1982-05-27,1982,5,27,0
1982-05-28,1982,5,28,0.040281758
1982-05-29,1982,5,29,13.256509
1982-05-30,1982,5,30,6.7736685
1982-05-31,1982,5,31,6.184223
1982-06-01,1982,6,1,22.095692
1982-06-02,1982,6,2,7.878752
1982-06-03,1982,6,3,45.910877
1982-06-04,1982,6,4,12.43814
1982-06-05,1982,6,5,55.420625
1982-06-06,1982,6,6,11.062266
1982-06-07,1982,6,7,59.695213
1982-06-08,1982,6,8,72.600787
1982-06-09,1982,6,9,60.931187
1982-06-10,1982,6,10,33.5214
1982-06-11,1982,6,11,12.099366
1982-06-12,1982,6,12,27.055203
1982-06-13,1982,6,13,0.19879775
1982-06-14,1982,6,14,0
1982-06-15,1982,6,15,0
1982-06-16,1982,6,16,4.5201373
1982-06-17,1982,6,17,8.1864323
1982-06-18,1982,6,18,3.5754307
1982-06-19,1982,6,19,0.14571808
1982-06-20,1982,6,20,0
1982-06-21,1982,6,21,0
1982-06-22,1982,6,22,0.5555428
1982-06-23,1982,6,23,21.050202
1982-06-24,1982,6,24,37.223549
1982-06-25,1982,6,25,32.721077
1982-06-26,1982,6,26,24.413202
1982-06-27,1982,6,27,0.027307667
1982-06-28,1982,6,28,12.307378
1982-06-29,1982,6,29,20.013815
1982-06-30,1982,6,30,0.054942927
1982-07-01,1982,7,1,12.14022
1982-07-02,1982,7,2,32.071041
1982-07-03,1982,7,3,5.513172
1982-07-04,1982,7,4,11.424134
1982-07-05,1982,7,5,20.482405
1982-07-06,1982,7,6,3.3790262
1982-07-07,1982,7,7,11.132737
1982-07-08,1982,7,8,26.451654
1982-07-09,1982,7,9,47.900507
1982-07-10,1982,7,10,41.301777
1982-07-11,1982,7,11,31.199817
1982-07-12,1982,7,12,8.5594132
1982-07-13,1982,7,13,35.570359
1982-07-14,1982,7,14,40.912527
1982-07-15,1982,7,15,46.394067
1982-07-16,1982,7,16,45.570993
1982-07-17,1982,7,17,49.770311
1982-07-18,1982,7,18,26.252947
1982-07-19,1982,7,19,22.905689
1982-07-20,1982,7,20,0.016615795
1982-07-21,1982,7,21,0
1982-07-22,1982,7,22,0
1982-07-23,1982,7,23,3.9865527e-18
1982-07-24,1982,7,24,20.931708
1982-07-25,1982,7,25,15.615278
1982-07-26,1982,7,26,13.168479
1982-07-27,1982,7,27,5.2897381
1982-07-28,1982,7,28,0.59620796
1982-07-29,1982,7,29,0
1982-07-30,1982,7,30,0.00074210586
1982-07-31,1982,7,31,4.7593058
1982-08-01,1982,8,1,0
1982-08-02,1982,8,2,9.2842061
1982-08-03,1982,8,3,10.173828
1982-08-04,1982,8,4,21.31885
1982-08-05,1982,8,5,1.1261021
1982-08-06,1982,8,6,0
1982-08-07,1982,8,7,0.20459526
1982-08-08,1982,8,8,14.548567
1982-08-09,1982,8,9,0
1982-08-10,1982,8,10,0
1982-08-11,1982,8,11,0
1982-08-12,1982,8,12,21.244914
1982-08-13,1982,8,13,21.103947
1982-08-14,1982,8,14,3.8568433
1982-08-15,1982,8,15,0
1982-08-16,1982,8,16,0
1982-08-17,1982,8,17,0
1982-08-18,1982,8,18,0
1982-08-19,1982,8,19,0
1982-08-20,1982,8,20,5.6283173
1982-08-21,1982,8,21,0
1982-08-22,1982,8,22,9.8644403
1982-08-23,1982,8,23,50.074439
1982-08-24,1982,8,24,22.127895
1982-08-25,1982,8,25,36.961151
1982-08-26,1982,8,26,15.08208
1982-08-27,1982,8,27,30.156501
1982-08-28,1982,8,28,34.028633
1982-08-29,1982,8,29,6.3169405
1982-08-30,1982,8,30,0
1982-08-31,1982,8,31,0.0070835988
1982-09-01,1982,9,1,0.046557324
1982-09-02,1982,9,2,8.9920673
1982-09-03,1982,9,3,26.339025
1982-09-04,1982,9,4,0
1982-09-05,1982,9,5,0
1982-09-06,1982,9,6,0
1982-09-07,1982,9,7,0
1982-09-08,1982,9,8,8.5979948
1982-09-09,1982,9,9,14.854385
1982-09-10,1982,9,10,0.88669622
1982-09-11,1982,9,11,22.782577
1982-09-12,1982,9,12,91.431416
1982-09-13,1982,9,13,18.161337
1982-09-14,1982,9,14,11.572047
1982-09-15,1982,9,15,0.010619909
1982-09-16,1982,9,16,0
1982-09-17,1982,9,17,0.09567173
1982-09-18,1982,9,18,0.836301
1982-09-19,1982,9,19,4.4730169
1982-09-20,1982,9,20,2.2001583
1982-09-21,1982,9,21,0.055402337
1982-09-22,1982,9,22,1.5067281
1982-09-23,1982,9,23,7.3824017
1982-09-24,1982,9,24,1.7346738
1982-09-25,1982,9,25,0
1982-09-26,1982,9,26,0.22580922
1982-09-27,1982,9,27,7.8675691
1982-09-28,1982,9,28,14.709343
1982-09-29,1982,9,29,22.914102
1982-09-30,1982,9,30,14.556549
1982-10-01,1982,10,1,0
1982-10-02,1982,10,2,18.420223
1982-10-03,1982,10,3,30.958092
1982-10-04,1982,10,4,0.081764878
1982-10-05,1982,10,5,15.402446
1982-10-06,1982,10,6,17.710519
1982-10-07,1982,10,7,0.12440433
1982-10-08,1982,10,8,0
1982-10-09,1982,10,9,0.061033138
1982-10-10,1982,10,10,7.4731309
1982-10-11,1982,10,11,4.7377433
1982-10-12,1982,10,12,0
1982-10-13,1982,10,13,0
1982-10-14,1982,10,14,0
1982-10-15,1982,10,15,3.4645824
1982-10-16,1982,10,16,21.906144
1982-10-17,1982,10,17,6.5187156
1982-10-18,1982,10,18,8.3368712
1982-10-19,1982,10,19,69.801941
1982-10-20,1982,10,20,46.675996
1982-10-21,1982,10,21,47.36521
1982-10-22,1982,10,22,12.24123
1982-10-23,1982,10,23,4.6875367
1982-10-24,1982,10,24,0.015349366
1982-10-25,1982,10,25,3.2746712e-05
1982-10-26,1982,10,26,0
1982-10-27,1982,10,27,0
1982-10-28,1982,10,28,0
1982-10-29,1982,10,29,0
1982-10-30,1982,10,30,0
1982-10-31,1982,10,31,12.587234
1982-11-01,1982,11,1,9.692563
1982-11-02,1982,11,2,1.7546932
1982-11-03,1982,11,3,0.1441004
1982-11-04,1982,11,4,4.6755503
1982-11-05,1982,11,5,0
1982-11-06,1982,11,6,3.4152559
1982-11-07,1982,11,7,0
1982-11-08,1982,11,8,0.8617452
1982-11-09,1982,11,9,16.440376
1982-11-10,1982,11,10,1.7503552
1982-11-11,1982,11,11,0
1982-11-12,1982,11,12,0
1982-11-13,1982,11,13,0
1982-11-14,1982,11,14,0
1982-11-15,1982,11,15,0
1982-11-16,1982,11,16,0
1982-11-17,1982,11,17,8.3102696
1982-11-18,1982,11,18,0.093735152
1982-11-19,1982,11,19,0
1982-11-20,1982,11,20,0
1982-11-21,1982,11,21,0
1982-11-22,1982,11,22,0
1982-11-23,1982,11,23,0
1982-11-24,1982,11,24,0
1982-11-25,1982,11,25,0
1982-11-26,1982,11,26,38.435364
1982-11-27,1982,11,27,21.158688
1982-11-28,1982,11,28,5.7901816
1982-11-29,1982,11,29,0
1982-11-30,1982,11,30,0
1982-12-01,1982,12,1,0
1982-12-02,1982,12,2,0
1982-12-03,1982,12,3,0
1982-12-04,1982,12,4,0
1982-12-05,1982,12,5,0
1982-12-06,1982,12,6,0
1982-12-07,1982,12,7,0
1982-12-08,1982,12,8,0
1982-12-09,1982,12,9,0
1982-12-10,1982,12,10,0
1982-12-11,1982,12,11,0
1982-12-12,1982,12,12,4.2717773
1982-12-13,1982,12,13,1.4932958
1982-12-14,1982,12,14,0
1982-12-15,1982,12,15,0
1982-12-16,1982,12,16,0
1982-12-17,1982,12,17,0
1982-12-18,1982,12,18,0
1982-12-19,1982,12,19,0
1982-12-20,1982,12,20,0
1982-12-21,1982,12,21,0
1982-12-22,1982,12,22,0
1982-12-23,1982,12,23,0
1982-12-24,1982,12,24,0
1982-12-25,1982,12,25,0
1982-12-26,1982,12,26,0.0011448775
1982-12-27,1982,12,27,0
1982-12-28,1982,12,28,0
1982-12-29,1982,12,29,0
1982-12-30,1982,12,30,0
1982-12-31,1982,12,31,0
1983-01-01,1983,1,1,0
1983-01-02,1983,1,2,8.7684402
1983-01-03,1983,1,3,2.7135846
1983-01-04,1983,1,4,0
1983-01-05,1983,1,5,0
1983-01-06,1983,1,6,0
1983-01-07,1983,1,7,0
1983-01-08,1983,1,8,0
1983-01-09,1983,1,9,0
1983-01-10,1983,1,10,0
1983-01-11,1983,1,11,0
1983-01-12,1983,1,12,9.1840186
1983-01-13,1983,1,13,5.0658854
1983-01-14,1983,1,14,1.9134662
1983-01-15,1983,1,15,0.15135368
1983-01-16,1983,1,16,7.1028159e-05
1983-01-17,1983,1,17,0
1983-01-18,1983,1,18,0
1983-01-19,1983,1,19,0
1983-01-20,1983,1,20,0
1983-01-21,1983,1,21,0
1983-01-22,1983,1,22,0.34275921
1983-01-23,1983,1,23,5.6538286
1983-01-24,1983,1,24,36.222313
1983-01-25,1983,1,25,0.61219557
1983-01-26,1983,1,26,0
1983-01-27,1983,1,27,0
1983-01-28,1983,1,28,1.3120269
1983-01-29,1983,1,29,25.684301
1983-01-30,1983,1,30,8.8773318
1983-01-31,1983,1,31,0
1983-02-01,1983,2,1,0
1983-02-02,1983,2,2,0
1983-02-03,1983,2,3,0
1983-02-04,1983,2,4,0
1983-02-05,1983,2,5,0
1983-02-06,1983,2,6,0
1983-02-07,1983,2,7,0
1983-02-08,1983,2,8,2.0513448
1983-02-09,1983,2,9,0
1983-02-10,1983,2,10,0
1983-02-11,1983,2,11,0
1983-02-12,1983,2,12,0
1983-02-13,1983,2,13,5.0095017
1983-02-14,1983,2,14,0.053231857
1983-02-15,1983,2,15,0
1983-02-16,1983,2,16,0
1983-02-17,1983,2,17,0.00064342616
1983-02-18,1983,2,18,0.0006420121
1983-02-19,1983,2,19,0
1983-02-20,1983,2,20,0
1983-02-21,1983,2,21,0
1983-02-22,1983,2,22,0.00028533871
1983-02-23,1983,2,23,0.0038474733
1983-02-24,1983,2,24,0
1983-02-25,1983,2,25,0
1983-02-26,1983,2,26,0
1983-02-27,1983,2,27,0
1983-02-28,1983,2,28,0
1983-03-01,1983,3,1,0
1983-03-02,1983,3,2,0
1983-03-03,1983,3,3,0
1983-03-04,1983,3,4,3.0150528
1983-03-05,1983,3,5,0
1983-03-06,1983,3,6,0.0011681054
1983-03-07,1983,3,7,2.8627209
1983-03-08,1983,3,8,0.032153267
1983-03-09,1983,3,9,0
1983-03-10,1983,3,10,0
1983-03-11,1983,3,11,0
1983-03-12,1983,3,12,0
1983-03-13,1983,3,13,0
1983-03-14,1983,3,14,0
1983-03-15,1983,3,15,0
1983-03-16,1983,3,16,0
1983-03-17,1983,3,17,0
1983-03-18,1983,3,18,0
1983-03-19,1983,3,19,0
1983-03-20,1983,3,20,0
1983-03-21,1983,3,21,0
1983-03-22,1983,3,22,0
1983-03-23,1983,3,23,0
1983-03-24,1983,3,24,0
1983-03-25,1983,3,25,0
1983-03-26,1983,3,26,1.0753895
1983-03-27,1983,3,27,0.1918852
1983-03-28,1983,3,28,0
1983-03-29,1983,3,29,0.048277826
1983-03-30,1983,3,30,0.0048614297
1983-03-31,1983,3,31,0.0015192524
1983-04-01,1983,4,1,2.2461374
1983-04-02,1983,4,2,9.8544381
1983-04-03,1983,4,3,0
1983-04-04,1983,4,4,0
1983-04-05,1983,4,5,0
1983-04-06,1983,4,6,0
1983-04-07,1983,4,7,0
1983-04-08,1983,4,8,0
1983-04-09,1983,4,9,0
1983-04-10,1983,4,10,2.0485755
1983-04-11,1983,4,11,21.78174
1983-04-12,1983,4,12,8.1282404
1983-04-13,1983,4,13,0
1983-04-14,1983,4,14,0
1983-04-15,1983,4,15,0
1983-04-16,1983,4,16,0
1983-04-17,1983,4,17,0.0012458962
1983-04-18,1983,4,18,0.00094640019
1983-04-19,1983,4,19,0.00062749704
1983-04-20,1983,4,20,0
1983-04-21,1983,4,21,0
1983-04-22,1983,4,22,0
1983-04-23,1983,4,23,21.158914
1983-04-24,1983,4,24,31.452855
1983-04-25,1983,4,25,4.9173052
1983-04-26,1983,4,26,34.995113
1983-04-27,1983,4,27,17.141504
1983-04-28,1983,4,28,8.7383731
1983-04-29,1983,4,29,0
1983-04-30,1983,4,30,0
1983-05-01,1983,5,1,0.10947525
1983-05-02,1983,5,2,17.907939
1983-05-03,1983,5,3,16.36823
1983-05-04,1983,5,4,0
1983-05-05,1983,5,5,0
1983-05-06,1983,5,6,0.0086689329
1983-05-07,1983,5,7,0
1983-05-08,1983,5,8,0
1983-05-09,1983,5,9,0
1983-05-10,1983,5,10,0
1983-05-11,1983,5,11,0
1983-05-12,1983,5,12,0
1983-05-13,1983,5,13,0
1983-05-14,1983,5,14,5.225546
1983-05-15,1983,5,15,26.646742
1983-05-16,1983,5,16,5.1626634
1983-05-17,1983,5,17,0.19998466
1983-05-18,1983,5,18,7.0196169
1983-05-19,1983,5,19,14.781876
1983-05-20,1983,5,20,0
1983-05-21,1983,5,21,0
1983-05-22,1983,5,22,0.0030394515
1983-05-23,1983,5,23,0
1983-05-24,1983,5,24,11.626114
1983-05-25,1983,5,25,4.726005
1983-05-26,1983,5,26,17.471061
1983-05-27,1983,5,27,12.61077
1983-05-28,1983,5,28,49.860947
1983-05-29,1983,5,29,0.66163735
1983-05-30,1983,5,30,1.1279076
1983-05-31,1983,5,31,0.60999861
1983-06-01,1983,6,1,0.22637363
1983-06-02,1983,6,2,0
1983-06-03,1983,6,3,0
1983-06-04,1983,6,4,0
1983-06-05,1983,6,5,0
1983-06-06,1983,6,6,0.69674574
1983-06-07,1983,6,7,0
1983-06-08,1983,6,8,0
1983-06-09,1983,6,9,0
1983-06-10,1983,6,10,0.027574232
1983-06-11,1983,6,11,3.1683203
1983-06-12,1983,6,12,0.0023903769
1983-06-13,1983,6,13,7.1956607
1983-06-14,1983,6,14,50.387539
1983-06-15,1983,6,15,53.057631
1983-06-16,1983,6,16,123.83818
1983-06-17,1983,6,17,67.163178
1983-06-18,1983,6,18,26.826109
1983-06-19,1983,6,19,23.738398
1983-06-20,1983,6,20,43.107805
1983-06-21,1983,6,21,8.2227577
1983-06-22,1983,6,22,0.24732397
1983-06-23,1983,6,23,0
1983-06-24,1983,6,24,0
1983-06-25,1983,6,25,4.6513059
1983-06-26,1983,6,26,8.0574482
1983-06-27,1983,6,27,4.3529243
1983-06-28,1983,6,28,0
1983-06-29,1983,6,29,0
1983-06-30,1983,6,30,5.8987868
1983-07-01,1983,7,1,44.654217
1983-07-02,1983,7,2,12.449262
1983-07-03,1983,7,3,27.227007
1983-07-04,1983,7,4,55.516052
1983-07-05,1983,7,5,21.433949
1983-07-06,1983,7,6,24.574598
1983-07-07,1983,7,7,0.18090364
1983-07-08,1983,7,8,0
1983-07-09,1983,7,9,1.3907801
1983-07-10,1983,7,10,17.360092
1983-07-11,1983,7,11,31.272156
1983-07-12,1983,7,12,23.650461
1983-07-13,1983,7,13,57.706609
1983-07-14,1983,7,14,6.7147343
1983-07-15,1983,7,15,0
1983-07-16,1983,7,16,0
1983-07-17,1983,7,17,0
1983-07-18,1983,7,18,0
1983-07-19,1983,7,19,2.7696544
1983-07-20,1983,7,20,0.014502679
1983-07-21,1983,7,21,0
1983-07-22,1983,7,22,0
1983-07-23,1983,7,23,0
1983-07-24,1983,7,24,0
1983-07-25,1983,7,25,0
1983-07-26,1983,7,26,0
1983-07-27,1983,7,27,19.7535
1983-07-28,1983,7,28,0
1983-07-29,1983,7,29,0
1983-07-30,1983,7,30,0
1983-07-31,1983,7,31,0
1983-08-01,1983,8,1,0
1983-08-02,1983,8,2,0
1983-08-03,1983,8,3,11.174204
1983-08-04,1983,8,4,61.944959
1983-08-05,1983,8,5,8.9214018
1983-08-06,1983,8,6,0
1983-08-07,1983,8,7,0
1983-08-08,1983,8,8,0
1983-08-09,1983,8,9,7.5516631
1983-08-10,1983,8,10,25.974451
1983-08-11,1983,8,11,5.1447574
1983-08-12,1983,8,12,10.006483
1983-08-13,1983,8,13,10.077717
1983-08-14,1983,8,14,0
1983-08-15,1983,8,15,0
1983-08-16,1983,8,16,0
1983-08-17,1983,8,17,0
1983-08-18,1983,8,18,0
1983-08-19,1983,8,19,0
1983-08-20,1983,8,20,0
1983-08-21,1983,8,21,0.39530714
1983-08-22,1983,8,22,21.700568
1983-08-23,1983,8,23,10.191231
1983-08-24,1983,8,24,16.800305
1983-08-25,1983,8,25,5.5532116
1983-08-26,1983,8,26,16.113422
1983-08-27,1983,8,27,1.5298631
1983-08-28,1983,8,28,0.046011071
1983-08-29,1983,8,29,0
1983-08-30,1983,8,30,0
1983-08-31,1983,8,31,0
1983-09-01,1983,9,1,8.0659311
1983-09-02,1983,9,2,0.0068692653
1983-09-03,1983,9,3,25.945386
1983-09-04,1983,9,4,41.554101
1983-09-05,1983,9,5,14.22295
1983-09-06,1983,9,6,0
1983-09-07,1983,9,7,0
1983-09-08,1983,9,8,0.0069356957
1983-09-09,1983,9,9,0
1983-09-10,1983,9,10,0
1983-09-11,1983,9,11,0
1983-09-12,1983,9,12,0
1983-09-13,1983,9,13,0
1983-09-14,1983,9,14,2.8620741
1983-09-15,1983,9,15,3.3950186
1983-09-16,1983,9,16,4.0996462
1983-09-17,1983,9,17,0
1983-09-18,1983,9,18,0
1983-09-19,1983,9,19,0
1983-09-20,1983,9,20,0
1983-09-21,1983,9,21,0
1983-09-22,1983,9,22,5.1649046
1983-09-23,1983,9,23,2.0290092
1983-09-24,1983,9,24,1.0245626
1983-09-25,1983,9,25,23.098088
1983-09-26,1983,9,26,15.218765
1983-09-27,1983,9,27,5.9714141
1983-09-28,1983,9,28,0
1983-09-29,1983,9,29,0
1983-09-30,1983,9,30,0
1983-10-01,1983,10,1,0
1983-10-02,1983,10,2,0
1983-10-03,1983,10,3,0
1983-10-04,1983,10,4,0
1983-10-05,1983,10,5,0
1983-10-06,1983,10,6,0
1983-10-07,1983,10,7,11.041267
1983-10-08,1983,10,8,0.010844506
1983-10-09,1983,10,9,0
1983-10-10,1983,10,10,0
1983-10-11,1983,10,11,0
1983-10-12,1983,10,12,0
1983-10-13,1983,10,13,0
1983-10-14,1983,10,14,0
1983-10-15,1983,10,15,6.0956505
1983-10-16,1983,10,16,3.4895322
1983-10-17,1983,10,17,1.5146373
1983-10-18,1983,10,18,15.860474
1983-10-19,1983,10,19,1.1586015
1983-10-20,1983,10,20,25.518304
1983-10-21,1983,10,21,25.049001
1983-10-22,1983,10,22,0
1983-10-23,1983,10,23,0
1983-10-24,1983,10,24,7.0362155
1983-10-25,1983,10,25,3.302787
1983-10-26,1983,10,26,0
1983-10-27,1983,10,27,0
1983-10-28,1983,10,28,0
1983-10-29,1983,10,29,0
1983-10-30,1983,10,30,0
1983-10-31,1983,10,31,0
1983-11-01,1983,11,1,0
1983-11-02,1983,11,2,0
1983-11-03,1983,11,3,0
1983-11-04,1983,11,4,0
1983-11-05,1983,11,5,0
1983-11-06,1983,11,6,0
1983-11-07,1983,11,7,0
1983-11-08,1983,11,8,0
1983-11-09,1983,11,9,0
1983-11-10,1983,11,10,0
1983-11-11,1983,11,11,0
1983-11-12,1983,11,12,0
1983-11-13,1983,11,13,0
1983-11-14,1983,11,14,0
1983-11-15,1983,11,15,0
1983-11-16,1983,11,16,0.17999421
1983-11-17,1983,11,17,0
1983-11-18,1983,11,18,0
1983-11-19,1983,11,19,3.8977394
1983-11-20,1983,11,20,0
1983-11-21,1983,11,21,0
1983-11-22,1983,11,22,0
1983-11-23,1983,11,23,0
1983-11-24,1983,11,24,0
1983-11-25,1983,11,25,0
1983-11-26,1983,11,26,0
1983-11-27,1983,11,27,0
1983-11-28,1983,11,28,0
1983-11-29,1983,11,29,0
1983-11-30,1983,11,30,0
1983-12-01,1983,12,1,0
1983-12-02,1983,12,2,0
1983-12-03,1983,12,3,0
1983-12-04,1983,12,4,0
1983-12-05,1983,12,5,0
1983-12-06,1983,12,6,0
1983-12-07,1983,12,7,0
1983-12-08,1983,12,8,0
1983-12-09,1983,12,9,0
1983-12-10,1983,12,10,5.8615602
1983-12-11,1983,12,11,0
1983-12-12,1983,12,12,0
1983-12-13,1983,12,13,0
1983-12-14,1983,12,14,0
1983-12-15,1983,12,15,0.65197518
1983-12-16,1983,12,16,12.571989
1983-12-17,1983,12,17,0
1983-12-18,1983,12,18,0
1983-12-19,1983,12,19,0
1983-12-20,1983,12,20,0
1983-12-21,1983,12,21,0
1983-12-22,1983,12,22,0.052612485
1983-12-23,1983,12,23,0
1983-12-24,1983,12,24,0
1983-12-25,1983,12,25,0
1983-12-26,1983,12,26,1.679401
1983-12-27,1983,12,27,0.0097720262
1983-12-28,1983,12,28,0
1983-12-29,1983,12,29,6.2798034
1983-12-30,1983,12,30,0
1983-12-31,1983,12,31,0
1984-01-01,1984,1,1,2.6306726e-05
1984-01-02,1984,1,2,0
1984-01-03,1984,1,3,0
1984-01-04,1984,1,4,0
1984-01-05,1984,1,5,0
1984-01-06,1984,1,6,22.371331
1984-01-07,1984,1,7,0
1984-01-08,1984,1,8,3.3562572
1984-01-09,1984,1,9,0
1984-01-10,1984,1,10,0
1984-01-11,1984,1,11,0
1984-01-12,1984,1,12,0
1984-01-13,1984,1,13,0
1984-01-14,1984,1,14,0
1984-01-15,1984,1,15,0.10063037
1984-01-16,1984,1,16,0
1984-01-17,1984,1,17,0
1984-01-18,1984,1,18,0
1984-01-19,1984,1,19,0
1984-01-20,1984,1,20,7.7252697
1984-01-21,1984,1,21,8.1992121
1984-01-22,1984,1,22,0
1984-01-23,1984,1,23,0
1984-01-24,1984,1,24,0
1984-01-25,1984,1,25,0.693175
1984-01-26,1984,1,26,0
1984-01-27,1984,1,27,5.2476623
1984-01-28,1984,1,28,0.017624626
1984-01-29,1984,1,29,0.3994207
1984-01-30,1984,1,30,0.17016302
1984-01-31,1984,1,31,0
1984-02-01,1984,2,1,0
1984-02-02,1984,2,2,0
1984-02-03,1984,2,3,8.6351583
1984-02-04,1984,2,4,7.3033208
1984-02-05,1984,2,5,0
1984-02-06,1984,2,6,0
1984-02-07,1984,2,7,0
1984-02-08,1984,2,8,0
1984-02-09,1984,2,9,0.014772552
1984-02-10,1984,2,10,32.740892
1984-02-11,1984,2,11,0.0181214
1984-02-12,1984,2,12,0
1984-02-13,1984,2,13,0
1984-02-14,1984,2,14,0
1984-02-15,1984,2,15,0
1984-02-16,1984,2,16,0.0044548433
1984-02-17,1984,2,17,0
1984-02-18,1984,2,18,0
1984-02-19,1984,2,19,0.00047259224
1984-02-20,1984,2,20,1.6039042
1984-02-21,1984,2,21,0
1984-02-22,1984,2,22,0
1984-02-23,1984,2,23,0
1984-02-24,1984,2,24,12.815218
1984-02-25,1984,2,25,16.589584
1984-02-26,1984,2,26,0.0015010362
1984-02-27,1984,2,27,0.04922664
1984-02-28,1984,2,28,0
1984-02-29,1984,2,29,0
1984-03-01,1984,3,1,0
1984-03-02,1984,3,2,0
1984-03-03,1984,3,3,0
1984-03-04,1984,3,4,0
1984-03-05,1984,3,5,0
1984-03-06,1984,3,6,0
1984-03-07,1984,3,7,0
1984-03-08,1984,3,8,0
1984-03-09,1984,3,9,0
1984-03-10,1984,3,10,0
1984-03-11,1984,3,11,0
1984-03-12,1984,3,12,0
1984-03-13,1984,3,13,0.16139448
1984-03-14,1984,3,14,14.804141
1984-03-15,1984,3,15,0
1984-03-16,1984,3,16,0
1984-03-17,1984,3,17,0
1984-03-18,1984,3,18,0.00046976824
1984-03-19,1984,3,19,0
1984-03-20,1984,3,20,0
1984-03-21,1984,3,21,0
1984-03-22,1984,3,22,21.964328
1984-03-23,1984,3,23,9.3541881
1984-03-24,1984,3,24,14.822391
1984-03-25,1984,3,25,0
1984-03-26,1984,3,26,0.11677016
1984-03-27,1984,3,27,0.52198964
1984-03-28,1984,3,28,1.8595372
1984-03-29,1984,3,29,1.3433172
1984-03-30,1984,3,30,1.9579901
1984-03-31,1984,3,31,1.99181
1984-04-01,1984,4,1,0.97425774
1984-04-02,1984,4,2,0
1984-04-03,1984,4,3,0
1984-04-04,1984,4,4,7.4272679
1984-04-05,1984,4,5,0
1984-04-06,1984,4,6,0
1984-04-07,1984,4,7,0
1984-04-08,1984,4,8,0
1984-04-09,1984,4,9,0
1984-04-10,1984,4,10,0
1984-04-11,1984,4,11,0
1984-04-12,1984,4,12,0
1984-04-13,1984,4,13,0
1984-04-14,1984,4,14,21.573344
1984-04-15,1984,4,15,6.4186937
1984-04-16,1984,4,16,0.0015826248
1984-04-17,1984,4,17,0.069978943
1984-04-18,1984,4,18,0.41848769
1984-04-19,1984,4,19,0
1984-04-20,1984,4,20,0
1984-04-21,1984,4,21,0
1984-04-22,1984,4,22,0.11435449
1984-04-23,1984,4,23,0
1984-04-24,1984,4,24,0
1984-04-25,1984,4,25,0
1984-04-26,1984,4,26,0
1984-04-27,1984,4,27,6.9395531
1984-04-28,1984,4,28,0
1984-04-29,1984,4,29,0
1984-04-30,1984,4,30,7.8805885
1984-05-01,1984,5,1,100.74405
1984-05-02,1984,5,2,107.74781
1984-05-03,1984,5,3,25.488094
1984-05-04,1984,5,4,40.127216
1984-05-05,1984,5,5,0.0068766998
1984-05-06,1984,5,6,3.027099
1984-05-07,1984,5,7,0.1106187
1984-05-08,1984,5,8,0.86515972
1984-05-09,1984,5,9,0
1984-05-10,1984,5,10,0.43888506
1984-05-11,1984,5,11,0
1984-05-12,1984,5,12,0
1984-05-13,1984,5,13,9.2726688
1984-05-14,1984,5,14,0
1984-05-15,1984,5,15,2.3735275
1984-05-16,1984,5,16,47.39724
1984-05-17,1984,5,17,46.379249
1984-05-18,1984,5,18,19.318321
1984-05-19,1984,5,19,34.101613
1984-05-20,1984,5,20,44.68637
1984-05-21,1984,5,21,21.93811
1984-05-22,1984,5,22,41.32553
1984-05-23,1984,5,23,41.856824
1984-05-24,1984,5,24,89.062941
1984-05-25,1984,5,25,60.955283
1984-05-26,1984,5,26,27.655204
1984-05-27,1984,5,27,1.3819673
1984-05-28,1984,5,28,3.7544292
1984-05-29,1984,5,29,0
1984-05-30,1984,5,30,18.42088
1984-05-31,1984,5,31,28.180065
1984-06-01,1984,6,1,3.4102937
1984-06-02,1984,6,2,0.62657161
1984-06-03,1984,6,3,0.020950223
1984-06-04,1984,6,4,0
1984-06-05,1984,6,5,0
1984-06-06,1984,6,6,0
1984-06-07,1984,6,7,0.0013692729
1984-06-08,1984,6,8,14.382056
1984-06-09,1984,6,9,74.567905
1984-06-10,1984,6,10,33.783477
1984-06-11,1984,6,11,14.124103
1984-06-12,1984,6,12,2.2022082
1984-06-13,1984,6,13,0
1984-06-14,1984,6,14,10.135032
1984-06-15,1984,6,15,20.325621
1984-06-16,1984,6,16,0
1984-06-17,1984,6,17,0
1984-06-18,1984,6,18,10.656414
1984-06-19,1984,6,19,16.653945
1984-06-20,1984,6,20,0
1984-06-21,1984,6,21,0
1984-06-22,1984,6,22,0
1984-06-23,1984,6,23,4.617633
1984-06-24,1984,6,24,0
1984-06-25,1984,6,25,0
1984-06-26,1984,6,26,20.417158
1984-06-27,1984,6,27,24.209054
1984-06-28,1984,6,28,11.455418
1984-06-29,1984,6,29,46.851693
1984-06-30,1984,6,30,77.902985
1984-07-01,1984,7,1,30.396134
1984-07-02,1984,7,2,29.608903
1984-07-03,1984,7,3,41.451199
1984-07-04,1984,7,4,18.672155
1984-07-05,1984,7,5,21.149729
1984-07-06,1984,7,6,18.38945
1984-07-07,1984,7,7,21.214423
1984-07-08,1984,7,8,6.9125475
1984-07-09,1984,7,9,7.4213838
1984-07-10,1984,7,10,12.263421
1984-07-11,1984,7,11,7.6543246
1984-07-12,1984,7,12,0
1984-07-13,1984,7,13,0
1984-07-14,1984,7,14,32.520552
1984-07-15,1984,7,15,63.31726
1984-07-16,1984,7,16,55.095355
1984-07-17,1984,7,17,42.567905
1984-07-18,1984,7,18,2.4064036
1984-07-19,1984,7,19,0
1984-07-20,1984,7,20,0
1984-07-21,1984,7,21,0
1984-07-22,1984,7,22,0
1984-07-23,1984,7,23,4.0858899
1984-07-24,1984,7,24,0
1984-07-25,1984,7,25,0
1984-07-26,1984,7,26,0
1984-07-27,1984,7,27,0
1984-07-28,1984,7,28,0
1984-07-29,1984,7,29,0
1984-07-30,1984,7,30,17.607692
1984-07-31,1984,7,31,0.14109727
1984-08-01,1984,8,1,0
1984-08-02,1984,8,2,0
1984-08-03,1984,8,3,13.494244
1984-08-04,1984,8,4,22.780534
1984-08-05,1984,8,5,25.649547
1984-08-06,1984,8,6,4.2506569
1984-08-07,1984,8,7,0
1984-08-08,1984,8,8,2.5527149
1984-08-09,1984,8,9,0
1984-08-10,1984,8,10,3.2428544
1984-08-11,1984,8,11,3.62572
1984-08-12,1984,8,12,0
1984-08-13,1984,8,13,0
1984-08-14,1984,8,14,0
1984-08-15,1984,8,15,0
1984-08-16,1984,8,16,0
1984-08-17,1984,8,17,0
1984-08-18,1984,8,18,3.6353068
1984-08-19,1984,8,19,13.227733
1984-08-20,1984,8,20,0
1984-08-21,1984,8,21,19.329188
1984-08-22,1984,8,22,11.1728
1984-08-23,1984,8,23,0.86229665
1984-08-24,1984,8,24,0
1984-08-25,1984,8,25,0
1984-08-26,1984,8,26,0
1984-08-27,1984,8,27,0
1984-08-28,1984,8,28,0
1984-08-29,1984,8,29,0
1984-08-30,1984,8,30,0
1984-08-31,1984,8,31,0
1984-09-01,1984,9,1,0
1984-09-02,1984,9,2,0
1984-09-03,1984,9,3,0
1984-09-04,1984,9,4,0.12380869
1984-09-05,1984,9,5,2.8241917
1984-09-06,1984,9,6,0
1984-09-07,1984,9,7,0
1984-09-08,1984,9,8,3.4708976
1984-09-09,1984,9,9,6.3164058
1984-09-10,1984,9,10,0
1984-09-11,1984,9,11,3.1397589
1984-09-12,1984,9,12,4.0184348
1984-09-13,1984,9,13,31.165824
1984-09-14,1984,9,14,31.193617
1984-09-15,1984,9,15,0.0057090643
1984-09-16,1984,9,16,8.3540344
1984-09-17,1984,9,17,29.747029
1984-09-18,1984,9,18,30.774713
1984-09-19,1984,9,19,18.516708
1984-09-20,1984,9,20,2.0453431
1984-09-21,1984,9,21,0
1984-09-22,1984,9,22,6.3392729
1984-09-23,1984,9,23,0.8249097
1984-09-24,1984,9,24,0.025243393
1984-09-25,1984,9,25,0
1984-09-26,1984,9,26,0
1984-09-27,1984,9,27,0
1984-09-28,1984,9,28,0
1984-09-29,1984,9,29,15.564743
1984-09-30,1984,9,30,8.9410789
1984-10-01,1984,10,1,0
1984-10-02,1984,10,2,0.81343469
1984-10-03,1984,10,3,0
1984-10-04,1984,10,4,1.4115248
1984-10-05,1984,10,5,0
1984-10-06,1984,10,6,0
1984-10-07,1984,10,7,0
1984-10-08,1984,10,8,0.046112323
1984-10-09,1984,10,9,20.556822
1984-10-10,1984,10,10,9.3440553
1984-10-11,1984,10,11,6.154046
1984-10-12,1984,10,12,0
1984-10-13,1984,10,13,0
1984-10-14,1984,10,14,0
1984-10-15,1984,10,15,16.317164
1984-10-16,1984,10,16,9.2485052
1984-10-17,1984,10,17,0
1984-10-18,1984,10,18,16.30738
1984-10-19,1984,10,19,43.416351
1984-10-20,1984,10,20,0.12223315
1984-10-21,1984,10,21,0
1984-10-22,1984,10,22,7.7198615
1984-10-23,1984,10,23,6.4683453
1984-10-24,1984,10,24,52.035195
1984-10-25,1984,10,25,3.4267919
1984-10-26,1984,10,26,3.8521431
1984-10-27,1984,10,27,38.294422
1984-10-28,1984,10,28,52.994401
1984-10-29,1984,10,29,8.9848244
1984-10-30,1984,10,30,0
1984-10-31,1984,10,31,3.7335642
1984-11-01,1984,11,1,9.2488459
1984-11-02,1984,11,2,5.3805888
1984-11-03,1984,11,3,0.43324888
1984-11-04,1984,11,4,7.2615968
1984-11-05,1984,11,5,0
1984-11-06,1984,11,6,5.4488533
1984-11-07,1984,11,7,8.5117873
1984-11-08,1984,11,8,1.4908385
1984-11-09,1984,11,9,0.070476521
1984-11-10,1984,11,10,3.0015704
1984-11-11,1984,11,11,0.28815261
1984-11-12,1984,11,12,0
1984-11-13,1984,11,13,0
1984-11-14,1984,11,14,0.5675019
1984-11-15,1984,11,15,0
1984-11-16,1984,11,16,0
1984-11-17,1984,11,17,0
1984-11-18,1984,11,18,0.0012420051
1984-11-19,1984,11,19,0
1984-11-20,1984,11,20,0.011196183
1984-11-21,1984,11,21,0.36544702
1984-11-22,1984,11,22,0
1984-11-23,1984,11,23,0
1984-11-24,1984,11,24,0
1984-11-25,1984,11,25,0
1984-11-26,1984,11,26,0
1984-11-27,1984,11,27,0
1984-11-28,1984,11,28,0.031408046
1984-11-29,1984,11,29,2.380599
1984-11-30,1984,11,30,2.9698589
1984-12-01,1984,12,1,0
1984-12-02,1984,12,2,0.15668912
1984-12-03,1984,12,3,0.012296645
1984-12-04,1984,12,4,0.0004493404
1984-12-05,1984,12,5,0
1984-12-06,1984,12,6,0
1984-12-07,1984,12,7,0
1984-12-08,1984,12,8,0
1984-12-09,1984,12,9,0.02458846
1984-12-10,1984,12,10,2.0363239
1984-12-11,1984,12,11,13.391468
1984-12-12,1984,12,12,0
1984-12-13,1984,12,13,0
1984-12-14,1984,12,14,0
1984-12-15,1984,12,15,0
1984-12-16,1984,12,16,0
1984-12-17,1984,12,17,0
1984-12-18,1984,12,18,3.2242553
1984-12-19,1984,12,19,2.1622082
1984-12-20,1984,12,20,3.1963671e-07
1984-12-21,1984,12,21,0
1984-12-22,1984,12,22,0.024457143
1984-12-23,1984,12,23,0.076458045
1984-12-24,1984,12,24,0.0039704877
1984-12-25,1984,12,25,0
1984-12-26,1984,12,26,0.0096293855
1984-12-27,1984,12,27,0.49686739
1984-12-28,1984,12,28,0
1984-12-29,1984,12,29,0
1984-12-30,1984,12,30,1.8415915
1984-12-31,1984,12,31,0
1985-01-01,1985,1,1,0
1985-01-02,1985,1,2,0
1985-01-03,1985,1,3,17.05579
1985-01-04,1985,1,4,2.0549608
1985-01-05,1985,1,5,0
1985-01-06,1985,1,6,0
1985-01-07,1985,1,7,0
1985-01-08,1985,1,8,0
1985-01-09,1985,1,9,0
1985-01-10,1985,1,10,0
1985-01-11,1985,1,11,0
1985-01-12,1985,1,12,0.038918422
1985-01-13,1985,1,13,2.8298527
1985-01-14,1985,1,14,14.915554
1985-01-15,1985,1,15,0
1985-01-16,1985,1,16,0
1985-01-17,1985,1,17,0
1985-01-18,1985,1,18,8.6789336
1985-01-19,1985,1,19,5.7876823
1985-01-20,1985,1,20,0
1985-01-21,1985,1,21,0
1985-01-22,1985,1,22,0
1985-01-23,1985,1,23,0.0028062132
1985-01-24,1985,1,24,11.695622
1985-01-25,1985,1,25,0
1985-01-26,1985,1,26,0
1985-01-27,1985,1,27,0
1985-01-28,1985,1,28,0
1985-01-29,1985,1,29,0
1985-01-30,1985,1,30,0.27793551
1985-01-31,1985,1,31,1.8499944
1985-02-01,1985,2,1,1.551791
1985-02-02,1985,2,2,0.025896476
1985-02-03,1985,2,3,0
1985-02-04,1985,2,4,0
1985-02-05,1985,2,5,3.0037626
1985-02-06,1985,2,6,0.036159573
1985-02-07,1985,2,7,0.022125196
1985-02-08,1985,2,8,0
1985-02-09,1985,2,9,0
1985-02-10,1985,2,10,0
1985-02-11,1985,2,11,0
1985-02-12,1985,2,12,0
1985-02-13,1985,2,13,0
1985-02-14,1985,2,14,9.6454889
1985-02-15,1985,2,15,5.8476271e-06
1985-02-16,1985,2,16,0
1985-02-17,1985,2,17,0
1985-02-18,1985,2,18,0
1985-02-19,1985,2,19,0.043645092
1985-02-20,1985,2,20,0
1985-02-21,1985,2,21,0
1985-02-22,1985,2,22,0.83975774
1985-02-23,1985,2,23,0.17363812
1985-02-24,1985,2,24,0.044363147
1985-02-25,1985,2,25,0.69128512
1985-02-26,1985,2,26,0
1985-02-27,1985,2,27,0
1985-02-28,1985,2,28,0
1985-03-01,1985,3,1,0
1985-03-02,1985,3,2,0
1985-03-03,1985,3,3,0
1985-03-04,1985,3,4,0
1985-03-05,1985,3,5,0
1985-03-06,1985,3,6,0
1985-03-07,1985,3,7,0
1985-03-08,1985,3,8,0
1985-03-09,1985,3,9,0
1985-03-10,1985,3,10,0
1985-03-11,1985,3,11,0
1985-03-12,1985,3,12,0
1985-03-13,1985,3,13,0
1985-03-14,1985,3,14,0.052635612
1985-03-15,1985,3,15,0.067801082
1985-03-16,1985,3,16,3.8788882
1985-03-17,1985,3,17,0
1985-03-18,1985,3,18,0
1985-03-19,1985,3,19,0
1985-03-20,1985,3,20,0.19446508
1985-03-21,1985,3,21,11.054042
1985-03-22,1985,3,22,16.695176
1985-03-23,1985,3,23,14.431883
1985-03-24,1985,3,24,4.1029648
1985-03-25,1985,3,25,35.155993
1985-03-26,1985,3,26,5.9461793
1985-03-27,1985,3,27,0
1985-03-28,1985,3,28,0
1985-03-29,1985,3,29,0
1985-03-30,1985,3,30,0
1985-03-31,1985,3,31,0
1985-04-01,1985,4,1,26.768442
1985-04-02,1985,4,2,14.186227
1985-04-03,1985,4,3,0
1985-04-04,1985,4,4,0
1985-04-05,1985,4,5,35.568012
1985-04-06,1985,4,6,4.488609
1985-04-07,1985,4,7,9.6848173
1985-04-08,1985,4,8,11.550826
1985-04-09,1985,4,9,0.042918649
1985-04-10,1985,4,10,0
1985-04-11,1985,4,11,0.31912078
1985-04-12,1985,4,12,0
1985-04-13,1985,4,13,0
1985-04-14,1985,4,14,17.669743
1985-04-15,1985,4,15,52.152455
1985-04-16,1985,4,16,7.3438018
1985-04-17,1985,4,17,0
1985-04-18,1985,4,18,0
1985-04-19,1985,4,19,0.56923575
1985-04-20,1985,4,20,0
1985-04-21,1985,4,21,0
1985-04-22,1985,4,22,0
1985-04-23,1985,4,23,0
1985-04-24,1985,4,24,0
1985-04-25,1985,4,25,6.2928033
1985-04-26,1985,4,26,16.095522
1985-04-27,1985,4,27,0.076837484
1985-04-28,1985,4,28,1.9756464
1985-04-29,1985,4,29,0
1985-04-30,1985,4,30,0
1985-05-01,1985,5,1,0
1985-05-02,1985,5,2,0
1985-05-03,1985,5,3,0
1985-05-04,1985,5,4,0
1985-05-05,1985,5,5,0
1985-05-06,1985,5,6,0
1985-05-07,1985,5,7,0
1985-05-08,1985,5,8,0.010529687
1985-05-09,1985,5,9,0
1985-05-10,1985,5,10,0
1985-05-11,1985,5,11,0.76586183
1985-05-12,1985,5,12,9.8628155
1985-05-13,1985,5,13,29.016402
1985-05-14,1985,5,14,0
1985-05-15,1985,5,15,43.392431
1985-05-16,1985,5,16,5.174655
1985-05-17,1985,5,17,26.480606
1985-05-18,1985,5,18,0.074487255
1985-05-19,1985,5,19,53.328081
1985-05-20,1985,5,20,23.550031
1985-05-21,1985,5,21,13.756104
1985-05-22,1985,5,22,20.32611
1985-05-23,1985,5,23,76.25267
1985-05-24,1985,5,24,57.625174
1985-05-25,1985,5,25,41.413366
1985-05-26,1985,5,26,36.420552
1985-05-27,1985,5,27,43.517079
1985-05-28,1985,5,28,4.6413995
1985-05-29,1985,5,29,4.3272441e-05
1985-05-30,1985,5,30,38.096493
1985-05-31,1985,5,31,3.7760611
1985-06-01,1985,6,1,0.99971042
1985-06-02,1985,6,2,1.4243009
1985-06-03,1985,6,3,0.4599458
1985-06-04,1985,6,4,0
1985-06-05,1985,6,5,0
1985-06-06,1985,6,6,0.072631876
1985-06-07,1985,6,7,0.00069964303
1985-06-08,1985,6,8,0
1985-06-09,1985,6,9,0
1985-06-10,1985,6,10,6.0800786
1985-06-11,1985,6,11,2.3206721
1985-06-12,1985,6,12,5.2150799
1985-06-13,1985,6,13,24.869241
1985-06-14,1985,6,14,5.5927198
1985-06-15,1985,6,15,4.8414954
1985-06-16,1985,6,16,8.6512498
1985-06-17,1985,6,17,18.126426
1985-06-18,1985,6,18,30.143354
1985-06-19,1985,6,19,10.840783
1985-06-20,1985,6,20,8.0552455
1985-06-21,1985,6,21,4.8552312
1985-06-22,1985,6,22,11.6478
1985-06-23,1985,6,23,0.52087186
1985-06-24,1985,6,24,0
1985-06-25,1985,6,25,0
1985-06-26,1985,6,26,0.41659616
1985-06-27,1985,6,27,20.236975
1985-06-28,1985,6,28,18.977313
1985-06-29,1985,6,29,22.772322
1985-06-30,1985,6,30,10.246352
1985-07-01,1985,7,1,57.726317
1985-07-02,1985,7,2,63.30288
1985-07-03,1985,7,3,19.589685
1985-07-04,1985,7,4,0
1985-07-05,1985,7,5,0
1985-07-06,1985,7,6,0.029694992
1985-07-07,1985,7,7,43.84326
1985-07-08,1985,7,8,6.5206385
1985-07-09,1985,7,9,0
1985-07-10,1985,7,10,0
1985-07-11,1985,7,11,0
1985-07-12,1985,7,12,0
1985-07-13,1985,7,13,0
1985-07-14,1985,7,14,0.37952149
1985-07-15,1985,7,15,1.3597528
1985-07-16,1985,7,16,11.894137
1985-07-17,1985,7,17,3.7348772
1985-07-18,1985,7,18,0
1985-07-19,1985,7,19,0
1985-07-20,1985,7,20,0
1985-07-21,1985,7,21,0
1985-07-22,1985,7,22,8.8992603
1985-07-23,1985,7,23,0.67355953
1985-07-24,1985,7,24,0
1985-07-25,1985,7,25,0
1985-07-26,1985,7,26,0
1985-07-27,1985,7,27,0
1985-07-28,1985,7,28,2.61276
1985-07-29,1985,7,29,0.076206944
1985-07-30,1985,7,30,0.042736736
1985-07-31,1985,7,31,0
1985-08-01,1985,8,1,0.044079748
1985-08-02,1985,8,2,0
1985-08-03,1985,8,3,33.147507
1985-08-04,1985,8,4,2.122508
1985-08-05,1985,8,5,0
1985-08-06,1985,8,6,0
1985-08-07,1985,8,7,0
1985-08-08,1985,8,8,0
1985-08-09,1985,8,9,0
1985-08-10,1985,8,10,0
1985-08-11,1985,8,11,0
1985-08-12,1985,8,12,6.0184001
1985-08-13,1985,8,13,43.890952
1985-08-14,1985,8,14,14.517379
1985-08-15,1985,8,15,15.25489
1985-08-16,1985,8,16,0
1985-08-17,1985,8,17,0
1985-08-18,1985,8,18,0
1985-08-19,1985,8,19,0
1985-08-20,1985,8,20,0
1985-08-21,1985,8,21,0
1985-08-22,1985,8,22,0
1985-08-23,1985,8,23,0.4427283
1985-08-24,1985,8,24,0
1985-08-25,1985,8,25,0
1985-08-26,1985,8,26,0
1985-08-27,1985,8,27,9.7559944
1985-08-28,1985,8,28,2.4010403
1985-08-29,1985,8,29,4.4360748
1985-08-30,1985,8,30,0.56264929
1985-08-31,1985,8,31,0
1985-09-01,1985,9,1,0
1985-09-02,1985,9,2,0
1985-09-03,1985,9,3,0
1985-09-04,1985,9,4,0
1985-09-05,1985,9,5,0
1985-09-06,1985,9,6,0
1985-09-07,1985,9,7,9.5105987
1985-09-08,1985,9,8,12.86821
1985-09-09,1985,9,9,4.9104699
1985-09-10,1985,9,10,67.630875
1985-09-11,1985,9,11,33.442253
1985-09-12,1985,9,12,1.4282363
1985-09-13,1985,9,13,0.21157735
1985-09-14,1985,9,14,0.030618224
1985-09-15,1985,9,15,0
1985-09-16,1985,9,16,0
1985-09-17,1985,9,17,0
1985-09-18,1985,9,18,0.0038720908
1985-09-19,1985,9,19,23.48248
1985-09-20,1985,9,20,10.936021
1985-09-21,1985,9,21,0
1985-09-22,1985,9,22,0
1985-09-23,1985,9,23,0
1985-09-24,1985,9,24,18.46448
1985-09-25,1985,9,25,7.6569374
1985-09-26,1985,9,26,0
1985-09-27,1985,9,27,0
1985-09-28,1985,9,28,0
1985-09-29,1985,9,29,0
1985-09-30,1985,9,30,6.5744538
1985-10-01,1985,10,1,14.846435
1985-10-02,1985,10,2,0.72939583
1985-10-03,1985,10,3,0
1985-10-04,1985,10,4,0
1985-10-05,1985,10,5,0
1985-10-06,1985,10,6,0
1985-10-07,1985,10,7,0
1985-10-08,1985,10,8,14.204059
1985-10-09,1985,10,9,0.013634912
1985-10-10,1985,10,10,0
1985-10-11,1985,10,11,0
1985-10-12,1985,10,12,15.649752
1985-10-13,1985,10,13,5.8432758
1985-10-14,1985,10,14,0
1985-10-15,1985,10,15,0
1985-10-16,1985,10,16,0
1985-10-17,1985,10,17,5.2351504
1985-10-18,1985,10,18,10.398297
1985-10-19,1985,10,19,4.3253049
1985-10-20,1985,10,20,8.0417491
1985-10-21,1985,10,21,1.3139367
1985-10-22,1985,10,22,0
1985-10-23,1985,10,23,0.19781938
1985-10-24,1985,10,24,0
1985-10-25,1985,10,25,0
1985-10-26,1985,10,26,41.813321
1985-10-27,1985,10,27,34.82846
1985-10-28,1985,10,28,10.558143
1985-10-29,1985,10,29,2.9807424
1985-10-30,1985,10,30,4.2683409
1985-10-31,1985,10,31,0.0067528281
1985-11-01,1985,11,1,0
1985-11-02,1985,11,2,0.88847947
1985-11-03,1985,11,3,18.428351
1985-11-04,1985,11,4,0.4618694
1985-11-05,1985,11,5,0
1985-11-06,1985,11,6,0
1985-11-07,1985,11,7,1.1353199
1985-11-08,1985,11,8,43.49
1985-11-09,1985,11,9,29.822619
1985-11-10,1985,11,10,2.0611885
1985-11-11,1985,11,11,0
1985-11-12,1985,11,12,0.0062434806
1985-11-13,1985,11,13,0
1985-11-14,1985,11,14,0
1985-11-15,1985,11,15,1.0335618
1985-11-16,1985,11,16,0
1985-11-17,1985,11,17,0
1985-11-18,1985,11,18,0
1985-11-19,1985,11,19,3.7095396
1985-11-20,1985,11,20,0
1985-11-21,1985,11,21,0
1985-11-22,1985,11,22,8.6616139
1985-11-23,1985,11,23,0.84945526
1985-11-24,1985,11,24,1.9997616
1985-11-25,1985,11,25,0
1985-11-26,1985,11,26,0
1985-11-27,1985,11,27,0
1985-11-28,1985,11,28,0
1985-11-29,1985,11,29,0
1985-11-30,1985,11,30,1.9686496
1985-12-01,1985,12,1,0.42900404
1985-12-02,1985,12,2,0
1985-12-03,1985,12,3,0
1985-12-04,1985,12,4,0
1985-12-05,1985,12,5,0
1985-12-06,1985,12,6,0.087581263
1985-12-07,1985,12,7,1.2591042
1985-12-08,1985,12,8,0
1985-12-09,1985,12,9,0
1985-12-10,1985,12,10,0
1985-12-11,1985,12,11,0
1985-12-12,1985,12,12,0
1985-12-13,1985,12,13,0
1985-12-14,1985,12,14,0
1985-12-15,1985,12,15,0
1985-12-16,1985,12,16,0.0014841366
1985-12-17,1985,12,17,2.8592996
1985-12-18,1985,12,18,0
1985-12-19,1985,12,19,0
1985-12-20,1985,12,20,0
1985-12-21,1985,12,21,0
1985-12-22,1985,12,22,0
1985-12-23,1985,12,23,0
1985-12-24,1985,12,24,0
1985-12-25,1985,12,25,0
1985-12-26,1985,12,26,0
1985-12-27,1985,12,27,0
1985-12-28,1985,12,28,0.45005036
1985-12-29,1985,12,29,0.056265336
1985-12-30,1985,12,30,0
1985-12-31,1985,12,31,0
1986-01-01,1986,1,1,0
1986-01-02,1986,1,2,0
1986-01-03,1986,1,3,0
1986-01-04,1986,1,4,0
1986-01-05,1986,1,5,0
1986-01-06,1986,1,6,0
1986-01-07,1986,1,7,0
1986-01-08,1986,1,8,0
1986-01-09,1986,1,9,0
1986-01-10,1986,1,10,0
1986-01-11,1986,1,11,10.354899
1986-01-12,1986,1,12,0
1986-01-13,1986,1,13,0
1986-01-14,1986,1,14,0.1296971
1986-01-15,1986,1,15,7.3524203
1986-01-16,1986,1,16,17.715267
1986-01-17,1986,1,17,1.1481978
1986-01-18,1986,1,18,0
1986-01-19,1986,1,19,0
1986-01-20,1986,1,20,0
1986-01-21,1986,1,21,0
1986-01-22,1986,1,22,0
1986-01-23,1986,1,23,0
1986-01-24,1986,1,24,0
1986-01-25,1986,1,25,0
1986-01-26,1986,1,26,0
1986-01-27,1986,1,27,0
1986-01-28,1986,1,28,0.0027457825
1986-01-29,1986,1,29,9.1572418
1986-01-30,1986,1,30,0.010544725
1986-01-31,1986,1,31,0
1986-02-01,1986,2,1,0
1986-02-02,1986,2,2,0
1986-02-03,1986,2,3,0
1986-02-04,1986,2,4,0
1986-02-05,1986,2,5,0
1986-02-06,1986,2,6,0
1986-02-07,1986,2,7,0
1986-02-08,1986,2,8,0.00024967137
1986-02-09,1986,2,9,0
1986-02-10,1986,2,10,0.036492665
1986-02-11,1986,2,11,0.50771531
1986-02-12,1986,2,12,16.102646
1986-02-13,1986,2,13,10.61884
1986-02-14,1986,2,14,24.690845
1986-02-15,1986,2,15,0.059690877
1986-02-16,1986,2,16,0
1986-02-17,1986,2,17,0
1986-02-18,1986,2,18,0
1986-02-19,1986,2,19,0
1986-02-20,1986,2,20,0
1986-02-21,1986,2,21,0
1986-02-22,1986,2,22,0
1986-02-23,1986,2,23,0.00031963914
1986-02-24,1986,2,24,0.015873739
1986-02-25,1986,2,25,20.035165
1986-02-26,1986,2,26,0.36620577
1986-02-27,1986,2,27,0.13342286
1986-02-28,1986,2,28,0
1986-03-01,1986,3,1,0.18047282
1986-03-02,1986,3,2,0
1986-03-03,1986,3,3,0
1986-03-04,1986,3,4,0
1986-03-05,1986,3,5,0
1986-03-06,1986,3,6,0
1986-03-07,1986,3,7,0
1986-03-08,1986,3,8,0
1986-03-09,1986,3,9,34.788786
1986-03-10,1986,3,10,2.3872513
1986-03-11,1986,3,11,0
1986-03-12,1986,3,12,8.4340437
1986-03-13,1986,3,13,7.8271633
1986-03-14,1986,3,14,0
1986-03-15,1986,3,15,2.4186649
1986-03-16,1986,3,16,23.213881
1986-03-17,1986,3,17,8.0250758
1986-03-18,1986,3,18,0
1986-03-19,1986,3,19,0
1986-03-20,1986,3,20,0
1986-03-21,1986,3,21,0
1986-03-22,1986,3,22,0
1986-03-23,1986,3,23,0
1986-03-24,1986,3,24,0
1986-03-25,1986,3,25,0
1986-03-26,1986,3,26,0
1986-03-27,1986,3,27,0
1986-03-28,1986,3,28,0
1986-03-29,1986,3,29,0
1986-03-30,1986,3,30,0
1986-03-31,1986,3,31,0.0026065192
1986-04-01,1986,4,1,32.902443
1986-04-02,1986,4,2,7.5087895
1986-04-03,1986,4,3,6.5990913
1986-04-04,1986,4,4,5.8272968
1986-04-05,1986,4,5,0.0097289589
1986-04-06,1986,4,6,0
1986-04-07,1986,4,7,0
1986-04-08,1986,4,8,5.384368
1986-04-09,1986,4,9,19.278764
1986-04-10,1986,4,10,0
1986-04-11,1986,4,11,0
1986-04-12,1986,4,12,1.0680129
1986-04-13,1986,4,13,0
1986-04-14,1986,4,14,0
1986-04-15,1986,4,15,0
1986-04-16,1986,4,16,12.454496
1986-04-17,1986,4,17,11.952087
1986-04-18,1986,4,18,0.015313161
1986-04-19,1986,4,19,21.639886
1986-04-20,1986,4,20,54.812346
1986-04-21,1986,4,21,15.320144
1986-04-22,1986,4,22,1.8414714
1986-04-23,1986,4,23,9.6746965
1986-04-24,1986,4,24,0.32359862
1986-04-25,1986,4,25,0
1986-04-26,1986,4,26,0
1986-04-27,1986,4,27,0
1986-04-28,1986,4,28,1.0921276
1986-04-29,1986,4,29,0.0059076006
1986-04-30,1986,4,30,4.2659354
1986-05-01,1986,5,1,0
1986-05-02,1986,5,2,0
1986-05-03,1986,5,3,0
1986-05-04,1986,5,4,0
1986-05-05,1986,5,5,0
1986-05-06,1986,5,6,3.9619719
1986-05-07,1986,5,7,40.825602
1986-05-08,1986,5,8,27.10011
1986-05-09,1986,5,9,0
1986-05-10,1986,5,10,0.14750155
1986-05-11,1986,5,11,1.7069654
1986-05-12,1986,5,12,0
1986-05-13,1986,5,13,12.48604
1986-05-14,1986,5,14,36.429841
1986-05-15,1986,5,15,30.896135
1986-05-16,1986,5,16,8.0739479
1986-05-17,1986,5,17,48.206553
1986-05-18,1986,5,18,30.160612
1986-05-19,1986,5,19,22.647724
1986-05-20,1986,5,20,26.930599
1986-05-21,1986,5,21,10.127933
1986-05-22,1986,5,22,23.014816
1986-05-23,1986,5,23,15.236702
1986-05-24,1986,5,24,4.5015199
1986-05-25,1986,5,25,23.649509
1986-05-26,1986,5,26,79.959506
1986-05-27,1986,5,27,41.697082
1986-05-28,1986,5,28,14.331533
1986-05-29,1986,5,29,0
1986-05-30,1986,5,30,7.0736276
1986-05-31,1986,5,31,0
1986-06-01,1986,6,1,0
1986-06-02,1986,6,2,34.785733
1986-06-03,1986,6,3,12.823612
1986-06-04,1986,6,4,0.00037477755
1986-06-05,1986,6,5,0
1986-06-06,1986,6,6,19.69418
1986-06-07,1986,6,7,49.071523
1986-06-08,1986,6,8,15.316365
1986-06-09,1986,6,9,26.44682
1986-06-10,1986,6,10,0.029480014
1986-06-11,1986,6,11,38.849218
1986-06-12,1986,6,12,67.723249
1986-06-13,1986,6,13,15.393025
1986-06-14,1986,6,14,26.940249
1986-06-15,1986,6,15,88.083991
1986-06-16,1986,6,16,58.394061
1986-06-17,1986,6,17,19.06885
1986-06-18,1986,6,18,1.5324059
1986-06-19,1986,6,19,40.295156
1986-06-20,1986,6,20,24.630823
1986-06-21,1986,6,21,0
1986-06-22,1986,6,22,0
1986-06-23,1986,6,23,17.280901
1986-06-24,1986,6,24,0
1986-06-25,1986,6,25,0
1986-06-26,1986,6,26,0
1986-06-27,1986,6,27,0
1986-06-28,1986,6,28,0
1986-06-29,1986,6,29,7.5796986
1986-06-30,1986,6,30,5.4009236
1986-07-01,1986,7,1,0
1986-07-02,1986,7,2,0
1986-07-03,1986,7,3,0
1986-07-04,1986,7,4,0
1986-07-05,1986,7,5,0
1986-07-06,1986,7,6,0
1986-07-07,1986,7,7,0.016739169
1986-07-08,1986,7,8,30.815659
1986-07-09,1986,7,9,0.016792111
1986-07-10,1986,7,10,38.426837
1986-07-11,1986,7,11,2.9773684
1986-07-12,1986,7,12,0.13755608
1986-07-13,1986,7,13,0
1986-07-14,1986,7,14,12.807385
1986-07-15,1986,7,15,11.80314
1986-07-16,1986,7,16,0
1986-07-17,1986,7,17,0
1986-07-18,1986,7,18,0
1986-07-19,1986,7,19,0
1986-07-20,1986,7,20,0
1986-07-21,1986,7,21,0
1986-07-22,1986,7,22,0.012454964
1986-07-23,1986,7,23,0.98575883
1986-07-24,1986,7,24,0.7675468
1986-07-25,1986,7,25,0
1986-07-26,1986,7,26,0
1986-07-27,1986,7,27,0
1986-07-28,1986,7,28,8.6587559
1986-07-29,1986,7,29,38.603514
1986-07-30,1986,7,30,48.401716
1986-07-31,1986,7,31,3.7631858
1986-08-01,1986,8,1,0.83284669
1986-08-02,1986,8,2,19.325878
1986-08-03,1986,8,3,12.281285
1986-08-04,1986,8,4,4.7813826
1986-08-05,1986,8,5,0
1986-08-06,1986,8,6,22.051209
1986-08-07,1986,8,7,18.225188
1986-08-08,1986,8,8,21.524586
1986-08-09,1986,8,9,2.2983225
1986-08-10,1986,8,10,0
1986-08-11,1986,8,11,0
1986-08-12,1986,8,12,0
1986-08-13,1986,8,13,0
1986-08-14,1986,8,14,0
1986-08-15,1986,8,15,0
1986-08-16,1986,8,16,0
1986-08-17,1986,8,17,0
1986-08-18,1986,8,18,0
1986-08-19,1986,8,19,6.2946947
1986-08-20,1986,8,20,28.342895
1986-08-21,1986,8,21,43.886112
1986-08-22,1986,8,22,17.855299
1986-08-23,1986,8,23,7.8911884
1986-08-24,1986,8,24,15.414644
1986-08-25,1986,8,25,8.3009497
1986-08-26,1986,8,26,32.123813
1986-08-27,1986,8,27,11.972277
1986-08-28,1986,8,28,0
1986-08-29,1986,8,29,0
1986-08-30,1986,8,30,9.9177877
1986-08-31,1986,8,31,11.579537
1986-09-01,1986,9,1,0
1986-09-02,1986,9,2,0
1986-09-03,1986,9,3,0
1986-09-04,1986,9,4,0
1986-09-05,1986,9,5,5.4764344
1986-09-06,1986,9,6,0.28755351
1986-09-07,1986,9,7,4.1282427
1986-09-08,1986,9,8,0
1986-09-09,1986,9,9,0
1986-09-10,1986,9,10,0.62325435
1986-09-11,1986,9,11,14.020517
1986-09-12,1986,9,12,0.45043289
1986-09-13,1986,9,13,6.8414393
1986-09-14,1986,9,14,3.6730659
1986-09-15,1986,9,15,0
1986-09-16,1986,9,16,1.3342906
1986-09-17,1986,9,17,0
1986-09-18,1986,9,18,0
1986-09-19,1986,9,19,0.42361857
1986-09-20,1986,9,20,16.391699
1986-09-21,1986,9,21,1.3935297
1986-09-22,1986,9,22,0.15962804
1986-09-23,1986,9,23,0
1986-09-24,1986,9,24,0
1986-09-25,1986,9,25,0
1986-09-26,1986,9,26,0
1986-09-27,1986,9,27,0.2466626
1986-09-28,1986,9,28,2.455313
1986-09-29,1986,9,29,2.2303488
1986-09-30,1986,9,30,18.782607
1986-10-01,1986,10,1,0
1986-10-02,1986,10,2,0
1986-10-03,1986,10,3,3.1133472
1986-10-04,1986,10,4,19.619813
1986-10-05,1986,10,5,6.4739993
1986-10-06,1986,10,6,0
1986-10-07,1986,10,7,0
1986-10-08,1986,10,8,0
1986-10-09,1986,10,9,1.9655915
1986-10-10,1986,10,10,0
1986-10-11,1986,10,11,0
1986-10-12,1986,10,12,0.030635019
1986-10-13,1986,10,13,15.426182
1986-10-14,1986,10,14,13.383736
1986-10-15,1986,10,15,2.5314171
1986-10-16,1986,10,16,0
1986-10-17,1986,10,17,0
1986-10-18,1986,10,18,0
1986-10-19,1986,10,19,0
1986-10-20,1986,10,20,0
1986-10-21,1986,10,21,0
1986-10-22,1986,10,22,0
1986-10-23,1986,10,23,0
1986-10-24,1986,10,24,0
1986-10-25,1986,10,25,0
1986-10-26,1986,10,26,0.00027895996
1986-10-27,1986,10,27,0
1986-10-28,1986,10,28,0
1986-10-29,1986,10,29,1.8305858
1986-10-30,1986,10,30,17.032097
1986-10-31,1986,10,31,14.211137
1986-11-01,1986,11,1,0
1986-11-02,1986,11,2,0.025005252
1986-11-03,1986,11,3,0
1986-11-04,1986,11,4,0
1986-11-05,1986,11,5,0
1986-11-06,1986,11,6,0
1986-11-07,1986,11,7,7.6829514
1986-11-08,1986,11,8,12.916348
1986-11-09,1986,11,9,0
1986-11-10,1986,11,10,0
1986-11-11,1986,11,11,0
1986-11-12,1986,11,12,0
1986-11-13,1986,11,13,13.537413
1986-11-14,1986,11,14,8.2442727
1986-11-15,1986,11,15,0
1986-11-16,1986,11,16,0
1986-11-17,1986,11,17,5.2733288
1986-11-18,1986,11,18,19.172112
1986-11-19,1986,11,19,0
1986-11-20,1986,11,20,0
1986-11-21,1986,11,21,0
1986-11-22,1986,11,22,0
1986-11-23,1986,11,23,0
1986-11-24,1986,11,24,16.753945
1986-11-25,1986,11,25,142.73257
1986-11-26,1986,11,26,44.817748
1986-11-27,1986,11,27,16.502892
1986-11-28,1986,11,28,6.8815407
1986-11-29,1986,11,29,0.17644214
1986-11-30,1986,11,30,0.074129633
1986-12-01,1986,12,1,18.015144
1986-12-02,1986,12,2,0
1986-12-03,1986,12,3,0.011331351
1986-12-04,1986,12,4,0
1986-12-05,1986,12,5,0
1986-12-06,1986,12,6,0
1986-12-07,1986,12,7,0
1986-12-08,1986,12,8,0
1986-12-09,1986,12,9,0
1986-12-10,1986,12,10,0
1986-12-11,1986,12,11,0
1986-12-12,1986,12,12,0
1986-12-13,1986,12,13,7.1046121e-06
1986-12-14,1986,12,14,5.964945
1986-12-15,1986,12,15,1.9533932
1986-12-16,1986,12,16,0
1986-12-17,1986,12,17,0
1986-12-18,1986,12,18,0
1986-12-19,1986,12,19,0
1986-12-20,1986,12,20,0
1986-12-21,1986,12,21,0
1986-12-22,1986,12,22,0
1986-12-23,1986,12,23,0
1986-12-24,1986,12,24,0
1986-12-25,1986,12,25,0
1986-12-26,1986,12,26,0
1986-12-27,1986,12,27,0
1986-12-28,1986,12,28,0
1986-12-29,1986,12,29,0
1986-12-30,1986,12,30,0
1986-12-31,1986,12,31,0
1987-01-01,1987,1,1,0
1987-01-02,1987,1,2,0
1987-01-03,1987,1,3,0
1987-01-04,1987,1,4,0
1987-01-05,1987,1,5,0
1987-01-06,1987,1,6,0
1987-01-07,1987,1,7,0
1987-01-08,1987,1,8,0
1987-01-09,1987,1,9,0
1987-01-10,1987,1,10,0
1987-01-11,1987,1,11,0
1987-01-12,1987,1,12,0
1987-01-13,1987,1,13,0
1987-01-14,1987,1,14,0
1987-01-15,1987,1,15,0
1987-01-16,1987,1,16,0
1987-01-17,1987,1,17,0
1987-01-18,1987,1,18,0
1987-01-19,1987,1,19,0
1987-01-20,1987,1,20,0
1987-01-21,1987,1,21,0
1987-01-22,1987,1,22,0
1987-01-23,1987,1,23,0
1987-01-24,1987,1,24,0
1987-01-25,1987,1,25,0
1987-01-26,1987,1,26,0
1987-01-27,1987,1,27,0
1987-01-28,1987,1,28,0
1987-01-29,1987,1,29,0
1987-01-30,1987,1,30,0.074655575
1987-01-31,1987,1,31,0
1987-02-01,1987,2,1,0
1987-02-02,1987,2,2,0
1987-02-03,1987,2,3,0.028136555
1987-02-04,1987,2,4,0.00037450706
1987-02-05,1987,2,5,1.6199216
1987-02-06,1987,2,6,4.8583501
1987-02-07,1987,2,7,0
1987-02-08,1987,2,8,0
1987-02-09,1987,2,9,0
1987-02-10,1987,2,10,0
1987-02-11,1987,2,11,0
1987-02-12,1987,2,12,0
1987-02-13,1987,2,13,0
1987-02-14,1987,2,14,0
1987-02-15,1987,2,15,0
1987-02-16,1987,2,16,0
1987-02-17,1987,2,17,0
1987-02-18,1987,2,18,0
1987-02-19,1987,2,19,0.00055304702
1987-02-20,1987,2,20,0.19119879
1987-02-21,1987,2,21,4.3746321
1987-02-22,1987,2,22,2.2109516
1987-02-23,1987,2,23,1.0540799
1987-02-24,1987,2,24,13.579179
1987-02-25,1987,2,25,0.00033672869
1987-02-26,1987,2,26,0
1987-02-27,1987,2,27,0
1987-02-28,1987,2,28,0
1987-03-01,1987,3,1,0
1987-03-02,1987,3,2,0
1987-03-03,1987,3,3,1.0630455
1987-03-04,1987,3,4,0
1987-03-05,1987,3,5,0
1987-03-06,1987,3,6,0
1987-03-07,1987,3,7,0
1987-03-08,1987,3,8,0
1987-03-09,1987,3,9,0
1987-03-10,1987,3,10,0
1987-03-11,1987,3,11,0
1987-03-12,1987,3,12,0
1987-03-13,1987,3,13,0
1987-03-14,1987,3,14,0
1987-03-15,1987,3,15,0
1987-03-16,1987,3,16,0
1987-03-17,1987,3,17,0
1987-03-18,1987,3,18,0
1987-03-19,1987,3,19,0
1987-03-20,1987,3,20,0
1987-03-21,1987,3,21,0.007938285
1987-03-22,1987,3,22,7.7325569
1987-03-23,1987,3,23,5.9830145
1987-03-24,1987,3,24,7.1270828
1987-03-25,1987,3,25,9.137896
1987-03-26,1987,3,26,57.198516
1987-03-27,1987,3,27,17.219466
1987-03-28,1987,3,28,0
1987-03-29,1987,3,29,0
1987-03-30,1987,3,30,0
1987-03-31,1987,3,31,1.4619068e-05
1987-04-01,1987,4,1,0.0068434765
1987-04-02,1987,4,2,0
1987-04-03,1987,4,3,0
1987-04-04,1987,4,4,0
1987-04-05,1987,4,5,0
1987-04-06,1987,4,6,0
1987-04-07,1987,4,7,10.263697
1987-04-08,1987,4,8,0
1987-04-09,1987,4,9,0
1987-04-10,1987,4,10,0
1987-04-11,1987,4,11,1.2155171
1987-04-12,1987,4,12,5.7846243
1987-04-13,1987,4,13,0.073483948
1987-04-14,1987,4,14,27.404304
1987-04-15,1987,4,15,1.3109609
1987-04-16,1987,4,16,0
1987-04-17,1987,4,17,0
1987-04-18,1987,4,18,0
1987-04-19,1987,4,19,0
1987-04-20,1987,4,20,0
1987-04-21,1987,4,21,0.11389664
1987-04-22,1987,4,22,17.06684
1987-04-23,1987,4,23,8.62995
1987-04-24,1987,4,24,8.5928322
1987-04-25,1987,4,25,0
1987-04-26,1987,4,26,0
1987-04-27,1987,4,27,0
1987-04-28,1987,4,28,0.47066847
1987-04-29,1987,4,29,0.88851198
1987-04-30,1987,4,30,4.1516814
1987-05-01,1987,5,1,2.4929515
1987-05-02,1987,5,2,0
1987-05-03,1987,5,3,0
1987-05-04,1987,5,4,0
1987-05-05,1987,5,5,18.942553
1987-05-06,1987,5,6,42.612357
1987-05-07,1987,5,7,4.227732
1987-05-08,1987,5,8,0
1987-05-09,1987,5,9,0
1987-05-10,1987,5,10,11.990603
1987-05-11,1987,5,11,2.0277323
1987-05-12,1987,5,12,0
1987-05-13,1987,5,13,5.8000037
1987-05-14,1987,5,14,12.801535
1987-05-15,1987,5,15,9.610356
1987-05-16,1987,5,16,13.758316
1987-05-17,1987,5,17,0.40607654
1987-05-18,1987,5,18,0.0026750176
1987-05-19,1987,5,19,0
1987-05-20,1987,5,20,0
1987-05-21,1987,5,21,0
1987-05-22,1987,5,22,0
1987-05-23,1987,5,23,0
1987-05-24,1987,5,24,0
1987-05-25,1987,5,25,0
1987-05-26,1987,5,26,0.31441772
1987-05-27,1987,5,27,0.20609362
1987-05-28,1987,5,28,48.148416
1987-05-29,1987,5,29,11.102797
1987-05-30,1987,5,30,2.1565525
1987-05-31,1987,5,31,6.8401588
1987-06-01,1987,6,1,0.33461322
1987-06-02,1987,6,2,61.617582
1987-06-03,1987,6,3,5.103225
1987-06-04,1987,6,4,1.9747083
1987-06-05,1987,6,5,0.36052798
1987-06-06,1987,6,6,13.849668
1987-06-07,1987,6,7,37.662903
1987-06-08,1987,6,8,15.318919
1987-06-09,1987,6,9,9.5154921
1987-06-10,1987,6,10,31.890003
1987-06-11,1987,6,11,8.2902588
1987-06-12,1987,6,12,0
1987-06-13,1987,6,13,1.4378554
1987-06-14,1987,6,14,2.0906398
1987-06-15,1987,6,15,2.1544462
1987-06-16,1987,6,16,0
1987-06-17,1987,6,17,0
1987-06-18,1987,6,18,0
1987-06-19,1987,6,19,18.140458
1987-06-20,1987,6,20,17.28376
1987-06-21,1987,6,21,0.10474346
1987-06-22,1987,6,22,0
1987-06-23,1987,6,23,0
1987-06-24,1987,6,24,0
1987-06-25,1987,6,25,0
1987-06-26,1987,6,26,0
1987-06-27,1987,6,27,0.28210711
1987-06-28,1987,6,28,13.643284
1987-06-29,1987,6,29,0.24363181
1987-06-30,1987,6,30,0
1987-07-01,1987,7,1,0
1987-07-02,1987,7,2,0.3836391
1987-07-03,1987,7,3,21.258678
1987-07-04,1987,7,4,2.5585799
1987-07-05,1987,7,5,0
1987-07-06,1987,7,6,0
1987-07-07,1987,7,7,0.82603522
1987-07-08,1987,7,8,43.964552
1987-07-09,1987,7,9,30.27435
1987-07-10,1987,7,10,36.802431
1987-07-11,1987,7,11,34.096531
1987-07-12,1987,7,12,33.504898
1987-07-13,1987,7,13,42.21755
1987-07-14,1987,7,14,40.521738
1987-07-15,1987,7,15,26.267157
1987-07-16,1987,7,16,10.945428
1987-07-17,1987,7,17,0
1987-07-18,1987,7,18,0
1987-07-19,1987,7,19,0
1987-07-20,1987,7,20,0
1987-07-21,1987,7,21,0
1987-07-22,1987,7,22,18.787722
1987-07-23,1987,7,23,42.380062
1987-07-24,1987,7,24,3.9413471
1987-07-25,1987,7,25,10.530157
1987-07-26,1987,7,26,14.597714
1987-07-27,1987,7,27,5.2023377
1987-07-28,1987,7,28,0.30225666
1987-07-29,1987,7,29,0
1987-07-30,1987,7,30,0
1987-07-31,1987,7,31,34.948758
1987-08-01,1987,8,1,8.7422963
1987-08-02,1987,8,2,0
1987-08-03,1987,8,3,3.9367575
1987-08-04,1987,8,4,0
1987-08-05,1987,8,5,0
1987-08-06,1987,8,6,0
1987-08-07,1987,8,7,6.2699173
1987-08-08,1987,8,8,12.945947
1987-08-09,1987,8,9,36.866808
1987-08-10,1987,8,10,30.724416
1987-08-11,1987,8,11,28.789076
1987-08-12,1987,8,12,29.961196
1987-08-13,1987,8,13,30.951634
1987-08-14,1987,8,14,17.433675
1987-08-15,1987,8,15,6.5094379
1987-08-16,1987,8,16,0
1987-08-17,1987,8,17,0
1987-08-18,1987,8,18,2.4226584e-05
1987-08-19,1987,8,19,0
1987-08-20,1987,8,20,0
1987-08-21,1987,8,21,0
1987-08-22,1987,8,22,0
1987-08-23,1987,8,23,10.186095
1987-08-24,1987,8,24,24.171518
1987-08-25,1987,8,25,5.8814667
1987-08-26,1987,8,26,24.964445
1987-08-27,1987,8,27,8.7984341
1987-08-28,1987,8,28,0
1987-08-29,1987,8,29,0
1987-08-30,1987,8,30,0
1987-08-31,1987,8,31,3.2107173
1987-09-01,1987,9,1,0
1987-09-02,1987,9,2,0.25595883
1987-09-03,1987,9,3,0
1987-09-04,1987,9,4,6.5387564
1987-09-05,1987,9,5,1.5030047
1987-09-06,1987,9,6,13.735052
1987-09-07,1987,9,7,39.097339
1987-09-08,1987,9,8,13.197595
1987-09-09,1987,9,9,2.8906419
1987-09-10,1987,9,10,0
1987-09-11,1987,9,11,0
1987-09-12,1987,9,12,0.17594436
1987-09-13,1987,9,13,20.058273
1987-09-14,1987,9,14,1.4771332
1987-09-15,1987,9,15,0
1987-09-16,1987,9,16,0.83155353
1987-09-17,1987,9,17,6.433412e-07
1987-09-18,1987,9,18,0
1987-09-19,1987,9,19,0
1987-09-20,1987,9,20,0.632138
1987-09-21,1987,9,21,0
1987-09-22,1987,9,22,0
1987-09-23,1987,9,23,0
1987-09-24,1987,9,24,0
1987-09-25,1987,9,25,5.7101846
1987-09-26,1987,9,26,2.2638502
1987-09-27,1987,9,27,0
1987-09-28,1987,9,28,23.692881
1987-09-29,1987,9,29,4.1810838
1987-09-30,1987,9,30,0
1987-10-01,1987,10,1,0
1987-10-02,1987,10,2,0.17102931
1987-10-03,1987,10,3,0.035703722
1987-10-04,1987,10,4,0
1987-10-05,1987,10,5,14.799472
1987-10-06,1987,10,6,4.4791412
1987-10-07,1987,10,7,0.026471784
1987-10-08,1987,10,8,0
1987-10-09,1987,10,9,48.73767
1987-10-10,1987,10,10,24.236157
1987-10-11,1987,10,11,4.892831
1987-10-12,1987,10,12,0
1987-10-13,1987,10,13,0
1987-10-14,1987,10,14,0.063013723
1987-10-15,1987,10,15,0
1987-10-16,1987,10,16,0
1987-10-17,1987,10,17,0
1987-10-18,1987,10,18,0
1987-10-19,1987,10,19,0.00077451501
1987-10-20,1987,10,20,4.5564633
1987-10-21,1987,10,21,0
1987-10-22,1987,10,22,0.14446311
1987-10-23,1987,10,23,0.78726973
1987-10-24,1987,10,24,6.4731722
1987-10-25,1987,10,25,0
1987-10-26,1987,10,26,0
1987-10-27,1987,10,27,0
1987-10-28,1987,10,28,0
1987-10-29,1987,10,29,6.9755433
1987-10-30,1987,10,30,9.8222074
1987-10-31,1987,10,31,6.3202277
1987-11-01,1987,11,1,3.7754939
1987-11-02,1987,11,2,0
1987-11-03,1987,11,3,0.32115237
1987-11-04,1987,11,4,4.4399824
1987-11-05,1987,11,5,8.705038
1987-11-06,1987,11,6,17.725413
1987-11-07,1987,11,7,23.265546
1987-11-08,1987,11,8,0
1987-11-09,1987,11,9,0
1987-11-10,1987,11,10,0
1987-11-11,1987,11,11,0
1987-11-12,1987,11,12,0
1987-11-13,1987,11,13,0
1987-11-14,1987,11,14,0
1987-11-15,1987,11,15,0
1987-11-16,1987,11,16,3.2582966
1987-11-17,1987,11,17,9.8053763
1987-11-18,1987,11,18,0
1987-11-19,1987,11,19,0
1987-11-20,1987,11,20,0
1987-11-21,1987,11,21,0
1987-11-22,1987,11,22,0
1987-11-23,1987,11,23,0.19257318
1987-11-24,1987,11,24,0
1987-11-25,1987,11,25,0
1987-11-26,1987,11,26,0
1987-11-27,1987,11,27,0
1987-11-28,1987,11,28,0
1987-11-29,1987,11,29,1.4122845
1987-11-30,1987,11,30,9.6558028
1987-12-01,1987,12,1,0
1987-12-02,1987,12,2,0
1987-12-03,1987,12,3,0
1987-12-04,1987,12,4,5.2730162
1987-12-05,1987,12,5,0
1987-12-06,1987,12,6,0
1987-12-07,1987,12,7,0
1987-12-08,1987,12,8,0
1987-12-09,1987,12,9,15.105452
1987-12-10,1987,12,10,17.685149
1987-12-11,1987,12,11,0
1987-12-12,1987,12,12,0
1987-12-13,1987,12,13,0
1987-12-14,1987,12,14,0
1987-12-15,1987,12,15,5.8938632
1987-12-16,1987,12,16,0.19850624
1987-12-17,1987,12,17,0
1987-12-18,1987,12,18,0.00063978451
1987-12-19,1987,12,19,0
1987-12-20,1987,12,20,0
1987-12-21,1987,12,21,0
1987-12-22,1987,12,22,0.0038856526
1987-12-23,1987,12,23,0
1987-12-24,1987,12,24,0
1987-12-25,1987,12,25,0.061168262
1987-12-26,1987,12,26,0
1987-12-27,1987,12,27,6.5921949
1987-12-28,1987,12,28,0
1987-12-29,1987,12,29,0
1987-12-30,1987,12,30,0
1987-12-31,1987,12,31,0
1988-01-01,1988,1,1,0
1988-01-02,1988,1,2,0
1988-01-03,1988,1,3,0
1988-01-04,1988,1,4,0
1988-01-05,1988,1,5,0
1988-01-06,1988,1,6,0
1988-01-07,1988,1,7,0
1988-01-08,1988,1,8,0
1988-01-09,1988,1,9,0
1988-01-10,1988,1,10,0.0018991597
1988-01-11,1988,1,11,0
1988-01-12,1988,1,12,17.660414
1988-01-13,1988,1,13,5.7186106
1988-01-14,1988,1,14,0
1988-01-15,1988,1,15,0
1988-01-16,1988,1,16,0
1988-01-17,1988,1,17,42.784087
1988-01-18,1988,1,18,5.2552447
1988-01-19,1988,1,19,0
1988-01-20,1988,1,20,0
1988-01-21,1988,1,21,0
1988-01-22,1988,1,22,0
1988-01-23,1988,1,23,0
1988-01-24,1988,1,24,0
1988-01-25,1988,1,25,0
1988-01-26,1988,1,26,0
1988-01-27,1988,1,27,0.0030296913
1988-01-28,1988,1,28,0
1988-01-29,1988,1,29,0
1988-01-30,1988,1,30,0
1988-01-31,1988,1,31,0
1988-02-01,1988,2,1,0
1988-02-02,1988,2,2,0
1988-02-03,1988,2,3,0
1988-02-04,1988,2,4,0
1988-02-05,1988,2,5,0
1988-02-06,1988,2,6,0
1988-02-07,1988,2,7,0
1988-02-08,1988,2,8,0
1988-02-09,1988,2,9,0
1988-02-10,1988,2,10,2.1218066
1988-02-11,1988,2,11,0
1988-02-12,1988,2,12,0
1988-02-13,1988,2,13,0
1988-02-14,1988,2,14,0
1988-02-15,1988,2,15,0
1988-02-16,1988,2,16,0
1988-02-17,1988,2,17,0
1988-02-18,1988,2,18,0
1988-02-19,1988,2,19,0
1988-02-20,1988,2,20,0
1988-02-21,1988,2,21,0
1988-02-22,1988,2,22,0
1988-02-23,1988,2,23,0.107809
1988-02-24,1988,2,24,0
1988-02-25,1988,2,25,0
1988-02-26,1988,2,26,0
1988-02-27,1988,2,27,0
1988-02-28,1988,2,28,0
1988-02-29,1988,2,29,0
1988-03-01,1988,3,1,0
1988-03-02,1988,3,2,0
1988-03-03,1988,3,3,0.4443662
1988-03-04,1988,3,4,42.101387
1988-03-05,1988,3,5,0.77338653
1988-03-06,1988,3,6,0
1988-03-07,1988,3,7,6.1645236
1988-03-08,1988,3,8,6.2104241
1988-03-09,1988,3,9,16.814302
1988-03-10,1988,3,10,5.1901606
1988-03-11,1988,3,11,9.4767892
1988-03-12,1988,3,12,0
1988-03-13,1988,3,13,0
1988-03-14,1988,3,14,0
1988-03-15,1988,3,15,0
1988-03-16,1988,3,16,0
1988-03-17,1988,3,17,0
1988-03-18,1988,3,18,0
1988-03-19,1988,3,19,0.061300284
1988-03-20,1988,3,20,0
1988-03-21,1988,3,21,0.00096020881
1988-03-22,1988,3,22,18.147611
1988-03-23,1988,3,23,0
1988-03-24,1988,3,24,0.019583423
1988-03-25,1988,3,25,4.1704585
1988-03-26,1988,3,26,6.4861003
1988-03-27,1988,3,27,0
1988-03-28,1988,3,28,0
1988-03-29,1988,3,29,0
1988-03-30,1988,3,30,0.073413309
1988-03-31,1988,3,31,0
1988-04-01,1988,4,1,0
1988-04-02,1988,4,2,0
1988-04-03,1988,4,3,0
1988-04-04,1988,4,4,0
1988-04-05,1988,4,5,0.0027143739
1988-04-06,1988,4,6,0
1988-04-07,1988,4,7,0
1988-04-08,1988,4,8,0
1988-04-09,1988,4,9,0
1988-04-10,1988,4,10,0
1988-04-11,1988,4,11,2.786131
1988-04-12,1988,4,12,0
1988-04-13,1988,4,13,3.6226969
1988-04-14,1988,4,14,27.485387
1988-04-15,1988,4,15,10.022027
1988-04-16,1988,4,16,14.141611
1988-04-17,1988,4,17,15.413982
1988-04-18,1988,4,18,17.000943
1988-04-19,1988,4,19,0.24540737
1988-04-20,1988,4,20,0.52306464
1988-04-21,1988,4,21,4.0200952
1988-04-22,1988,4,22,0
1988-04-23,1988,4,23,0
1988-04-24,1988,4,24,10.93088
1988-04-25,1988,4,25,5.3893813
1988-04-26,1988,4,26,0
1988-04-27,1988,4,27,0
1988-04-28,1988,4,28,0
1988-04-29,1988,4,29,0
1988-04-30,1988,4,30,0
1988-05-01,1988,5,1,0
1988-05-02,1988,5,2,0
1988-05-03,1988,5,3,0
1988-05-04,1988,5,4,0
1988-05-05,1988,5,5,0
1988-05-06,1988,5,6,0
1988-05-07,1988,5,7,0
1988-05-08,1988,5,8,0
1988-05-09,1988,5,9,0
1988-05-10,1988,5,10,23.250853
1988-05-11,1988,5,11,6.669858
1988-05-12,1988,5,12,4.0243632
1988-05-13,1988,5,13,30.641679
1988-05-14,1988,5,14,13.070187
1988-05-15,1988,5,15,2.7606987
1988-05-16,1988,5,16,14.934831
1988-05-17,1988,5,17,27.231398
1988-05-18,1988,5,18,14.404784
1988-05-19,1988,5,19,0
1988-05-20,1988,5,20,0
1988-05-21,1988,5,21,0
1988-05-22,1988,5,22,0.73032108
1988-05-23,1988,5,23,0
1988-05-24,1988,5,24,0
1988-05-25,1988,5,25,0
1988-05-26,1988,5,26,0
1988-05-27,1988,5,27,0
1988-05-28,1988,5,28,0
1988-05-29,1988,5,29,0
1988-05-30,1988,5,30,0
1988-05-31,1988,5,31,0
1988-06-01,1988,6,1,14.107704
1988-06-02,1988,6,2,4.7456715
1988-06-03,1988,6,3,0
1988-06-04,1988,6,4,0.00018090768
1988-06-05,1988,6,5,10.194539
1988-06-06,1988,6,6,8.6416397
1988-06-07,1988,6,7,26.129812
1988-06-08,1988,6,8,1.3576027
1988-06-09,1988,6,9,0
1988-06-10,1988,6,10,0.042499703
1988-06-11,1988,6,11,0
1988-06-12,1988,6,12,0
1988-06-13,1988,6,13,0
1988-06-14,1988,6,14,0
1988-06-15,1988,6,15,12.636331
1988-06-16,1988,6,16,2.4571161
1988-06-17,1988,6,17,0
1988-06-18,1988,6,18,8.8342569
1988-06-19,1988,6,19,64.533696
1988-06-20,1988,6,20,46.747242
1988-06-21,1988,6,21,62.697773
1988-06-22,1988,6,22,41.890704
1988-06-23,1988,6,23,3.5296608
1988-06-24,1988,6,24,0
1988-06-25,1988,6,25,0
1988-06-26,1988,6,26,6.7992167
1988-06-27,1988,6,27,26.472434
1988-06-28,1988,6,28,60.0258
1988-06-29,1988,6,29,61.638073
1988-06-30,1988,6,30,22.346789
1988-07-01,1988,7,1,19.253885
1988-07-02,1988,7,2,0.72893475
1988-07-03,1988,7,3,0
1988-07-04,1988,7,4,5.9995759
1988-07-05,1988,7,5,2.3483211
1988-07-06,1988,7,6,0
1988-07-07,1988,7,7,0
1988-07-08,1988,7,8,0
1988-07-09,1988,7,9,0
1988-07-10,1988,7,10,0
1988-07-11,1988,7,11,0
1988-07-12,1988,7,12,0
1988-07-13,1988,7,13,0
1988-07-14,1988,7,14,0
1988-07-15,1988,7,15,5.8286524
1988-07-16,1988,7,16,20.468563
1988-07-17,1988,7,17,7.6987582
1988-07-18,1988,7,18,0
1988-07-19,1988,7,19,0
1988-07-20,1988,7,20,0
1988-07-21,1988,7,21,0
1988-07-22,1988,7,22,0
1988-07-23,1988,7,23,0
1988-07-24,1988,7,24,0
1988-07-25,1988,7,25,0
1988-07-26,1988,7,26,11.066297
1988-07-27,1988,7,27,56.895283
1988-07-28,1988,7,28,59.162513
1988-07-29,1988,7,29,8.8076011
1988-07-30,1988,7,30,17.195543
1988-07-31,1988,7,31,0.04323042
1988-08-01,1988,8,1,0
1988-08-02,1988,8,2,0
1988-08-03,1988,8,3,0
1988-08-04,1988,8,4,0
1988-08-05,1988,8,5,0
1988-08-06,1988,8,6,0.19832366
1988-08-07,1988,8,7,14.2083
1988-08-08,1988,8,8,0
1988-08-09,1988,8,9,0
1988-08-10,1988,8,10,2.0990363
1988-08-11,1988,8,11,0.90547316
1988-08-12,1988,8,12,27.539381
1988-08-13,1988,8,13,23.543324
1988-08-14,1988,8,14,17.731589
1988-08-15,1988,8,15,5.9815768
1988-08-16,1988,8,16,0.16286829
1988-08-17,1988,8,17,35.357873
1988-08-18,1988,8,18,44.819511
1988-08-19,1988,8,19,20.738092
1988-08-20,1988,8,20,11.190341
1988-08-21,1988,8,21,13.78531
1988-08-22,1988,8,22,38.945832
1988-08-23,1988,8,23,42.277242
1988-08-24,1988,8,24,17.839868
1988-08-25,1988,8,25,0
1988-08-26,1988,8,26,0.50637853
1988-08-27,1988,8,27,3.6323438
1988-08-28,1988,8,28,12.867535
1988-08-29,1988,8,29,27.442301
1988-08-30,1988,8,30,11.562636
1988-08-31,1988,8,31,2.4105294
1988-09-01,1988,9,1,0
1988-09-02,1988,9,2,0
1988-09-03,1988,9,3,0
1988-09-04,1988,9,4,10.520764
1988-09-05,1988,9,5,1.6942533
1988-09-06,1988,9,6,0
1988-09-07,1988,9,7,12.537211
1988-09-08,1988,9,8,4.4696152
1988-09-09,1988,9,9,1.296639
1988-09-10,1988,9,10,0.62120581
1988-09-11,1988,9,11,1.1039097
1988-09-12,1988,9,12,0
1988-09-13,1988,9,13,0
1988-09-14,1988,9,14,0.00039481255
1988-09-15,1988,9,15,0.015683379
1988-09-16,1988,9,16,0
1988-09-17,1988,9,17,0
1988-09-18,1988,9,18,5.5592053
1988-09-19,1988,9,19,0
1988-09-20,1988,9,20,1.3245125
1988-09-21,1988,9,21,0.12985929
1988-09-22,1988,9,22,6.1282755
1988-09-23,1988,9,23,1.2059169
1988-09-24,1988,9,24,0.07518523
1988-09-25,1988,9,25,16.249787
1988-09-26,1988,9,26,0.00077447599
1988-09-27,1988,9,27,0
1988-09-28,1988,9,28,0
1988-09-29,1988,9,29,0.29890848
1988-09-30,1988,9,30,0.81749707
1988-10-01,1988,10,1,1.4119865
1988-10-02,1988,10,2,0
1988-10-03,1988,10,3,0
1988-10-04,1988,10,4,0
1988-10-05,1988,10,5,0
1988-10-06,1988,10,6,0
1988-10-07,1988,10,7,0
1988-10-08,1988,10,8,0
1988-10-09,1988,10,9,0
1988-10-10,1988,10,10,0
1988-10-11,1988,10,11,0
1988-10-12,1988,10,12,0
1988-10-13,1988,10,13,0
1988-10-14,1988,10,14,0
1988-10-15,1988,10,15,0
1988-10-16,1988,10,16,0
1988-10-17,1988,10,17,16.315721
1988-10-18,1988,10,18,16.943678
1988-10-19,1988,10,19,3.8714372
1988-10-20,1988,10,20,0
1988-10-21,1988,10,21,8.4897115
1988-10-22,1988,10,22,6.912819
1988-10-23,1988,10,23,43.490045
1988-10-24,1988,10,24,13.514364
1988-10-25,1988,10,25,0
1988-10-26,1988,10,26,0
1988-10-27,1988,10,27,14.031287
1988-10-28,1988,10,28,17.048202
1988-10-29,1988,10,29,0.23206867
1988-10-30,1988,10,30,11.249201
1988-10-31,1988,10,31,0
1988-11-01,1988,11,1,0
1988-11-02,1988,11,2,0
1988-11-03,1988,11,3,0
1988-11-04,1988,11,4,0
1988-11-05,1988,11,5,0.039254432
1988-11-06,1988,11,6,0.036227058
1988-11-07,1988,11,7,0
1988-11-08,1988,11,8,0
1988-11-09,1988,11,9,0
1988-11-10,1988,11,10,0
1988-11-11,1988,11,11,0
1988-11-12,1988,11,12,0.58790763
1988-11-13,1988,11,13,0
1988-11-14,1988,11,14,0.25591585
1988-11-15,1988,11,15,0.044844726
1988-11-16,1988,11,16,0
1988-11-17,1988,11,17,0
1988-11-18,1988,11,18,0.054429165
1988-11-19,1988,11,19,15.821148
1988-11-20,1988,11,20,0.00022788618
1988-11-21,1988,11,21,0
1988-11-22,1988,11,22,0
1988-11-23,1988,11,23,0
1988-11-24,1988,11,24,0.0042250104
1988-11-25,1988,11,25,0
1988-11-26,1988,11,26,0
1988-11-27,1988,11,27,0
1988-11-28,1988,11,28,0
1988-11-29,1988,11,29,0
1988-11-30,1988,11,30,0
1988-12-01,1988,12,1,0
1988-12-02,1988,12,2,0
1988-12-03,1988,12,3,0
1988-12-04,1988,12,4,0
1988-12-05,1988,12,5,0
1988-12-06,1988,12,6,6.9204606
1988-12-07,1988,12,7,0.0057580606
1988-12-08,1988,12,8,0
1988-12-09,1988,12,9,0
1988-12-10,1988,12,10,0
1988-12-11,1988,12,11,29.165293
1988-12-12,1988,12,12,1.5354349
1988-12-13,1988,12,13,0.00049970067
1988-12-14,1988,12,14,0
1988-12-15,1988,12,15,0
1988-12-16,1988,12,16,17.036313
1988-12-17,1988,12,17,8.78321
1988-12-18,1988,12,18,9.0183441
1988-12-19,1988,12,19,0
1988-12-20,1988,12,20,0
1988-12-21,1988,12,21,0
1988-12-22,1988,12,22,0
1988-12-23,1988,12,23,0
1988-12-24,1988,12,24,0
1988-12-25,1988,12,25,0
1988-12-26,1988,12,26,0
1988-12-27,1988,12,27,0
1988-12-28,1988,12,28,0
1988-12-29,1988,12,29,0
1988-12-30,1988,12,30,0
1988-12-31,1988,12,31,0
1989-01-01,1989,1,1,0
1989-01-02,1989,1,2,0
1989-01-03,1989,1,3,0
1989-01-04,1989,1,4,14.747597
1989-01-05,1989,1,5,11.596288
1989-01-06,1989,1,6,0
1989-01-07,1989,1,7,0
1989-01-08,1989,1,8,0
1989-01-09,1989,1,9,0
1989-01-10,1989,1,10,0
1989-01-11,1989,1,11,0
1989-01-12,1989,1,12,0.1625665
1989-01-13,1989,1,13,0
1989-01-14,1989,1,14,0
1989-01-15,1989,1,15,0
1989-01-16,1989,1,16,0.13185387
1989-01-17,1989,1,17,0
1989-01-18,1989,1,18,0.031449017
1989-01-19,1989,1,19,1.7700981
1989-01-20,1989,1,20,10.134686
1989-01-21,1989,1,21,4.9489774e-05
1989-01-22,1989,1,22,0
1989-01-23,1989,1,23,0
1989-01-24,1989,1,24,0
1989-01-25,1989,1,25,0
1989-01-26,1989,1,26,0
1989-01-27,1989,1,27,4.0034181
1989-01-28,1989,1,28,0.0065315687
1989-01-29,1989,1,29,0
1989-01-30,1989,1,30,0
1989-01-31,1989,1,31,0
1989-02-01,1989,2,1,0
1989-02-02,1989,2,2,0
1989-02-03,1989,2,3,0
1989-02-04,1989,2,4,0.085513127
1989-02-05,1989,2,5,0
1989-02-06,1989,2,6,0
1989-02-07,1989,2,7,0
1989-02-08,1989,2,8,0
1989-02-09,1989,2,9,0
1989-02-10,1989,2,10,0
1989-02-11,1989,2,11,0
1989-02-12,1989,2,12,0
1989-02-13,1989,2,13,0
1989-02-14,1989,2,14,0.0088561561
1989-02-15,1989,2,15,0.050589141
1989-02-16,1989,2,16,0.011272602
1989-02-17,1989,2,17,0
1989-02-18,1989,2,18,0
1989-02-19,1989,2,19,0
1989-02-20,1989,2,20,0
1989-02-21,1989,2,21,11.516999
1989-02-22,1989,2,22,4.1031391
1989-02-23,1989,2,23,0
1989-02-24,1989,2,24,0
1989-02-25,1989,2,25,0
1989-02-26,1989,2,26,0
1989-02-27,1989,2,27,0
1989-02-28,1989,2,28,0
1989-03-01,1989,3,1,0
1989-03-02,1989,3,2,0
1989-03-03,1989,3,3,10.994037
1989-03-04,1989,3,4,0
1989-03-05,1989,3,5,0.001631886
1989-03-06,1989,3,6,0
1989-03-07,1989,3,7,0
1989-03-08,1989,3,8,0
1989-03-09,1989,3,9,0
1989-03-10,1989,3,10,0
1989-03-11,1989,3,11,0
1989-03-12,1989,3,12,0
1989-03-13,1989,3,13,0
1989-03-14,1989,3,14,6.4919352
1989-03-15,1989,3,15,0.018941237
1989-03-16,1989,3,16,0
1989-03-17,1989,3,17,0
1989-03-18,1989,3,18,0
1989-03-19,1989,3,19,0
1989-03-20,1989,3,20,0
1989-03-21,1989,3,21,2.7017004
1989-03-22,1989,3,22,0
1989-03-23,1989,3,23,0
1989-03-24,1989,3,24,1.3927171
1989-03-25,1989,3,25,0
1989-03-26,1989,3,26,0
1989-03-27,1989,3,27,2.6951628
1989-03-28,1989,3,28,2.5892684
1989-03-29,1989,3,29,0
1989-03-30,1989,3,30,0.81598066
1989-03-31,1989,3,31,0
1989-04-01,1989,4,1,0
1989-04-02,1989,4,2,0.036564163
1989-04-03,1989,4,3,4.2864812
1989-04-04,1989,4,4,0.053222839
1989-04-05,1989,4,5,0
1989-04-06,1989,4,6,0
1989-04-07,1989,4,7,13.519092
1989-04-08,1989,4,8,1.495193
1989-04-09,1989,4,9,0
1989-04-10,1989,4,10,0
1989-04-11,1989,4,11,0
1989-04-12,1989,4,12,0
1989-04-13,1989,4,13,0
1989-04-14,1989,4,14,0
1989-04-15,1989,4,15,0
1989-04-16,1989,4,16,0
1989-04-17,1989,4,17,0
1989-04-18,1989,4,18,0
1989-04-19,1989,4,19,0
1989-04-20,1989,4,20,0
1989-04-21,1989,4,21,0
1989-04-22,1989,4,22,0
1989-04-23,1989,4,23,0
1989-04-24,1989,4,24,0
1989-04-25,1989,4,25,0
1989-04-26,1989,4,26,0.0015155615
1989-04-27,1989,4,27,0.04636371
1989-04-28,1989,4,28,0
1989-04-29,1989,4,29,0.0099177199
1989-04-30,1989,4,30,0.56037876
1989-05-01,1989,5,1,4.2355482
1989-05-02,1989,5,2,0
1989-05-03,1989,5,3,1.6236699e-05
1989-05-04,1989,5,4,0
1989-05-05,1989,5,5,0
1989-05-06,1989,5,6,0
1989-05-07,1989,5,7,0
1989-05-08,1989,5,8,0
1989-05-09,1989,5,9,0
1989-05-10,1989,5,10,0
1989-05-11,1989,5,11,1.2107889
1989-05-12,1989,5,12,16.769453
1989-05-13,1989,5,13,12.952954
1989-05-14,1989,5,14,2.3979418
1989-05-15,1989,5,15,0
1989-05-16,1989,5,16,0
1989-05-17,1989,5,17,0
1989-05-18,1989,5,18,0
1989-05-19,1989,5,19,0
1989-05-20,1989,5,20,0
1989-05-21,1989,5,21,0
1989-05-22,1989,5,22,0.058650376
1989-05-23,1989,5,23,0
1989-05-24,1989,5,24,0
1989-05-25,1989,5,25,0
1989-05-26,1989,5,26,0
1989-05-27,1989,5,27,16.701245
1989-05-28,1989,5,28,10.242132
1989-05-29,1989,5,29,18.554706
1989-05-30,1989,5,30,5.6953119
1989-05-31,1989,5,31,0
1989-06-01,1989,6,1,1.2678762
1989-06-02,1989,6,2,42.898956
1989-06-03,1989,6,3,3.906983
1989-06-04,1989,6,4,0
1989-06-05,1989,6,5,26.489731
1989-06-06,1989,6,6,50.366578
1989-06-07,1989,6,7,27.297609
1989-06-08,1989,6,8,2.4235542
1989-06-09,1989,6,9,0.023230831
1989-06-10,1989,6,10,0.083857087
1989-06-11,1989,6,11,0
1989-06-12,1989,6,12,0
1989-06-13,1989,6,13,0
1989-06-14,1989,6,14,7.0748665
1989-06-15,1989,6,15,0.47696829
1989-06-16,1989,6,16,0
1989-06-17,1989,6,17,0
1989-06-18,1989,6,18,5.2776347
1989-06-19,1989,6,19,0
1989-06-20,1989,6,20,7.1273347
1989-06-21,1989,6,21,8.1405097
1989-06-22,1989,6,22,0
1989-06-23,1989,6,23,0
1989-06-24,1989,6,24,2.3514385
1989-06-25,1989,6,25,29.406898
1989-06-26,1989,6,26,35.668605
1989-06-27,1989,6,27,73.639862
1989-06-28,1989,6,28,110.8952
1989-06-29,1989,6,29,38.835237
1989-06-30,1989,6,30,12.444537
1989-07-01,1989,7,1,0
1989-07-02,1989,7,2,0
1989-07-03,1989,7,3,2.7680066
1989-07-04,1989,7,4,0
1989-07-05,1989,7,5,0
1989-07-06,1989,7,6,0
1989-07-07,1989,7,7,0
1989-07-08,1989,7,8,0
1989-07-09,1989,7,9,0
1989-07-10,1989,7,10,0
1989-07-11,1989,7,11,0.0046789165
1989-07-12,1989,7,12,25.477049
1989-07-13,1989,7,13,0
1989-07-14,1989,7,14,0
1989-07-15,1989,7,15,0
1989-07-16,1989,7,16,0
1989-07-17,1989,7,17,10.877087
1989-07-18,1989,7,18,0
1989-07-19,1989,7,19,7.1769744
1989-07-20,1989,7,20,0.030157469
1989-07-21,1989,7,21,0
1989-07-22,1989,7,22,2.3480488
1989-07-23,1989,7,23,11.664578
1989-07-24,1989,7,24,0
1989-07-25,1989,7,25,37.78569
1989-07-26,1989,7,26,38.62056
1989-07-27,1989,7,27,25.850555
1989-07-28,1989,7,28,57.046522
1989-07-29,1989,7,29,15.072908
1989-07-30,1989,7,30,25.332043
1989-07-31,1989,7,31,33.724392
1989-08-01,1989,8,1,3.2640232
1989-08-02,1989,8,2,10.805867
1989-08-03,1989,8,3,12.193156
1989-08-04,1989,8,4,0.00030875471
1989-08-05,1989,8,5,0
1989-08-06,1989,8,6,6.7793587
1989-08-07,1989,8,7,0
1989-08-08,1989,8,8,0
1989-08-09,1989,8,9,0
1989-08-10,1989,8,10,0
1989-08-11,1989,8,11,0
1989-08-12,1989,8,12,15.065824
1989-08-13,1989,8,13,0
1989-08-14,1989,8,14,0
1989-08-15,1989,8,15,26.325054
1989-08-16,1989,8,16,23.440764
1989-08-17,1989,8,17,26.649784
1989-08-18,1989,8,18,9.9406296
1989-08-19,1989,8,19,1.4998943
1989-08-20,1989,8,20,4.4192691
1989-08-21,1989,8,21,4.0705028
1989-08-22,1989,8,22,42.020319
1989-08-23,1989,8,23,41.882331
1989-08-24,1989,8,24,15.323851
1989-08-25,1989,8,25,33.08572
1989-08-26,1989,8,26,1.0673958
1989-08-27,1989,8,27,0
1989-08-28,1989,8,28,16.652955
1989-08-29,1989,8,29,0.81659269
1989-08-30,1989,8,30,0
1989-08-31,1989,8,31,0
1989-09-01,1989,9,1,0
1989-09-02,1989,9,2,36.735013
1989-09-03,1989,9,3,12.586764
1989-09-04,1989,9,4,5.6826442
1989-09-05,1989,9,5,0
1989-09-06,1989,9,6,0
1989-09-07,1989,9,7,0
1989-09-08,1989,9,8,0
1989-09-09,1989,9,9,0
1989-09-10,1989,9,10,0
1989-09-11,1989,9,11,0
1989-09-12,1989,9,12,0
1989-09-13,1989,9,13,0
1989-09-14,1989,9,14,0
1989-09-15,1989,9,15,0
1989-09-16,1989,9,16,0
1989-09-17,1989,9,17,0
1989-09-18,1989,9,18,0
1989-09-19,1989,9,19,0
1989-09-20,1989,9,20,2.3082157
1989-09-21,1989,9,21,2.8475644
1989-09-22,1989,9,22,4.5631305
1989-09-23,1989,9,23,0.033371786
1989-09-24,1989,9,24,0
1989-09-25,1989,9,25,0
1989-09-26,1989,9,26,0
1989-09-27,1989,9,27,1.9675683
1989-09-28,1989,9,28,0
1989-09-29,1989,9,29,0
1989-09-30,1989,9,30,0.15035465
1989-10-01,1989,10,1,9.9579578
1989-10-02,1989,10,2,0
1989-10-03,1989,10,3,0
1989-10-04,1989,10,4,0
1989-10-05,1989,10,5,0
1989-10-06,1989,10,6,0
1989-10-07,1989,10,7,0
1989-10-08,1989,10,8,0
1989-10-09,1989,10,9,0
1989-10-10,1989,10,10,0
1989-10-11,1989,10,11,0
1989-10-12,1989,10,12,0
1989-10-13,1989,10,13,0
1989-10-14,1989,10,14,0
1989-10-15,1989,10,15,0
1989-10-16,1989,10,16,0
1989-10-17,1989,10,17,0
1989-10-18,1989,10,18,0
1989-10-19,1989,10,19,0
1989-10-20,1989,10,20,0
1989-10-21,1989,10,21,0
1989-10-22,1989,10,22,0.50721002
1989-10-23,1989,10,23,6.7619565
1989-10-24,1989,10,24,45.610128
1989-10-25,1989,10,25,17.702057
1989-10-26,1989,10,26,0
1989-10-27,1989,10,27,0
1989-10-28,1989,10,28,2.4112107
1989-10-29,1989,10,29,0.20193316
1989-10-30,1989,10,30,0
1989-10-31,1989,10,31,0
1989-11-01,1989,11,1,2.87452
1989-11-02,1989,11,2,1.5165411
1989-11-03,1989,11,3,0.087236008
1989-11-04,1989,11,4,0
1989-11-05,1989,11,5,0
1989-11-06,1989,11,6,1.0616087
1989-11-07,1989,11,7,19.883711
1989-11-08,1989,11,8,0.0044178163
1989-11-09,1989,11,9,0
1989-11-10,1989,11,10,0.10365596
1989-11-11,1989,11,11,0
1989-11-12,1989,11,12,0
1989-11-13,1989,11,13,0
1989-11-14,1989,11,14,0.056660895
1989-11-15,1989,11,15,0
1989-11-16,1989,11,16,0
1989-11-17,1989,11,17,0
1989-11-18,1989,11,18,0
1989-11-19,1989,11,19,0
1989-11-20,1989,11,20,0
1989-11-21,1989,11,21,0
1989-11-22,1989,11,22,0.070954217
1989-11-23,1989,11,23,0.00032806128
1989-11-24,1989,11,24,0
1989-11-25,1989,11,25,2.6308488
1989-11-26,1989,11,26,0
1989-11-27,1989,11,27,0
1989-11-28,1989,11,28,0
1989-11-29,1989,11,29,0
1989-11-30,1989,11,30,1.6809496e-18
1989-12-01,1989,12,1,0.24861747
1989-12-02,1989,12,2,15.214314
1989-12-03,1989,12,3,1.538055
1989-12-04,1989,12,4,36.730054
1989-12-05,1989,12,5,1.2230939
1989-12-06,1989,12,6,0
1989-12-07,1989,12,7,0
1989-12-08,1989,12,8,0
1989-12-09,1989,12,9,8.7862208
1989-12-10,1989,12,10,46.352739
1989-12-11,1989,12,11,51.341627
1989-12-12,1989,12,12,6.04317
1989-12-13,1989,12,13,0
1989-12-14,1989,12,14,1.9209958
1989-12-15,1989,12,15,18.885644
1989-12-16,1989,12,16,0.6833893
1989-12-17,1989,12,17,0
1989-12-18,1989,12,18,0
1989-12-19,1989,12,19,0
1989-12-20,1989,12,20,0
1989-12-21,1989,12,21,0.034656751
1989-12-22,1989,12,22,0
1989-12-23,1989,12,23,0
1989-12-24,1989,12,24,0
1989-12-25,1989,12,25,0.80003884
1989-12-26,1989,12,26,0
1989-12-27,1989,12,27,0
1989-12-28,1989,12,28,0
1989-12-29,1989,12,29,0.00048580662
1989-12-30,1989,12,30,0
1989-12-31,1989,12,31,0
1990-01-01,1990,1,1,0
1990-01-02,1990,1,2,0
1990-01-03,1990,1,3,0
1990-01-04,1990,1,4,0
1990-01-05,1990,1,5,0
1990-01-06,1990,1,6,0
1990-01-07,1990,1,7,0
1990-01-08,1990,1,8,0.00036520098
1990-01-09,1990,1,9,0
1990-01-10,1990,1,10,0
1990-01-11,1990,1,11,0
1990-01-12,1990,1,12,0.13517591
1990-01-13,1990,1,13,0
1990-01-14,1990,1,14,0
1990-01-15,1990,1,15,25.25904
1990-01-16,1990,1,16,2.6212825
1990-01-17,1990,1,17,0
1990-01-18,1990,1,18,0
1990-01-19,1990,1,19,0
1990-01-20,1990,1,20,0
1990-01-21,1990,1,21,0
1990-01-22,1990,1,22,0
1990-01-23,1990,1,23,0
1990-01-24,1990,1,24,0.011780428
1990-01-25,1990,1,25,0
1990-01-26,1990,1,26,0.34377713
1990-01-27,1990,1,27,0
1990-01-28,1990,1,28,0
1990-01-29,1990,1,29,0
1990-01-30,1990,1,30,0
1990-01-31,1990,1,31,0
1990-02-01,1990,2,1,0
1990-02-02,1990,2,2,0
1990-02-03,1990,2,3,0
1990-02-04,1990,2,4,0
1990-02-05,1990,2,5,0
1990-02-06,1990,2,6,0
1990-02-07,1990,2,7,2.8669234
1990-02-08,1990,2,8,0.020852749
1990-02-09,1990,2,9,0
1990-02-10,1990,2,10,0
1990-02-11,1990,2,11,1.6263142
1990-02-12,1990,2,12,0.32610055
1990-02-13,1990,2,13,3.4189289
1990-02-14,1990,2,14,1.6107709
1990-02-15,1990,2,15,0
1990-02-16,1990,2,16,0.011187905
1990-02-17,1990,2,17,0
1990-02-18,1990,2,18,5.0665435
1990-02-19,1990,2,19,0.0017070013
1990-02-20,1990,2,20,10.361087
1990-02-21,1990,2,21,5.633484
1990-02-22,1990,2,22,21.100637
1990-02-23,1990,2,23,0
1990-02-24,1990,2,24,0
1990-02-25,1990,2,25,0
1990-02-26,1990,2,26,0
1990-02-27,1990,2,27,5.5578881
1990-02-28,1990,2,28,0.83413119
1990-03-01,1990,3,1,0
1990-03-02,1990,3,2,0
1990-03-03,1990,3,3,0
1990-03-04,1990,3,4,0
1990-03-05,1990,3,5,0
1990-03-06,1990,3,6,0
1990-03-07,1990,3,7,0
1990-03-08,1990,3,8,1.5997615
1990-03-09,1990,3,9,0
1990-03-10,1990,3,10,0
1990-03-11,1990,3,11,0
1990-03-12,1990,3,12,0
1990-03-13,1990,3,13,0
1990-03-14,1990,3,14,0
1990-03-15,1990,3,15,0
1990-03-16,1990,3,16,0
1990-03-17,1990,3,17,0
1990-03-18,1990,3,18,0
1990-03-19,1990,3,19,0
1990-03-20,1990,3,20,0
1990-03-21,1990,3,21,0
1990-03-22,1990,3,22,0
1990-03-23,1990,3,23,0
1990-03-24,1990,3,24,0
1990-03-25,1990,3,25,0.00022813131
1990-03-26,1990,3,26,0
1990-03-27,1990,3,27,43.177514
1990-03-28,1990,3,28,67.580392
1990-03-29,1990,3,29,11.917354
1990-03-30,1990,3,30,12.959222
1990-03-31,1990,3,31,7.416911
1990-04-01,1990,4,1,0
1990-04-02,1990,4,2,0.72227695
1990-04-03,1990,4,3,0
1990-04-04,1990,4,4,0
1990-04-05,1990,4,5,0.42895394
1990-04-06,1990,4,6,0.16841889
1990-04-07,1990,4,7,14.100079
1990-04-08,1990,4,8,20.536047
1990-04-09,1990,4,9,12.904279
1990-04-10,1990,4,10,0
1990-04-11,1990,4,11,0
1990-04-12,1990,4,12,0.43736934
1990-04-13,1990,4,13,19.273174
1990-04-14,1990,4,14,19.470553
1990-04-15,1990,4,15,59.062528
1990-04-16,1990,4,16,2.768283
1990-04-17,1990,4,17,0
1990-04-18,1990,4,18,0
1990-04-19,1990,4,19,0
1990-04-20,1990,4,20,7.495445
1990-04-21,1990,4,21,1.9383767
1990-04-22,1990,4,22,0.40100468
1990-04-23,1990,4,23,0
1990-04-24,1990,4,24,0
1990-04-25,1990,4,25,4.3869763
1990-04-26,1990,4,26,0
1990-04-27,1990,4,27,0
1990-04-28,1990,4,28,0
1990-04-29,1990,4,29,0
1990-04-30,1990,4,30,0
1990-05-01,1990,5,1,2.4269629
1990-05-02,1990,5,2,11.042802
1990-05-03,1990,5,3,19.194178
1990-05-04,1990,5,4,6.9775348
1990-05-05,1990,5,5,35.805066
1990-05-06,1990,5,6,2.0114225
1990-05-07,1990,5,7,1.4867184
1990-05-08,1990,5,8,33.553154
1990-05-09,1990,5,9,35.612414
1990-05-10,1990,5,10,5.6995565
1990-05-11,1990,5,11,0
1990-05-12,1990,5,12,2.9522241
1990-05-13,1990,5,13,2.2650702
1990-05-14,1990,5,14,6.184436
1990-05-15,1990,5,15,13.237474
1990-05-16,1990,5,16,0
1990-05-17,1990,5,17,0
1990-05-18,1990,5,18,0.027894945
1990-05-19,1990,5,19,10.78244
1990-05-20,1990,5,20,0
1990-05-21,1990,5,21,0
1990-05-22,1990,5,22,0
1990-05-23,1990,5,23,3.1421163
1990-05-24,1990,5,24,0
1990-05-25,1990,5,25,14.228777
1990-05-26,1990,5,26,8.8490623
1990-05-27,1990,5,27,0
1990-05-28,1990,5,28,4.2367582
1990-05-29,1990,5,29,0
1990-05-30,1990,5,30,0
1990-05-31,1990,5,31,40.080459
1990-06-01,1990,6,1,83.188076
1990-06-02,1990,6,2,15.464374
1990-06-03,1990,6,3,0
1990-06-04,1990,6,4,1.0941875
1990-06-05,1990,6,5,10.552973
1990-06-06,1990,6,6,8.3036305e-05
1990-06-07,1990,6,7,3.1185345
1990-06-08,1990,6,8,7.5328035
1990-06-09,1990,6,9,0
1990-06-10,1990,6,10,0
1990-06-11,1990,6,11,0
1990-06-12,1990,6,12,15.012404
1990-06-13,1990,6,13,18.377612
1990-06-14,1990,6,14,0
1990-06-15,1990,6,15,0
1990-06-16,1990,6,16,0
1990-06-17,1990,6,17,20.973914
1990-06-18,1990,6,18,0.016751063
1990-06-19,1990,6,19,0
1990-06-20,1990,6,20,10.77819
1990-06-21,1990,6,21,54.971232
1990-06-22,1990,6,22,1.7712266
1990-06-23,1990,6,23,0
1990-06-24,1990,6,24,1.5560925
1990-06-25,1990,6,25,29.384174
1990-06-26,1990,6,26,0.022219004
1990-06-27,1990,6,27,0
1990-06-28,1990,6,28,0
1990-06-29,1990,6,29,0
1990-06-30,1990,6,30,0
1990-07-01,1990,7,1,11.89732
1990-07-02,1990,7,2,0.003669981
1990-07-03,1990,7,3,0
1990-07-04,1990,7,4,0
1990-07-05,1990,7,5,1.7851017
1990-07-06,1990,7,6,14.10769
1990-07-07,1990,7,7,1.4429821
1990-07-08,1990,7,8,0.29788296
1990-07-09,1990,7,9,3.4374179
1990-07-10,1990,7,10,0
1990-07-11,1990,7,11,0
1990-07-12,1990,7,12,24.35553
1990-07-13,1990,7,13,0
1990-07-14,1990,7,14,6.1884278
1990-07-15,1990,7,15,35.586785
1990-07-16,1990,7,16,8.2739409
1990-07-17,1990,7,17,1.2384998
1990-07-18,1990,7,18,0
1990-07-19,1990,7,19,0
1990-07-20,1990,7,20,0
1990-07-21,1990,7,21,0
1990-07-22,1990,7,22,0
1990-07-23,1990,7,23,20.82604
1990-07-24,1990,7,24,7.9953746
1990-07-25,1990,7,25,24.453416
1990-07-26,1990,7,26,1.6398755
1990-07-27,1990,7,27,0
1990-07-28,1990,7,28,0
1990-07-29,1990,7,29,0
1990-07-30,1990,7,30,0
1990-07-31,1990,7,31,10.15631
1990-08-01,1990,8,1,35.165454
1990-08-02,1990,8,2,14.520774
1990-08-03,1990,8,3,0
1990-08-04,1990,8,4,0.75275327
1990-08-05,1990,8,5,23.371639
1990-08-06,1990,8,6,52.844529
1990-08-07,1990,8,7,12.42992
1990-08-08,1990,8,8,0
1990-08-09,1990,8,9,0
1990-08-10,1990,8,10,0
1990-08-11,1990,8,11,0
1990-08-12,1990,8,12,1.2410345
1990-08-13,1990,8,13,18.499062
1990-08-14,1990,8,14,3.0215182
1990-08-15,1990,8,15,0
1990-08-16,1990,8,16,0.0018448937
1990-08-17,1990,8,17,0.0018642067
1990-08-18,1990,8,18,0
1990-08-19,1990,8,19,2.6909325
1990-08-20,1990,8,20,0
1990-08-21,1990,8,21,0
1990-08-22,1990,8,22,0
1990-08-23,1990,8,23,0
1990-08-24,1990,8,24,0
1990-08-25,1990,8,25,36.447621
1990-08-26,1990,8,26,1.7339077
1990-08-27,1990,8,27,0
1990-08-28,1990,8,28,14.311041
1990-08-29,1990,8,29,16.579293
1990-08-30,1990,8,30,0
1990-08-31,1990,8,31,0
1990-09-01,1990,9,1,0.021324131
1990-09-02,1990,9,2,15.121045
1990-09-03,1990,9,3,0.00064248331
1990-09-04,1990,9,4,16.715236
1990-09-05,1990,9,5,3.3728083
1990-09-06,1990,9,6,7.0419804
1990-09-07,1990,9,7,65.861424
1990-09-08,1990,9,8,27.725265
1990-09-09,1990,9,9,68.58361
1990-09-10,1990,9,10,20.2572
1990-09-11,1990,9,11,1.0661301
1990-09-12,1990,9,12,0
1990-09-13,1990,9,13,0
1990-09-14,1990,9,14,0
1990-09-15,1990,9,15,0.049187467
1990-09-16,1990,9,16,0.0099813481
1990-09-17,1990,9,17,0.84782776
1990-09-18,1990,9,18,12.624432
1990-09-19,1990,9,19,28.493092
1990-09-20,1990,9,20,28.175417
1990-09-21,1990,9,21,5.3832006
1990-09-22,1990,9,22,0
1990-09-23,1990,9,23,0
1990-09-24,1990,9,24,0
1990-09-25,1990,9,25,15.358017
1990-09-26,1990,9,26,4.367169
1990-09-27,1990,9,27,0
1990-09-28,1990,9,28,0
1990-09-29,1990,9,29,0.00027366895
1990-09-30,1990,9,30,18.86041
1990-10-01,1990,10,1,0
1990-10-02,1990,10,2,0
1990-10-03,1990,10,3,0
1990-10-04,1990,10,4,3.0211268
1990-10-05,1990,10,5,0
1990-10-06,1990,10,6,0
1990-10-07,1990,10,7,0
1990-10-08,1990,10,8,0.050157426
1990-10-09,1990,10,9,16.376843
1990-10-10,1990,10,10,16.858914
1990-10-11,1990,10,11,5.7454473
1990-10-12,1990,10,12,0.94015758
1990-10-13,1990,10,13,0
1990-10-14,1990,10,14,0
1990-10-15,1990,10,15,0
1990-10-16,1990,10,16,0
1990-10-17,1990,10,17,0
1990-10-18,1990,10,18,0
1990-10-19,1990,10,19,0
1990-10-20,1990,10,20,0
1990-10-21,1990,10,21,0
1990-10-22,1990,10,22,0
1990-10-23,1990,10,23,0
1990-10-24,1990,10,24,1.7117209
1990-10-25,1990,10,25,0
1990-10-26,1990,10,26,0.00026802035
1990-10-27,1990,10,27,0
1990-10-28,1990,10,28,0
1990-10-29,1990,10,29,1.1479026
1990-10-30,1990,10,30,10.464927
1990-10-31,1990,10,31,0
1990-11-01,1990,11,1,3.3390153
1990-11-02,1990,11,2,33.973088
1990-11-03,1990,11,3,18.642091
1990-11-04,1990,11,4,0
1990-11-05,1990,11,5,0
1990-11-06,1990,11,6,0
1990-11-07,1990,11,7,0
1990-11-08,1990,11,8,0
1990-11-09,1990,11,9,0.037099384
1990-11-10,1990,11,10,0
1990-11-11,1990,11,11,0
1990-11-12,1990,11,12,1.0999521
1990-11-13,1990,11,13,15.531508
1990-11-14,1990,11,14,2.7142092
1990-11-15,1990,11,15,0
1990-11-16,1990,11,16,0
1990-11-17,1990,11,17,0
1990-11-18,1990,11,18,0
1990-11-19,1990,11,19,0
1990-11-20,1990,11,20,0
1990-11-21,1990,11,21,0
1990-11-22,1990,11,22,0
1990-11-23,1990,11,23,0
1990-11-24,1990,11,24,0
1990-11-25,1990,11,25,0
1990-11-26,1990,11,26,0
1990-11-27,1990,11,27,0
1990-11-28,1990,11,28,0
1990-11-29,1990,11,29,4.0512947
1990-11-30,1990,11,30,1.4905384
1990-12-01,1990,12,1,14.893822
1990-12-02,1990,12,2,0.041840578
1990-12-03,1990,12,3,0.043014645
1990-12-04,1990,12,4,0.13634761
1990-12-05,1990,12,5,5.5030211
1990-12-06,1990,12,6,0
1990-12-07,1990,12,7,0.10920348
1990-12-08,1990,12,8,4.5275572
1990-12-09,1990,12,9,3.8140521
1990-12-10,1990,12,10,0.32368918
1990-12-11,1990,12,11,0.41483091
1990-12-12,1990,12,12,0
1990-12-13,1990,12,13,0
1990-12-14,1990,12,14,0
1990-12-15,1990,12,15,0
1990-12-16,1990,12,16,0
1990-12-17,1990,12,17,0
1990-12-18,1990,12,18,0
1990-12-19,1990,12,19,0.0030212576
1990-12-20,1990,12,20,0.0028337313
1990-12-21,1990,12,21,0
1990-12-22,1990,12,22,0
1990-12-23,1990,12,23,0
1990-12-24,1990,12,24,0
1990-12-25,1990,12,25,0
1990-12-26,1990,12,26,0.49080023
1990-12-27,1990,12,27,0
1990-12-28,1990,12,28,0
1990-12-29,1990,12,29,0
1990-12-30,1990,12,30,0
1990-12-31,1990,12,31,0.64979084
1991-01-01,1991,1,1,1.3801341
1991-01-02,1991,1,2,0
1991-01-03,1991,1,3,0
1991-01-04,1991,1,4,0
1991-01-05,1991,1,5,0
1991-01-06,1991,1,6,0
1991-01-07,1991,1,7,0
1991-01-08,1991,1,8,0
1991-01-09,1991,1,9,0
1991-01-10,1991,1,10,0
1991-01-11,1991,1,11,0
1991-01-12,1991,1,12,0
1991-01-13,1991,1,13,0
1991-01-14,1991,1,14,0
1991-01-15,1991,1,15,0
1991-01-16,1991,1,16,0
1991-01-17,1991,1,17,0
1991-01-18,1991,1,18,0
1991-01-19,1991,1,19,11.990628
1991-01-20,1991,1,20,8.2456892
1991-01-21,1991,1,21,0
1991-01-22,1991,1,22,0
1991-01-23,1991,1,23,0
1991-01-24,1991,1,24,0
1991-01-25,1991,1,25,0
1991-01-26,1991,1,26,0
1991-01-27,1991,1,27,2.3595934
1991-01-28,1991,1,28,2.8482473
1991-01-29,1991,1,29,0
1991-01-30,1991,1,30,0
1991-01-31,1991,1,31,0
1991-02-01,1991,2,1,0
1991-02-02,1991,2,2,0.016533447
1991-02-03,1991,2,3,0.0069798507
1991-02-04,1991,2,4,0
1991-02-05,1991,2,5,0
1991-02-06,1991,2,6,0
1991-02-07,1991,2,7,0
1991-02-08,1991,2,8,0.18672873
1991-02-09,1991,2,9,0
1991-02-10,1991,2,10,0
1991-02-11,1991,2,11,0
1991-02-12,1991,2,12,0
1991-02-13,1991,2,13,0
1991-02-14,1991,2,14,0
1991-02-15,1991,2,15,0
1991-02-16,1991,2,16,0
1991-02-17,1991,2,17,0
1991-02-18,1991,2,18,0
1991-02-19,1991,2,19,0
1991-02-20,1991,2,20,0
1991-02-21,1991,2,21,0
1991-02-22,1991,2,22,0
1991-02-23,1991,2,23,0
1991-02-24,1991,2,24,0
1991-02-25,1991,2,25,0
1991-02-26,1991,2,26,10.086171
1991-02-27,1991,2,27,2.2878509
1991-02-28,1991,2,28,0.0036130968
1991-03-01,1991,3,1,12.207707
1991-03-02,1991,3,2,3.3245773
1991-03-03,1991,3,3,0
1991-03-04,1991,3,4,0
1991-03-05,1991,3,5,0
1991-03-06,1991,3,6,0.020601975
1991-03-07,1991,3,7,1.1779869
1991-03-08,1991,3,8,0
1991-03-09,1991,3,9,0
1991-03-10,1991,3,10,0
1991-03-11,1991,3,11,0
1991-03-12,1991,3,12,0
1991-03-13,1991,3,13,0
1991-03-14,1991,3,14,0
1991-03-15,1991,3,15,0
1991-03-16,1991,3,16,0
1991-03-17,1991,3,17,0
1991-03-18,1991,3,18,2.9494911
1991-03-19,1991,3,19,0
1991-03-20,1991,3,20,0
1991-03-21,1991,3,21,0
1991-03-22,1991,3,22,13.601547
1991-03-23,1991,3,23,3.342596
1991-03-24,1991,3,24,0
1991-03-25,1991,3,25,0
1991-03-26,1991,3,26,0
1991-03-27,1991,3,27,0
1991-03-28,1991,3,28,0
1991-03-29,1991,3,29,0.046121815
1991-03-30,1991,3,30,0
1991-03-31,1991,3,31,10.003694
1991-04-01,1991,4,1,0.0013068158
1991-04-02,1991,4,2,0
1991-04-03,1991,4,3,0
1991-04-04,1991,4,4,0
1991-04-05,1991,4,5,0
1991-04-06,1991,4,6,11.475939
1991-04-07,1991,4,7,16.620427
1991-04-08,1991,4,8,37.910988
1991-04-09,1991,4,9,5.9921028
1991-04-10,1991,4,10,17.072349
1991-04-11,1991,4,11,8.1288466
1991-04-12,1991,4,12,26.299207
1991-04-13,1991,4,13,29.537457
1991-04-14,1991,4,14,6.547526
1991-04-15,1991,4,15,28.432993
1991-04-16,1991,4,16,41.145019
1991-04-17,1991,4,17,8.7888818
1991-04-18,1991,4,18,0
1991-04-19,1991,4,19,0
1991-04-20,1991,4,20,0
1991-04-21,1991,4,21,0
1991-04-22,1991,4,22,5.7647188
1991-04-23,1991,4,23,0
1991-04-24,1991,4,24,0
1991-04-25,1991,4,25,0
1991-04-26,1991,4,26,0
1991-04-27,1991,4,27,0.4249582
1991-04-28,1991,4,28,0
1991-04-29,1991,4,29,1.2350279
1991-04-30,1991,4,30,0.043527067
1991-05-01,1991,5,1,11.369974
1991-05-02,1991,5,2,5.8691484
1991-05-03,1991,5,3,0.091641844
1991-05-04,1991,5,4,0
1991-05-05,1991,5,5,0
1991-05-06,1991,5,6,0
1991-05-07,1991,5,7,0
1991-05-08,1991,5,8,0
1991-05-09,1991,5,9,0
1991-05-10,1991,5,10,0
1991-05-11,1991,5,11,6.4550804
1991-05-12,1991,5,12,0
1991-05-13,1991,5,13,0
1991-05-14,1991,5,14,9.1626609
1991-05-15,1991,5,15,65.807026
1991-05-16,1991,5,16,79.729891
1991-05-17,1991,5,17,62.502475
1991-05-18,1991,5,18,24.388701
1991-05-19,1991,5,19,10.59584
1991-05-20,1991,5,20,0
1991-05-21,1991,5,21,0.0020782915
1991-05-22,1991,5,22,18.53879
1991-05-23,1991,5,23,42.68534
1991-05-24,1991,5,24,53.138203
1991-05-25,1991,5,25,60.192383
1991-05-26,1991,5,26,76.531708
1991-05-27,1991,5,27,80.820645
1991-05-28,1991,5,28,88.934389
1991-05-29,1991,5,29,9.277037
1991-05-30,1991,5,30,0.50767961
1991-05-31,1991,5,31,0.66918229
1991-06-01,1991,6,1,23.522085
1991-06-02,1991,6,2,9.3338067
1991-06-03,1991,6,3,11.752465
1991-06-04,1991,6,4,10.934239
1991-06-05,1991,6,5,0
1991-06-06,1991,6,6,0
1991-06-07,1991,6,7,0
1991-06-08,1991,6,8,0
1991-06-09,1991,6,9,0.020118217
1991-06-10,1991,6,10,12.524861
1991-06-11,1991,6,11,0
1991-06-12,1991,6,12,0
1991-06-13,1991,6,13,0
1991-06-14,1991,6,14,0
1991-06-15,1991,6,15,21.800076
1991-06-16,1991,6,16,16.308254
1991-06-17,1991,6,17,7.5138248
1991-06-18,1991,6,18,21.162586
1991-06-19,1991,6,19,3.5692401
1991-06-20,1991,6,20,21.093789
1991-06-21,1991,6,21,12.077392
1991-06-22,1991,6,22,0
1991-06-23,1991,6,23,0
1991-06-24,1991,6,24,19.661327
1991-06-25,1991,6,25,12.208769
1991-06-26,1991,6,26,0
1991-06-27,1991,6,27,0
1991-06-28,1991,6,28,0
1991-06-29,1991,6,29,0
1991-06-30,1991,6,30,12.526878
1991-07-01,1991,7,1,6.5056
1991-07-02,1991,7,2,2.9234719e-18
1991-07-03,1991,7,3,0
1991-07-04,1991,7,4,7.9260832
1991-07-05,1991,7,5,22.864936
1991-07-06,1991,7,6,25.729671
1991-07-07,1991,7,7,81.133771
1991-07-08,1991,7,8,44.48866
1991-07-09,1991,7,9,16.055258
1991-07-10,1991,7,10,9.936683
1991-07-11,1991,7,11,0.0075401023
1991-07-12,1991,7,12,0
1991-07-13,1991,7,13,0
1991-07-14,1991,7,14,0
1991-07-15,1991,7,15,1.6052445
1991-07-16,1991,7,16,3.245532
1991-07-17,1991,7,17,13.342602
1991-07-18,1991,7,18,37.361708
1991-07-19,1991,7,19,4.6220676
1991-07-20,1991,7,20,1.0515326
1991-07-21,1991,7,21,0
1991-07-22,1991,7,22,0
1991-07-23,1991,7,23,21.464922
1991-07-24,1991,7,24,9.7245861
1991-07-25,1991,7,25,17.747855
1991-07-26,1991,7,26,6.9457714
1991-07-27,1991,7,27,19.132763
1991-07-28,1991,7,28,0
1991-07-29,1991,7,29,0.94608872
1991-07-30,1991,7,30,17.227177
1991-07-31,1991,7,31,1.0010365
1991-08-01,1991,8,1,0
1991-08-02,1991,8,2,0
1991-08-03,1991,8,3,0
1991-08-04,1991,8,4,10.414215
1991-08-05,1991,8,5,16.907245
1991-08-06,1991,8,6,22.316351
1991-08-07,1991,8,7,2.9876363
1991-08-08,1991,8,8,0
1991-08-09,1991,8,9,0
1991-08-10,1991,8,10,0
1991-08-11,1991,8,11,0.57039908
1991-08-12,1991,8,12,21.302337
1991-08-13,1991,8,13,5.2875594
1991-08-14,1991,8,14,16.889875
1991-08-15,1991,8,15,5.28348
1991-08-16,1991,8,16,0
1991-08-17,1991,8,17,0
1991-08-18,1991,8,18,0
1991-08-19,1991,8,19,0.23488452
1991-08-20,1991,8,20,0
1991-08-21,1991,8,21,0
1991-08-22,1991,8,22,0
1991-08-23,1991,8,23,0
1991-08-24,1991,8,24,0
1991-08-25,1991,8,25,0
1991-08-26,1991,8,26,0
1991-08-27,1991,8,27,0
1991-08-28,1991,8,28,0
1991-08-29,1991,8,29,0
1991-08-30,1991,8,30,0.66689847
1991-08-31,1991,8,31,15.605025
1991-09-01,1991,9,1,13.938365
1991-09-02,1991,9,2,7.3781514
1991-09-03,1991,9,3,5.528135
1991-09-04,1991,9,4,5.4910903
1991-09-05,1991,9,5,0
1991-09-06,1991,9,6,4.2169575
1991-09-07,1991,9,7,0
1991-09-08,1991,9,8,0
1991-09-09,1991,9,9,0
1991-09-10,1991,9,10,0
1991-09-11,1991,9,11,5.7400749
1991-09-12,1991,9,12,32.57398
1991-09-13,1991,9,13,0
1991-09-14,1991,9,14,0.002327511
1991-09-15,1991,9,15,25.42828
1991-09-16,1991,9,16,20.185303
1991-09-17,1991,9,17,12.600127
1991-09-18,1991,9,18,0
1991-09-19,1991,9,19,27.152769
1991-09-20,1991,9,20,17.255523
1991-09-21,1991,9,21,4.8277643
1991-09-22,1991,9,22,0
1991-09-23,1991,9,23,2.2477107
1991-09-24,1991,9,24,0
1991-09-25,1991,9,25,0
1991-09-26,1991,9,26,0
1991-09-27,1991,9,27,0
1991-09-28,1991,9,28,0
1991-09-29,1991,9,29,0
1991-09-30,1991,9,30,0
1991-10-01,1991,10,1,0
1991-10-02,1991,10,2,0
1991-10-03,1991,10,3,0
1991-10-04,1991,10,4,0
1991-10-05,1991,10,5,5.2997777
1991-10-06,1991,10,6,0
1991-10-07,1991,10,7,0
1991-10-08,1991,10,8,0
1991-10-09,1991,10,9,0
1991-10-10,1991,10,10,0
1991-10-11,1991,10,11,25.695453
1991-10-12,1991,10,12,17.260041
1991-10-13,1991,10,13,33.723355
1991-10-14,1991,10,14,10.192835
1991-10-15,1991,10,15,0.096634011
1991-10-16,1991,10,16,0
1991-10-17,1991,10,17,2.6364747
1991-10-18,1991,10,18,1.0609813
1991-10-19,1991,10,19,0
1991-10-20,1991,10,20,0
1991-10-21,1991,10,21,1.6452961
1991-10-22,1991,10,22,0
1991-10-23,1991,10,23,0
1991-10-24,1991,10,24,0
1991-10-25,1991,10,25,0
1991-10-26,1991,10,26,0
1991-10-27,1991,10,27,0
1991-10-28,1991,10,28,0
1991-10-29,1991,10,29,0
1991-10-30,1991,10,30,0.1124674
1991-10-31,1991,10,31,0
1991-11-01,1991,11,1,0
1991-11-02,1991,11,2,0.0030155759
1991-11-03,1991,11,3,0.17523369
1991-11-04,1991,11,4,12.002169
1991-11-05,1991,11,5,0
1991-11-06,1991,11,6,0.0060978021
1991-11-07,1991,11,7,0
1991-11-08,1991,11,8,0
1991-11-09,1991,11,9,0
1991-11-10,1991,11,10,0
1991-11-11,1991,11,11,0
1991-11-12,1991,11,12,0
1991-11-13,1991,11,13,0
1991-11-14,1991,11,14,0
1991-11-15,1991,11,15,0
1991-11-16,1991,11,16,0
1991-11-17,1991,11,17,9.356501
1991-11-18,1991,11,18,0
1991-11-19,1991,11,19,0
1991-11-20,1991,11,20,0
1991-11-21,1991,11,21,3.7491866
1991-11-22,1991,11,22,37.425043
1991-11-23,1991,11,23,0.17161626
1991-11-24,1991,11,24,0
1991-11-25,1991,11,25,0
1991-11-26,1991,11,26,0
1991-11-27,1991,11,27,0
1991-11-28,1991,11,28,0
1991-11-29,1991,11,29,0
1991-11-30,1991,11,30,0
1991-12-01,1991,12,1,0
1991-12-02,1991,12,2,0
1991-12-03,1991,12,3,4.9555149
1991-12-04,1991,12,4,9.4246758
1991-12-05,1991,12,5,0.83836818
1991-12-06,1991,12,6,0
1991-12-07,1991,12,7,14.086979
1991-12-08,1991,12,8,12.578952
1991-12-09,1991,12,9,10.065602
1991-12-10,1991,12,10,14.624238
1991-12-11,1991,12,11,2.6201335
1991-12-12,1991,12,12,0
1991-12-13,1991,12,13,2.1627614
1991-12-14,1991,12,14,0.0055693092
1991-12-15,1991,12,15,29.527791
1991-12-16,1991,12,16,0.50487166
1991-12-17,1991,12,17,0.5831366
1991-12-18,1991,12,18,1.0441381
1991-12-19,1991,12,19,0.15941032
1991-12-20,1991,12,20,0.31673418
1991-12-21,1991,12,21,13.000537
1991-12-22,1991,12,22,19.528723
1991-12-23,1991,12,23,11.169907
1991-12-24,1991,12,24,41.279079
1991-12-25,1991,12,25,1.0521269
1991-12-26,1991,12,26,0
1991-12-27,1991,12,27,0.0026917943
1991-12-28,1991,12,28,4.4685848
1991-12-29,1991,12,29,3.1661711
1991-12-30,1991,12,30,0
1991-12-31,1991,12,31,0.63287704
1992-01-01,1992,1,1,0.36798046
1992-01-02,1992,1,2,0
1992-01-03,1992,1,3,0
1992-01-04,1992,1,4,0
1992-01-05,1992,1,5,0
1992-01-06,1992,1,6,0
1992-01-07,1992,1,7,0
1992-01-08,1992,1,8,0.00038761139
1992-01-09,1992,1,9,0
1992-01-10,1992,1,10,0
1992-01-11,1992,1,11,0
1992-01-12,1992,1,12,0
1992-01-13,1992,1,13,0
1992-01-14,1992,1,14,0
1992-01-15,1992,1,15,0
1992-01-16,1992,1,16,0
1992-01-17,1992,1,17,0
1992-01-18,1992,1,18,0
1992-01-19,1992,1,19,0
1992-01-20,1992,1,20,0
1992-01-21,1992,1,21,0
1992-01-22,1992,1,22,0
1992-01-23,1992,1,23,0
1992-01-24,1992,1,24,0
1992-01-25,1992,1,25,0
1992-01-26,1992,1,26,0
1992-01-27,1992,1,27,0
1992-01-28,1992,1,28,0
1992-01-29,1992,1,29,0
1992-01-30,1992,1,30,0
1992-01-31,1992,1,31,0.00088981013
1992-02-01,1992,2,1,0
1992-02-02,1992,2,2,0.0087929135
1992-02-03,1992,2,3,0.0088340124
1992-02-04,1992,2,4,0
1992-02-05,1992,2,5,0
1992-02-06,1992,2,6,0
1992-02-07,1992,2,7,0.00093626765
1992-02-08,1992,2,8,26.971147
1992-02-09,1992,2,9,0.00033672869
1992-02-10,1992,2,10,0
1992-02-11,1992,2,11,0
1992-02-12,1992,2,12,0
1992-02-13,1992,2,13,0
1992-02-14,1992,2,14,0
1992-02-15,1992,2,15,0
1992-02-16,1992,2,16,0.0021846911
1992-02-17,1992,2,17,0.0048072579
1992-02-18,1992,2,18,0.83211729
1992-02-19,1992,2,19,13.430555
1992-02-20,1992,2,20,1.9200819
1992-02-21,1992,2,21,0
1992-02-22,1992,2,22,0
1992-02-23,1992,2,23,0
1992-02-24,1992,2,24,0
1992-02-25,1992,2,25,0.036782565
1992-02-26,1992,2,26,0
1992-02-27,1992,2,27,0
1992-02-28,1992,2,28,0
1992-02-29,1992,2,29,0
1992-03-01,1992,3,1,0
1992-03-02,1992,3,2,0
1992-03-03,1992,3,3,0
1992-03-04,1992,3,4,0
1992-03-05,1992,3,5,0
1992-03-06,1992,3,6,0
1992-03-07,1992,3,7,0.087173974
1992-03-08,1992,3,8,24.119598
1992-03-09,1992,3,9,13.67537
1992-03-10,1992,3,10,0
1992-03-11,1992,3,11,0
1992-03-12,1992,3,12,0
1992-03-13,1992,3,13,0
1992-03-14,1992,3,14,0
1992-03-15,1992,3,15,0
1992-03-16,1992,3,16,0.51373229
1992-03-17,1992,3,17,0.30043404
1992-03-18,1992,3,18,0
1992-03-19,1992,3,19,8.3319493
1992-03-20,1992,3,20,0.80183589
1992-03-21,1992,3,21,0
1992-03-22,1992,3,22,0
1992-03-23,1992,3,23,0
1992-03-24,1992,3,24,1.2828666
1992-03-25,1992,3,25,14.010074
1992-03-26,1992,3,26,1.1504601
1992-03-27,1992,3,27,0
1992-03-28,1992,3,28,0
1992-03-29,1992,3,29,0
1992-03-30,1992,3,30,0
1992-03-31,1992,3,31,0
1992-04-01,1992,4,1,4.5388295
1992-04-02,1992,4,2,16.067702
1992-04-03,1992,4,3,26.431526
1992-04-04,1992,4,4,0
1992-04-05,1992,4,5,9.3208869
1992-04-06,1992,4,6,0
1992-04-07,1992,4,7,0
1992-04-08,1992,4,8,2.0347135
1992-04-09,1992,4,9,1.4050915
1992-04-10,1992,4,10,0
1992-04-11,1992,4,11,0
1992-04-12,1992,4,12,0
1992-04-13,1992,4,13,0
1992-04-14,1992,4,14,0
1992-04-15,1992,4,15,0
1992-04-16,1992,4,16,0
1992-04-17,1992,4,17,1.0440199
1992-04-18,1992,4,18,17.829796
1992-04-19,1992,4,19,0.51955078
1992-04-20,1992,4,20,11.297439
1992-04-21,1992,4,21,32.825712
1992-04-22,1992,4,22,17.604501
1992-04-23,1992,4,23,28.975928
1992-04-24,1992,4,24,0.098335964
1992-04-25,1992,4,25,0.015129402
1992-04-26,1992,4,26,0
1992-04-27,1992,4,27,0.0009886145
1992-04-28,1992,4,28,3.26057
1992-04-29,1992,4,29,3.6926228
1992-04-30,1992,4,30,28.514045
1992-05-01,1992,5,1,14.300413
1992-05-02,1992,5,2,58.646216
1992-05-03,1992,5,3,70.561245
1992-05-04,1992,5,4,74.704595
1992-05-05,1992,5,5,21.394415
1992-05-06,1992,5,6,10.6153
1992-05-07,1992,5,7,1.9113486
1992-05-08,1992,5,8,38.388979
1992-05-09,1992,5,9,14.07409
1992-05-10,1992,5,10,31.425736
1992-05-11,1992,5,11,7.1578037
1992-05-12,1992,5,12,0.24427594
1992-05-13,1992,5,13,21.881532
1992-05-14,1992,5,14,12.297711
1992-05-15,1992,5,15,22.410234
1992-05-16,1992,5,16,28.984099
1992-05-17,1992,5,17,0
1992-05-18,1992,5,18,0
1992-05-19,1992,5,19,0
1992-05-20,1992,5,20,11.485656
1992-05-21,1992,5,21,19.361702
1992-05-22,1992,5,22,0
1992-05-23,1992,5,23,25.971037
1992-05-24,1992,5,24,46.589945
1992-05-25,1992,5,25,7.7000521
1992-05-26,1992,5,26,0
1992-05-27,1992,5,27,0
1992-05-28,1992,5,28,9.2926574
1992-05-29,1992,5,29,32.087891
1992-05-30,1992,5,30,83.425807
1992-05-31,1992,5,31,51.796012
1992-06-01,1992,6,1,6.0847613
1992-06-02,1992,6,2,0
1992-06-03,1992,6,3,14.321115
1992-06-04,1992,6,4,84.336354
1992-06-05,1992,6,5,16.781515
1992-06-06,1992,6,6,11.282986
1992-06-07,1992,6,7,6.3754366
1992-06-08,1992,6,8,8.7502096
1992-06-09,1992,6,9,39.992063
1992-06-10,1992,6,10,0.78062809
1992-06-11,1992,6,11,15.64884
1992-06-12,1992,6,12,23.470948
1992-06-13,1992,6,13,0
1992-06-14,1992,6,14,0
1992-06-15,1992,6,15,37.12203
1992-06-16,1992,6,16,18.207895
1992-06-17,1992,6,17,22.777635
1992-06-18,1992,6,18,41.532621
1992-06-19,1992,6,19,15.237425
1992-06-20,1992,6,20,17.265129
1992-06-21,1992,6,21,0.13458754
1992-06-22,1992,6,22,10.186128
1992-06-23,1992,6,23,26.337045
1992-06-24,1992,6,24,20.271914
1992-06-25,1992,6,25,5.1724573
1992-06-26,1992,6,26,0
1992-06-27,1992,6,27,0
1992-06-28,1992,6,28,0
1992-06-29,1992,6,29,0
1992-06-30,1992,6,30,19.441575
1992-07-01,1992,7,1,14.664332
1992-07-02,1992,7,2,35.679704
1992-07-03,1992,7,3,14.212569
1992-07-04,1992,7,4,0
1992-07-05,1992,7,5,0
1992-07-06,1992,7,6,0
1992-07-07,1992,7,7,18.281351
1992-07-08,1992,7,8,0.6159974
1992-07-09,1992,7,9,35.615035
1992-07-10,1992,7,10,11.403499
1992-07-11,1992,7,11,0.34925319
1992-07-12,1992,7,12,0
1992-07-13,1992,7,13,0
1992-07-14,1992,7,14,0
1992-07-15,1992,7,15,1.1193261
1992-07-16,1992,7,16,0.15883653
1992-07-17,1992,7,17,0
1992-07-18,1992,7,18,8.2535567
1992-07-19,1992,7,19,18.796218
1992-07-20,1992,7,20,0
1992-07-21,1992,7,21,0.0089302773
1992-07-22,1992,7,22,0
1992-07-23,1992,7,23,0
1992-07-24,1992,7,24,0.060792534
1992-07-25,1992,7,25,4.615678
1992-07-26,1992,7,26,0
1992-07-27,1992,7,27,11.520913
1992-07-28,1992,7,28,4.0326822
1992-07-29,1992,7,29,0
1992-07-30,1992,7,30,0
1992-07-31,1992,7,31,0.01232427
1992-08-01,1992,8,1,0
1992-08-02,1992,8,2,0.85215091
1992-08-03,1992,8,3,6.8938075
1992-08-04,1992,8,4,0.061947362
1992-08-05,1992,8,5,0.94514708
1992-08-06,1992,8,6,11.121172
1992-08-07,1992,8,7,0
1992-08-08,1992,8,8,0.0074418354
1992-08-09,1992,8,9,0
1992-08-10,1992,8,10,0
1992-08-11,1992,8,11,0
1992-08-12,1992,8,12,0
1992-08-13,1992,8,13,0
1992-08-14,1992,8,14,0.0016067689
1992-08-15,1992,8,15,5.0459789
1992-08-16,1992,8,16,1.0676024
1992-08-17,1992,8,17,0
1992-08-18,1992,8,18,0
1992-08-19,1992,8,19,0
1992-08-20,1992,8,20,3.8228377
1992-08-21,1992,8,21,45.726267
1992-08-22,1992,8,22,30.839279
1992-08-23,1992,8,23,0
1992-08-24,1992,8,24,0
1992-08-25,1992,8,25,0
1992-08-26,1992,8,26,0
1992-08-27,1992,8,27,0.012571286
1992-08-28,1992,8,28,1.8564736
1992-08-29,1992,8,29,27.205425
1992-08-30,1992,8,30,5.0787988
1992-08-31,1992,8,31,0.01193287
1992-09-01,1992,9,1,0
1992-09-02,1992,9,2,0
1992-09-03,1992,9,3,19.281101
1992-09-04,1992,9,4,7.5371152
1992-09-05,1992,9,5,0
1992-09-06,1992,9,6,0
1992-09-07,1992,9,7,0
1992-09-08,1992,9,8,0
1992-09-09,1992,9,9,0
1992-09-10,1992,9,10,0
1992-09-11,1992,9,11,0.00020384654
1992-09-12,1992,9,12,0
1992-09-13,1992,9,13,0.050039803
1992-09-14,1992,9,14,0
1992-09-15,1992,9,15,30.042693
1992-09-16,1992,9,16,58.003615
1992-09-17,1992,9,17,1.0961711
1992-09-18,1992,9,18,8.582465
1992-09-19,1992,9,19,27.261481
1992-09-20,1992,9,20,23.180799
1992-09-21,1992,9,21,5.0321801
1992-09-22,1992,9,22,7.0897077
1992-09-23,1992,9,23,12.562894
1992-09-24,1992,9,24,0.0046952555
1992-09-25,1992,9,25,0
1992-09-26,1992,9,26,0
1992-09-27,1992,9,27,0
1992-09-28,1992,9,28,0
1992-09-29,1992,9,29,0
1992-09-30,1992,9,30,8.736175
1992-10-01,1992,10,1,10.313909
1992-10-02,1992,10,2,0
1992-10-03,1992,10,3,4.7376251
1992-10-04,1992,10,4,9.7230034
1992-10-05,1992,10,5,0
1992-10-06,1992,10,6,0
1992-10-07,1992,10,7,0
1992-10-08,1992,10,8,0
1992-10-09,1992,10,9,9.6581656
1992-10-10,1992,10,10,5.2530394
1992-10-11,1992,10,11,21.121757
1992-10-12,1992,10,12,1.7920584
1992-10-13,1992,10,13,0
1992-10-14,1992,10,14,15.268434
1992-10-15,1992,10,15,16.216511
1992-10-16,1992,10,16,0
1992-10-17,1992,10,17,0
1992-10-18,1992,10,18,14.188386
1992-10-19,1992,10,19,0.00014516245
1992-10-20,1992,10,20,0
1992-10-21,1992,10,21,0
1992-10-22,1992,10,22,0
1992-10-23,1992,10,23,0
1992-10-24,1992,10,24,0
1992-10-25,1992,10,25,10.561891
1992-10-26,1992,10,26,20.560046
1992-10-27,1992,10,27,6.1714941
1992-10-28,1992,10,28,12.268108
1992-10-29,1992,10,29,0
1992-10-30,1992,10,30,0
1992-10-31,1992,10,31,8.6549535
1992-11-01,1992,11,1,3.895164
1992-11-02,1992,11,2,15.492469
1992-11-03,1992,11,3,0
1992-11-04,1992,11,4,0
1992-11-05,1992,11,5,0
1992-11-06,1992,11,6,0
1992-11-07,1992,11,7,0
1992-11-08,1992,11,8,0
1992-11-09,1992,11,9,2.2293349
1992-11-10,1992,11,10,3.3766795
1992-11-11,1992,11,11,0.067959052
1992-11-12,1992,11,12,0
1992-11-13,1992,11,13,1.6747498
1992-11-14,1992,11,14,0
1992-11-15,1992,11,15,0
1992-11-16,1992,11,16,0
1992-11-17,1992,11,17,0
1992-11-18,1992,11,18,0
1992-11-19,1992,11,19,0
1992-11-20,1992,11,20,0
1992-11-21,1992,11,21,0
1992-11-22,1992,11,22,0
1992-11-23,1992,11,23,0
1992-11-24,1992,11,24,0.29499725
1992-11-25,1992,11,25,5.21613
1992-11-26,1992,11,26,10.365917
1992-11-27,1992,11,27,0
1992-11-28,1992,11,28,0
1992-11-29,1992,11,29,0.57091079
1992-11-30,1992,11,30,0
1992-12-01,1992,12,1,0
1992-12-02,1992,12,2,12.805225
1992-12-03,1992,12,3,14.14955
1992-12-04,1992,12,4,10.326031
1992-12-05,1992,12,5,0
1992-12-06,1992,12,6,0
1992-12-07,1992,12,7,0
1992-12-08,1992,12,8,0.0017502954
1992-12-09,1992,12,9,0
1992-12-10,1992,12,10,0
1992-12-11,1992,12,11,5.1430714
1992-12-12,1992,12,12,0.0031146967
1992-12-13,1992,12,13,0
1992-12-14,1992,12,14,0
1992-12-15,1992,12,15,1.0045337
1992-12-16,1992,12,16,2.7708161
1992-12-17,1992,12,17,0
1992-12-18,1992,12,18,0.021656218
1992-12-19,1992,12,19,1.404907
1992-12-20,1992,12,20,0
1992-12-21,1992,12,21,2.2132392
1992-12-22,1992,12,22,36.727494
1992-12-23,1992,12,23,0
1992-12-24,1992,12,24,0
1992-12-25,1992,12,25,0
1992-12-26,1992,12,26,0.34590304
1992-12-27,1992,12,27,0
1992-12-28,1992,12,28,0
1992-12-29,1992,12,29,0
1992-12-30,1992,12,30,0
1992-12-31,1992,12,31,0
1993-01-01,1993,1,1,0
1993-01-02,1993,1,2,0.23204309
1993-01-03,1993,1,3,0
1993-01-04,1993,1,4,0
1993-01-05,1993,1,5,0
1993-01-06,1993,1,6,0.0094063484
1993-01-07,1993,1,7,0
1993-01-08,1993,1,8,0
1993-01-09,1993,1,9,0
1993-01-10,1993,1,10,5.5948295
1993-01-11,1993,1,11,12.755206
1993-01-12,1993,1,12,0
1993-01-13,1993,1,13,0
1993-01-14,1993,1,14,0
1993-01-15,1993,1,15,0
1993-01-16,1993,1,16,0
1993-01-17,1993,1,17,1.7260382e-05
1993-01-18,1993,1,18,0
1993-01-19,1993,1,19,0
1993-01-20,1993,1,20,9.8189443
1993-01-21,1993,1,21,5.009262
1993-01-22,1993,1,22,0
1993-01-23,1993,1,23,0
1993-01-24,1993,1,24,0
1993-01-25,1993,1,25,0
1993-01-26,1993,1,26,0
1993-01-27,1993,1,27,0.13909434
1993-01-28,1993,1,28,0
1993-01-29,1993,1,29,0
1993-01-30,1993,1,30,9.8365788
1993-01-31,1993,1,31,0
1993-02-01,1993,2,1,0
1993-02-02,1993,2,2,0
1993-02-03,1993,2,3,0
1993-02-04,1993,2,4,0.48994497
1993-02-05,1993,2,5,0
1993-02-06,1993,2,6,0
1993-02-07,1993,2,7,0
1993-02-08,1993,2,8,0
1993-02-09,1993,2,9,0
1993-02-10,1993,2,10,0
1993-02-11,1993,2,11,0
1993-02-12,1993,2,12,0
1993-02-13,1993,2,13,0
1993-02-14,1993,2,14,0
1993-02-15,1993,2,15,0
1993-02-16,1993,2,16,0.00022422565
1993-02-17,1993,2,17,9.6881075e-06
1993-02-18,1993,2,18,0
1993-02-19,1993,2,19,0
1993-02-20,1993,2,20,0
1993-02-21,1993,2,21,0
1993-02-22,1993,2,22,0
1993-02-23,1993,2,23,0
1993-02-24,1993,2,24,1.0116877
1993-02-25,1993,2,25,0
1993-02-26,1993,2,26,0
1993-02-27,1993,2,27,0
1993-02-28,1993,2,28,0
1993-03-01,1993,3,1,0
1993-03-02,1993,3,2,0
1993-03-03,1993,3,3,0.033464676
1993-03-04,1993,3,4,0.63885697
1993-03-05,1993,3,5,0.01325193
1993-03-06,1993,3,6,0
1993-03-07,1993,3,7,0
1993-03-08,1993,3,8,5.2737677e-18
1993-03-09,1993,3,9,0
1993-03-10,1993,3,10,0.0017847495
1993-03-11,1993,3,11,0
1993-03-12,1993,3,12,0
1993-03-13,1993,3,13,0
1993-03-14,1993,3,14,0
1993-03-15,1993,3,15,0
1993-03-16,1993,3,16,0.0097310146
1993-03-17,1993,3,17,31.920266
1993-03-18,1993,3,18,0.09305408
1993-03-19,1993,3,19,0
1993-03-20,1993,3,20,0
1993-03-21,1993,3,21,0
1993-03-22,1993,3,22,0
1993-03-23,1993,3,23,0
1993-03-24,1993,3,24,0
1993-03-25,1993,3,25,0
1993-03-26,1993,3,26,0
1993-03-27,1993,3,27,11.948473
1993-03-28,1993,3,28,0
1993-03-29,1993,3,29,0
1993-03-30,1993,3,30,7.7730026
1993-03-31,1993,3,31,8.9818686
1993-04-01,1993,4,1,21.313915
1993-04-02,1993,4,2,22.635642
1993-04-03,1993,4,3,2.0420566
1993-04-04,1993,4,4,0
1993-04-05,1993,4,5,0
1993-04-06,1993,4,6,0
1993-04-07,1993,4,7,0.00024828534
1993-04-08,1993,4,8,0
1993-04-09,1993,4,9,0
1993-04-10,1993,4,10,0.030971883
1993-04-11,1993,4,11,4.279979
1993-04-12,1993,4,12,8.4265183
1993-04-13,1993,4,13,27.583502
1993-04-14,1993,4,14,0.7877324
1993-04-15,1993,4,15,5.4712513
1993-04-16,1993,4,16,25.017275
1993-04-17,1993,4,17,17.484621
1993-04-18,1993,4,18,0.4426556
1993-04-19,1993,4,19,0
1993-04-20,1993,4,20,0
1993-04-21,1993,4,21,0
1993-04-22,1993,4,22,11.513559
1993-04-23,1993,4,23,43.145769
1993-04-24,1993,4,24,19.041731
1993-04-25,1993,4,25,0.022426597
1993-04-26,1993,4,26,0
1993-04-27,1993,4,27,0
1993-04-28,1993,4,28,0
1993-04-29,1993,4,29,0
1993-04-30,1993,4,30,0
1993-05-01,1993,5,1,5.3758347
1993-05-02,1993,5,2,89.273281
1993-05-03,1993,5,3,27.599768
1993-05-04,1993,5,4,3.9354186
1993-05-05,1993,5,5,51.485696
1993-05-06,1993,5,6,64.050706
1993-05-07,1993,5,7,12.463533
1993-05-08,1993,5,8,0.94643119
1993-05-09,1993,5,9,19.222506
1993-05-10,1993,5,10,12.130475
1993-05-11,1993,5,11,10.104133
1993-05-12,1993,5,12,2.0878892
1993-05-13,1993,5,13,0
1993-05-14,1993,5,14,6.2313166
1993-05-15,1993,5,15,34.191524
1993-05-16,1993,5,16,29.959582
1993-05-17,1993,5,17,0
1993-05-18,1993,5,18,0.00026582807
1993-05-19,1993,5,19,21.197305
1993-05-20,1993,5,20,3.6839171
1993-05-21,1993,5,21,5.146141
1993-05-22,1993,5,22,44.259316
1993-05-23,1993,5,23,10.200309
1993-05-24,1993,5,24,4.0149486
1993-05-25,1993,5,25,0
1993-05-26,1993,5,26,0
1993-05-27,1993,5,27,1.2066291
1993-05-28,1993,5,28,24.529082
1993-05-29,1993,5,29,37.34447
1993-05-30,1993,5,30,2.9727563
1993-05-31,1993,5,31,0
1993-06-01,1993,6,1,20.083681
1993-06-02,1993,6,2,64.391924
1993-06-03,1993,6,3,42.581023
1993-06-04,1993,6,4,75.225912
1993-06-05,1993,6,5,26.996102
1993-06-06,1993,6,6,13.320829
1993-06-07,1993,6,7,0
1993-06-08,1993,6,8,0.048779289
1993-06-09,1993,6,9,0.0099873159
1993-06-10,1993,6,10,1.2263395e-17
1993-06-11,1993,6,11,16.791271
1993-06-12,1993,6,12,1.4881393
1993-06-13,1993,6,13,28.711802
1993-06-14,1993,6,14,2.823565
1993-06-15,1993,6,15,0
1993-06-16,1993,6,16,0
1993-06-17,1993,6,17,0
1993-06-18,1993,6,18,0
1993-06-19,1993,6,19,1.8527966
1993-06-20,1993,6,20,6.1679297
1993-06-21,1993,6,21,1.7906134
1993-06-22,1993,6,22,11.961225
1993-06-23,1993,6,23,9.1666216
1993-06-24,1993,6,24,53.697291
1993-06-25,1993,6,25,89.558185
1993-06-26,1993,6,26,35.560178
1993-06-27,1993,6,27,44.635996
1993-06-28,1993,6,28,18.929082
1993-06-29,1993,6,29,18.589578
1993-06-30,1993,6,30,41.929525
1993-07-01,1993,7,1,14.861093
1993-07-02,1993,7,2,18.834591
1993-07-03,1993,7,3,5.7706159
1993-07-04,1993,7,4,0
1993-07-05,1993,7,5,3.7528922
1993-07-06,1993,7,6,43.135315
1993-07-07,1993,7,7,69.936393
1993-07-08,1993,7,8,17.384117
1993-07-09,1993,7,9,0.33387155
1993-07-10,1993,7,10,1.4619068e-05
1993-07-11,1993,7,11,0
1993-07-12,1993,7,12,0
1993-07-13,1993,7,13,0
1993-07-14,1993,7,14,0
1993-07-15,1993,7,15,0
1993-07-16,1993,7,16,19.375706
1993-07-17,1993,7,17,23.950174
1993-07-18,1993,7,18,60.720539
1993-07-19,1993,7,19,27.904758
1993-07-20,1993,7,20,0.020064911
1993-07-21,1993,7,21,0
1993-07-22,1993,7,22,0.28797305
1993-07-23,1993,7,23,0
1993-07-24,1993,7,24,0
1993-07-25,1993,7,25,23.060148
1993-07-26,1993,7,26,44.399728
1993-07-27,1993,7,27,0.68891661
1993-07-28,1993,7,28,0
1993-07-29,1993,7,29,0.0026895537
1993-07-30,1993,7,30,0
1993-07-31,1993,7,31,0
1993-08-01,1993,8,1,6.6010285
1993-08-02,1993,8,2,0
1993-08-03,1993,8,3,13.404061
1993-08-04,1993,8,4,0
1993-08-05,1993,8,5,0
1993-08-06,1993,8,6,20.529956
1993-08-07,1993,8,7,5.6790832
1993-08-08,1993,8,8,0
1993-08-09,1993,8,9,0
1993-08-10,1993,8,10,0
1993-08-11,1993,8,11,0
1993-08-12,1993,8,12,0
1993-08-13,1993,8,13,0
1993-08-14,1993,8,14,17.274211
1993-08-15,1993,8,15,0
1993-08-16,1993,8,16,0
1993-08-17,1993,8,17,0
1993-08-18,1993,8,18,0
1993-08-19,1993,8,19,0
1993-08-20,1993,8,20,0
1993-08-21,1993,8,21,0
1993-08-22,1993,8,22,0
1993-08-23,1993,8,23,18.727335
1993-08-24,1993,8,24,48.944428
1993-08-25,1993,8,25,40.72758
1993-08-26,1993,8,26,68.566197
1993-08-27,1993,8,27,67.941002
1993-08-28,1993,8,28,26.633772
1993-08-29,1993,8,29,6.2151142
1993-08-30,1993,8,30,0
1993-08-31,1993,8,31,0
1993-09-01,1993,9,1,0
1993-09-02,1993,9,2,0
1993-09-03,1993,9,3,8.1702182
1993-09-04,1993,9,4,2.1652946
1993-09-05,1993,9,5,16.67457
1993-09-06,1993,9,6,1.9820334
1993-09-07,1993,9,7,0
1993-09-08,1993,9,8,0
1993-09-09,1993,9,9,0
1993-09-10,1993,9,10,0
1993-09-11,1993,9,11,0
1993-09-12,1993,9,12,0
1993-09-13,1993,9,13,0
1993-09-14,1993,9,14,0
1993-09-15,1993,9,15,0
1993-09-16,1993,9,16,5.2306559
1993-09-17,1993,9,17,13.158555
1993-09-18,1993,9,18,3.4480447
1993-09-19,1993,9,19,0.33317329
1993-09-20,1993,9,20,3.1066255
1993-09-21,1993,9,21,6.64744
1993-09-22,1993,9,22,4.5168022
1993-09-23,1993,9,23,0
1993-09-24,1993,9,24,0
1993-09-25,1993,9,25,0
1993-09-26,1993,9,26,0.24541294
1993-09-27,1993,9,27,5.2070758
1993-09-28,1993,9,28,0
1993-09-29,1993,9,29,0
1993-09-30,1993,9,30,0.11359096
1993-10-01,1993,10,1,0
1993-10-02,1993,10,2,0
1993-10-03,1993,10,3,0
1993-10-04,1993,10,4,0
1993-10-05,1993,10,5,0
1993-10-06,1993,10,6,0
1993-10-07,1993,10,7,0
1993-10-08,1993,10,8,0
1993-10-09,1993,10,9,0
1993-10-10,1993,10,10,0
1993-10-11,1993,10,11,0
1993-10-12,1993,10,12,0
1993-10-13,1993,10,13,0
1993-10-14,1993,10,14,0
1993-10-15,1993,10,15,27.354955
1993-10-16,1993,10,16,21.955025
1993-10-17,1993,10,17,15.37967
1993-10-18,1993,10,18,2.1395104
1993-10-19,1993,10,19,0.42462693
1993-10-20,1993,10,20,3.728729
1993-10-21,1993,10,21,0.54593987
1993-10-22,1993,10,22,1.884176
1993-10-23,1993,10,23,1.8086143
1993-10-24,1993,10,24,0
1993-10-25,1993,10,25,0.0052176723
1993-10-26,1993,10,26,27.527901
1993-10-27,1993,10,27,16.562309
1993-10-28,1993,10,28,3.8691534
1993-10-29,1993,10,29,0.33946279
1993-10-30,1993,10,30,9.0040462
1993-10-31,1993,10,31,1.1781153
1993-11-01,1993,11,1,0
1993-11-02,1993,11,2,0
1993-11-03,1993,11,3,0
1993-11-04,1993,11,4,7.7176786
1993-11-05,1993,11,5,8.2558082
1993-11-06,1993,11,6,0
1993-11-07,1993,11,7,0
1993-11-08,1993,11,8,0
1993-11-09,1993,11,9,0
1993-11-10,1993,11,10,6.8991129
1993-11-11,1993,11,11,0.36079739
1993-11-12,1993,11,12,0
1993-11-13,1993,11,13,0
1993-11-14,1993,11,14,1.8164115
1993-11-15,1993,11,15,4.9418964
1993-11-16,1993,11,16,0
1993-11-17,1993,11,17,0
1993-11-18,1993,11,18,0.24846158
1993-11-19,1993,11,19,7.6112691
1993-11-20,1993,11,20,0.41916883
1993-11-21,1993,11,21,0
1993-11-22,1993,11,22,0
1993-11-23,1993,11,23,0
1993-11-24,1993,11,24,0.13851647
1993-11-25,1993,11,25,0
1993-11-26,1993,11,26,0
1993-11-27,1993,11,27,0
1993-11-28,1993,11,28,3.5151573
1993-11-29,1993,11,29,26.604481
1993-11-30,1993,11,30,22.340823
1993-12-01,1993,12,1,33.449437
1993-12-02,1993,12,2,34.872333
1993-12-03,1993,12,3,32.186907
1993-12-04,1993,12,4,0.0072396668
1993-12-05,1993,12,5,0
1993-12-06,1993,12,6,0
1993-12-07,1993,12,7,0
1993-12-08,1993,12,8,0
1993-12-09,1993,12,9,0
1993-12-10,1993,12,10,0
1993-12-11,1993,12,11,8.5723141
1993-12-12,1993,12,12,0.71436788
1993-12-13,1993,12,13,0
1993-12-14,1993,12,14,0
1993-12-15,1993,12,15,0
1993-12-16,1993,12,16,0
1993-12-17,1993,12,17,0
1993-12-18,1993,12,18,0
1993-12-19,1993,12,19,0
1993-12-20,1993,12,20,0
1993-12-21,1993,12,21,0
1993-12-22,1993,12,22,0
1993-12-23,1993,12,23,0
1993-12-24,1993,12,24,0
1993-12-25,1993,12,25,0
1993-12-26,1993,12,26,0
1993-12-27,1993,12,27,1.065224
1993-12-28,1993,12,28,0
1993-12-29,1993,12,29,0
1993-12-30,1993,12,30,0
1993-12-31,1993,12,31,0
1994-01-01,1994,1,1,0
1994-01-02,1994,1,2,0
1994-01-03,1994,1,3,0
1994-01-04,1994,1,4,0
1994-01-05,1994,1,5,0
1994-01-06,1994,1,6,0
1994-01-07,1994,1,7,0
1994-01-08,1994,1,8,0
1994-01-09,1994,1,9,0
1994-01-10,1994,1,10,5.0097084
1994-01-11,1994,1,11,0
1994-01-12,1994,1,12,0
1994-01-13,1994,1,13,0
1994-01-14,1994,1,14,0.14204077
1994-01-15,1994,1,15,0.2480644
1994-01-16,1994,1,16,0.85145257
1994-01-17,1994,1,17,0
1994-01-18,1994,1,18,0
1994-01-19,1994,1,19,0
1994-01-20,1994,1,20,0
1994-01-21,1994,1,21,0
1994-01-22,1994,1,22,0
1994-01-23,1994,1,23,0
1994-01-24,1994,1,24,2.3091634
1994-01-25,1994,1,25,0
1994-01-26,1994,1,26,0
1994-01-27,1994,1,27,0
1994-01-28,1994,1,28,0
1994-01-29,1994,1,29,0
1994-01-30,1994,1,30,0
1994-01-31,1994,1,31,27.520971
1994-02-01,1994,2,1,9.700311
1994-02-02,1994,2,2,3.3789713
1994-02-03,1994,2,3,0.36784623
1994-02-04,1994,2,4,0
1994-02-05,1994,2,5,0
1994-02-06,1994,2,6,0
1994-02-07,1994,2,7,0
1994-02-08,1994,2,8,0
1994-02-09,1994,2,9,0
1994-02-10,1994,2,10,0
1994-02-11,1994,2,11,0
1994-02-12,1994,2,12,0
1994-02-13,1994,2,13,0
1994-02-14,1994,2,14,0.005526262
1994-02-15,1994,2,15,8.1076987
1994-02-16,1994,2,16,0.13692945
1994-02-17,1994,2,17,0
1994-02-18,1994,2,18,0
1994-02-19,1994,2,19,0
1994-02-20,1994,2,20,0
1994-02-21,1994,2,21,0
1994-02-22,1994,2,22,0.0026453304
1994-02-23,1994,2,23,0.00027502967
1994-02-24,1994,2,24,0
1994-02-25,1994,2,25,0
1994-02-26,1994,2,26,0
1994-02-27,1994,2,27,0.3216296
1994-02-28,1994,2,28,0.011711053
1994-03-01,1994,3,1,0
1994-03-02,1994,3,2,0
1994-03-03,1994,3,3,0
1994-03-04,1994,3,4,0
1994-03-05,1994,3,5,0
1994-03-06,1994,3,6,0
1994-03-07,1994,3,7,0
1994-03-08,1994,3,8,0
1994-03-09,1994,3,9,0
1994-03-10,1994,3,10,0
1994-03-11,1994,3,11,0
1994-03-12,1994,3,12,0
1994-03-13,1994,3,13,0
1994-03-14,1994,3,14,0.25266036
1994-03-15,1994,3,15,0
1994-03-16,1994,3,16,0
1994-03-17,1994,3,17,0
1994-03-18,1994,3,18,0
1994-03-19,1994,3,19,0.00088560036
1994-03-20,1994,3,20,0
1994-03-21,1994,3,21,0
1994-03-22,1994,3,22,0.71540004
1994-03-23,1994,3,23,18.041053
1994-03-24,1994,3,24,0
1994-03-25,1994,3,25,0
1994-03-26,1994,3,26,0.021005626
1994-03-27,1994,3,27,18.773889
1994-03-28,1994,3,28,0
1994-03-29,1994,3,29,0
1994-03-30,1994,3,30,0
1994-03-31,1994,3,31,4.2745625
1994-04-01,1994,4,1,49.278703
1994-04-02,1994,4,2,0.056142648
1994-04-03,1994,4,3,0
1994-04-04,1994,4,4,0.067750028
1994-04-05,1994,4,5,6.2508779e-05
1994-04-06,1994,4,6,0.0016925509
1994-04-07,1994,4,7,1.0715023
1994-04-08,1994,4,8,9.2222862
1994-04-09,1994,4,9,0
1994-04-10,1994,4,10,0
1994-04-11,1994,4,11,0
1994-04-12,1994,4,12,0
1994-04-13,1994,4,13,0
1994-04-14,1994,4,14,0
1994-04-15,1994,4,15,0.025367218
1994-04-16,1994,4,16,0.27769454
1994-04-17,1994,4,17,0
1994-04-18,1994,4,18,0
1994-04-19,1994,4,19,0.05308615
1994-04-20,1994,4,20,0.84504332
1994-04-21,1994,4,21,0
1994-04-22,1994,4,22,0
1994-04-23,1994,4,23,0
1994-04-24,1994,4,24,29.047418
1994-04-25,1994,4,25,72.919916
1994-04-26,1994,4,26,48.549535
1994-04-27,1994,4,27,0.0066133859
1994-04-28,1994,4,28,0
1994-04-29,1994,4,29,25.844572
1994-04-30,1994,4,30,19.954879
1994-05-01,1994,5,1,0
1994-05-02,1994,5,2,0
1994-05-03,1994,5,3,0
1994-05-04,1994,5,4,0
1994-05-05,1994,5,5,0.93947213
1994-05-06,1994,5,6,25.480819
1994-05-07,1994,5,7,0
1994-05-08,1994,5,8,0
1994-05-09,1994,5,9,0
1994-05-10,1994,5,10,0
1994-05-11,1994,5,11,0
1994-05-12,1994,5,12,0.00016256403
1994-05-13,1994,5,13,0.5373428
1994-05-14,1994,5,14,0.060028354
1994-05-15,1994,5,15,14.496113
1994-05-16,1994,5,16,12.498095
1994-05-17,1994,5,17,8.3577477
1994-05-18,1994,5,18,20.771437
1994-05-19,1994,5,19,11.644263
1994-05-20,1994,5,20,0.83667506
1994-05-21,1994,5,21,0
1994-05-22,1994,5,22,17.705399
1994-05-23,1994,5,23,38.543415
1994-05-24,1994,5,24,24.18128
1994-05-25,1994,5,25,0.41285679
1994-05-26,1994,5,26,1.6757646
1994-05-27,1994,5,27,5.058662
1994-05-28,1994,5,28,0
1994-05-29,1994,5,29,0
1994-05-30,1994,5,30,2.2720958
1994-05-31,1994,5,31,15.109556
1994-06-01,1994,6,1,36.715292
1994-06-02,1994,6,2,16.362311
1994-06-03,1994,6,3,0
1994-06-04,1994,6,4,32.751878
1994-06-05,1994,6,5,4.9625665
1994-06-06,1994,6,6,0
1994-06-07,1994,6,7,1.0538196
1994-06-08,1994,6,8,0.046636836
1994-06-09,1994,6,9,8.8658731
1994-06-10,1994,6,10,8.8762541
1994-06-11,1994,6,11,0
1994-06-12,1994,6,12,11.135614
1994-06-13,1994,6,13,28.570201
1994-06-14,1994,6,14,22.382895
1994-06-15,1994,6,15,0.11452263
1994-06-16,1994,6,16,29.579386
1994-06-17,1994,6,17,36.328523
1994-06-18,1994,6,18,19.904243
1994-06-19,1994,6,19,27.007445
1994-06-20,1994,6,20,47.494869
1994-06-21,1994,6,21,27.010871
1994-06-22,1994,6,22,39.329966
1994-06-23,1994,6,23,15.036761
1994-06-24,1994,6,24,0.039308686
1994-06-25,1994,6,25,1.5747741
1994-06-26,1994,6,26,0
1994-06-27,1994,6,27,0
1994-06-28,1994,6,28,27.517661
1994-06-29,1994,6,29,10.452369
1994-06-30,1994,6,30,8.084021
1994-07-01,1994,7,1,0.99562618
1994-07-02,1994,7,2,0
1994-07-03,1994,7,3,0
1994-07-04,1994,7,4,0
1994-07-05,1994,7,5,0
1994-07-06,1994,7,6,0
1994-07-07,1994,7,7,0
1994-07-08,1994,7,8,0
1994-07-09,1994,7,9,0
1994-07-10,1994,7,10,0
1994-07-11,1994,7,11,0.59587397
1994-07-12,1994,7,12,0
1994-07-13,1994,7,13,31.021959
1994-07-14,1994,7,14,5.919759
1994-07-15,1994,7,15,28.168666
1994-07-16,1994,7,16,37.814813
1994-07-17,1994,7,17,28.073546
1994-07-18,1994,7,18,63.744757
1994-07-19,1994,7,19,59.303678
1994-07-20,1994,7,20,36.512904
1994-07-21,1994,7,21,4.0064253
1994-07-22,1994,7,22,21.689521
1994-07-23,1994,7,23,101.93675
1994-07-24,1994,7,24,25.679681
1994-07-25,1994,7,25,6.7057654
1994-07-26,1994,7,26,0
1994-07-27,1994,7,27,1.7852779
1994-07-28,1994,7,28,0
1994-07-29,1994,7,29,0.055073268
1994-07-30,1994,7,30,0
1994-07-31,1994,7,31,0.7270536
1994-08-01,1994,8,1,9.2641031
1994-08-02,1994,8,2,0
1994-08-03,1994,8,3,0
1994-08-04,1994,8,4,0
1994-08-05,1994,8,5,0.015865528
1994-08-06,1994,8,6,0
1994-08-07,1994,8,7,1.206828
1994-08-08,1994,8,8,8.6700376
1994-08-09,1994,8,9,5.2855407
1994-08-10,1994,8,10,0
1994-08-11,1994,8,11,13.244654
1994-08-12,1994,8,12,10.79963
1994-08-13,1994,8,13,0
1994-08-14,1994,8,14,0.0001653698
1994-08-15,1994,8,15,0.00078687687
1994-08-16,1994,8,16,0
1994-08-17,1994,8,17,0
1994-08-18,1994,8,18,0
1994-08-19,1994,8,19,0
1994-08-20,1994,8,20,0
1994-08-21,1994,8,21,0
1994-08-22,1994,8,22,0
1994-08-23,1994,8,23,0
1994-08-24,1994,8,24,0.67943104
1994-08-25,1994,8,25,0
1994-08-26,1994,8,26,0
1994-08-27,1994,8,27,20.559496
1994-08-28,1994,8,28,12.564183
1994-08-29,1994,8,29,0
1994-08-30,1994,8,30,0
1994-08-31,1994,8,31,0
1994-09-01,1994,9,1,0
1994-09-02,1994,9,2,0.062516657
1994-09-03,1994,9,3,0
1994-09-04,1994,9,4,1.1239834
1994-09-05,1994,9,5,14.238033
1994-09-06,1994,9,6,0
1994-09-07,1994,9,7,0
1994-09-08,1994,9,8,0
1994-09-09,1994,9,9,1.4634668
1994-09-10,1994,9,10,11.533112
1994-09-11,1994,9,11,8.0283367
1994-09-12,1994,9,12,22.860691
1994-09-13,1994,9,13,0.1557723
1994-09-14,1994,9,14,0
1994-09-15,1994,9,15,0
1994-09-16,1994,9,16,20.188651
1994-09-17,1994,9,17,47.591748
1994-09-18,1994,9,18,66.513741
1994-09-19,1994,9,19,44.755743
1994-09-20,1994,9,20,22.492878
1994-09-21,1994,9,21,3.2556553
1994-09-22,1994,9,22,21.684142
1994-09-23,1994,9,23,37.536313
1994-09-24,1994,9,24,20.184232
1994-09-25,1994,9,25,0.0078457785
1994-09-26,1994,9,26,0
1994-09-27,1994,9,27,0.088636811
1994-09-28,1994,9,28,0
1994-09-29,1994,9,29,0
1994-09-30,1994,9,30,0.47829988
1994-10-01,1994,10,1,6.7446079
1994-10-02,1994,10,2,13.561987
1994-10-03,1994,10,3,18.346532
1994-10-04,1994,10,4,6.1064334
1994-10-05,1994,10,5,0
1994-10-06,1994,10,6,0
1994-10-07,1994,10,7,0.44851926
1994-10-08,1994,10,8,10.177646
1994-10-09,1994,10,9,1.0439153
1994-10-10,1994,10,10,26.673811
1994-10-11,1994,10,11,9.6990267
1994-10-12,1994,10,12,4.2404975
1994-10-13,1994,10,13,0
1994-10-14,1994,10,14,11.734837
1994-10-15,1994,10,15,34.524591
1994-10-16,1994,10,16,10.05118
1994-10-17,1994,10,17,11.250882
1994-10-18,1994,10,18,19.358935
1994-10-19,1994,10,19,7.8665603
1994-10-20,1994,10,20,1.597024
1994-10-21,1994,10,21,0
1994-10-22,1994,10,22,0
1994-10-23,1994,10,23,0
1994-10-24,1994,10,24,0
1994-10-25,1994,10,25,0
1994-10-26,1994,10,26,0
1994-10-27,1994,10,27,0
1994-10-28,1994,10,28,0
1994-10-29,1994,10,29,0
1994-10-30,1994,10,30,0.44691173
1994-10-31,1994,10,31,0.90071355
1994-11-01,1994,11,1,5.504132
1994-11-02,1994,11,2,0.3284917
1994-11-03,1994,11,3,4.1767185
1994-11-04,1994,11,4,20.100274
1994-11-05,1994,11,5,0
1994-11-06,1994,11,6,0
1994-11-07,1994,11,7,1.8860142
1994-11-08,1994,11,8,0
1994-11-09,1994,11,9,0
1994-11-10,1994,11,10,0
1994-11-11,1994,11,11,0.50978685
1994-11-12,1994,11,12,0.76673239
1994-11-13,1994,11,13,0
1994-11-14,1994,11,14,0
1994-11-15,1994,11,15,0.088681396
1994-11-16,1994,11,16,0
1994-11-17,1994,11,17,0
1994-11-18,1994,11,18,0
1994-11-19,1994,11,19,0
1994-11-20,1994,11,20,0
1994-11-21,1994,11,21,0
1994-11-22,1994,11,22,0
1994-11-23,1994,11,23,0
1994-11-24,1994,11,24,0
1994-11-25,1994,11,25,0
1994-11-26,1994,11,26,0
1994-11-27,1994,11,27,14.571599
1994-11-28,1994,11,28,8.0788578
1994-11-29,1994,11,29,31.126123
1994-11-30,1994,11,30,28.681439
1994-12-01,1994,12,1,24.123738
1994-12-02,1994,12,2,28.45921
1994-12-03,1994,12,3,2.7132145
1994-12-04,1994,12,4,30.590152
1994-12-05,1994,12,5,12.961171
1994-12-06,1994,12,6,0
1994-12-07,1994,12,7,0
1994-12-08,1994,12,8,0.13340215
1994-12-09,1994,12,9,0
1994-12-10,1994,12,10,0
1994-12-11,1994,12,11,0
1994-12-12,1994,12,12,0.69022139
1994-12-13,1994,12,13,0.00011929159
1994-12-14,1994,12,14,0
1994-12-15,1994,12,15,0
1994-12-16,1994,12,16,0
1994-12-17,1994,12,17,0
1994-12-18,1994,12,18,0
1994-12-19,1994,12,19,0
1994-12-20,1994,12,20,0
1994-12-21,1994,12,21,0
1994-12-22,1994,12,22,0
1994-12-23,1994,12,23,0
1994-12-24,1994,12,24,0
1994-12-25,1994,12,25,0
1994-12-26,1994,12,26,4.6754833
1994-12-27,1994,12,27,0.00012299858
1994-12-28,1994,12,28,0
1994-12-29,1994,12,29,0
1994-12-30,1994,12,30,1.021535
1994-12-31,1994,12,31,12.473346
1995-01-01,1995,1,1,0
1995-01-02,1995,1,2,0
1995-01-03,1995,1,3,0.6554269
1995-01-04,1995,1,4,0
1995-01-05,1995,1,5,0
1995-01-06,1995,1,6,5.1285716
1995-01-07,1995,1,7,5.9890373
1995-01-08,1995,1,8,0
1995-01-09,1995,1,9,2.0279882
1995-01-10,1995,1,10,2.6546112
1995-01-11,1995,1,11,0
1995-01-12,1995,1,12,0
1995-01-13,1995,1,13,0
1995-01-14,1995,1,14,0
1995-01-15,1995,1,15,0
1995-01-16,1995,1,16,0
1995-01-17,1995,1,17,0
1995-01-18,1995,1,18,0
1995-01-19,1995,1,19,0
1995-01-20,1995,1,20,0
1995-01-21,1995,1,21,0
1995-01-22,1995,1,22,0.18018944
1995-01-23,1995,1,23,0
1995-01-24,1995,1,24,0
1995-01-25,1995,1,25,0
1995-01-26,1995,1,26,0
1995-01-27,1995,1,27,0
1995-01-28,1995,1,28,0
1995-01-29,1995,1,29,3.6821365
1995-01-30,1995,1,30,0.040970515
1995-01-31,1995,1,31,0.7376163
1995-02-01,1995,2,1,0
1995-02-02,1995,2,2,0
1995-02-03,1995,2,3,0
1995-02-04,1995,2,4,0
1995-02-05,1995,2,5,0
1995-02-06,1995,2,6,0
1995-02-07,1995,2,7,0
1995-02-08,1995,2,8,0
1995-02-09,1995,2,9,0
1995-02-10,1995,2,10,0
1995-02-11,1995,2,11,0
1995-02-12,1995,2,12,0
1995-02-13,1995,2,13,0
1995-02-14,1995,2,14,0
1995-02-15,1995,2,15,0
1995-02-16,1995,2,16,0
1995-02-17,1995,2,17,0
1995-02-18,1995,2,18,0
1995-02-19,1995,2,19,0.028801058
1995-02-20,1995,2,20,0
1995-02-21,1995,2,21,0.61423113
1995-02-22,1995,2,22,0.31134072
1995-02-23,1995,2,23,0.0025717525
1995-02-24,1995,2,24,0
1995-02-25,1995,2,25,0
1995-02-26,1995,2,26,0
1995-02-27,1995,2,27,0
1995-02-28,1995,2,28,0.20084432
1995-03-01,1995,3,1,0.024732038
1995-03-02,1995,3,2,0
1995-03-03,1995,3,3,0
1995-03-04,1995,3,4,0
1995-03-05,1995,3,5,0
1995-03-06,1995,3,6,0
1995-03-07,1995,3,7,0
1995-03-08,1995,3,8,0
1995-03-09,1995,3,9,0
1995-03-10,1995,3,10,0
1995-03-11,1995,3,11,0
1995-03-12,1995,3,12,0
1995-03-13,1995,3,13,0
1995-03-14,1995,3,14,1.5577037
1995-03-15,1995,3,15,0
1995-03-16,1995,3,16,0
1995-03-17,1995,3,17,0
1995-03-18,1995,3,18,0
1995-03-19,1995,3,19,0
1995-03-20,1995,3,20,0
1995-03-21,1995,3,21,0
1995-03-22,1995,3,22,22.519684
1995-03-23,1995,3,23,12.367533
1995-03-24,1995,3,24,5.4071841
1995-03-25,1995,3,25,0
1995-03-26,1995,3,26,0
1995-03-27,1995,3,27,12.712895
1995-03-28,1995,3,28,0
1995-03-29,1995,3,29,0
1995-03-30,1995,3,30,4.3032214
1995-03-31,1995,3,31,0
1995-04-01,1995,4,1,0
1995-04-02,1995,4,2,10.711134
1995-04-03,1995,4,3,10.723482
1995-04-04,1995,4,4,3.038686
1995-04-05,1995,4,5,0
1995-04-06,1995,4,6,15.888765
1995-04-07,1995,4,7,18.67914
1995-04-08,1995,4,8,6.2021767
1995-04-09,1995,4,9,0
1995-04-10,1995,4,10,0
1995-04-11,1995,4,11,0
1995-04-12,1995,4,12,0
1995-04-13,1995,4,13,0
1995-04-14,1995,4,14,7.5069248
1995-04-15,1995,4,15,6.3117879
1995-04-16,1995,4,16,0.00030239265
1995-04-17,1995,4,17,5.1489649
1995-04-18,1995,4,18,7.0563073
1995-04-19,1995,4,19,0
1995-04-20,1995,4,20,0
1995-04-21,1995,4,21,0
1995-04-22,1995,4,22,0
1995-04-23,1995,4,23,0
1995-04-24,1995,4,24,0
1995-04-25,1995,4,25,0
1995-04-26,1995,4,26,8.414701
1995-04-27,1995,4,27,23.86037
1995-04-28,1995,4,28,45.969458
1995-04-29,1995,4,29,35.431861
1995-04-30,1995,4,30,14.297169
1995-05-01,1995,5,1,0
1995-05-02,1995,5,2,0.099874486
1995-05-03,1995,5,3,5.4725812
1995-05-04,1995,5,4,0
1995-05-05,1995,5,5,0
1995-05-06,1995,5,6,0.0023963658
1995-05-07,1995,5,7,2.2393265
1995-05-08,1995,5,8,7.5041051
1995-05-09,1995,5,9,2.3251548
1995-05-10,1995,5,10,0
1995-05-11,1995,5,11,0
1995-05-12,1995,5,12,0
1995-05-13,1995,5,13,0
1995-05-14,1995,5,14,0
1995-05-15,1995,5,15,0
1995-05-16,1995,5,16,0
1995-05-17,1995,5,17,0
1995-05-18,1995,5,18,0
1995-05-19,1995,5,19,0
1995-05-20,1995,5,20,0
1995-05-21,1995,5,21,0
1995-05-22,1995,5,22,0
1995-05-23,1995,5,23,0
1995-05-24,1995,5,24,0
1995-05-25,1995,5,25,0
1995-05-26,1995,5,26,0.12297575
1995-05-27,1995,5,27,11.189944
1995-05-28,1995,5,28,2.1754047
1995-05-29,1995,5,29,18.337161
1995-05-30,1995,5,30,37.674385
1995-05-31,1995,5,31,23.824631
1995-06-01,1995,6,1,0
1995-06-02,1995,6,2,0
1995-06-03,1995,6,3,40.431405
1995-06-04,1995,6,4,38.006449
1995-06-05,1995,6,5,30.382968
1995-06-06,1995,6,6,27.457062
1995-06-07,1995,6,7,0
1995-06-08,1995,6,8,22.022925
1995-06-09,1995,6,9,34.450066
1995-06-10,1995,6,10,34.57877
1995-06-11,1995,6,11,50.796626
1995-06-12,1995,6,12,3.1729357
1995-06-13,1995,6,13,0
1995-06-14,1995,6,14,0
1995-06-15,1995,6,15,29.120749
1995-06-16,1995,6,16,11.878638
1995-06-17,1995,6,17,0.054057228
1995-06-18,1995,6,18,0
1995-06-19,1995,6,19,6.0893399
1995-06-20,1995,6,20,24.536803
1995-06-21,1995,6,21,23.257067
1995-06-22,1995,6,22,76.43319
1995-06-23,1995,6,23,31.146906
1995-06-24,1995,6,24,0.92046263
1995-06-25,1995,6,25,71.68774
1995-06-26,1995,6,26,38.822808
1995-06-27,1995,6,27,8.7344055
1995-06-28,1995,6,28,0
1995-06-29,1995,6,29,26.159799
1995-06-30,1995,6,30,32.304143
1995-07-01,1995,7,1,10.798241
1995-07-02,1995,7,2,0.0049215827
1995-07-03,1995,7,3,19.839839
1995-07-04,1995,7,4,24.260954
1995-07-05,1995,7,5,20.16276
1995-07-06,1995,7,6,10.034755
1995-07-07,1995,7,7,15.475906
1995-07-08,1995,7,8,49.255331
1995-07-09,1995,7,9,43.249147
1995-07-10,1995,7,10,63.095552
1995-07-11,1995,7,11,2.0621491
1995-07-12,1995,7,12,0
1995-07-13,1995,7,13,0
1995-07-14,1995,7,14,0.42903121
1995-07-15,1995,7,15,4.7429799
1995-07-16,1995,7,16,0.012959944
1995-07-17,1995,7,17,0
1995-07-18,1995,7,18,0
1995-07-19,1995,7,19,0
1995-07-20,1995,7,20,0
1995-07-21,1995,7,21,1.7489983
1995-07-22,1995,7,22,65.422348
1995-07-23,1995,7,23,22.907478
1995-07-24,1995,7,24,16.856952
1995-07-25,1995,7,25,30.367634
1995-07-26,1995,7,26,26.900078
1995-07-27,1995,7,27,61.247555
1995-07-28,1995,7,28,18.112491
1995-07-29,1995,7,29,2.3169221
1995-07-30,1995,7,30,0
1995-07-31,1995,7,31,0
1995-08-01,1995,8,1,26.453088
1995-08-02,1995,8,2,12.061127
1995-08-03,1995,8,3,0
1995-08-04,1995,8,4,0
1995-08-05,1995,8,5,22.992909
1995-08-06,1995,8,6,0
1995-08-07,1995,8,7,0
1995-08-08,1995,8,8,0
1995-08-09,1995,8,9,0
1995-08-10,1995,8,10,0
1995-08-11,1995,8,11,47.609608
1995-08-12,1995,8,12,32.396918
1995-08-13,1995,8,13,22.451474
1995-08-14,1995,8,14,8.3631931
1995-08-15,1995,8,15,0
1995-08-16,1995,8,16,0
1995-08-17,1995,8,17,0
1995-08-18,1995,8,18,0
1995-08-19,1995,8,19,0
1995-08-20,1995,8,20,0
1995-08-21,1995,8,21,26.888915
1995-08-22,1995,8,22,86.174181
1995-08-23,1995,8,23,48.240801
1995-08-24,1995,8,24,15.633817
1995-08-25,1995,8,25,4.2303756
1995-08-26,1995,8,26,14.413506
1995-08-27,1995,8,27,7.2142672
1995-08-28,1995,8,28,25.995121
1995-08-29,1995,8,29,0.056387954
1995-08-30,1995,8,30,21.195415
1995-08-31,1995,8,31,15.072226
1995-09-01,1995,9,1,0
1995-09-02,1995,9,2,0
1995-09-03,1995,9,3,0
1995-09-04,1995,9,4,0
1995-09-05,1995,9,5,0
1995-09-06,1995,9,6,0.0072478978
1995-09-07,1995,9,7,0
1995-09-08,1995,9,8,0
1995-09-09,1995,9,9,0
1995-09-10,1995,9,10,0
1995-09-11,1995,9,11,0
1995-09-12,1995,9,12,0.191039
1995-09-13,1995,9,13,0
1995-09-14,1995,9,14,0
1995-09-15,1995,9,15,2.920938
1995-09-16,1995,9,16,29.334748
1995-09-17,1995,9,17,37.72314
1995-09-18,1995,9,18,2.5979008
1995-09-19,1995,9,19,0
1995-09-20,1995,9,20,0
1995-09-21,1995,9,21,0
1995-09-22,1995,9,22,0
1995-09-23,1995,9,23,0
1995-09-24,1995,9,24,11.557197
1995-09-25,1995,9,25,2.2293203
1995-09-26,1995,9,26,0
1995-09-27,1995,9,27,0
1995-09-28,1995,9,28,0
1995-09-29,1995,9,29,0
1995-09-30,1995,9,30,0
1995-10-01,1995,10,1,4.4012217
1995-10-02,1995,10,2,7.7256446
1995-10-03,1995,10,3,3.0622082
1995-10-04,1995,10,4,1.2108628
1995-10-05,1995,10,5,15.089285
1995-10-06,1995,10,6,26.482914
1995-10-07,1995,10,7,10.347695
1995-10-08,1995,10,8,0
1995-10-09,1995,10,9,0
1995-10-10,1995,10,10,16.188939
1995-10-11,1995,10,11,10.666663
1995-10-12,1995,10,12,0.34821388
1995-10-13,1995,10,13,0
1995-10-14,1995,10,14,2.372894
1995-10-15,1995,10,15,0
1995-10-16,1995,10,16,0
1995-10-17,1995,10,17,0
1995-10-18,1995,10,18,0
1995-10-19,1995,10,19,0
1995-10-20,1995,10,20,0
1995-10-21,1995,10,21,4.4713832
1995-10-22,1995,10,22,3.1945572
1995-10-23,1995,10,23,0
1995-10-24,1995,10,24,9.4071758
1995-10-25,1995,10,25,0
1995-10-26,1995,10,26,0
1995-10-27,1995,10,27,0
1995-10-28,1995,10,28,0
1995-10-29,1995,10,29,0
1995-10-30,1995,10,30,0
1995-10-31,1995,10,31,0
1995-11-01,1995,11,1,0.050423903
1995-11-02,1995,11,2,0
1995-11-03,1995,11,3,0.0062715163
1995-11-04,1995,11,4,0.20604216
1995-11-05,1995,11,5,0.21831909
1995-11-06,1995,11,6,0
1995-11-07,1995,11,7,0
1995-11-08,1995,11,8,0
1995-11-09,1995,11,9,0
1995-11-10,1995,11,10,0
1995-11-11,1995,11,11,0
1995-11-12,1995,11,12,0.0053995785
1995-11-13,1995,11,13,0
1995-11-14,1995,11,14,0
1995-11-15,1995,11,15,0
1995-11-16,1995,11,16,0
1995-11-17,1995,11,17,0
1995-11-18,1995,11,18,0
1995-11-19,1995,11,19,0
1995-11-20,1995,11,20,0.16106852
1995-11-21,1995,11,21,0
1995-11-22,1995,11,22,0
1995-11-23,1995,11,23,0
1995-11-24,1995,11,24,14.88629
1995-11-25,1995,11,25,0
1995-11-26,1995,11,26,0
1995-11-27,1995,11,27,0
1995-11-28,1995,11,28,0
1995-11-29,1995,11,29,0.00028989956
1995-11-30,1995,11,30,0
1995-12-01,1995,12,1,0
1995-12-02,1995,12,2,0
1995-12-03,1995,12,3,0
1995-12-04,1995,12,4,0
1995-12-05,1995,12,5,0
1995-12-06,1995,12,6,0
1995-12-07,1995,12,7,0
1995-12-08,1995,12,8,0
1995-12-09,1995,12,9,0
1995-12-10,1995,12,10,0
1995-12-11,1995,12,11,0
1995-12-12,1995,12,12,0
1995-12-13,1995,12,13,0
1995-12-14,1995,12,14,0
1995-12-15,1995,12,15,0
1995-12-16,1995,12,16,0
1995-12-17,1995,12,17,0
1995-12-18,1995,12,18,0
1995-12-19,1995,12,19,0
1995-12-20,1995,12,20,0
1995-12-21,1995,12,21,0
1995-12-22,1995,12,22,0
1995-12-23,1995,12,23,0
1995-12-24,1995,12,24,0
1995-12-25,1995,12,25,0
1995-12-26,1995,12,26,0.48381769
1995-12-27,1995,12,27,0
1995-12-28,1995,12,28,0
1995-12-29,1995,12,29,0
1995-12-30,1995,12,30,0
1995-12-31,1995,12,31,0
1996-01-01,1996,1,1,0
1996-01-02,1996,1,2,0
1996-01-03,1996,1,3,10.699955
1996-01-04,1996,1,4,4.2337018
1996-01-05,1996,1,5,0
1996-01-06,1996,1,6,0
1996-01-07,1996,1,7,0
1996-01-08,1996,1,8,0
1996-01-09,1996,1,9,0
1996-01-10,1996,1,10,0.0024294537
1996-01-11,1996,1,11,0.0005577646
1996-01-12,1996,1,12,0.10955248
1996-01-13,1996,1,13,0
1996-01-14,1996,1,14,0
1996-01-15,1996,1,15,0
1996-01-16,1996,1,16,0
1996-01-17,1996,1,17,0
1996-01-18,1996,1,18,0
1996-01-19,1996,1,19,9.9717067
1996-01-20,1996,1,20,0
1996-01-21,1996,1,21,0.56719901
1996-01-22,1996,1,22,0
1996-01-23,1996,1,23,0
1996-01-24,1996,1,24,0.76941308
1996-01-25,1996,1,25,5.2638929
1996-01-26,1996,1,26,0.28492177
1996-01-27,1996,1,27,0
1996-01-28,1996,1,28,0
1996-01-29,1996,1,29,0
1996-01-30,1996,1,30,0
1996-01-31,1996,1,31,0
1996-02-01,1996,2,1,0
1996-02-02,1996,2,2,0
1996-02-03,1996,2,3,0.0026253085
1996-02-04,1996,2,4,0.74415379
1996-02-05,1996,2,5,13.668626
1996-02-06,1996,2,6,8.6245446
1996-02-07,1996,2,7,0.0044283253
1996-02-08,1996,2,8,0
1996-02-09,1996,2,9,0
1996-02-10,1996,2,10,0
1996-02-11,1996,2,11,0
1996-02-12,1996,2,12,0
1996-02-13,1996,2,13,0
1996-02-14,1996,2,14,0
1996-02-15,1996,2,15,0
1996-02-16,1996,2,16,0
1996-02-17,1996,2,17,0
1996-02-18,1996,2,18,0.26598565
1996-02-19,1996,2,19,20.00842
1996-02-20,1996,2,20,0.087730591
1996-02-21,1996,2,21,5.503479
1996-02-22,1996,2,22,7.2354508
1996-02-23,1996,2,23,0
1996-02-24,1996,2,24,0
1996-02-25,1996,2,25,0
1996-02-26,1996,2,26,0
1996-02-27,1996,2,27,0
1996-02-28,1996,2,28,0
1996-02-29,1996,2,29,0
1996-03-01,1996,3,1,0
1996-03-02,1996,3,2,0
1996-03-03,1996,3,3,0
1996-03-04,1996,3,4,0
1996-03-05,1996,3,5,0
1996-03-06,1996,3,6,0
1996-03-07,1996,3,7,0
1996-03-08,1996,3,8,0
1996-03-09,1996,3,9,0
1996-03-10,1996,3,10,0.20800264
1996-03-11,1996,3,11,32.120664
1996-03-12,1996,3,12,39.134741
1996-03-13,1996,3,13,8.0241315
1996-03-14,1996,3,14,0.65823608
1996-03-15,1996,3,15,0
1996-03-16,1996,3,16,0
1996-03-17,1996,3,17,0
1996-03-18,1996,3,18,0
1996-03-19,1996,3,19,0
1996-03-20,1996,3,20,1.3890237
1996-03-21,1996,3,21,0
1996-03-22,1996,3,22,0
1996-03-23,1996,3,23,0
1996-03-24,1996,3,24,0
1996-03-25,1996,3,25,0.21609316
1996-03-26,1996,3,26,0
1996-03-27,1996,3,27,0
1996-03-28,1996,3,28,0
1996-03-29,1996,3,29,12.764214
1996-03-30,1996,3,30,21.456024
1996-03-31,1996,3,31,1.121026
1996-04-01,1996,4,1,34.884075
1996-04-02,1996,4,2,1.1218734
1996-04-03,1996,4,3,0
1996-04-04,1996,4,4,0
1996-04-05,1996,4,5,23.708222
1996-04-06,1996,4,6,5.6416115
1996-04-07,1996,4,7,15.087766
1996-04-08,1996,4,8,20.941617
1996-04-09,1996,4,9,0
1996-04-10,1996,4,10,9.8037651
1996-04-11,1996,4,11,13.589775
1996-04-12,1996,4,12,0
1996-04-13,1996,4,13,0
1996-04-14,1996,4,14,0
1996-04-15,1996,4,15,0
1996-04-16,1996,4,16,0
1996-04-17,1996,4,17,0
1996-04-18,1996,4,18,0
1996-04-19,1996,4,19,0
1996-04-20,1996,4,20,0
1996-04-21,1996,4,21,0
1996-04-22,1996,4,22,0
1996-04-23,1996,4,23,0
1996-04-24,1996,4,24,0
1996-04-25,1996,4,25,0
1996-04-26,1996,4,26,0
1996-04-27,1996,4,27,9.6787748
1996-04-28,1996,4,28,0
1996-04-29,1996,4,29,0
1996-04-30,1996,4,30,0.10063188
1996-05-01,1996,5,1,0
1996-05-02,1996,5,2,0
1996-05-03,1996,5,3,0
1996-05-04,1996,5,4,0
1996-05-05,1996,5,5,0
1996-05-06,1996,5,6,32.080333
1996-05-07,1996,5,7,0.067362844
1996-05-08,1996,5,8,4.9312254
1996-05-09,1996,5,9,0.31252188
1996-05-10,1996,5,10,0
1996-05-11,1996,5,11,0
1996-05-12,1996,5,12,0
1996-05-13,1996,5,13,0
1996-05-14,1996,5,14,0
1996-05-15,1996,5,15,35.024761
1996-05-16,1996,5,16,35.32078
1996-05-17,1996,5,17,27.232129
1996-05-18,1996,5,18,6.0310114
1996-05-19,1996,5,19,0
1996-05-20,1996,5,20,0
1996-05-21,1996,5,21,0
1996-05-22,1996,5,22,0
1996-05-23,1996,5,23,0
1996-05-24,1996,5,24,3.1927857
1996-05-25,1996,5,25,0
1996-05-26,1996,5,26,0
1996-05-27,1996,5,27,29.881074
1996-05-28,1996,5,28,6.4083858
1996-05-29,1996,5,29,0
1996-05-30,1996,5,30,0
1996-05-31,1996,5,31,0
1996-06-01,1996,6,1,0
1996-06-02,1996,6,2,0
1996-06-03,1996,6,3,0
1996-06-04,1996,6,4,13.766328
1996-06-05,1996,6,5,0
1996-06-06,1996,6,6,0
1996-06-07,1996,6,7,0
1996-06-08,1996,6,8,0.37588986
1996-06-09,1996,6,9,0
1996-06-10,1996,6,10,15.247357
1996-06-11,1996,6,11,105.28792
1996-06-12,1996,6,12,32.739167
1996-06-13,1996,6,13,17.847506
1996-06-14,1996,6,14,8.5534744
1996-06-15,1996,6,15,10.838763
1996-06-16,1996,6,16,2.1754931
1996-06-17,1996,6,17,0
1996-06-18,1996,6,18,0
1996-06-19,1996,6,19,0
1996-06-20,1996,6,20,2.5993746
1996-06-21,1996,6,21,0
1996-06-22,1996,6,22,0
1996-06-23,1996,6,23,0
1996-06-24,1996,6,24,0
1996-06-25,1996,6,25,0
1996-06-26,1996,6,26,0.017844375
1996-06-27,1996,6,27,0.00039279541
1996-06-28,1996,6,28,0
1996-06-29,1996,6,29,0
1996-06-30,1996,6,30,9.6960425
1996-07-01,1996,7,1,10.156062
1996-07-02,1996,7,2,0
1996-07-03,1996,7,3,0
1996-07-04,1996,7,4,27.70352
1996-07-05,1996,7,5,0.44310265
1996-07-06,1996,7,6,4.6090262
1996-07-07,1996,7,7,2.1398822
1996-07-08,1996,7,8,0
1996-07-09,1996,7,9,0
1996-07-10,1996,7,10,1.2314225
1996-07-11,1996,7,11,0
1996-07-12,1996,7,12,0
1996-07-13,1996,7,13,0
1996-07-14,1996,7,14,0
1996-07-15,1996,7,15,0
1996-07-16,1996,7,16,0
1996-07-17,1996,7,17,0
1996-07-18,1996,7,18,0
1996-07-19,1996,7,19,0
1996-07-20,1996,7,20,0
1996-07-21,1996,7,21,0.1342233
1996-07-22,1996,7,22,0.93653214
1996-07-23,1996,7,23,0
1996-07-24,1996,7,24,0
1996-07-25,1996,7,25,0.56000077
1996-07-26,1996,7,26,0
1996-07-27,1996,7,27,2.8090738
1996-07-28,1996,7,28,0
1996-07-29,1996,7,29,0
1996-07-30,1996,7,30,0
1996-07-31,1996,7,31,0
1996-08-01,1996,8,1,2.4936623
1996-08-02,1996,8,2,0.88419299
1996-08-03,1996,8,3,5.6596075
1996-08-04,1996,8,4,8.7559588
1996-08-05,1996,8,5,10.151215
1996-08-06,1996,8,6,0
1996-08-07,1996,8,7,8.861782
1996-08-08,1996,8,8,13.334389
1996-08-09,1996,8,9,0.55745456
1996-08-10,1996,8,10,13.828853
1996-08-11,1996,8,11,0
1996-08-12,1996,8,12,30.33647
1996-08-13,1996,8,13,53.725405
1996-08-14,1996,8,14,4.8742295
1996-08-15,1996,8,15,0
1996-08-16,1996,8,16,0
1996-08-17,1996,8,17,0
1996-08-18,1996,8,18,2.3891935
1996-08-19,1996,8,19,2.6991969
1996-08-20,1996,8,20,6.3417713
1996-08-21,1996,8,21,1.2326888
1996-08-22,1996,8,22,0.089032412
1996-08-23,1996,8,23,43.150222
1996-08-24,1996,8,24,4.4787805
1996-08-25,1996,8,25,0
1996-08-26,1996,8,26,0
1996-08-27,1996,8,27,0
1996-08-28,1996,8,28,0
1996-08-29,1996,8,29,0
1996-08-30,1996,8,30,10.556083
1996-08-31,1996,8,31,3.8443107
1996-09-01,1996,9,1,2.1525998
1996-09-02,1996,9,2,6.285395
1996-09-03,1996,9,3,24.144642
1996-09-04,1996,9,4,4.5113033
1996-09-05,1996,9,5,0
1996-09-06,1996,9,6,0.48293411
1996-09-07,1996,9,7,0.14446026
1996-09-08,1996,9,8,0
1996-09-09,1996,9,9,0
1996-09-10,1996,9,10,0
1996-09-11,1996,9,11,0
1996-09-12,1996,9,12,0
1996-09-13,1996,9,13,0.49082015
1996-09-14,1996,9,14,0
1996-09-15,1996,9,15,0
1996-09-16,1996,9,16,0
1996-09-17,1996,9,17,6.0147277
1996-09-18,1996,9,18,23.103954
1996-09-19,1996,9,19,13.633313
1996-09-20,1996,9,20,9.9269502
1996-09-21,1996,9,21,0
1996-09-22,1996,9,22,0
1996-09-23,1996,9,23,0
1996-09-24,1996,9,24,0
1996-09-25,1996,9,25,0
1996-09-26,1996,9,26,0
1996-09-27,1996,9,27,0
1996-09-28,1996,9,28,0
1996-09-29,1996,9,29,0
1996-09-30,1996,9,30,0
1996-10-01,1996,10,1,0
1996-10-02,1996,10,2,4.4523163
1996-10-03,1996,10,3,19.222475
1996-10-04,1996,10,4,0.00056237183
1996-10-05,1996,10,5,0.06754724
1996-10-06,1996,10,6,0
1996-10-07,1996,10,7,0
1996-10-08,1996,10,8,0
1996-10-09,1996,10,9,4.9387736
1996-10-10,1996,10,10,1.27595
1996-10-11,1996,10,11,0
1996-10-12,1996,10,12,0
1996-10-13,1996,10,13,0
1996-10-14,1996,10,14,0
1996-10-15,1996,10,15,9.1438361
1996-10-16,1996,10,16,20.134468
1996-10-17,1996,10,17,2.2757503
1996-10-18,1996,10,18,18.171874
1996-10-19,1996,10,19,0.0095967677
1996-10-20,1996,10,20,0
1996-10-21,1996,10,21,0
1996-10-22,1996,10,22,0
1996-10-23,1996,10,23,2.4363995
1996-10-24,1996,10,24,0
1996-10-25,1996,10,25,0
1996-10-26,1996,10,26,0
1996-10-27,1996,10,27,0
1996-10-28,1996,10,28,0
1996-10-29,1996,10,29,0
1996-10-30,1996,10,30,0
1996-10-31,1996,10,31,3.1416011
1996-11-01,1996,11,1,2.7728956
1996-11-02,1996,11,2,0
1996-11-03,1996,11,3,0
1996-11-04,1996,11,4,0.03762002
1996-11-05,1996,11,5,50.890576
1996-11-06,1996,11,6,0.49105833
1996-11-07,1996,11,7,0
1996-11-08,1996,11,8,1.0086989
1996-11-09,1996,11,9,0
1996-11-10,1996,11,10,0
1996-11-11,1996,11,11,0.0037003263
1996-11-12,1996,11,12,0
1996-11-13,1996,11,13,0
1996-11-14,1996,11,14,2.7755382
1996-11-15,1996,11,15,0
1996-11-16,1996,11,16,0
1996-11-17,1996,11,17,0
1996-11-18,1996,11,18,0
1996-11-19,1996,11,19,0
1996-11-20,1996,11,20,0
1996-11-21,1996,11,21,20.673505
1996-11-22,1996,11,22,0.0076131883
1996-11-23,1996,11,23,0
1996-11-24,1996,11,24,0
1996-11-25,1996,11,25,0
1996-11-26,1996,11,26,0
1996-11-27,1996,11,27,0
1996-11-28,1996,11,28,20.38825
1996-11-29,1996,11,29,0
1996-11-30,1996,11,30,0
1996-12-01,1996,12,1,0
1996-12-02,1996,12,2,4.1552772e-06
1996-12-03,1996,12,3,0
1996-12-04,1996,12,4,15.03284
1996-12-05,1996,12,5,9.7680396
1996-12-06,1996,12,6,2.5729559e-05
1996-12-07,1996,12,7,8.1768431
1996-12-08,1996,12,8,7.0244065
1996-12-09,1996,12,9,0.0068476536
1996-12-10,1996,12,10,0
1996-12-11,1996,12,11,0
1996-12-12,1996,12,12,0
1996-12-13,1996,12,13,0
1996-12-14,1996,12,14,0
1996-12-15,1996,12,15,0
1996-12-16,1996,12,16,0
1996-12-17,1996,12,17,0
1996-12-18,1996,12,18,0
1996-12-19,1996,12,19,0
1996-12-20,1996,12,20,0.00025495423
1996-12-21,1996,12,21,0.10202927
1996-12-22,1996,12,22,0
1996-12-23,1996,12,23,0
1996-12-24,1996,12,24,0.0080625453
1996-12-25,1996,12,25,0
1996-12-26,1996,12,26,0
1996-12-27,1996,12,27,0
1996-12-28,1996,12,28,0
1996-12-29,1996,12,29,0.035417973
1996-12-30,1996,12,30,1.7745652
1996-12-31,1996,12,31,0.45266347
1997-01-01,1997,1,1,0
1997-01-02,1997,1,2,0
1997-01-03,1997,1,3,0
1997-01-04,1997,1,4,0
1997-01-05,1997,1,5,0.65665078
1997-01-06,1997,1,6,0.013012396
1997-01-07,1997,1,7,1.0090273
1997-01-08,1997,1,8,0
1997-01-09,1997,1,9,0
1997-01-10,1997,1,10,0
1997-01-11,1997,1,11,9.4508098
1997-01-12,1997,1,12,7.2344285
1997-01-13,1997,1,13,0.00038637812
1997-01-14,1997,1,14,0
1997-01-15,1997,1,15,0
1997-01-16,1997,1,16,0
1997-01-17,1997,1,17,0.0067967147
1997-01-18,1997,1,18,0
1997-01-19,1997,1,19,0
1997-01-20,1997,1,20,0
1997-01-21,1997,1,21,0
1997-01-22,1997,1,22,2.6506324
1997-01-23,1997,1,23,0.53707298
1997-01-24,1997,1,24,0
1997-01-25,1997,1,25,0
1997-01-26,1997,1,26,0
1997-01-27,1997,1,27,20.308685
1997-01-28,1997,1,28,12.294521
1997-01-29,1997,1,29,0.058910507
1997-01-30,1997,1,30,0
1997-01-31,1997,1,31,23.734453
1997-02-01,1997,2,1,19.815328
1997-02-02,1997,2,2,1.4153744
1997-02-03,1997,2,3,26.548062
1997-02-04,1997,2,4,0
1997-02-05,1997,2,5,0
1997-02-06,1997,2,6,0
1997-02-07,1997,2,7,0
1997-02-08,1997,2,8,1.5754493
1997-02-09,1997,2,9,0.27436795
1997-02-10,1997,2,10,0
1997-02-11,1997,2,11,0
1997-02-12,1997,2,12,0
1997-02-13,1997,2,13,0
1997-02-14,1997,2,14,0
1997-02-15,1997,2,15,0.027587419
1997-02-16,1997,2,16,0
1997-02-17,1997,2,17,0.057245646
1997-02-18,1997,2,18,0
1997-02-19,1997,2,19,0
1997-02-20,1997,2,20,0
1997-02-21,1997,2,21,0
1997-02-22,1997,2,22,0
1997-02-23,1997,2,23,0
1997-02-24,1997,2,24,0.014363803
1997-02-25,1997,2,25,0
1997-02-26,1997,2,26,0
1997-02-27,1997,2,27,0
1997-02-28,1997,2,28,0
1997-03-01,1997,3,1,0
1997-03-02,1997,3,2,0
1997-03-03,1997,3,3,0
1997-03-04,1997,3,4,0
1997-03-05,1997,3,5,0.025532084
1997-03-06,1997,3,6,0.033745508
1997-03-07,1997,3,7,0
1997-03-08,1997,3,8,0
1997-03-09,1997,3,9,0
1997-03-10,1997,3,10,0.00075528921
1997-03-11,1997,3,11,0
1997-03-12,1997,3,12,0
1997-03-13,1997,3,13,0
1997-03-14,1997,3,14,0
1997-03-15,1997,3,15,0
1997-03-16,1997,3,16,0
1997-03-17,1997,3,17,1.7552531
1997-03-18,1997,3,18,5.9231682
1997-03-19,1997,3,19,0
1997-03-20,1997,3,20,0.0056480823
1997-03-21,1997,3,21,6.1386802
1997-03-22,1997,3,22,0.72970215
1997-03-23,1997,3,23,0
1997-03-24,1997,3,24,0
1997-03-25,1997,3,25,0
1997-03-26,1997,3,26,0
1997-03-27,1997,3,27,0
1997-03-28,1997,3,28,0
1997-03-29,1997,3,29,0
1997-03-30,1997,3,30,0
1997-03-31,1997,3,31,2.9876432
1997-04-01,1997,4,1,0.57905788
1997-04-02,1997,4,2,0
1997-04-03,1997,4,3,0
1997-04-04,1997,4,4,0
1997-04-05,1997,4,5,0
1997-04-06,1997,4,6,0
1997-04-07,1997,4,7,0
1997-04-08,1997,4,8,0
1997-04-09,1997,4,9,0
1997-04-10,1997,4,10,0
1997-04-11,1997,4,11,0
1997-04-12,1997,4,12,0
1997-04-13,1997,4,13,0.55844129
1997-04-14,1997,4,14,26.871249
1997-04-15,1997,4,15,0.49024795
1997-04-16,1997,4,16,0
1997-04-17,1997,4,17,0
1997-04-18,1997,4,18,1.0831083
1997-04-19,1997,4,19,0.72116559
1997-04-20,1997,4,20,7.166589
1997-04-21,1997,4,21,35.164803
1997-04-22,1997,4,22,154.98894
1997-04-23,1997,4,23,60.912026
1997-04-24,1997,4,24,0.66175903
1997-04-25,1997,4,25,3.5929176
1997-04-26,1997,4,26,0.8167789
1997-04-27,1997,4,27,0
1997-04-28,1997,4,28,47.461107
1997-04-29,1997,4,29,44.492013
1997-04-30,1997,4,30,140.42206
1997-05-01,1997,5,1,15.780825
1997-05-02,1997,5,2,0
1997-05-03,1997,5,3,0
1997-05-04,1997,5,4,0
1997-05-05,1997,5,5,0
1997-05-06,1997,5,6,0
1997-05-07,1997,5,7,0
1997-05-08,1997,5,8,0
1997-05-09,1997,5,9,0.021676093
1997-05-10,1997,5,10,0
1997-05-11,1997,5,11,0
1997-05-12,1997,5,12,0
1997-05-13,1997,5,13,0
1997-05-14,1997,5,14,0
1997-05-15,1997,5,15,2.4203858
1997-05-16,1997,5,16,50.357165
1997-05-17,1997,5,17,16.07156
1997-05-18,1997,5,18,7.3528502
1997-05-19,1997,5,19,29.647682
1997-05-20,1997,5,20,3.3498695
1997-05-21,1997,5,21,0
1997-05-22,1997,5,22,0
1997-05-23,1997,5,23,0
1997-05-24,1997,5,24,0
1997-05-25,1997,5,25,0.18826349
1997-05-26,1997,5,26,8.5008832
1997-05-27,1997,5,27,0.99284814
1997-05-28,1997,5,28,16.063785
1997-05-29,1997,5,29,13.256872
1997-05-30,1997,5,30,6.6047092
1997-05-31,1997,5,31,6.1273053e-05
1997-06-01,1997,6,1,0.19363803
1997-06-02,1997,6,2,17.307715
1997-06-03,1997,6,3,28.691317
1997-06-04,1997,6,4,22.594181
1997-06-05,1997,6,5,2.1907686
1997-06-06,1997,6,6,0
1997-06-07,1997,6,7,4.0243465
1997-06-08,1997,6,8,70.582399
1997-06-09,1997,6,9,26.33118
1997-06-10,1997,6,10,9.2015533
1997-06-11,1997,6,11,11.903834
1997-06-12,1997,6,12,12.616207
1997-06-13,1997,6,13,3.5347646
1997-06-14,1997,6,14,17.856947
1997-06-15,1997,6,15,53.358717
1997-06-16,1997,6,16,3.4677074
1997-06-17,1997,6,17,23.402765
1997-06-18,1997,6,18,30.685413
1997-06-19,1997,6,19,85.600168
1997-06-20,1997,6,20,48.368273
1997-06-21,1997,6,21,36.890867
1997-06-22,1997,6,22,35.447615
1997-06-23,1997,6,23,23.241914
1997-06-24,1997,6,24,12.121337
1997-06-25,1997,6,25,12.083802
1997-06-26,1997,6,26,3.1634652
1997-06-27,1997,6,27,0.00061562943
1997-06-28,1997,6,28,2.8653373e-05
1997-06-29,1997,6,29,2.5409364
1997-06-30,1997,6,30,0
1997-07-01,1997,7,1,17.828098
1997-07-02,1997,7,2,17.903001
1997-07-03,1997,7,3,15.066692
1997-07-04,1997,7,4,6.9697335
1997-07-05,1997,7,5,7.0491016
1997-07-06,1997,7,6,4.3231578
1997-07-07,1997,7,7,24.093926
1997-07-08,1997,7,8,6.7285586
1997-07-09,1997,7,9,0.0050681372
1997-07-10,1997,7,10,0
1997-07-11,1997,7,11,0
1997-07-12,1997,7,12,0.65463947
1997-07-13,1997,7,13,1.0754411
1997-07-14,1997,7,14,19.91969
1997-07-15,1997,7,15,10.413386
1997-07-16,1997,7,16,0
1997-07-17,1997,7,17,0
1997-07-18,1997,7,18,0
1997-07-19,1997,7,19,0
1997-07-20,1997,7,20,3.4459415
1997-07-21,1997,7,21,17.671872
1997-07-22,1997,7,22,0
1997-07-23,1997,7,23,0
1997-07-24,1997,7,24,6.0793936
1997-07-25,1997,7,25,28.894534
1997-07-26,1997,7,26,9.9012969
1997-07-27,1997,7,27,26.097424
1997-07-28,1997,7,28,76.758162
1997-07-29,1997,7,29,33.250769
1997-07-30,1997,7,30,18.94401
1997-07-31,1997,7,31,4.1270078
1997-08-01,1997,8,1,0
1997-08-02,1997,8,2,0
1997-08-03,1997,8,3,0
1997-08-04,1997,8,4,0
1997-08-05,1997,8,5,0
1997-08-06,1997,8,6,0
1997-08-07,1997,8,7,0
1997-08-08,1997,8,8,0
1997-08-09,1997,8,9,0
1997-08-10,1997,8,10,0.42190688
1997-08-11,1997,8,11,0
1997-08-12,1997,8,12,12.199814
1997-08-13,1997,8,13,24.170191
1997-08-14,1997,8,14,1.5113621
1997-08-15,1997,8,15,16.126717
1997-08-16,1997,8,16,16.886093
1997-08-17,1997,8,17,14.819997
1997-08-18,1997,8,18,3.7906299
1997-08-19,1997,8,19,0.28815543
1997-08-20,1997,8,20,0
1997-08-21,1997,8,21,0
1997-08-22,1997,8,22,0
1997-08-23,1997,8,23,13.55305
1997-08-24,1997,8,24,51.418482
1997-08-25,1997,8,25,27.049756
1997-08-26,1997,8,26,0.13535656
1997-08-27,1997,8,27,0
1997-08-28,1997,8,28,18.685516
1997-08-29,1997,8,29,9.3215264
1997-08-30,1997,8,30,0
1997-08-31,1997,8,31,0
1997-09-01,1997,9,1,16.816638
1997-09-02,1997,9,2,15.452993
1997-09-03,1997,9,3,31.775982
1997-09-04,1997,9,4,4.5751385
1997-09-05,1997,9,5,32.190854
1997-09-06,1997,9,6,24.615113
1997-09-07,1997,9,7,20.694911
1997-09-08,1997,9,8,11.339214
1997-09-09,1997,9,9,0
1997-09-10,1997,9,10,0
1997-09-11,1997,9,11,4.8848042
1997-09-12,1997,9,12,3.5275952
1997-09-13,1997,9,13,0.57465444
1997-09-14,1997,9,14,0
1997-09-15,1997,9,15,0
1997-09-16,1997,9,16,0
1997-09-17,1997,9,17,0
1997-09-18,1997,9,18,0.41876842
1997-09-19,1997,9,19,0
1997-09-20,1997,9,20,5.2726591
1997-09-21,1997,9,21,22.693673
1997-09-22,1997,9,22,8.5610775
1997-09-23,1997,9,23,0.0046708554
1997-09-24,1997,9,24,0
1997-09-25,1997,9,25,0
1997-09-26,1997,9,26,3.8498136
1997-09-27,1997,9,27,7.3373727
1997-09-28,1997,9,28,11.862786
1997-09-29,1997,9,29,0.84820136
1997-09-30,1997,9,30,0.5590972
1997-10-01,1997,10,1,12.084118
1997-10-02,1997,10,2,16.704358
1997-10-03,1997,10,3,17.086026
1997-10-04,1997,10,4,25.477967
1997-10-05,1997,10,5,1.6492337
1997-10-06,1997,10,6,0
1997-10-07,1997,10,7,0
1997-10-08,1997,10,8,0
1997-10-09,1997,10,9,8.7678068
1997-10-10,1997,10,10,16.18617
1997-10-11,1997,10,11,2.0776224
1997-10-12,1997,10,12,5.4150952
1997-10-13,1997,10,13,6.4166096
1997-10-14,1997,10,14,12.426526
1997-10-15,1997,10,15,5.7198716
1997-10-16,1997,10,16,0.00063122474
1997-10-17,1997,10,17,0
1997-10-18,1997,10,18,0
1997-10-19,1997,10,19,0
1997-10-20,1997,10,20,1.2396311
1997-10-21,1997,10,21,0
1997-10-22,1997,10,22,0
1997-10-23,1997,10,23,12.936623
1997-10-24,1997,10,24,15.943444
1997-10-25,1997,10,25,2.0549428
1997-10-26,1997,10,26,35.028839
1997-10-27,1997,10,27,6.5687447
1997-10-28,1997,10,28,4.3154064
1997-10-29,1997,10,29,1.8174505
1997-10-30,1997,10,30,0.33323693
1997-10-31,1997,10,31,0
1997-11-01,1997,11,1,0.0051706546
1997-11-02,1997,11,2,0.074149647
1997-11-03,1997,11,3,0.8051195
1997-11-04,1997,11,4,1.8566899
1997-11-05,1997,11,5,0
1997-11-06,1997,11,6,0
1997-11-07,1997,11,7,28.380664
1997-11-08,1997,11,8,5.2452326
1997-11-09,1997,11,9,7.4061948
1997-11-10,1997,11,10,27.472094
1997-11-11,1997,11,11,21.455148
1997-11-12,1997,11,12,10.454743
1997-11-13,1997,11,13,2.058984
1997-11-14,1997,11,14,0
1997-11-15,1997,11,15,0
1997-11-16,1997,11,16,0
1997-11-17,1997,11,17,0
1997-11-18,1997,11,18,0
1997-11-19,1997,11,19,0
1997-11-20,1997,11,20,0.0015345631
1997-11-21,1997,11,21,0
1997-11-22,1997,11,22,3.8009576e-05
1997-11-23,1997,11,23,0
1997-11-24,1997,11,24,0
1997-11-25,1997,11,25,13.313754
1997-11-26,1997,11,26,17.524713
1997-11-27,1997,11,27,2.6390259
1997-11-28,1997,11,28,0
1997-11-29,1997,11,29,0
1997-11-30,1997,11,30,0.03802919
1997-12-01,1997,12,1,23.133532
1997-12-02,1997,12,2,3.8840703
1997-12-03,1997,12,3,0.013646032
1997-12-04,1997,12,4,0
1997-12-05,1997,12,5,0
1997-12-06,1997,12,6,0
1997-12-07,1997,12,7,0
1997-12-08,1997,12,8,0
1997-12-09,1997,12,9,0
1997-12-10,1997,12,10,0
1997-12-11,1997,12,11,0.61849964
1997-12-12,1997,12,12,9.1353873
1997-12-13,1997,12,13,0
1997-12-14,1997,12,14,0
1997-12-15,1997,12,15,0
1997-12-16,1997,12,16,0
1997-12-17,1997,12,17,0
1997-12-18,1997,12,18,0
1997-12-19,1997,12,19,0
1997-12-20,1997,12,20,0
1997-12-21,1997,12,21,0.64982506
1997-12-22,1997,12,22,0
1997-12-23,1997,12,23,0
1997-12-24,1997,12,24,0
1997-12-25,1997,12,25,22.348139
1997-12-26,1997,12,26,13.282033
1997-12-27,1997,12,27,5.9199172
1997-12-28,1997,12,28,1.6339167
1997-12-29,1997,12,29,0
1997-12-30,1997,12,30,0
1997-12-31,1997,12,31,0
1998-01-01,1998,1,1,0
1998-01-02,1998,1,2,0
1998-01-03,1998,1,3,0
1998-01-04,1998,1,4,0
1998-01-05,1998,1,5,0
1998-01-06,1998,1,6,0
1998-01-07,1998,1,7,0
1998-01-08,1998,1,8,0
1998-01-09,1998,1,9,0
1998-01-10,1998,1,10,0
1998-01-11,1998,1,11,0
1998-01-12,1998,1,12,0
1998-01-13,1998,1,13,0.0039310494
1998-01-14,1998,1,14,0
1998-01-15,1998,1,15,0.00041857629
1998-01-16,1998,1,16,1.4944587
1998-01-17,1998,1,17,0
1998-01-18,1998,1,18,0
1998-01-19,1998,1,19,0.014934838
1998-01-20,1998,1,20,0.94135798
1998-01-21,1998,1,21,3.2887253e-05
1998-01-22,1998,1,22,0
1998-01-23,1998,1,23,0
1998-01-24,1998,1,24,0
1998-01-25,1998,1,25,0
1998-01-26,1998,1,26,12.119013
1998-01-27,1998,1,27,0.21391504
1998-01-28,1998,1,28,0
1998-01-29,1998,1,29,0
1998-01-30,1998,1,30,0
1998-01-31,1998,1,31,0
1998-02-01,1998,2,1,0
1998-02-02,1998,2,2,1.6308636
1998-02-03,1998,2,3,0
1998-02-04,1998,2,4,0
1998-02-05,1998,2,5,0
1998-02-06,1998,2,6,0
1998-02-07,1998,2,7,0
1998-02-08,1998,2,8,0
1998-02-09,1998,2,9,0
1998-02-10,1998,2,10,0
1998-02-11,1998,2,11,0
1998-02-12,1998,2,12,1.3414585
1998-02-13,1998,2,13,0.038170928
1998-02-14,1998,2,14,0
1998-02-15,1998,2,15,0.029940315
1998-02-16,1998,2,16,0
1998-02-17,1998,2,17,0
1998-02-18,1998,2,18,0.018194888
1998-02-19,1998,2,19,0
1998-02-20,1998,2,20,0
1998-02-21,1998,2,21,0
1998-02-22,1998,2,22,11.019658
1998-02-23,1998,2,23,3.9095659
1998-02-24,1998,2,24,0.050570403
1998-02-25,1998,2,25,0
1998-02-26,1998,2,26,0
1998-02-27,1998,2,27,0
1998-02-28,1998,2,28,0
1998-03-01,1998,3,1,0
1998-03-02,1998,3,2,0
1998-03-03,1998,3,3,7.0416124
1998-03-04,1998,3,4,14.265069
1998-03-05,1998,3,5,0
1998-03-06,1998,3,6,0.039372563
1998-03-07,1998,3,7,0
1998-03-08,1998,3,8,0
1998-03-09,1998,3,9,0
1998-03-10,1998,3,10,0
1998-03-11,1998,3,11,0
1998-03-12,1998,3,12,0
1998-03-13,1998,3,13,0
1998-03-14,1998,3,14,4.2764566
1998-03-15,1998,3,15,0.56257057
1998-03-16,1998,3,16,0.12592547
1998-03-17,1998,3,17,1.4835653
1998-03-18,1998,3,18,0.61843403
1998-03-19,1998,3,19,0
1998-03-20,1998,3,20,0
1998-03-21,1998,3,21,0
1998-03-22,1998,3,22,0
1998-03-23,1998,3,23,0
1998-03-24,1998,3,24,0
1998-03-25,1998,3,25,0
1998-03-26,1998,3,26,0.76407696
1998-03-27,1998,3,27,0
1998-03-28,1998,3,28,0
1998-03-29,1998,3,29,0
1998-03-30,1998,3,30,0
1998-03-31,1998,3,31,0
1998-04-01,1998,4,1,0
1998-04-02,1998,4,2,0
1998-04-03,1998,4,3,0
1998-04-04,1998,4,4,0
1998-04-05,1998,4,5,0
1998-04-06,1998,4,6,0
1998-04-07,1998,4,7,0
1998-04-08,1998,4,8,8.4503801
1998-04-09,1998,4,9,23.737137
1998-04-10,1998,4,10,22.030895
1998-04-11,1998,4,11,4.8355014
1998-04-12,1998,4,12,0
1998-04-13,1998,4,13,1.3473548
1998-04-14,1998,4,14,18.733422
1998-04-15,1998,4,15,0.20953098
1998-04-16,1998,4,16,0
1998-04-17,1998,4,17,0
1998-04-18,1998,4,18,0
1998-04-19,1998,4,19,0
1998-04-20,1998,4,20,0
1998-04-21,1998,4,21,0
1998-04-22,1998,4,22,0
1998-04-23,1998,4,23,0
1998-04-24,1998,4,24,0
1998-04-25,1998,4,25,0
1998-04-26,1998,4,26,1.9830855
1998-04-27,1998,4,27,0
1998-04-28,1998,4,28,0
1998-04-29,1998,4,29,0
1998-04-30,1998,4,30,0
1998-05-01,1998,5,1,0
1998-05-02,1998,5,2,0
1998-05-03,1998,5,3,0
1998-05-04,1998,5,4,0
1998-05-05,1998,5,5,0.20279599
1998-05-06,1998,5,6,14.672332
1998-05-07,1998,5,7,24.758942
1998-05-08,1998,5,8,0
1998-05-09,1998,5,9,21.699888
1998-05-10,1998,5,10,12.235448
1998-05-11,1998,5,11,7.5381902
1998-05-12,1998,5,12,0.13537715
1998-05-13,1998,5,13,0
1998-05-14,1998,5,14,0
1998-05-15,1998,5,15,0
1998-05-16,1998,5,16,0
1998-05-17,1998,5,17,0
1998-05-18,1998,5,18,0
1998-05-19,1998,5,19,0
1998-05-20,1998,5,20,0.41119929
1998-05-21,1998,5,21,3.9017552
1998-05-22,1998,5,22,1.6888906
1998-05-23,1998,5,23,0
1998-05-24,1998,5,24,0.21376459
1998-05-25,1998,5,25,0.35727071
1998-05-26,1998,5,26,7.4713269
1998-05-27,1998,5,27,15.541886
1998-05-28,1998,5,28,0.97575715
1998-05-29,1998,5,29,0.29013319
1998-05-30,1998,5,30,0
1998-05-31,1998,5,31,0
1998-06-01,1998,6,1,0
1998-06-02,1998,6,2,0
1998-06-03,1998,6,3,0
1998-06-04,1998,6,4,5.5693051
1998-06-05,1998,6,5,21.808497
1998-06-06,1998,6,6,8.9848615
1998-06-07,1998,6,7,0.19725512
1998-06-08,1998,6,8,0
1998-06-09,1998,6,9,0.00069542797
1998-06-10,1998,6,10,0.19517333
1998-06-11,1998,6,11,0
1998-06-12,1998,6,12,0
1998-06-13,1998,6,13,0
1998-06-14,1998,6,14,0
1998-06-15,1998,6,15,4.2279377
1998-06-16,1998,6,16,36.847831
1998-06-17,1998,6,17,7.2743896
1998-06-18,1998,6,18,23.50348
1998-06-19,1998,6,19,6.2982302
1998-06-20,1998,6,20,0
1998-06-21,1998,6,21,0
1998-06-22,1998,6,22,0.031383208
1998-06-23,1998,6,23,0
1998-06-24,1998,6,24,0
1998-06-25,1998,6,25,0
1998-06-26,1998,6,26,0
1998-06-27,1998,6,27,0
1998-06-28,1998,6,28,6.4524161
1998-06-29,1998,6,29,4.2164197
1998-06-30,1998,6,30,0
1998-07-01,1998,7,1,16.349422
1998-07-02,1998,7,2,36.934896
1998-07-03,1998,7,3,28.031394
1998-07-04,1998,7,4,19.422375
1998-07-05,1998,7,5,8.7621244
1998-07-06,1998,7,6,16.564206
1998-07-07,1998,7,7,3.6454438
1998-07-08,1998,7,8,0
1998-07-09,1998,7,9,0
1998-07-10,1998,7,10,0
1998-07-11,1998,7,11,0
1998-07-12,1998,7,12,0
1998-07-13,1998,7,13,0.65396707
1998-07-14,1998,7,14,4.446555
1998-07-15,1998,7,15,0
1998-07-16,1998,7,16,0
1998-07-17,1998,7,17,0.023703575
1998-07-18,1998,7,18,0
1998-07-19,1998,7,19,0
1998-07-20,1998,7,20,0
1998-07-21,1998,7,21,0
1998-07-22,1998,7,22,0
1998-07-23,1998,7,23,0
1998-07-24,1998,7,24,0
1998-07-25,1998,7,25,0
1998-07-26,1998,7,26,24.024631
1998-07-27,1998,7,27,1.8352054
1998-07-28,1998,7,28,0
1998-07-29,1998,7,29,0
1998-07-30,1998,7,30,0
1998-07-31,1998,7,31,0
1998-08-01,1998,8,1,0
1998-08-02,1998,8,2,0
1998-08-03,1998,8,3,0
1998-08-04,1998,8,4,0
1998-08-05,1998,8,5,5.5607842
1998-08-06,1998,8,6,1.0271116
1998-08-07,1998,8,7,30.326212
1998-08-08,1998,8,8,0.97591369
1998-08-09,1998,8,9,0.011045952
1998-08-10,1998,8,10,0
1998-08-11,1998,8,11,8.4518245
1998-08-12,1998,8,12,6.6741518
1998-08-13,1998,8,13,14.496121
1998-08-14,1998,8,14,53.736588
1998-08-15,1998,8,15,26.101539
1998-08-16,1998,8,16,19.20709
1998-08-17,1998,8,17,0
1998-08-18,1998,8,18,17.947936
1998-08-19,1998,8,19,0
1998-08-20,1998,8,20,0
1998-08-21,1998,8,21,0
1998-08-22,1998,8,22,0
1998-08-23,1998,8,23,0
1998-08-24,1998,8,24,0
1998-08-25,1998,8,25,0
1998-08-26,1998,8,26,0
1998-08-27,1998,8,27,0
1998-08-28,1998,8,28,0
1998-08-29,1998,8,29,0
1998-08-30,1998,8,30,0
1998-08-31,1998,8,31,0
1998-09-01,1998,9,1,0.17602816
1998-09-02,1998,9,2,0
1998-09-03,1998,9,3,0
1998-09-04,1998,9,4,0
1998-09-05,1998,9,5,0
1998-09-06,1998,9,6,3.1937349
1998-09-07,1998,9,7,9.9289853
1998-09-08,1998,9,8,0
1998-09-09,1998,9,9,16.593049
1998-09-10,1998,9,10,36.299712
1998-09-11,1998,9,11,8.1318175
1998-09-12,1998,9,12,0.0021469501
1998-09-13,1998,9,13,0
1998-09-14,1998,9,14,0
1998-09-15,1998,9,15,0
1998-09-16,1998,9,16,0
1998-09-17,1998,9,17,1.0051574
1998-09-18,1998,9,18,0.34755526
1998-09-19,1998,9,19,0
1998-09-20,1998,9,20,0
1998-09-21,1998,9,21,8.4312327
1998-09-22,1998,9,22,0.26788324
1998-09-23,1998,9,23,0
1998-09-24,1998,9,24,0
1998-09-25,1998,9,25,0.32556927
1998-09-26,1998,9,26,1.7133222
1998-09-27,1998,9,27,4.4833438
1998-09-28,1998,9,28,0
1998-09-29,1998,9,29,0
1998-09-30,1998,9,30,0
1998-10-01,1998,10,1,0
1998-10-02,1998,10,2,0
1998-10-03,1998,10,3,6.0569071
1998-10-04,1998,10,4,0
1998-10-05,1998,10,5,0
1998-10-06,1998,10,6,0
1998-10-07,1998,10,7,0
1998-10-08,1998,10,8,0
1998-10-09,1998,10,9,0
1998-10-10,1998,10,10,0.55101553
1998-10-11,1998,10,11,0
1998-10-12,1998,10,12,0
1998-10-13,1998,10,13,0
1998-10-14,1998,10,14,0
1998-10-15,1998,10,15,0
1998-10-16,1998,10,16,0
1998-10-17,1998,10,17,0
1998-10-18,1998,10,18,0
1998-10-19,1998,10,19,0
1998-10-20,1998,10,20,0
1998-10-21,1998,10,21,0
1998-10-22,1998,10,22,0.021861922
1998-10-23,1998,10,23,0
1998-10-24,1998,10,24,0
1998-10-25,1998,10,25,0
1998-10-26,1998,10,26,0.41462188
1998-10-27,1998,10,27,0
1998-10-28,1998,10,28,0
1998-10-29,1998,10,29,0
1998-10-30,1998,10,30,0
1998-10-31,1998,10,31,0.61995707
1998-11-01,1998,11,1,0
1998-11-02,1998,11,2,0.07769577
1998-11-03,1998,11,3,0
1998-11-04,1998,11,4,0
1998-11-05,1998,11,5,1.3810141
1998-11-06,1998,11,6,0
1998-11-07,1998,11,7,7.1623004
1998-11-08,1998,11,8,0
1998-11-09,1998,11,9,0
1998-11-10,1998,11,10,0
1998-11-11,1998,11,11,0
1998-11-12,1998,11,12,0
1998-11-13,1998,11,13,0
1998-11-14,1998,11,14,0
1998-11-15,1998,11,15,0.021774109
1998-11-16,1998,11,16,0
1998-11-17,1998,11,17,0
1998-11-18,1998,11,18,0
1998-11-19,1998,11,19,0
1998-11-20,1998,11,20,0
1998-11-21,1998,11,21,0
1998-11-22,1998,11,22,0
1998-11-23,1998,11,23,0
1998-11-24,1998,11,24,0
1998-11-25,1998,11,25,0
1998-11-26,1998,11,26,29.621761
1998-11-27,1998,11,27,0.00048854689
1998-11-28,1998,11,28,0
1998-11-29,1998,11,29,0
1998-11-30,1998,11,30,0
1998-12-01,1998,12,1,0
1998-12-02,1998,12,2,0
1998-12-03,1998,12,3,0
1998-12-04,1998,12,4,0
1998-12-05,1998,12,5,0
1998-12-06,1998,12,6,0
1998-12-07,1998,12,7,0.023339376
1998-12-08,1998,12,8,0.0010672721
1998-12-09,1998,12,9,0
1998-12-10,1998,12,10,0
1998-12-11,1998,12,11,0
1998-12-12,1998,12,12,0.020143594
1998-12-13,1998,12,13,0
1998-12-14,1998,12,14,0
1998-12-15,1998,12,15,5.6657677
1998-12-16,1998,12,16,0
1998-12-17,1998,12,17,0
1998-12-18,1998,12,18,0
1998-12-19,1998,12,19,0
1998-12-20,1998,12,20,0
1998-12-21,1998,12,21,0
1998-12-22,1998,12,22,0
1998-12-23,1998,12,23,0
1998-12-24,1998,12,24,0
1998-12-25,1998,12,25,0
1998-12-26,1998,12,26,0.26684098
1998-12-27,1998,12,27,49.461721
1998-12-28,1998,12,28,0.0047139325
1998-12-29,1998,12,29,0
1998-12-30,1998,12,30,0
1998-12-31,1998,12,31,0
1999-01-01,1999,1,1,0
1999-01-02,1999,1,2,0
1999-01-03,1999,1,3,0.022868989
1999-01-04,1999,1,4,0
1999-01-05,1999,1,5,0
1999-01-06,1999,1,6,0
1999-01-07,1999,1,7,15.967454
1999-01-08,1999,1,8,0
1999-01-09,1999,1,9,0
1999-01-10,1999,1,10,0
1999-01-11,1999,1,11,0
1999-01-12,1999,1,12,0
1999-01-13,1999,1,13,0
1999-01-14,1999,1,14,0
1999-01-15,1999,1,15,0.94324496
1999-01-16,1999,1,16,0.010686326
1999-01-17,1999,1,17,0
1999-01-18,1999,1,18,0
1999-01-19,1999,1,19,0
1999-01-20,1999,1,20,0
1999-01-21,1999,1,21,0
1999-01-22,1999,1,22,0.32579436
1999-01-23,1999,1,23,0.016426415
1999-01-24,1999,1,24,0
1999-01-25,1999,1,25,0
1999-01-26,1999,1,26,0
1999-01-27,1999,1,27,0
1999-01-28,1999,1,28,0
1999-01-29,1999,1,29,0.65415793
1999-01-30,1999,1,30,0
1999-01-31,1999,1,31,3.5918982
1999-02-01,1999,2,1,8.8352952
1999-02-02,1999,2,2,1.4697313
1999-02-03,1999,2,3,0
1999-02-04,1999,2,4,0
1999-02-05,1999,2,5,0
1999-02-06,1999,2,6,0.0071023257
1999-02-07,1999,2,7,0
1999-02-08,1999,2,8,0
1999-02-09,1999,2,9,0
1999-02-10,1999,2,10,0
1999-02-11,1999,2,11,0
1999-02-12,1999,2,12,0
1999-02-13,1999,2,13,0
1999-02-14,1999,2,14,0.034414212
1999-02-15,1999,2,15,0.26916371
1999-02-16,1999,2,16,0
1999-02-17,1999,2,17,0
1999-02-18,1999,2,18,0
1999-02-19,1999,2,19,0
1999-02-20,1999,2,20,0
1999-02-21,1999,2,21,3.1337359
1999-02-22,1999,2,22,0.0025186279
1999-02-23,1999,2,23,0.13818164
1999-02-24,1999,2,24,0.0013821094
1999-02-25,1999,2,25,0.070693815
1999-02-26,1999,2,26,0
1999-02-27,1999,2,27,0
1999-02-28,1999,2,28,20.170955
1999-03-01,1999,3,1,5.9518702
1999-03-02,1999,3,2,0
1999-03-03,1999,3,3,0
1999-03-04,1999,3,4,0
1999-03-05,1999,3,5,0.42512864
1999-03-06,1999,3,6,22.128613
1999-03-07,1999,3,7,4.8957783
1999-03-08,1999,3,8,0
1999-03-09,1999,3,9,0
1999-03-10,1999,3,10,0
1999-03-11,1999,3,11,0
1999-03-12,1999,3,12,0
1999-03-13,1999,3,13,0.0057899569
1999-03-14,1999,3,14,6.597975
1999-03-15,1999,3,15,4.5436806
1999-03-16,1999,3,16,0
1999-03-17,1999,3,17,0
1999-03-18,1999,3,18,0
1999-03-19,1999,3,19,0
1999-03-20,1999,3,20,0
1999-03-21,1999,3,21,0
1999-03-22,1999,3,22,0
1999-03-23,1999,3,23,0.81574159
1999-03-24,1999,3,24,0
1999-03-25,1999,3,25,3.7967168e-20
1999-03-26,1999,3,26,0.0053409593
1999-03-27,1999,3,27,0
1999-03-28,1999,3,28,0.52965243
1999-03-29,1999,3,29,0
1999-03-30,1999,3,30,0
1999-03-31,1999,3,31,0
1999-04-01,1999,4,1,0
1999-04-02,1999,4,2,0
1999-04-03,1999,4,3,0
1999-04-04,1999,4,4,0
1999-04-05,1999,4,5,0
1999-04-06,1999,4,6,0
1999-04-07,1999,4,7,0
1999-04-08,1999,4,8,0.0082159598
1999-04-09,1999,4,9,0
1999-04-10,1999,4,10,0
1999-04-11,1999,4,11,0
1999-04-12,1999,4,12,0
1999-04-13,1999,4,13,13.80759
1999-04-14,1999,4,14,5.0771447
1999-04-15,1999,4,15,0
1999-04-16,1999,4,16,0
1999-04-17,1999,4,17,0
1999-04-18,1999,4,18,0
1999-04-19,1999,4,19,0
1999-04-20,1999,4,20,1.9066639
1999-04-21,1999,4,21,0
1999-04-22,1999,4,22,0
1999-04-23,1999,4,23,0
1999-04-24,1999,4,24,0.22149491
1999-04-25,1999,4,25,6.1506614
1999-04-26,1999,4,26,0.24446649
1999-04-27,1999,4,27,0
1999-04-28,1999,4,28,0
1999-04-29,1999,4,29,7.2643256
1999-04-30,1999,4,30,21.455839
1999-05-01,1999,5,1,28.086012
1999-05-02,1999,5,2,48.569936
1999-05-03,1999,5,3,0.0646583
1999-05-04,1999,5,4,0.51392007
1999-05-05,1999,5,5,31.006358
1999-05-06,1999,5,6,7.9730203
1999-05-07,1999,5,7,0
1999-05-08,1999,5,8,0
1999-05-09,1999,5,9,1.7053624
1999-05-10,1999,5,10,0
1999-05-11,1999,5,11,0
1999-05-12,1999,5,12,0
1999-05-13,1999,5,13,9.3943097
1999-05-14,1999,5,14,10.273244
1999-05-15,1999,5,15,13.656414
1999-05-16,1999,5,16,2.4691619
1999-05-17,1999,5,17,0
1999-05-18,1999,5,18,1.4807196e-18
1999-05-19,1999,5,19,2.7905312
1999-05-20,1999,5,20,0
1999-05-21,1999,5,21,0
1999-05-22,1999,5,22,0
1999-05-23,1999,5,23,3.152289e-05
1999-05-24,1999,5,24,0
1999-05-25,1999,5,25,14.614133
1999-05-26,1999,5,26,24.209474
1999-05-27,1999,5,27,20.383358
1999-05-28,1999,5,28,4.5089871
1999-05-29,1999,5,29,0
1999-05-30,1999,5,30,0
1999-05-31,1999,5,31,0.0068216091
1999-06-01,1999,6,1,0
1999-06-02,1999,6,2,0
1999-06-03,1999,6,3,0
1999-06-04,1999,6,4,0
1999-06-05,1999,6,5,0
1999-06-06,1999,6,6,0
1999-06-07,1999,6,7,0
1999-06-08,1999,6,8,0
1999-06-09,1999,6,9,0
1999-06-10,1999,6,10,36.784816
1999-06-11,1999,6,11,3.0529061
1999-06-12,1999,6,12,6.8111335
1999-06-13,1999,6,13,52.702625
1999-06-14,1999,6,14,16.999159
1999-06-15,1999,6,15,1.0638907
1999-06-16,1999,6,16,12.932351
1999-06-17,1999,6,17,18.952358
1999-06-18,1999,6,18,2.9322764
1999-06-19,1999,6,19,35.215332
1999-06-20,1999,6,20,66.26161
1999-06-21,1999,6,21,42.593315
1999-06-22,1999,6,22,13.485602
1999-06-23,1999,6,23,24.953442
1999-06-24,1999,6,24,28.223468
1999-06-25,1999,6,25,54.993643
1999-06-26,1999,6,26,17.590287
1999-06-27,1999,6,27,8.6394185
1999-06-28,1999,6,28,10.403233
1999-06-29,1999,6,29,4.3606125
1999-06-30,1999,6,30,27.297272
1999-07-01,1999,7,1,7.397639
1999-07-02,1999,7,2,0
1999-07-03,1999,7,3,0
1999-07-04,1999,7,4,0
1999-07-05,1999,7,5,0
1999-07-06,1999,7,6,0
1999-07-07,1999,7,7,0
1999-07-08,1999,7,8,0
1999-07-09,1999,7,9,11.542554
1999-07-10,1999,7,10,7.5750968
1999-07-11,1999,7,11,5.3348236
1999-07-12,1999,7,12,0
1999-07-13,1999,7,13,0.96980688
1999-07-14,1999,7,14,0.2500534
1999-07-15,1999,7,15,0
1999-07-16,1999,7,16,0
1999-07-17,1999,7,17,0
1999-07-18,1999,7,18,0
1999-07-19,1999,7,19,0.69090448
1999-07-20,1999,7,20,9.4477623
1999-07-21,1999,7,21,0
1999-07-22,1999,7,22,3.4887991
1999-07-23,1999,7,23,0.099981608
1999-07-24,1999,7,24,0
1999-07-25,1999,7,25,3.0515434
1999-07-26,1999,7,26,0
1999-07-27,1999,7,27,0
1999-07-28,1999,7,28,42.899788
1999-07-29,1999,7,29,10.499785
1999-07-30,1999,7,30,0
1999-07-31,1999,7,31,0
1999-08-01,1999,8,1,0
1999-08-02,1999,8,2,0
1999-08-03,1999,8,3,2.8072656
1999-08-04,1999,8,4,39.864607
1999-08-05,1999,8,5,16.996825
1999-08-06,1999,8,6,0
1999-08-07,1999,8,7,12.950663
1999-08-08,1999,8,8,1.1669448
1999-08-09,1999,8,9,19.997287
1999-08-10,1999,8,10,12.640525
1999-08-11,1999,8,11,0.56327318
1999-08-12,1999,8,12,0
1999-08-13,1999,8,13,0
1999-08-14,1999,8,14,0
1999-08-15,1999,8,15,0
1999-08-16,1999,8,16,1.3108217
1999-08-17,1999,8,17,12.407265
1999-08-18,1999,8,18,79.260546
1999-08-19,1999,8,19,41.980411
1999-08-20,1999,8,20,17.805196
1999-08-21,1999,8,21,0.00026346411
1999-08-22,1999,8,22,0
1999-08-23,1999,8,23,0.17307825
1999-08-24,1999,8,24,1.1220355
1999-08-25,1999,8,25,0
1999-08-26,1999,8,26,0
1999-08-27,1999,8,27,16.449679
1999-08-28,1999,8,28,4.285744
1999-08-29,1999,8,29,26.855147
1999-08-30,1999,8,30,13.460153
1999-08-31,1999,8,31,21.255384
1999-09-01,1999,9,1,24.482222
1999-09-02,1999,9,2,8.0850508
1999-09-03,1999,9,3,0.015114323
1999-09-04,1999,9,4,21.713165
1999-09-05,1999,9,5,53.737684
1999-09-06,1999,9,6,39.716274
1999-09-07,1999,9,7,27.192949
1999-09-08,1999,9,8,15.225927
1999-09-09,1999,9,9,7.4221744
1999-09-10,1999,9,10,15.486814
1999-09-11,1999,9,11,18.337613
1999-09-12,1999,9,12,36.932716
1999-09-13,1999,9,13,25.690232
1999-09-14,1999,9,14,12.39828
1999-09-15,1999,9,15,5.6271916
1999-09-16,1999,9,16,0
1999-09-17,1999,9,17,0.11113646
1999-09-18,1999,9,18,0
1999-09-19,1999,9,19,0
1999-09-20,1999,9,20,0
1999-09-21,1999,9,21,0
1999-09-22,1999,9,22,0
1999-09-23,1999,9,23,0
1999-09-24,1999,9,24,0
1999-09-25,1999,9,25,0.00045865471
1999-09-26,1999,9,26,1.6570534
1999-09-27,1999,9,27,0.89269894
1999-09-28,1999,9,28,0
1999-09-29,1999,9,29,0
1999-09-30,1999,9,30,0
1999-10-01,1999,10,1,0.31303844
1999-10-02,1999,10,2,0.44658937
1999-10-03,1999,10,3,0.00045919582
1999-10-04,1999,10,4,0
1999-10-05,1999,10,5,0.27309492
1999-10-06,1999,10,6,0
1999-10-07,1999,10,7,0
1999-10-08,1999,10,8,0
1999-10-09,1999,10,9,1.1870258
1999-10-10,1999,10,10,0
1999-10-11,1999,10,11,6.1674596
1999-10-12,1999,10,12,0.15648778
1999-10-13,1999,10,13,0
1999-10-14,1999,10,14,0
1999-10-15,1999,10,15,0
1999-10-16,1999,10,16,0
1999-10-17,1999,10,17,0
1999-10-18,1999,10,18,0
1999-10-19,1999,10,19,0
1999-10-20,1999,10,20,0
1999-10-21,1999,10,21,0
1999-10-22,1999,10,22,0
1999-10-23,1999,10,23,0
1999-10-24,1999,10,24,0
1999-10-25,1999,10,25,0.99092149
1999-10-26,1999,10,26,13.052802
1999-10-27,1999,10,27,0
1999-10-28,1999,10,28,0
1999-10-29,1999,10,29,1.0650837
1999-10-30,1999,10,30,0
1999-10-31,1999,10,31,17.523089
1999-11-01,1999,11,1,5.1106905
1999-11-02,1999,11,2,0
1999-11-03,1999,11,3,0.016368556
1999-11-04,1999,11,4,2.6983809
1999-11-05,1999,11,5,9.7429521
1999-11-06,1999,11,6,4.5214878
1999-11-07,1999,11,7,0
1999-11-08,1999,11,8,0
1999-11-09,1999,11,9,0
1999-11-10,1999,11,10,0
1999-11-11,1999,11,11,0
1999-11-12,1999,11,12,0
1999-11-13,1999,11,13,0
1999-11-14,1999,11,14,0.0040971915
1999-11-15,1999,11,15,1.8985538
1999-11-16,1999,11,16,0
1999-11-17,1999,11,17,3.159605
1999-11-18,1999,11,18,0
1999-11-19,1999,11,19,0
1999-11-20,1999,11,20,0
1999-11-21,1999,11,21,0
1999-11-22,1999,11,22,0
1999-11-23,1999,11,23,0
1999-11-24,1999,11,24,0
1999-11-25,1999,11,25,0
1999-11-26,1999,11,26,0
1999-11-27,1999,11,27,0
1999-11-28,1999,11,28,0
1999-11-29,1999,11,29,6.0199599
1999-11-30,1999,11,30,1.0351032
1999-12-01,1999,12,1,0
1999-12-02,1999,12,2,0
1999-12-03,1999,12,3,3.3659414
1999-12-04,1999,12,4,2.2010765
1999-12-05,1999,12,5,0
1999-12-06,1999,12,6,0.11092761
1999-12-07,1999,12,7,0
1999-12-08,1999,12,8,0
1999-12-09,1999,12,9,0.036678254
1999-12-10,1999,12,10,0
1999-12-11,1999,12,11,0
1999-12-12,1999,12,12,0
1999-12-13,1999,12,13,0
1999-12-14,1999,12,14,0.011008202
1999-12-15,1999,12,15,0.16480469
1999-12-16,1999,12,16,1.8307028
1999-12-17,1999,12,17,9.5822081
1999-12-18,1999,12,18,4.2958501
1999-12-19,1999,12,19,0
1999-12-20,1999,12,20,0
1999-12-21,1999,12,21,0
1999-12-22,1999,12,22,0
1999-12-23,1999,12,23,0
1999-12-24,1999,12,24,0
1999-12-25,1999,12,25,0
1999-12-26,1999,12,26,0
1999-12-27,1999,12,27,0
1999-12-28,1999,12,28,1.5400432
1999-12-29,1999,12,29,0
1999-12-30,1999,12,30,0
1999-12-31,1999,12,31,0
2000-01-01,2000,1,1,0
2000-01-02,2000,1,2,11.11386
2000-01-03,2000,1,3,2.0633888
2000-01-04,2000,1,4,0.022330994
2000-01-05,2000,1,5,0
2000-01-06,2000,1,6,0.0039279462
2000-01-07,2000,1,7,0.35482174
2000-01-08,2000,1,8,0
2000-01-09,2000,1,9,0
2000-01-10,2000,1,10,0
2000-01-11,2000,1,11,0
2000-01-12,2000,1,12,0.96362451
2000-01-13,2000,1,13,0
2000-01-14,2000,1,14,0
2000-01-15,2000,1,15,2.082525
2000-01-16,2000,1,16,0
2000-01-17,2000,1,17,0
2000-01-18,2000,1,18,0
2000-01-19,2000,1,19,0
2000-01-20,2000,1,20,0.078030247
2000-01-21,2000,1,21,0
2000-01-22,2000,1,22,0
2000-01-23,2000,1,23,0
2000-01-24,2000,1,24,0
2000-01-25,2000,1,25,0
2000-01-26,2000,1,26,0
2000-01-27,2000,1,27,0
2000-01-28,2000,1,28,23.368839
2000-01-29,2000,1,29,0.85248369
2000-01-30,2000,1,30,0
2000-01-31,2000,1,31,0
2000-02-01,2000,2,1,7.96569
2000-02-02,2000,2,2,0.5009285
2000-02-03,2000,2,3,0.013778246
2000-02-04,2000,2,4,8.6364715
2000-02-05,2000,2,5,0.8017085
2000-02-06,2000,2,6,0
2000-02-07,2000,2,7,0
2000-02-08,2000,2,8,10.513904
2000-02-09,2000,2,9,16.03965
2000-02-10,2000,2,10,84.621266
2000-02-11,2000,2,11,25.567374
2000-02-12,2000,2,12,0.017174006
2000-02-13,2000,2,13,0
2000-02-14,2000,2,14,0
2000-02-15,2000,2,15,0
2000-02-16,2000,2,16,0
2000-02-17,2000,2,17,2.5622182e-05
2000-02-18,2000,2,18,0
2000-02-19,2000,2,19,0
2000-02-20,2000,2,20,0
2000-02-21,2000,2,21,0
2000-02-22,2000,2,22,0
2000-02-23,2000,2,23,0
2000-02-24,2000,2,24,0.0095280876
2000-02-25,2000,2,25,0.42683691
2000-02-26,2000,2,26,25.413912
2000-02-27,2000,2,27,9.1043888
2000-02-28,2000,2,28,0
2000-02-29,2000,2,29,0
2000-03-01,2000,3,1,0
2000-03-02,2000,3,2,0
2000-03-03,2000,3,3,0
2000-03-04,2000,3,4,0
2000-03-05,2000,3,5,0
2000-03-06,2000,3,6,0
2000-03-07,2000,3,7,0
2000-03-08,2000,3,8,2.9497744
2000-03-09,2000,3,9,0.17895082
2000-03-10,2000,3,10,0
2000-03-11,2000,3,11,1.797849
2000-03-12,2000,3,12,13.523993
2000-03-13,2000,3,13,3.7170214
2000-03-14,2000,3,14,1.9342051
2000-03-15,2000,3,15,8.1296766
2000-03-16,2000,3,16,0
2000-03-17,2000,3,17,0
2000-03-18,2000,3,18,0
2000-03-19,2000,3,19,0.0030089197
2000-03-20,2000,3,20,2.5967591
2000-03-21,2000,3,21,0
2000-03-22,2000,3,22,5.5793389
2000-03-23,2000,3,23,6.0101452
2000-03-24,2000,3,24,0
2000-03-25,2000,3,25,1.8848747
2000-03-26,2000,3,26,5.3405722
2000-03-27,2000,3,27,0
2000-03-28,2000,3,28,0
2000-03-29,2000,3,29,0
2000-03-30,2000,3,30,0
2000-03-31,2000,3,31,0
2000-04-01,2000,4,1,0
2000-04-02,2000,4,2,0
2000-04-03,2000,4,3,0
2000-04-04,2000,4,4,0.0030236677
2000-04-05,2000,4,5,0
2000-04-06,2000,4,6,0
2000-04-07,2000,4,7,1.0635833
2000-04-08,2000,4,8,12.229941
2000-04-09,2000,4,9,0
2000-04-10,2000,4,10,0
2000-04-11,2000,4,11,0
2000-04-12,2000,4,12,0
2000-04-13,2000,4,13,5.8660835
2000-04-14,2000,4,14,13.261633
2000-04-15,2000,4,15,0.77343422
2000-04-16,2000,4,16,0.036294348
2000-04-17,2000,4,17,0
2000-04-18,2000,4,18,0
2000-04-19,2000,4,19,0
2000-04-20,2000,4,20,0
2000-04-21,2000,4,21,0
2000-04-22,2000,4,22,0
2000-04-23,2000,4,23,0
2000-04-24,2000,4,24,22.739833
2000-04-25,2000,4,25,2.0247442
2000-04-26,2000,4,26,0
2000-04-27,2000,4,27,0
2000-04-28,2000,4,28,4.5093905
2000-04-29,2000,4,29,19.825178
2000-04-30,2000,4,30,25.812386
2000-05-01,2000,5,1,17.701323
2000-05-02,2000,5,2,6.9270809
2000-05-03,2000,5,3,0.25516681
2000-05-04,2000,5,4,0
2000-05-05,2000,5,5,0
2000-05-06,2000,5,6,0
2000-05-07,2000,5,7,0
2000-05-08,2000,5,8,0
2000-05-09,2000,5,9,0
2000-05-10,2000,5,10,0
2000-05-11,2000,5,11,0
2000-05-12,2000,5,12,0
2000-05-13,2000,5,13,0.14056332
2000-05-14,2000,5,14,8.5301195
2000-05-15,2000,5,15,2.0273846
2000-05-16,2000,5,16,0.011374436
2000-05-17,2000,5,17,0.11927003
2000-05-18,2000,5,18,0
2000-05-19,2000,5,19,11.65834
2000-05-20,2000,5,20,16.469347
2000-05-21,2000,5,21,4.3488337
2000-05-22,2000,5,22,0
2000-05-23,2000,5,23,0.066496957
2000-05-24,2000,5,24,18.620278
2000-05-25,2000,5,25,10.454201
2000-05-26,2000,5,26,0.15555922
2000-05-27,2000,5,27,0
2000-05-28,2000,5,28,14.263138
2000-05-29,2000,5,29,0.0048813075
2000-05-30,2000,5,30,0.41289095
2000-05-31,2000,5,31,0
2000-06-01,2000,6,1,11.299553
2000-06-02,2000,6,2,79.049214
2000-06-03,2000,6,3,60.295902
2000-06-04,2000,6,4,35.194479
2000-06-05,2000,6,5,0
2000-06-06,2000,6,6,0
2000-06-07,2000,6,7,2.3957737
2000-06-08,2000,6,8,4.4194761
2000-06-09,2000,6,9,13.60317
2000-06-10,2000,6,10,0.021784042
2000-06-11,2000,6,11,64.686353
2000-06-12,2000,6,12,55.796225
2000-06-13,2000,6,13,56.621882
2000-06-14,2000,6,14,11.923587
2000-06-15,2000,6,15,0.05634318
2000-06-16,2000,6,16,0
2000-06-17,2000,6,17,8.4936058e-06
2000-06-18,2000,6,18,0
2000-06-19,2000,6,19,7.4423789
2000-06-20,2000,6,20,33.825208
2000-06-21,2000,6,21,46.107172
2000-06-22,2000,6,22,11.275814
2000-06-23,2000,6,23,33.273119
2000-06-24,2000,6,24,24.979721
2000-06-25,2000,6,25,26.719576
2000-06-26,2000,6,26,47.977941
2000-06-27,2000,6,27,26.181157
2000-06-28,2000,6,28,14.119751
2000-06-29,2000,6,29,75.998997
2000-06-30,2000,6,30,45.77519
2000-07-01,2000,7,1,26.94773
2000-07-02,2000,7,2,18.768251
2000-07-03,2000,7,3,21.754895
2000-07-04,2000,7,4,0.70242817
2000-07-05,2000,7,5,40.327866
2000-07-06,2000,7,6,22.663245
2000-07-07,2000,7,7,0.019515046
2000-07-08,2000,7,8,0.30982476
2000-07-09,2000,7,9,3.0038663
2000-07-10,2000,7,10,0.90836553
2000-07-11,2000,7,11,0.00031254389
2000-07-12,2000,7,12,0
2000-07-13,2000,7,13,0.55772725
2000-07-14,2000,7,14,0
2000-07-15,2000,7,15,0
2000-07-16,2000,7,16,0
2000-07-17,2000,7,17,0
2000-07-18,2000,7,18,0
2000-07-19,2000,7,19,21.338246
2000-07-20,2000,7,20,7.0546373
2000-07-21,2000,7,21,0
2000-07-22,2000,7,22,0.8687805
2000-07-23,2000,7,23,9.3367133
2000-07-24,2000,7,24,0
2000-07-25,2000,7,25,0
2000-07-26,2000,7,26,0
2000-07-27,2000,7,27,0
2000-07-28,2000,7,28,0
2000-07-29,2000,7,29,0
2000-07-30,2000,7,30,0.28430901
2000-07-31,2000,7,31,22.96953
2000-08-01,2000,8,1,0.0066834011
2000-08-02,2000,8,2,0
2000-08-03,2000,8,3,0
2000-08-04,2000,8,4,3.6294108
2000-08-05,2000,8,5,69.113382
2000-08-06,2000,8,6,42.644837
2000-08-07,2000,8,7,0.54569847
2000-08-08,2000,8,8,0
2000-08-09,2000,8,9,0
2000-08-10,2000,8,10,0
2000-08-11,2000,8,11,0
2000-08-12,2000,8,12,3.12958
2000-08-13,2000,8,13,8.886166
2000-08-14,2000,8,14,13.513704
2000-08-15,2000,8,15,19.878284
2000-08-16,2000,8,16,16.59832
2000-08-17,2000,8,17,0
2000-08-18,2000,8,18,0
2000-08-19,2000,8,19,0
2000-08-20,2000,8,20,0
2000-08-21,2000,8,21,4.2115536
2000-08-22,2000,8,22,0.057193536
2000-08-23,2000,8,23,4.9557323
2000-08-24,2000,8,24,9.8512706
2000-08-25,2000,8,25,0.92994311
2000-08-26,2000,8,26,6.8846411
2000-08-27,2000,8,27,4.0857908
2000-08-28,2000,8,28,16.60314
2000-08-29,2000,8,29,27.320616
2000-08-30,2000,8,30,0
2000-08-31,2000,8,31,0
2000-09-01,2000,9,1,0
2000-09-02,2000,9,2,0
2000-09-03,2000,9,3,0
2000-09-04,2000,9,4,0
2000-09-05,2000,9,5,0.65705301
2000-09-06,2000,9,6,23.637118
2000-09-07,2000,9,7,30.987015
2000-09-08,2000,9,8,40.7023
2000-09-09,2000,9,9,47.434437
2000-09-10,2000,9,10,29.833528
2000-09-11,2000,9,11,15.869345
2000-09-12,2000,9,12,2.2885369
2000-09-13,2000,9,13,5.7563958
2000-09-14,2000,9,14,4.8420621
2000-09-15,2000,9,15,1.1080091
2000-09-16,2000,9,16,22.371316
2000-09-17,2000,9,17,18.509475
2000-09-18,2000,9,18,2.2207136
2000-09-19,2000,9,19,11.059559
2000-09-20,2000,9,20,17.69556
2000-09-21,2000,9,21,5.3796805
2000-09-22,2000,9,22,16.992061
2000-09-23,2000,9,23,0
2000-09-24,2000,9,24,0
2000-09-25,2000,9,25,0
2000-09-26,2000,9,26,0
2000-09-27,2000,9,27,0
2000-09-28,2000,9,28,0.93294732
2000-09-29,2000,9,29,0
2000-09-30,2000,9,30,0
2000-10-01,2000,10,1,0.39987856
2000-10-02,2000,10,2,19.344065
2000-10-03,2000,10,3,3.4335465
2000-10-04,2000,10,4,0
2000-10-05,2000,10,5,0.1013808
2000-10-06,2000,10,6,0
2000-10-07,2000,10,7,0.019315033
2000-10-08,2000,10,8,11.232999
2000-10-09,2000,10,9,0
2000-10-10,2000,10,10,0.08763266
2000-10-11,2000,10,11,33.294932
2000-10-12,2000,10,12,0.38379333
2000-10-13,2000,10,13,0
2000-10-14,2000,10,14,0
2000-10-15,2000,10,15,0
2000-10-16,2000,10,16,0
2000-10-17,2000,10,17,0
2000-10-18,2000,10,18,0
2000-10-19,2000,10,19,0
2000-10-20,2000,10,20,0
2000-10-21,2000,10,21,12.258968
2000-10-22,2000,10,22,0.0049014101
2000-10-23,2000,10,23,1.9376215e-05
2000-10-24,2000,10,24,0
2000-10-25,2000,10,25,0
2000-10-26,2000,10,26,0
2000-10-27,2000,10,27,0
2000-10-28,2000,10,28,0
2000-10-29,2000,10,29,0
2000-10-30,2000,10,30,0.38604635
2000-10-31,2000,10,31,3.1724824
2000-11-01,2000,11,1,0
2000-11-02,2000,11,2,0
2000-11-03,2000,11,3,0
2000-11-04,2000,11,4,9.6786874
2000-11-05,2000,11,5,2.110412
2000-11-06,2000,11,6,0.025694134
2000-11-07,2000,11,7,0.12421008
2000-11-08,2000,11,8,0.33832335
2000-11-09,2000,11,9,0.11320607
2000-11-10,2000,11,10,30.129719
2000-11-11,2000,11,11,39.123508
2000-11-12,2000,11,12,6.4042101
2000-11-13,2000,11,13,0.3974738
2000-11-14,2000,11,14,0
2000-11-15,2000,11,15,0
2000-11-16,2000,11,16,0
2000-11-17,2000,11,17,0.0036365015
2000-11-18,2000,11,18,0
2000-11-19,2000,11,19,0
2000-11-20,2000,11,20,0
2000-11-21,2000,11,21,0
2000-11-22,2000,11,22,0.0014368796
2000-11-23,2000,11,23,0
2000-11-24,2000,11,24,0
2000-11-25,2000,11,25,0.43293946
2000-11-26,2000,11,26,4.3359193
2000-11-27,2000,11,27,0
2000-11-28,2000,11,28,0
2000-11-29,2000,11,29,0
2000-11-30,2000,11,30,0
2000-12-01,2000,12,1,0
2000-12-02,2000,12,2,0
2000-12-03,2000,12,3,0
2000-12-04,2000,12,4,0
2000-12-05,2000,12,5,0
2000-12-06,2000,12,6,0
2000-12-07,2000,12,7,0
2000-12-08,2000,12,8,0
2000-12-09,2000,12,9,0
2000-12-10,2000,12,10,0.00016669008
2000-12-11,2000,12,11,0
2000-12-12,2000,12,12,0
2000-12-13,2000,12,13,7.7606278
2000-12-14,2000,12,14,24.216906
2000-12-15,2000,12,15,0
2000-12-16,2000,12,16,0
2000-12-17,2000,12,17,0
2000-12-18,2000,12,18,0
2000-12-19,2000,12,19,0
2000-12-20,2000,12,20,1.3844365
2000-12-21,2000,12,21,0.11593753
2000-12-22,2000,12,22,0
2000-12-23,2000,12,23,0.21864176
2000-12-24,2000,12,24,35.6606
2000-12-25,2000,12,25,3.9601143
2000-12-26,2000,12,26,10.728074
2000-12-27,2000,12,27,0
2000-12-28,2000,12,28,0
2000-12-29,2000,12,29,0
2000-12-30,2000,12,30,0
2000-12-31,2000,12,31,0
2001-01-01,2001,1,1,0
2001-01-02,2001,1,2,0
2001-01-03,2001,1,3,0
2001-01-04,2001,1,4,0.15351225
2001-01-05,2001,1,5,1.6537521
2001-01-06,2001,1,6,20.101053
2001-01-07,2001,1,7,31.869572
2001-01-08,2001,1,8,7.7567728
2001-01-09,2001,1,9,23.849155
2001-01-10,2001,1,10,0
2001-01-11,2001,1,11,0
2001-01-12,2001,1,12,0
2001-01-13,2001,1,13,0
2001-01-14,2001,1,14,0
2001-01-15,2001,1,15,0
2001-01-16,2001,1,16,0
2001-01-17,2001,1,17,0
2001-01-18,2001,1,18,0
2001-01-19,2001,1,19,0
2001-01-20,2001,1,20,0
2001-01-21,2001,1,21,5.9795005e-06
2001-01-22,2001,1,22,0
2001-01-23,2001,1,23,0
2001-01-24,2001,1,24,0.014370859
2001-01-25,2001,1,25,0
2001-01-26,2001,1,26,0
2001-01-27,2001,1,27,0.025805704
2001-01-28,2001,1,28,0
2001-01-29,2001,1,29,3.0864043
2001-01-30,2001,1,30,53.35254
2001-01-31,2001,1,31,0.087621309
2001-02-01,2001,2,1,3.3873967
2001-02-02,2001,2,2,0
2001-02-03,2001,2,3,0
2001-02-04,2001,2,4,0
2001-02-05,2001,2,5,0.0034538604
2001-02-06,2001,2,6,0
2001-02-07,2001,2,7,0
2001-02-08,2001,2,8,0.0022885959
2001-02-09,2001,2,9,17.270778
2001-02-10,2001,2,10,0
2001-02-11,2001,2,11,0
2001-02-12,2001,2,12,0
2001-02-13,2001,2,13,0
2001-02-14,2001,2,14,0
2001-02-15,2001,2,15,0
2001-02-16,2001,2,16,0
2001-02-17,2001,2,17,0
2001-02-18,2001,2,18,0
2001-02-19,2001,2,19,0
2001-02-20,2001,2,20,0.0070793946
2001-02-21,2001,2,21,0
2001-02-22,2001,2,22,0.0037297961
2001-02-23,2001,2,23,0
2001-02-24,2001,2,24,0
2001-02-25,2001,2,25,0
2001-02-26,2001,2,26,0.21234784
2001-02-27,2001,2,27,0
2001-02-28,2001,2,28,0.39048737
2001-03-01,2001,3,1,0
2001-03-02,2001,3,2,0
2001-03-03,2001,3,3,0
2001-03-04,2001,3,4,0.014884703
2001-03-05,2001,3,5,0
2001-03-06,2001,3,6,0
2001-03-07,2001,3,7,0
2001-03-08,2001,3,8,0.0030244477
2001-03-09,2001,3,9,15.769911
2001-03-10,2001,3,10,18.713771
2001-03-11,2001,3,11,11.437253
2001-03-12,2001,3,12,5.7969772
2001-03-13,2001,3,13,0
2001-03-14,2001,3,14,0
2001-03-15,2001,3,15,0
2001-03-16,2001,3,16,0
2001-03-17,2001,3,17,0.0034061532
2001-03-18,2001,3,18,0
2001-03-19,2001,3,19,0
2001-03-20,2001,3,20,0.28386191
2001-03-21,2001,3,21,7.3532896
2001-03-22,2001,3,22,0
2001-03-23,2001,3,23,0
2001-03-24,2001,3,24,0
2001-03-25,2001,3,25,0
2001-03-26,2001,3,26,0
2001-03-27,2001,3,27,0
2001-03-28,2001,3,28,0
2001-03-29,2001,3,29,0
2001-03-30,2001,3,30,0.0087788444
2001-03-31,2001,3,31,0
2001-04-01,2001,4,1,1.1811193
2001-04-02,2001,4,2,0
2001-04-03,2001,4,3,0
2001-04-04,2001,4,4,0
2001-04-05,2001,4,5,0
2001-04-06,2001,4,6,0
2001-04-07,2001,4,7,0
2001-04-08,2001,4,8,0
2001-04-09,2001,4,9,0
2001-04-10,2001,4,10,0.030072156
2001-04-11,2001,4,11,0
2001-04-12,2001,4,12,0
2001-04-13,2001,4,13,9.9115944
2001-04-14,2001,4,14,0.93132135
2001-04-15,2001,4,15,0
2001-04-16,2001,4,16,0
2001-04-17,2001,4,17,3.115552
2001-04-18,2001,4,18,0.002610576
2001-04-19,2001,4,19,0.00080676178
2001-04-20,2001,4,20,0
2001-04-21,2001,4,21,36.563623
2001-04-22,2001,4,22,20.04976
2001-04-23,2001,4,23,0
2001-04-24,2001,4,24,0
2001-04-25,2001,4,25,0.030829917
2001-04-26,2001,4,26,8.5064143
2001-04-27,2001,4,27,3.7739479
2001-04-28,2001,4,28,0
2001-04-29,2001,4,29,0
2001-04-30,2001,4,30,1.9550598
2001-05-01,2001,5,1,0.064038814
2001-05-02,2001,5,2,0
2001-05-03,2001,5,3,0
2001-05-04,2001,5,4,0
2001-05-05,2001,5,5,0.49679229
2001-05-06,2001,5,6,1.4871001
2001-05-07,2001,5,7,4.3146983
2001-05-08,2001,5,8,9.2190241
2001-05-09,2001,5,9,0
2001-05-10,2001,5,10,0.0013604899
2001-05-11,2001,5,11,0.0019586084
2001-05-12,2001,5,12,0
2001-05-13,2001,5,13,0
2001-05-14,2001,5,14,3.1923366
2001-05-15,2001,5,15,1.7649276
2001-05-16,2001,5,16,21.051792
2001-05-17,2001,5,17,28.261513
2001-05-18,2001,5,18,0.014578604
2001-05-19,2001,5,19,14.55697
2001-05-20,2001,5,20,32.202245
2001-05-21,2001,5,21,72.716654
2001-05-22,2001,5,22,18.718698
2001-05-23,2001,5,23,0.015801128
2001-05-24,2001,5,24,22.173753
2001-05-25,2001,5,25,58.918639
2001-05-26,2001,5,26,72.471877
2001-05-27,2001,5,27,79.402672
2001-05-28,2001,5,28,74.34516
2001-05-29,2001,5,29,14.275882
2001-05-30,2001,5,30,15.046777
2001-05-31,2001,5,31,5.5545467
2001-06-01,2001,6,1,18.428489
2001-06-02,2001,6,2,3.9253322
2001-06-03,2001,6,3,4.6575464
2001-06-04,2001,6,4,22.12743
2001-06-05,2001,6,5,35.307125
2001-06-06,2001,6,6,73.719007
2001-06-07,2001,6,7,18.592624
2001-06-08,2001,6,8,1.7068914
2001-06-09,2001,6,9,0
2001-06-10,2001,6,10,0
2001-06-11,2001,6,11,21.453701
2001-06-12,2001,6,12,41.222321
2001-06-13,2001,6,13,56.20327
2001-06-14,2001,6,14,11.291521
2001-06-15,2001,6,15,0.008561364
2001-06-16,2001,6,16,0.082480827
2001-06-17,2001,6,17,0.072670971
2001-06-18,2001,6,18,0
2001-06-19,2001,6,19,0
2001-06-20,2001,6,20,0
2001-06-21,2001,6,21,0
2001-06-22,2001,6,22,2.469736
2001-06-23,2001,6,23,0.035780638
2001-06-24,2001,6,24,0
2001-06-25,2001,6,25,0
2001-06-26,2001,6,26,0
2001-06-27,2001,6,27,0
2001-06-28,2001,6,28,10.366947
2001-06-29,2001,6,29,45.345564
2001-06-30,2001,6,30,44.3271
2001-07-01,2001,7,1,29.278518
2001-07-02,2001,7,2,83.845278
2001-07-03,2001,7,3,42.317921
2001-07-04,2001,7,4,0.00082167197
2001-07-05,2001,7,5,0
2001-07-06,2001,7,6,25.020124
2001-07-07,2001,7,7,44.122249
2001-07-08,2001,7,8,15.70369
2001-07-09,2001,7,9,11.460938
2001-07-10,2001,7,10,7.7386475
2001-07-11,2001,7,11,27.211928
2001-07-12,2001,7,12,37.755905
2001-07-13,2001,7,13,14.543708
2001-07-14,2001,7,14,4.1555979
2001-07-15,2001,7,15,45.012902
2001-07-16,2001,7,16,52.353941
2001-07-17,2001,7,17,20.95261
2001-07-18,2001,7,18,39.256122
2001-07-19,2001,7,19,47.779882
2001-07-20,2001,7,20,28.353677
2001-07-21,2001,7,21,0.11896993
2001-07-22,2001,7,22,0
2001-07-23,2001,7,23,7.5934336e-19
2001-07-24,2001,7,24,0
2001-07-25,2001,7,25,0
2001-07-26,2001,7,26,0
2001-07-27,2001,7,27,0
2001-07-28,2001,7,28,14.983573
2001-07-29,2001,7,29,23.636081
2001-07-30,2001,7,30,21.55804
2001-07-31,2001,7,31,40.544634
2001-08-01,2001,8,1,39.88723
2001-08-02,2001,8,2,0.48293441
2001-08-03,2001,8,3,0.5336791
2001-08-04,2001,8,4,2.4582885
2001-08-05,2001,8,5,5.9881141
2001-08-06,2001,8,6,0
2001-08-07,2001,8,7,0
2001-08-08,2001,8,8,0
2001-08-09,2001,8,9,0
2001-08-10,2001,8,10,0
2001-08-11,2001,8,11,9.2354298
2001-08-12,2001,8,12,2.6332473
2001-08-13,2001,8,13,22.662398
2001-08-14,2001,8,14,0
2001-08-15,2001,8,15,0
2001-08-16,2001,8,16,0
2001-08-17,2001,8,17,0
2001-08-18,2001,8,18,8.6079586
2001-08-19,2001,8,19,0
2001-08-20,2001,8,20,0
2001-08-21,2001,8,21,0
2001-08-22,2001,8,22,0
2001-08-23,2001,8,23,0
2001-08-24,2001,8,24,8.6404179
2001-08-25,2001,8,25,34.328676
2001-08-26,2001,8,26,16.643694
2001-08-27,2001,8,27,20.1668
2001-08-28,2001,8,28,68.893939
2001-08-29,2001,8,29,5.8251549
2001-08-30,2001,8,30,0
2001-08-31,2001,8,31,0
2001-09-01,2001,9,1,0
2001-09-02,2001,9,2,0
2001-09-03,2001,9,3,0.0096675245
2001-09-04,2001,9,4,3.9710602
2001-09-05,2001,9,5,0
2001-09-06,2001,9,6,1.0590398
2001-09-07,2001,9,7,10.030095
2001-09-08,2001,9,8,1.8839088
2001-09-09,2001,9,9,0
2001-09-10,2001,9,10,0
2001-09-11,2001,9,11,0
2001-09-12,2001,9,12,0.2621959
2001-09-13,2001,9,13,0
2001-09-14,2001,9,14,0
2001-09-15,2001,9,15,0
2001-09-16,2001,9,16,0
2001-09-17,2001,9,17,0
2001-09-18,2001,9,18,0
2001-09-19,2001,9,19,4.712739
2001-09-20,2001,9,20,0
2001-09-21,2001,9,21,9.5393263
2001-09-22,2001,9,22,0.13163934
2001-09-23,2001,9,23,0.87382675
2001-09-24,2001,9,24,0
2001-09-25,2001,9,25,0.59640987
2001-09-26,2001,9,26,6.2142738
2001-09-27,2001,9,27,6.6129097
2001-09-28,2001,9,28,0.033618197
2001-09-29,2001,9,29,7.5277046
2001-09-30,2001,9,30,0
2001-10-01,2001,10,1,0
2001-10-02,2001,10,2,0
2001-10-03,2001,10,3,0
2001-10-04,2001,10,4,0
2001-10-05,2001,10,5,2.3157156
2001-10-06,2001,10,6,7.6399027
2001-10-07,2001,10,7,0.0090214976
2001-10-08,2001,10,8,0
2001-10-09,2001,10,9,0.040142548
2001-10-10,2001,10,10,0
2001-10-11,2001,10,11,0
2001-10-12,2001,10,12,0
2001-10-13,2001,10,13,0
2001-10-14,2001,10,14,0.0043370996
2001-10-15,2001,10,15,0
2001-10-16,2001,10,16,0
2001-10-17,2001,10,17,0
2001-10-18,2001,10,18,0
2001-10-19,2001,10,19,4.5002786
2001-10-20,2001,10,20,0
2001-10-21,2001,10,21,0
2001-10-22,2001,10,22,0
2001-10-23,2001,10,23,0
2001-10-24,2001,10,24,0.37979178
2001-10-25,2001,10,25,7.5903624
2001-10-26,2001,10,26,9.1686096
2001-10-27,2001,10,27,0.5821526
2001-10-28,2001,10,28,0.30571525
2001-10-29,2001,10,29,0
2001-10-30,2001,10,30,0
2001-10-31,2001,10,31,0
2001-11-01,2001,11,1,0
2001-11-02,2001,11,2,0.0040924139
2001-11-03,2001,11,3,0.0022560822
2001-11-04,2001,11,4,2.7172815
2001-11-05,2001,11,5,5.2895473
2001-11-06,2001,11,6,0.050827954
2001-11-07,2001,11,7,0
2001-11-08,2001,11,8,0.058997381
2001-11-09,2001,11,9,8.1604659
2001-11-10,2001,11,10,25.581933
2001-11-11,2001,11,11,0.89512527
2001-11-12,2001,11,12,8.8847392
2001-11-13,2001,11,13,7.4099286
2001-11-14,2001,11,14,2.9795101
2001-11-15,2001,11,15,0
2001-11-16,2001,11,16,0
2001-11-17,2001,11,17,0
2001-11-18,2001,11,18,0
2001-11-19,2001,11,19,1.637506
2001-11-20,2001,11,20,2.8501462
2001-11-21,2001,11,21,0
2001-11-22,2001,11,22,19.219631
2001-11-23,2001,11,23,1.5453359
2001-11-24,2001,11,24,0
2001-11-25,2001,11,25,0.00039358201
2001-11-26,2001,11,26,0
2001-11-27,2001,11,27,0
2001-11-28,2001,11,28,0
2001-11-29,2001,11,29,0
2001-11-30,2001,11,30,0
2001-12-01,2001,12,1,0
2001-12-02,2001,12,2,0
2001-12-03,2001,12,3,0
2001-12-04,2001,12,4,0
2001-12-05,2001,12,5,0
2001-12-06,2001,12,6,0
2001-12-07,2001,12,7,0
2001-12-08,2001,12,8,0
2001-12-09,2001,12,9,0
2001-12-10,2001,12,10,0
2001-12-11,2001,12,11,0
2001-12-12,2001,12,12,0
2001-12-13,2001,12,13,0
2001-12-14,2001,12,14,0
2001-12-15,2001,12,15,0
2001-12-16,2001,12,16,0
2001-12-17,2001,12,17,0
2001-12-18,2001,12,18,0
2001-12-19,2001,12,19,0
2001-12-20,2001,12,20,0
2001-12-21,2001,12,21,0
2001-12-22,2001,12,22,0
2001-12-23,2001,12,23,0
2001-12-24,2001,12,24,0
2001-12-25,2001,12,25,0
2001-12-26,2001,12,26,0
2001-12-27,2001,12,27,0
2001-12-28,2001,12,28,0
2001-12-29,2001,12,29,0
2001-12-30,2001,12,30,0
2001-12-31,2001,12,31,0.086696584
2002-01-01,2002,1,1,0.30819039
2002-01-02,2002,1,2,0.10857594
2002-01-03,2002,1,3,11.917119
2002-01-04,2002,1,4,0
2002-01-05,2002,1,5,0
2002-01-06,2002,1,6,0
2002-01-07,2002,1,7,4.6557176
2002-01-08,2002,1,8,4.394069
2002-01-09,2002,1,9,0
2002-01-10,2002,1,10,0
2002-01-11,2002,1,11,0
2002-01-12,2002,1,12,1.2371297
2002-01-13,2002,1,13,0
2002-01-14,2002,1,14,0
2002-01-15,2002,1,15,0
2002-01-16,2002,1,16,0
2002-01-17,2002,1,17,0
2002-01-18,2002,1,18,1.9396305
2002-01-19,2002,1,19,0.2637681
2002-01-20,2002,1,20,0
2002-01-21,2002,1,21,0
2002-01-22,2002,1,22,0
2002-01-23,2002,1,23,0
2002-01-24,2002,1,24,0.14700883
2002-01-25,2002,1,25,2.0498165
2002-01-26,2002,1,26,0
2002-01-27,2002,1,27,0
2002-01-28,2002,1,28,0
2002-01-29,2002,1,29,0
2002-01-30,2002,1,30,2.0318661
2002-01-31,2002,1,31,0
2002-02-01,2002,2,1,0
2002-02-02,2002,2,2,0
2002-02-03,2002,2,3,0
2002-02-04,2002,2,4,0
2002-02-05,2002,2,5,0
2002-02-06,2002,2,6,0
2002-02-07,2002,2,7,0.0027617297
2002-02-08,2002,2,8,0.011500612
2002-02-09,2002,2,9,0
2002-02-10,2002,2,10,0
2002-02-11,2002,2,11,0
2002-02-12,2002,2,12,0
2002-02-13,2002,2,13,0
2002-02-14,2002,2,14,0
2002-02-15,2002,2,15,0
2002-02-16,2002,2,16,0.00095670456
2002-02-17,2002,2,17,1.0358045
2002-02-18,2002,2,18,0
2002-02-19,2002,2,19,0
2002-02-20,2002,2,20,0
2002-02-21,2002,2,21,0
2002-02-22,2002,2,22,0
2002-02-23,2002,2,23,0
2002-02-24,2002,2,24,0.02520847
2002-02-25,2002,2,25,42.127543
2002-02-26,2002,2,26,44.684151
2002-02-27,2002,2,27,29.860254
2002-02-28,2002,2,28,0.33313086
2002-03-01,2002,3,1,0
2002-03-02,2002,3,2,0
2002-03-03,2002,3,3,0.61658273
2002-03-04,2002,3,4,0
2002-03-05,2002,3,5,0.036185023
2002-03-06,2002,3,6,5.3168263
2002-03-07,2002,3,7,0.052188222
2002-03-08,2002,3,8,19.31756
2002-03-09,2002,3,9,11.569735
2002-03-10,2002,3,10,0
2002-03-11,2002,3,11,0
2002-03-12,2002,3,12,0.050546759
2002-03-13,2002,3,13,21.064372
2002-03-14,2002,3,14,77.745742
2002-03-15,2002,3,15,28.151982
2002-03-16,2002,3,16,4.7110636
2002-03-17,2002,3,17,3.2998455
2002-03-18,2002,3,18,5.2875741
2002-03-19,2002,3,19,0
2002-03-20,2002,3,20,0
2002-03-21,2002,3,21,0.55039529
2002-03-22,2002,3,22,0
2002-03-23,2002,3,23,9.119252
2002-03-24,2002,3,24,0.0011913867
2002-03-25,2002,3,25,0
2002-03-26,2002,3,26,0
2002-03-27,2002,3,27,0
2002-03-28,2002,3,28,6.5160213
2002-03-29,2002,3,29,0.14196294
2002-03-30,2002,3,30,0
2002-03-31,2002,3,31,0
2002-04-01,2002,4,1,0.0010159527
2002-04-02,2002,4,2,0
2002-04-03,2002,4,3,0
2002-04-04,2002,4,4,0
2002-04-05,2002,4,5,13.908726
2002-04-06,2002,4,6,54.981284
2002-04-07,2002,4,7,4.9941993
2002-04-08,2002,4,8,0
2002-04-09,2002,4,9,0.17189054
2002-04-10,2002,4,10,0
2002-04-11,2002,4,11,15.182484
2002-04-12,2002,4,12,3.7875724
2002-04-13,2002,4,13,0
2002-04-14,2002,4,14,0
2002-04-15,2002,4,15,0
2002-04-16,2002,4,16,6.5656053
2002-04-17,2002,4,17,0
2002-04-18,2002,4,18,0
2002-04-19,2002,4,19,0.52230045
2002-04-20,2002,4,20,0
2002-04-21,2002,4,21,0
2002-04-22,2002,4,22,1.8399925
2002-04-23,2002,4,23,26.025152
2002-04-24,2002,4,24,21.099341
2002-04-25,2002,4,25,9.3886481
2002-04-26,2002,4,26,0
2002-04-27,2002,4,27,0
2002-04-28,2002,4,28,5.9037125
2002-04-29,2002,4,29,2.2380605
2002-04-30,2002,4,30,0.017900047
2002-05-01,2002,5,1,2.2640093
2002-05-02,2002,5,2,7.4389446
2002-05-03,2002,5,3,0.056439147
2002-05-04,2002,5,4,0
2002-05-05,2002,5,5,0
2002-05-06,2002,5,6,0
2002-05-07,2002,5,7,0
2002-05-08,2002,5,8,0
2002-05-09,2002,5,9,0
2002-05-10,2002,5,10,0.019466058
2002-05-11,2002,5,11,3.0004634
2002-05-12,2002,5,12,0.087445193
2002-05-13,2002,5,13,13.654299
2002-05-14,2002,5,14,23.419344
2002-05-15,2002,5,15,31.263361
2002-05-16,2002,5,16,0.28033553
2002-05-17,2002,5,17,0.67251356
2002-05-18,2002,5,18,9.6486829
2002-05-19,2002,5,19,0.0018782897
2002-05-20,2002,5,20,0
2002-05-21,2002,5,21,0.018723339
2002-05-22,2002,5,22,7.9507188
2002-05-23,2002,5,23,0
2002-05-24,2002,5,24,23.426187
2002-05-25,2002,5,25,32.662398
2002-05-26,2002,5,26,46.788573
2002-05-27,2002,5,27,21.108828
2002-05-28,2002,5,28,0
2002-05-29,2002,5,29,0
2002-05-30,2002,5,30,3.1797053
2002-05-31,2002,5,31,39.1437
2002-06-01,2002,6,1,13.658048
2002-06-02,2002,6,2,26.797788
2002-06-03,2002,6,3,19.409413
2002-06-04,2002,6,4,26.362745
2002-06-05,2002,6,5,32.610464
2002-06-06,2002,6,6,32.645039
2002-06-07,2002,6,7,27.895228
2002-06-08,2002,6,8,57.842399
2002-06-09,2002,6,9,1.3860524
2002-06-10,2002,6,10,0
2002-06-11,2002,6,11,0
2002-06-12,2002,6,12,0
2002-06-13,2002,6,13,0
2002-06-14,2002,6,14,0
2002-06-15,2002,6,15,0
2002-06-16,2002,6,16,0
2002-06-17,2002,6,17,0.11442148
2002-06-18,2002,6,18,3.6373601
2002-06-19,2002,6,19,0.19825035
2002-06-20,2002,6,20,0.0044839106
2002-06-21,2002,6,21,0
2002-06-22,2002,6,22,0
2002-06-23,2002,6,23,0
2002-06-24,2002,6,24,0
2002-06-25,2002,6,25,0
2002-06-26,2002,6,26,28.071324
2002-06-27,2002,6,27,19.792353
2002-06-28,2002,6,28,3.0276416
2002-06-29,2002,6,29,0
2002-06-30,2002,6,30,0.30479614
2002-07-01,2002,7,1,0
2002-07-02,2002,7,2,0
2002-07-03,2002,7,3,0
2002-07-04,2002,7,4,0
2002-07-05,2002,7,5,0
2002-07-06,2002,7,6,0
2002-07-07,2002,7,7,0
2002-07-08,2002,7,8,0
2002-07-09,2002,7,9,0
2002-07-10,2002,7,10,1.0660581
2002-07-11,2002,7,11,0.099759949
2002-07-12,2002,7,12,0
2002-07-13,2002,7,13,0
2002-07-14,2002,7,14,0
2002-07-15,2002,7,15,0
2002-07-16,2002,7,16,0
2002-07-17,2002,7,17,0
2002-07-18,2002,7,18,10.526998
2002-07-19,2002,7,19,29.388843
2002-07-20,2002,7,20,39.057105
2002-07-21,2002,7,21,13.062611
2002-07-22,2002,7,22,14.938038
2002-07-23,2002,7,23,18.7152
2002-07-24,2002,7,24,9.1512572
2002-07-25,2002,7,25,13.169813
2002-07-26,2002,7,26,14.570288
2002-07-27,2002,7,27,0.37605977
2002-07-28,2002,7,28,0
2002-07-29,2002,7,29,12.843151
2002-07-30,2002,7,30,0
2002-07-31,2002,7,31,0
2002-08-01,2002,8,1,0
2002-08-02,2002,8,2,0
2002-08-03,2002,8,3,1.7940383
2002-08-04,2002,8,4,0
2002-08-05,2002,8,5,32.786338
2002-08-06,2002,8,6,33.177982
2002-08-07,2002,8,7,17.75595
2002-08-08,2002,8,8,8.67951
2002-08-09,2002,8,9,0.66613197
2002-08-10,2002,8,10,2.8026819
2002-08-11,2002,8,11,0
2002-08-12,2002,8,12,0
2002-08-13,2002,8,13,0
2002-08-14,2002,8,14,0
2002-08-15,2002,8,15,0
2002-08-16,2002,8,16,0.0056328452
2002-08-17,2002,8,17,13.645128
2002-08-18,2002,8,18,9.4905735
2002-08-19,2002,8,19,2.2152386
2002-08-20,2002,8,20,0
2002-08-21,2002,8,21,8.2238362
2002-08-22,2002,8,22,42.147303
2002-08-23,2002,8,23,110.96368
2002-08-24,2002,8,24,52.189837
2002-08-25,2002,8,25,46.553347
2002-08-26,2002,8,26,13.987759
2002-08-27,2002,8,27,15.947674
2002-08-28,2002,8,28,9.9032634
2002-08-29,2002,8,29,0
2002-08-30,2002,8,30,0
2002-08-31,2002,8,31,0
2002-09-01,2002,9,1,0
2002-09-02,2002,9,2,0
2002-09-03,2002,9,3,26.539989
2002-09-04,2002,9,4,10.918275
2002-09-05,2002,9,5,6.8859419
2002-09-06,2002,9,6,0
2002-09-07,2002,9,7,1.9617646
2002-09-08,2002,9,8,0
2002-09-09,2002,9,9,14.049284
2002-09-10,2002,9,10,11.466375
2002-09-11,2002,9,11,0.0088068278
2002-09-12,2002,9,12,1.3318737
2002-09-13,2002,9,13,0.091137476
2002-09-14,2002,9,14,22.939566
2002-09-15,2002,9,15,11.419615
2002-09-16,2002,9,16,33.495964
2002-09-17,2002,9,17,12.047645
2002-09-18,2002,9,18,2.643361
2002-09-19,2002,9,19,4.6044066
2002-09-20,2002,9,20,0
2002-09-21,2002,9,21,0
2002-09-22,2002,9,22,0
2002-09-23,2002,9,23,11.492715
2002-09-24,2002,9,24,10.721627
2002-09-25,2002,9,25,0
2002-09-26,2002,9,26,0
2002-09-27,2002,9,27,0
2002-09-28,2002,9,28,0
2002-09-29,2002,9,29,6.7341082
2002-09-30,2002,9,30,0
2002-10-01,2002,10,1,14.747449
2002-10-02,2002,10,2,8.3932004
2002-10-03,2002,10,3,32.053149
2002-10-04,2002,10,4,12.817108
2002-10-05,2002,10,5,42.676908
2002-10-06,2002,10,6,47.940528
2002-10-07,2002,10,7,5.6460179
2002-10-08,2002,10,8,25.49351
2002-10-09,2002,10,9,4.5010984
2002-10-10,2002,10,10,2.2909259
2002-10-11,2002,10,11,62.96266
2002-10-12,2002,10,12,45.305763
2002-10-13,2002,10,13,66.085606
2002-10-14,2002,10,14,21.342936
2002-10-15,2002,10,15,5.4519687
2002-10-16,2002,10,16,0
2002-10-17,2002,10,17,8.5860194
2002-10-18,2002,10,18,3.0613513
2002-10-19,2002,10,19,19.086229
2002-10-20,2002,10,20,5.2722194
2002-10-21,2002,10,21,0
2002-10-22,2002,10,22,0
2002-10-23,2002,10,23,2.2980829
2002-10-24,2002,10,24,0.0037376885
2002-10-25,2002,10,25,29.300217
2002-10-26,2002,10,26,6.8187497
2002-10-27,2002,10,27,0
2002-10-28,2002,10,28,0
2002-10-29,2002,10,29,0
2002-10-30,2002,10,30,0
2002-10-31,2002,10,31,3.0324739
2002-11-01,2002,11,1,20.19931
2002-11-02,2002,11,2,3.5465501
2002-11-03,2002,11,3,0
2002-11-04,2002,11,4,0
2002-11-05,2002,11,5,0
2002-11-06,2002,11,6,12.44848
2002-11-07,2002,11,7,11.673459
2002-11-08,2002,11,8,3.7969912
2002-11-09,2002,11,9,1.9231559e-18
2002-11-10,2002,11,10,0
2002-11-11,2002,11,11,0
2002-11-12,2002,11,12,0.088182315
2002-11-13,2002,11,13,25.449012
2002-11-14,2002,11,14,4.6257266
2002-11-15,2002,11,15,0
2002-11-16,2002,11,16,5.1200356
2002-11-17,2002,11,17,12.913116
2002-11-18,2002,11,18,16.419819
2002-11-19,2002,11,19,30.039528
2002-11-20,2002,11,20,6.4667009
2002-11-21,2002,11,21,0
2002-11-22,2002,11,22,0
2002-11-23,2002,11,23,0
2002-11-24,2002,11,24,0
2002-11-25,2002,11,25,13.776671
2002-11-26,2002,11,26,2.8991984
2002-11-27,2002,11,27,0
2002-11-28,2002,11,28,0
2002-11-29,2002,11,29,0
2002-11-30,2002,11,30,0
2002-12-01,2002,12,1,0
2002-12-02,2002,12,2,0
2002-12-03,2002,12,3,0
2002-12-04,2002,12,4,0.047058482
2002-12-05,2002,12,5,0.064028018
2002-12-06,2002,12,6,0
2002-12-07,2002,12,7,0.045931324
2002-12-08,2002,12,8,0
2002-12-09,2002,12,9,0
2002-12-10,2002,12,10,0
2002-12-11,2002,12,11,0
2002-12-12,2002,12,12,0
2002-12-13,2002,12,13,0
2002-12-14,2002,12,14,0.18365687
2002-12-15,2002,12,15,6.2822826
2002-12-16,2002,12,16,0
2002-12-17,2002,12,17,0
2002-12-18,2002,12,18,33.013589
2002-12-19,2002,12,19,0.14871726
2002-12-20,2002,12,20,0
2002-12-21,2002,12,21,4.0924276
2002-12-22,2002,12,22,0
2002-12-23,2002,12,23,0.93975194
2002-12-24,2002,12,24,7.3774361
2002-12-25,2002,12,25,3.3481715
2002-12-26,2002,12,26,10.516292
2002-12-27,2002,12,27,0
2002-12-28,2002,12,28,0
2002-12-29,2002,12,29,0
2002-12-30,2002,12,30,0
2002-12-31,2002,12,31,0
2003-01-01,2003,1,1,0.043847767
2003-01-02,2003,1,2,0
2003-01-03,2003,1,3,0
2003-01-04,2003,1,4,0
2003-01-05,2003,1,5,0
2003-01-06,2003,1,6,0
2003-01-07,2003,1,7,0
2003-01-08,2003,1,8,6.3045781e-05
2003-01-09,2003,1,9,0
2003-01-10,2003,1,10,0
2003-01-11,2003,1,11,0
2003-01-12,2003,1,12,0
2003-01-13,2003,1,13,0
2003-01-14,2003,1,14,0
2003-01-15,2003,1,15,0
2003-01-16,2003,1,16,8.7059859
2003-01-17,2003,1,17,0
2003-01-18,2003,1,18,14.741376
2003-01-19,2003,1,19,3.6999852
2003-01-20,2003,1,20,5.3608714
2003-01-21,2003,1,21,6.3833522
2003-01-22,2003,1,22,3.0315127e-05
2003-01-23,2003,1,23,0
2003-01-24,2003,1,24,0
2003-01-25,2003,1,25,0
2003-01-26,2003,1,26,0.0017486453
2003-01-27,2003,1,27,0
2003-01-28,2003,1,28,0
2003-01-29,2003,1,29,0
2003-01-30,2003,1,30,0.0079561832
2003-01-31,2003,1,31,0
2003-02-01,2003,2,1,0.00073175862
2003-02-02,2003,2,2,0
2003-02-03,2003,2,3,0
2003-02-04,2003,2,4,0
2003-02-05,2003,2,5,0.0078646728
2003-02-06,2003,2,6,0
2003-02-07,2003,2,7,0
2003-02-08,2003,2,8,0
2003-02-09,2003,2,9,0
2003-02-10,2003,2,10,0
2003-02-11,2003,2,11,0
2003-02-12,2003,2,12,0
2003-02-13,2003,2,13,0
2003-02-14,2003,2,14,2.1001216
2003-02-15,2003,2,15,0
2003-02-16,2003,2,16,0
2003-02-17,2003,2,17,1.3842242
2003-02-18,2003,2,18,3.5057991
2003-02-19,2003,2,19,0
2003-02-20,2003,2,20,0
2003-02-21,2003,2,21,0
2003-02-22,2003,2,22,0
2003-02-23,2003,2,23,0
2003-02-24,2003,2,24,0.0017476996
2003-02-25,2003,2,25,0
2003-02-26,2003,2,26,0
2003-02-27,2003,2,27,0
2003-02-28,2003,2,28,0
2003-03-01,2003,3,1,0
2003-03-02,2003,3,2,0
2003-03-03,2003,3,3,0
2003-03-04,2003,3,4,0
2003-03-05,2003,3,5,0
2003-03-06,2003,3,6,0
2003-03-07,2003,3,7,0
2003-03-08,2003,3,8,0
2003-03-09,2003,3,9,0
2003-03-10,2003,3,10,0
2003-03-11,2003,3,11,0
2003-03-12,2003,3,12,0
2003-03-13,2003,3,13,1.0105413
2003-03-14,2003,3,14,1.8512873
2003-03-15,2003,3,15,0
2003-03-16,2003,3,16,0
2003-03-17,2003,3,17,0
2003-03-18,2003,3,18,0
2003-03-19,2003,3,19,4.3412071
2003-03-20,2003,3,20,0
2003-03-21,2003,3,21,0
2003-03-22,2003,3,22,0
2003-03-23,2003,3,23,2.4704042
2003-03-24,2003,3,24,0
2003-03-25,2003,3,25,6.3752585
2003-03-26,2003,3,26,9.3465908
2003-03-27,2003,3,27,0
2003-03-28,2003,3,28,0.0036657579
2003-03-29,2003,3,29,0.23941217
2003-03-30,2003,3,30,0
2003-03-31,2003,3,31,1.8983584e-19
2003-04-01,2003,4,1,0.0074409832
2003-04-02,2003,4,2,0.008176661
2003-04-03,2003,4,3,0
2003-04-04,2003,4,4,0
2003-04-05,2003,4,5,0
2003-04-06,2003,4,6,0
2003-04-07,2003,4,7,0.072151057
2003-04-08,2003,4,8,0.22664952
2003-04-09,2003,4,9,0
2003-04-10,2003,4,10,0
2003-04-11,2003,4,11,0
2003-04-12,2003,4,12,0
2003-04-13,2003,4,13,0
2003-04-14,2003,4,14,0
2003-04-15,2003,4,15,0
2003-04-16,2003,4,16,0
2003-04-17,2003,4,17,0
2003-04-18,2003,4,18,0
2003-04-19,2003,4,19,3.3174109
2003-04-20,2003,4,20,28.690129
2003-04-21,2003,4,21,8.05303
2003-04-22,2003,4,22,0
2003-04-23,2003,4,23,0
2003-04-24,2003,4,24,0
2003-04-25,2003,4,25,0
2003-04-26,2003,4,26,0
2003-04-27,2003,4,27,0
2003-04-28,2003,4,28,0
2003-04-29,2003,4,29,3.394805
2003-04-30,2003,4,30,0
2003-05-01,2003,5,1,0
2003-05-02,2003,5,2,0
2003-05-03,2003,5,3,0
2003-05-04,2003,5,4,0
2003-05-05,2003,5,5,0
2003-05-06,2003,5,6,0
2003-05-07,2003,5,7,0
2003-05-08,2003,5,8,0
2003-05-09,2003,5,9,6.1696748
2003-05-10,2003,5,10,0
2003-05-11,2003,5,11,0
2003-05-12,2003,5,12,0.0010848469
2003-05-13,2003,5,13,0.0057534438
2003-05-14,2003,5,14,0
2003-05-15,2003,5,15,0
2003-05-16,2003,5,16,0
2003-05-17,2003,5,17,0
2003-05-18,2003,5,18,0.11413082
2003-05-19,2003,5,19,0
2003-05-20,2003,5,20,22.61112
2003-05-21,2003,5,21,41.074402
2003-05-22,2003,5,22,9.0151025
2003-05-23,2003,5,23,0.61373616
2003-05-24,2003,5,24,0
2003-05-25,2003,5,25,9.9223273
2003-05-26,2003,5,26,0
2003-05-27,2003,5,27,0
2003-05-28,2003,5,28,0
2003-05-29,2003,5,29,2.8352936
2003-05-30,2003,5,30,7.3299994
2003-05-31,2003,5,31,0
2003-06-01,2003,6,1,0
2003-06-02,2003,6,2,0
2003-06-03,2003,6,3,0
2003-06-04,2003,6,4,46.408141
2003-06-05,2003,6,5,19.911926
2003-06-06,2003,6,6,0
2003-06-07,2003,6,7,0
2003-06-08,2003,6,8,0
2003-06-09,2003,6,9,24.619865
2003-06-10,2003,6,10,18.511148
2003-06-11,2003,6,11,22.713208
2003-06-12,2003,6,12,22.430166
2003-06-13,2003,6,13,18.903766
2003-06-14,2003,6,14,43.784688
2003-06-15,2003,6,15,51.763569
2003-06-16,2003,6,16,11.640552
2003-06-17,2003,6,17,15.348001
2003-06-18,2003,6,18,64.292535
2003-06-19,2003,6,19,119.43509
2003-06-20,2003,6,20,36.453254
2003-06-21,2003,6,21,58.126025
2003-06-22,2003,6,22,28.167597
2003-06-23,2003,6,23,14.35443
2003-06-24,2003,6,24,0.0078969424
2003-06-25,2003,6,25,11.925692
2003-06-26,2003,6,26,18.571338
2003-06-27,2003,6,27,0.19421238
2003-06-28,2003,6,28,0
2003-06-29,2003,6,29,12.816101
2003-06-30,2003,6,30,23.293377
2003-07-01,2003,7,1,0
2003-07-02,2003,7,2,0
2003-07-03,2003,7,3,0
2003-07-04,2003,7,4,0
2003-07-05,2003,7,5,0
2003-07-06,2003,7,6,26.720767
2003-07-07,2003,7,7,38.162683
2003-07-08,2003,7,8,2.8745885
2003-07-09,2003,7,9,0
2003-07-10,2003,7,10,0
2003-07-11,2003,7,11,0
2003-07-12,2003,7,12,0
2003-07-13,2003,7,13,31.323909
2003-07-14,2003,7,14,5.933142
2003-07-15,2003,7,15,0
2003-07-16,2003,7,16,0
2003-07-17,2003,7,17,20.314825
2003-07-18,2003,7,18,55.046568
2003-07-19,2003,7,19,61.198174
2003-07-20,2003,7,20,12.135922
2003-07-21,2003,7,21,1.660212
2003-07-22,2003,7,22,0.62598988
2003-07-23,2003,7,23,1.8058916
2003-07-24,2003,7,24,0
2003-07-25,2003,7,25,0
2003-07-26,2003,7,26,0
2003-07-27,2003,7,27,0
2003-07-28,2003,7,28,0
2003-07-29,2003,7,29,0
2003-07-30,2003,7,30,0
2003-07-31,2003,7,31,7.9011332
2003-08-01,2003,8,1,3.7677645
2003-08-02,2003,8,2,0
2003-08-03,2003,8,3,12.766206
2003-08-04,2003,8,4,5.9369766
2003-08-05,2003,8,5,0.35133985
2003-08-06,2003,8,6,11.440573
2003-08-07,2003,8,7,9.2102488
2003-08-08,2003,8,8,0
2003-08-09,2003,8,9,0
2003-08-10,2003,8,10,0
2003-08-11,2003,8,11,0
2003-08-12,2003,8,12,0
2003-08-13,2003,8,13,0
2003-08-14,2003,8,14,0
2003-08-15,2003,8,15,0
2003-08-16,2003,8,16,0
2003-08-17,2003,8,17,3.7297392
2003-08-18,2003,8,18,27.507008
2003-08-19,2003,8,19,17.477541
2003-08-20,2003,8,20,13.267634
2003-08-21,2003,8,21,0.10709748
2003-08-22,2003,8,22,0
2003-08-23,2003,8,23,0
2003-08-24,2003,8,24,0.27233216
2003-08-25,2003,8,25,0
2003-08-26,2003,8,26,0
2003-08-27,2003,8,27,0
2003-08-28,2003,8,28,0
2003-08-29,2003,8,29,0
2003-08-30,2003,8,30,21.576209
2003-08-31,2003,8,31,0
2003-09-01,2003,9,1,0
2003-09-02,2003,9,2,0
2003-09-03,2003,9,3,0
2003-09-04,2003,9,4,41.08089
2003-09-05,2003,9,5,34.889637
2003-09-06,2003,9,6,9.876391
2003-09-07,2003,9,7,0.36597463
2003-09-08,2003,9,8,0
2003-09-09,2003,9,9,0
2003-09-10,2003,9,10,0.0025378459
2003-09-11,2003,9,11,23.59864
2003-09-12,2003,9,12,0.26971561
2003-09-13,2003,9,13,0
2003-09-14,2003,9,14,0
2003-09-15,2003,9,15,0
2003-09-16,2003,9,16,11.962552
2003-09-17,2003,9,17,9.683954
2003-09-18,2003,9,18,22.651948
2003-09-19,2003,9,19,0.0084182172
2003-09-20,2003,9,20,0.017253696
2003-09-21,2003,9,21,0
2003-09-22,2003,9,22,9.1679264
2003-09-23,2003,9,23,0
2003-09-24,2003,9,24,0
2003-09-25,2003,9,25,0
2003-09-26,2003,9,26,46.03811
2003-09-27,2003,9,27,0.045187327
2003-09-28,2003,9,28,0
2003-09-29,2003,9,29,0
2003-09-30,2003,9,30,23.392779
2003-10-01,2003,10,1,0
2003-10-02,2003,10,2,0
2003-10-03,2003,10,3,0
2003-10-04,2003,10,4,0
2003-10-05,2003,10,5,0
2003-10-06,2003,10,6,5.5079753
2003-10-07,2003,10,7,44.004824
2003-10-08,2003,10,8,14.708422
2003-10-09,2003,10,9,0
2003-10-10,2003,10,10,0
2003-10-11,2003,10,11,0
2003-10-12,2003,10,12,0
2003-10-13,2003,10,13,0
2003-10-14,2003,10,14,0
2003-10-15,2003,10,15,4.2411581
2003-10-16,2003,10,16,0
2003-10-17,2003,10,17,16.473331
2003-10-18,2003,10,18,0
2003-10-19,2003,10,19,0
2003-10-20,2003,10,20,0
2003-10-21,2003,10,21,0
2003-10-22,2003,10,22,0
2003-10-23,2003,10,23,15.22678
2003-10-24,2003,10,24,8.6196775
2003-10-25,2003,10,25,35.374927
2003-10-26,2003,10,26,0
2003-10-27,2003,10,27,0
2003-10-28,2003,10,28,0
2003-10-29,2003,10,29,8.6884375e-18
2003-10-30,2003,10,30,0
2003-10-31,2003,10,31,0
2003-11-01,2003,11,1,0
2003-11-02,2003,11,2,0
2003-11-03,2003,11,3,0
2003-11-04,2003,11,4,0
2003-11-05,2003,11,5,0
2003-11-06,2003,11,6,10.449062
2003-11-07,2003,11,7,0.27349868
2003-11-08,2003,11,8,0.98039265
2003-11-09,2003,11,9,0
2003-11-10,2003,11,10,3.3930703
2003-11-11,2003,11,11,6.3776851
2003-11-12,2003,11,12,0
2003-11-13,2003,11,13,0
2003-11-14,2003,11,14,1.1161809
2003-11-15,2003,11,15,19.295694
2003-11-16,2003,11,16,56.22357
2003-11-17,2003,11,17,10.564906
2003-11-18,2003,11,18,2.0094694
2003-11-19,2003,11,19,0
2003-11-20,2003,11,20,0
2003-11-21,2003,11,21,0.81481418
2003-11-22,2003,11,22,0
2003-11-23,2003,11,23,0
2003-11-24,2003,11,24,0
2003-11-25,2003,11,25,0
2003-11-26,2003,11,26,0
2003-11-27,2003,11,27,0
2003-11-28,2003,11,28,0
2003-11-29,2003,11,29,0
2003-11-30,2003,11,30,0
2003-12-01,2003,12,1,5.349903
2003-12-02,2003,12,2,0.37117467
2003-12-03,2003,12,3,5.8064898
2003-12-04,2003,12,4,5.1336233
2003-12-05,2003,12,5,0.1461235
2003-12-06,2003,12,6,0
2003-12-07,2003,12,7,0.52926645
2003-12-08,2003,12,8,0.0022759686
2003-12-09,2003,12,9,32.470713
2003-12-10,2003,12,10,25.080669
2003-12-11,2003,12,11,0.0034059516
2003-12-12,2003,12,12,0
2003-12-13,2003,12,13,4.4466328
2003-12-14,2003,12,14,6.3497429
2003-12-15,2003,12,15,0
2003-12-16,2003,12,16,0
2003-12-17,2003,12,17,0
2003-12-18,2003,12,18,0
2003-12-19,2003,12,19,0
2003-12-20,2003,12,20,7.4668188
2003-12-21,2003,12,21,5.6798739
2003-12-22,2003,12,22,0
2003-12-23,2003,12,23,0
2003-12-24,2003,12,24,0
2003-12-25,2003,12,25,0.32381852
2003-12-26,2003,12,26,5.8054473
2003-12-27,2003,12,27,0
2003-12-28,2003,12,28,0
2003-12-29,2003,12,29,0
2003-12-30,2003,12,30,0
2003-12-31,2003,12,31,0
2004-01-01,2004,1,1,1.9491454e-06
2004-01-02,2004,1,2,0.45606598
2004-01-03,2004,1,3,0
2004-01-04,2004,1,4,0
2004-01-05,2004,1,5,0
2004-01-06,2004,1,6,0
2004-01-07,2004,1,7,0
2004-01-08,2004,1,8,0
2004-01-09,2004,1,9,0
2004-01-10,2004,1,10,0
2004-01-11,2004,1,11,0
2004-01-12,2004,1,12,0
2004-01-13,2004,1,13,0
2004-01-14,2004,1,14,0
2004-01-15,2004,1,15,0.35924411
2004-01-16,2004,1,16,0.45503315
2004-01-17,2004,1,17,0
2004-01-18,2004,1,18,0.011733575
2004-01-19,2004,1,19,0
2004-01-20,2004,1,20,0
2004-01-21,2004,1,21,0
2004-01-22,2004,1,22,0
2004-01-23,2004,1,23,0.0055672761
2004-01-24,2004,1,24,0.071503383
2004-01-25,2004,1,25,0
2004-01-26,2004,1,26,0
2004-01-27,2004,1,27,0
2004-01-28,2004,1,28,2.6135986
2004-01-29,2004,1,29,0
2004-01-30,2004,1,30,1.7586107
2004-01-31,2004,1,31,0
2004-02-01,2004,2,1,0
2004-02-02,2004,2,2,0
2004-02-03,2004,2,3,0.014259756
2004-02-04,2004,2,4,0
2004-02-05,2004,2,5,0
2004-02-06,2004,2,6,0
2004-02-07,2004,2,7,2.456247
2004-02-08,2004,2,8,0
2004-02-09,2004,2,9,0
2004-02-10,2004,2,10,0
2004-02-11,2004,2,11,0
2004-02-12,2004,2,12,0
2004-02-13,2004,2,13,0
2004-02-14,2004,2,14,0
2004-02-15,2004,2,15,16.627534
2004-02-16,2004,2,16,0.78819085
2004-02-17,2004,2,17,0
2004-02-18,2004,2,18,0
2004-02-19,2004,2,19,0
2004-02-20,2004,2,20,0
2004-02-21,2004,2,21,0
2004-02-22,2004,2,22,0
2004-02-23,2004,2,23,0
2004-02-24,2004,2,24,0.020208987
2004-02-25,2004,2,25,0
2004-02-26,2004,2,26,0
2004-02-27,2004,2,27,0.4027017
2004-02-28,2004,2,28,0.89053156
2004-02-29,2004,2,29,0.7484814
2004-03-01,2004,3,1,23.193911
2004-03-02,2004,3,2,2.3965817
2004-03-03,2004,3,3,0
2004-03-04,2004,3,4,0
2004-03-05,2004,3,5,10.360419
2004-03-06,2004,3,6,0
2004-03-07,2004,3,7,0
2004-03-08,2004,3,8,0
2004-03-09,2004,3,9,0
2004-03-10,2004,3,10,7.897171e-18
2004-03-11,2004,3,11,4.9284166
2004-03-12,2004,3,12,0
2004-03-13,2004,3,13,0.29654925
2004-03-14,2004,3,14,0
2004-03-15,2004,3,15,0
2004-03-16,2004,3,16,7.73283
2004-03-17,2004,3,17,0
2004-03-18,2004,3,18,0
2004-03-19,2004,3,19,0
2004-03-20,2004,3,20,0
2004-03-21,2004,3,21,0
2004-03-22,2004,3,22,0
2004-03-23,2004,3,23,0
2004-03-24,2004,3,24,0
2004-03-25,2004,3,25,0
2004-03-26,2004,3,26,0
2004-03-27,2004,3,27,0
2004-03-28,2004,3,28,7.1528915
2004-03-29,2004,3,29,0
2004-03-30,2004,3,30,12.345782
2004-03-31,2004,3,31,25.768918
2004-04-01,2004,4,1,12.648943
2004-04-02,2004,4,2,10.617387
2004-04-03,2004,4,3,16.740446
2004-04-04,2004,4,4,1.1679338
2004-04-05,2004,4,5,27.585892
2004-04-06,2004,4,6,13.084115
2004-04-07,2004,4,7,23.796352
2004-04-08,2004,4,8,0
2004-04-09,2004,4,9,0
2004-04-10,2004,4,10,1.1193895
2004-04-11,2004,4,11,95.647525
2004-04-12,2004,4,12,34.716744
2004-04-13,2004,4,13,12.075678
2004-04-14,2004,4,14,0
2004-04-15,2004,4,15,0.46358145
2004-04-16,2004,4,16,3.8554876
2004-04-17,2004,4,17,5.76399
2004-04-18,2004,4,18,0
2004-04-19,2004,4,19,6.5483032
2004-04-20,2004,4,20,27.622808
2004-04-21,2004,4,21,17.469309
2004-04-22,2004,4,22,6.0568458
2004-04-23,2004,4,23,0
2004-04-24,2004,4,24,0
2004-04-25,2004,4,25,0
2004-04-26,2004,4,26,0
2004-04-27,2004,4,27,0
2004-04-28,2004,4,28,2.2352151
2004-04-29,2004,4,29,1.6253927
2004-04-30,2004,4,30,2.9505227
2004-05-01,2004,5,1,20.975483
2004-05-02,2004,5,2,0.58280558
2004-05-03,2004,5,3,0
2004-05-04,2004,5,4,0
2004-05-05,2004,5,5,0
2004-05-06,2004,5,6,0
2004-05-07,2004,5,7,0
2004-05-08,2004,5,8,0
2004-05-09,2004,5,9,0
2004-05-10,2004,5,10,0
2004-05-11,2004,5,11,0
2004-05-12,2004,5,12,5.1333851e-05
2004-05-13,2004,5,13,0
2004-05-14,2004,5,14,0
2004-05-15,2004,5,15,0
2004-05-16,2004,5,16,0
2004-05-17,2004,5,17,0
2004-05-18,2004,5,18,0
2004-05-19,2004,5,19,0
2004-05-20,2004,5,20,6.5169482
2004-05-21,2004,5,21,0.24614182
2004-05-22,2004,5,22,0.0010888936
2004-05-23,2004,5,23,0
2004-05-24,2004,5,24,0
2004-05-25,2004,5,25,0
2004-05-26,2004,5,26,0
2004-05-27,2004,5,27,0
2004-05-28,2004,5,28,0
2004-05-29,2004,5,29,0
2004-05-30,2004,5,30,0
2004-05-31,2004,5,31,0
2004-06-01,2004,6,1,0
2004-06-02,2004,6,2,0
2004-06-03,2004,6,3,12.611819
2004-06-04,2004,6,4,12.705054
2004-06-05,2004,6,5,0.21572087
2004-06-06,2004,6,6,0
2004-06-07,2004,6,7,14.860469
2004-06-08,2004,6,8,77.226562
2004-06-09,2004,6,9,15.061176
2004-06-10,2004,6,10,0
2004-06-11,2004,6,11,0
2004-06-12,2004,6,12,0
2004-06-13,2004,6,13,21.218489
2004-06-14,2004,6,14,45.951855
2004-06-15,2004,6,15,47.847089
2004-06-16,2004,6,16,0
2004-06-17,2004,6,17,22.247013
2004-06-18,2004,6,18,34.224173
2004-06-19,2004,6,19,40.787936
2004-06-20,2004,6,20,1.2395831
2004-06-21,2004,6,21,25.645334
2004-06-22,2004,6,22,15.785142
2004-06-23,2004,6,23,0.55257405
2004-06-24,2004,6,24,1.3086959
2004-06-25,2004,6,25,1.9061525
2004-06-26,2004,6,26,24.391602
2004-06-27,2004,6,27,36.902812
2004-06-28,2004,6,28,40.580099
2004-06-29,2004,6,29,0
2004-06-30,2004,6,30,17.162081
2004-07-01,2004,7,1,48.830471
2004-07-02,2004,7,2,20.155653
2004-07-03,2004,7,3,10.884236
2004-07-04,2004,7,4,1.9136627
2004-07-05,2004,7,5,0
2004-07-06,2004,7,6,0
2004-07-07,2004,7,7,0
2004-07-08,2004,7,8,33.151616
2004-07-09,2004,7,9,0
2004-07-10,2004,7,10,0
2004-07-11,2004,7,11,29.829163
2004-07-12,2004,7,12,47.928503
2004-07-13,2004,7,13,26.382545
2004-07-14,2004,7,14,20.533234
2004-07-15,2004,7,15,0.58082069
2004-07-16,2004,7,16,0.054406416
2004-07-17,2004,7,17,0
2004-07-18,2004,7,18,15.203522
2004-07-19,2004,7,19,0.22761728
2004-07-20,2004,7,20,10.718867
2004-07-21,2004,7,21,19.465918
2004-07-22,2004,7,22,9.1182806
2004-07-23,2004,7,23,10.60389
2004-07-24,2004,7,24,3.4241283
2004-07-25,2004,7,25,16.843251
2004-07-26,2004,7,26,12.441146
2004-07-27,2004,7,27,7.8128385
2004-07-28,2004,7,28,1.4581036
2004-07-29,2004,7,29,0
2004-07-30,2004,7,30,0
2004-07-31,2004,7,31,0
2004-08-01,2004,8,1,3.0878714
2004-08-02,2004,8,2,9.7316014
2004-08-03,2004,8,3,4.9746357
2004-08-04,2004,8,4,7.9663713
2004-08-05,2004,8,5,1.6808881
2004-08-06,2004,8,6,0
2004-08-07,2004,8,7,0
2004-08-08,2004,8,8,0
2004-08-09,2004,8,9,0
2004-08-10,2004,8,10,0
2004-08-11,2004,8,11,4.3540473
2004-08-12,2004,8,12,0
2004-08-13,2004,8,13,21.401702
2004-08-14,2004,8,14,0
2004-08-15,2004,8,15,0
2004-08-16,2004,8,16,3.0702647
2004-08-17,2004,8,17,0.087730087
2004-08-18,2004,8,18,0
2004-08-19,2004,8,19,0
2004-08-20,2004,8,20,0
2004-08-21,2004,8,21,0
2004-08-22,2004,8,22,0
2004-08-23,2004,8,23,0.76250985
2004-08-24,2004,8,24,0
2004-08-25,2004,8,25,0
2004-08-26,2004,8,26,11.681245
2004-08-27,2004,8,27,30.197914
2004-08-28,2004,8,28,17.178175
2004-08-29,2004,8,29,0
2004-08-30,2004,8,30,0
2004-08-31,2004,8,31,0
2004-09-01,2004,9,1,0
2004-09-02,2004,9,2,0
2004-09-03,2004,9,3,24.413892
2004-09-04,2004,9,4,43.224131
2004-09-05,2004,9,5,38.122075
2004-09-06,2004,9,6,19.613379
2004-09-07,2004,9,7,0.38161443
2004-09-08,2004,9,8,0
2004-09-09,2004,9,9,0
2004-09-10,2004,9,10,0
2004-09-11,2004,9,11,0
2004-09-12,2004,9,12,0
2004-09-13,2004,9,13,0.013305553
2004-09-14,2004,9,14,0
2004-09-15,2004,9,15,0
2004-09-16,2004,9,16,0
2004-09-17,2004,9,17,43.576191
2004-09-18,2004,9,18,24.167473
2004-09-19,2004,9,19,0
2004-09-20,2004,9,20,0
2004-09-21,2004,9,21,0.00012163064
2004-09-22,2004,9,22,0
2004-09-23,2004,9,23,0.29993929
2004-09-24,2004,9,24,0
2004-09-25,2004,9,25,0
2004-09-26,2004,9,26,1.7396769
2004-09-27,2004,9,27,0.51267871
2004-09-28,2004,9,28,0
2004-09-29,2004,9,29,0
2004-09-30,2004,9,30,0
2004-10-01,2004,10,1,0
2004-10-02,2004,10,2,0
2004-10-03,2004,10,3,0
2004-10-04,2004,10,4,0
2004-10-05,2004,10,5,0
2004-10-06,2004,10,6,0.071099311
2004-10-07,2004,10,7,0
2004-10-08,2004,10,8,8.1320085
2004-10-09,2004,10,9,11.844564
2004-10-10,2004,10,10,21.445419
2004-10-11,2004,10,11,3.6432618
2004-10-12,2004,10,12,0
2004-10-13,2004,10,13,0
2004-10-14,2004,10,14,0.1018561
2004-10-15,2004,10,15,25.25481
2004-10-16,2004,10,16,12.028655
2004-10-17,2004,10,17,10.073518
2004-10-18,2004,10,18,0
2004-10-19,2004,10,19,0
2004-10-20,2004,10,20,0
2004-10-21,2004,10,21,25.76578
2004-10-22,2004,10,22,9.9598971
2004-10-23,2004,10,23,7.2154259
2004-10-24,2004,10,24,20.539533
2004-10-25,2004,10,25,44.274774
2004-10-26,2004,10,26,1.5465348
2004-10-27,2004,10,27,0
2004-10-28,2004,10,28,0
2004-10-29,2004,10,29,0
2004-10-30,2004,10,30,0
2004-10-31,2004,10,31,2.809587
2004-11-01,2004,11,1,50.380305
2004-11-02,2004,11,2,34.172479
2004-11-03,2004,11,3,10.133093
2004-11-04,2004,11,4,1.4311232
2004-11-05,2004,11,5,0
2004-11-06,2004,11,6,0
2004-11-07,2004,11,7,0
2004-11-08,2004,11,8,1.9093009
2004-11-09,2004,11,9,0.0059498709
2004-11-10,2004,11,10,0
2004-11-11,2004,11,11,3.8987399
2004-11-12,2004,11,12,21.770739
2004-11-13,2004,11,13,5.5866859
2004-11-14,2004,11,14,9.3264795
2004-11-15,2004,11,15,0
2004-11-16,2004,11,16,0
2004-11-17,2004,11,17,0
2004-11-18,2004,11,18,0
2004-11-19,2004,11,19,0
2004-11-20,2004,11,20,0
2004-11-21,2004,11,21,1.2635796
2004-11-22,2004,11,22,2.2566162
2004-11-23,2004,11,23,0.0016755085
2004-11-24,2004,11,24,0.43630741
2004-11-25,2004,11,25,3.8332719
2004-11-26,2004,11,26,0
2004-11-27,2004,11,27,0
2004-11-28,2004,11,28,0
2004-11-29,2004,11,29,0
2004-11-30,2004,11,30,10.521834
2004-12-01,2004,12,1,9.3769315
2004-12-02,2004,12,2,4.5303181
2004-12-03,2004,12,3,7.7619232
2004-12-04,2004,12,4,0
2004-12-05,2004,12,5,0
2004-12-06,2004,12,6,0.0034916555
2004-12-07,2004,12,7,0
2004-12-08,2004,12,8,0
2004-12-09,2004,12,9,0
2004-12-10,2004,12,10,0
2004-12-11,2004,12,11,0
2004-12-12,2004,12,12,0
2004-12-13,2004,12,13,0
2004-12-14,2004,12,14,5.6058529
2004-12-15,2004,12,15,0
2004-12-16,2004,12,16,0
2004-12-17,2004,12,17,1.4787811
2004-12-18,2004,12,18,0.14162495
2004-12-19,2004,12,19,0
2004-12-20,2004,12,20,0
2004-12-21,2004,12,21,0
2004-12-22,2004,12,22,0
2004-12-23,2004,12,23,17.007702
2004-12-24,2004,12,24,0
2004-12-25,2004,12,25,0
2004-12-26,2004,12,26,0
2004-12-27,2004,12,27,0
2004-12-28,2004,12,28,0.011664318
2004-12-29,2004,12,29,0.053244919
2004-12-30,2004,12,30,0
2004-12-31,2004,12,31,0
2005-01-01,2005,1,1,0
2005-01-02,2005,1,2,0
2005-01-03,2005,1,3,0
2005-01-04,2005,1,4,0.57140286
2005-01-05,2005,1,5,0.74532501
2005-01-06,2005,1,6,0
2005-01-07,2005,1,7,0
2005-01-08,2005,1,8,0.37903903
2005-01-09,2005,1,9,0
2005-01-10,2005,1,10,0
2005-01-11,2005,1,11,0
2005-01-12,2005,1,12,0
2005-01-13,2005,1,13,0
2005-01-14,2005,1,14,0
2005-01-15,2005,1,15,0
2005-01-16,2005,1,16,0
2005-01-17,2005,1,17,0
2005-01-18,2005,1,18,0
2005-01-19,2005,1,19,0
2005-01-20,2005,1,20,0
2005-01-21,2005,1,21,21.980193
2005-01-22,2005,1,22,0
2005-01-23,2005,1,23,0
2005-01-24,2005,1,24,0
2005-01-25,2005,1,25,0
2005-01-26,2005,1,26,0
2005-01-27,2005,1,27,0
2005-01-28,2005,1,28,6.8729607
2005-01-29,2005,1,29,3.9533265
2005-01-30,2005,1,30,0.53459394
2005-01-31,2005,1,31,0
2005-02-01,2005,2,1,0
2005-02-02,2005,2,2,0
2005-02-03,2005,2,3,0
2005-02-04,2005,2,4,0
2005-02-05,2005,2,5,0
2005-02-06,2005,2,6,4.7589104
2005-02-07,2005,2,7,0
2005-02-08,2005,2,8,0
2005-02-09,2005,2,9,0
2005-02-10,2005,2,10,0
2005-02-11,2005,2,11,2.8202249
2005-02-12,2005,2,12,0.89691963
2005-02-13,2005,2,13,0
2005-02-14,2005,2,14,0
2005-02-15,2005,2,15,0
2005-02-16,2005,2,16,0
2005-02-17,2005,2,17,0
2005-02-18,2005,2,18,0
2005-02-19,2005,2,19,0
2005-02-20,2005,2,20,0
2005-02-21,2005,2,21,0
2005-02-22,2005,2,22,0
2005-02-23,2005,2,23,0
2005-02-24,2005,2,24,0
2005-02-25,2005,2,25,0
2005-02-26,2005,2,26,0
2005-02-27,2005,2,27,0
2005-02-28,2005,2,28,0
2005-03-01,2005,3,1,0
2005-03-02,2005,3,2,0
2005-03-03,2005,3,3,15.970714
2005-03-04,2005,3,4,0
2005-03-05,2005,3,5,0
2005-03-06,2005,3,6,19.012817
2005-03-07,2005,3,7,4.414434
2005-03-08,2005,3,8,0
2005-03-09,2005,3,9,0
2005-03-10,2005,3,10,0
2005-03-11,2005,3,11,0
2005-03-12,2005,3,12,0
2005-03-13,2005,3,13,0
2005-03-14,2005,3,14,0.0083152131
2005-03-15,2005,3,15,10.42462
2005-03-16,2005,3,16,0
2005-03-17,2005,3,17,0
2005-03-18,2005,3,18,0.00018824629
2005-03-19,2005,3,19,15.11509
2005-03-20,2005,3,20,1.474082
2005-03-21,2005,3,21,0
2005-03-22,2005,3,22,0
2005-03-23,2005,3,23,0
2005-03-24,2005,3,24,0
2005-03-25,2005,3,25,0
2005-03-26,2005,3,26,0
2005-03-27,2005,3,27,0
2005-03-28,2005,3,28,0
2005-03-29,2005,3,29,0
2005-03-30,2005,3,30,0
2005-03-31,2005,3,31,0
2005-04-01,2005,4,1,0
2005-04-02,2005,4,2,0
2005-04-03,2005,4,3,0
2005-04-04,2005,4,4,11.560445
2005-04-05,2005,4,5,5.7148829
2005-04-06,2005,4,6,25.906807
2005-04-07,2005,4,7,0.0020668568
2005-04-08,2005,4,8,0
2005-04-09,2005,4,9,0
2005-04-10,2005,4,10,9.5999736
2005-04-11,2005,4,11,0
2005-04-12,2005,4,12,0
2005-04-13,2005,4,13,0
2005-04-14,2005,4,14,0
2005-04-15,2005,4,15,0
2005-04-16,2005,4,16,0
2005-04-17,2005,4,17,0
2005-04-18,2005,4,18,0
2005-04-19,2005,4,19,0
2005-04-20,2005,4,20,0
2005-04-21,2005,4,21,0
2005-04-22,2005,4,22,0
2005-04-23,2005,4,23,0.43429172
2005-04-24,2005,4,24,1.801308e-05
2005-04-25,2005,4,25,0
2005-04-26,2005,4,26,0
2005-04-27,2005,4,27,0
2005-04-28,2005,4,28,0
2005-04-29,2005,4,29,0
2005-04-30,2005,4,30,0.15891803
2005-05-01,2005,5,1,0
2005-05-02,2005,5,2,0
2005-05-03,2005,5,3,38.085304
2005-05-04,2005,5,4,4.4500117
2005-05-05,2005,5,5,0
2005-05-06,2005,5,6,0
2005-05-07,2005,5,7,8.8135071
2005-05-08,2005,5,8,23.650204
2005-05-09,2005,5,9,46.898345
2005-05-10,2005,5,10,14.277572
2005-05-11,2005,5,11,42.058366
2005-05-12,2005,5,12,16.014349
2005-05-13,2005,5,13,2.4497638
2005-05-14,2005,5,14,0
2005-05-15,2005,5,15,3.3913173
2005-05-16,2005,5,16,59.063579
2005-05-17,2005,5,17,41.793489
2005-05-18,2005,5,18,34.023967
2005-05-19,2005,5,19,18.406021
2005-05-20,2005,5,20,11.427134
2005-05-21,2005,5,21,0.02142474
2005-05-22,2005,5,22,21.915321
2005-05-23,2005,5,23,30.110723
2005-05-24,2005,5,24,12.974463
2005-05-25,2005,5,25,34.333062
2005-05-26,2005,5,26,21.235695
2005-05-27,2005,5,27,69.441616
2005-05-28,2005,5,28,72.660925
2005-05-29,2005,5,29,4.1839018
2005-05-30,2005,5,30,0.09794275
2005-05-31,2005,5,31,6.2991168
2005-06-01,2005,6,1,18.102062
2005-06-02,2005,6,2,12.028766
2005-06-03,2005,6,3,13.593573
2005-06-04,2005,6,4,12.073968
2005-06-05,2005,6,5,3.5745843
2005-06-06,2005,6,6,88.491746
2005-06-07,2005,6,7,9.3297642
2005-06-08,2005,6,8,1.3610719
2005-06-09,2005,6,9,34.057383
2005-06-10,2005,6,10,8.0575856
2005-06-11,2005,6,11,29.730624
2005-06-12,2005,6,12,1.089487
2005-06-13,2005,6,13,0
2005-06-14,2005,6,14,0
2005-06-15,2005,6,15,2.1204402
2005-06-16,2005,6,16,2.2346052
2005-06-17,2005,6,17,20.732761
2005-06-18,2005,6,18,13.818256
2005-06-19,2005,6,19,0
2005-06-20,2005,6,20,0.34589517
2005-06-21,2005,6,21,13.647963
2005-06-22,2005,6,22,0.047054116
2005-06-23,2005,6,23,7.548541
2005-06-24,2005,6,24,5.8046836
2005-06-25,2005,6,25,7.2677051
2005-06-26,2005,6,26,95.646668
2005-06-27,2005,6,27,22.224118
2005-06-28,2005,6,28,48.076552
2005-06-29,2005,6,29,21.264521
2005-06-30,2005,6,30,55.329736
2005-07-01,2005,7,1,59.999186
2005-07-02,2005,7,2,35.926097
2005-07-03,2005,7,3,6.2410273
2005-07-04,2005,7,4,0
2005-07-05,2005,7,5,0.020133355
2005-07-06,2005,7,6,0
2005-07-07,2005,7,7,29.228397
2005-07-08,2005,7,8,0
2005-07-09,2005,7,9,8.5002702
2005-07-10,2005,7,10,0
2005-07-11,2005,7,11,0
2005-07-12,2005,7,12,31.179284
2005-07-13,2005,7,13,9.4918397
2005-07-14,2005,7,14,0.051727732
2005-07-15,2005,7,15,0
2005-07-16,2005,7,16,1.0181458
2005-07-17,2005,7,17,0
2005-07-18,2005,7,18,0
2005-07-19,2005,7,19,0
2005-07-20,2005,7,20,0.023221688
2005-07-21,2005,7,21,0
2005-07-22,2005,7,22,0
2005-07-23,2005,7,23,0
2005-07-24,2005,7,24,0
2005-07-25,2005,7,25,0
2005-07-26,2005,7,26,0
2005-07-27,2005,7,27,9.8580648
2005-07-28,2005,7,28,18.930659
2005-07-29,2005,7,29,46.974247
2005-07-30,2005,7,30,31.759042
2005-07-31,2005,7,31,17.849594
2005-08-01,2005,8,1,38.579372
2005-08-02,2005,8,2,32.499415
2005-08-03,2005,8,3,19.272337
2005-08-04,2005,8,4,1.5372921
2005-08-05,2005,8,5,10.237015
2005-08-06,2005,8,6,0
2005-08-07,2005,8,7,0
2005-08-08,2005,8,8,0
2005-08-09,2005,8,9,11.857422
2005-08-10,2005,8,10,0
2005-08-11,2005,8,11,49.757164
2005-08-12,2005,8,12,37.319179
2005-08-13,2005,8,13,1.4215772
2005-08-14,2005,8,14,2.6284019
2005-08-15,2005,8,15,32.084532
2005-08-16,2005,8,16,23.541554
2005-08-17,2005,8,17,0
2005-08-18,2005,8,18,0
2005-08-19,2005,8,19,0
2005-08-20,2005,8,20,15.159188
2005-08-21,2005,8,21,13.271906
2005-08-22,2005,8,22,0.0098702669
2005-08-23,2005,8,23,0
2005-08-24,2005,8,24,0
2005-08-25,2005,8,25,25.467284
2005-08-26,2005,8,26,51.808569
2005-08-27,2005,8,27,26.68375
2005-08-28,2005,8,28,34.772323
2005-08-29,2005,8,29,11.128012
2005-08-30,2005,8,30,1.5500972e-05
2005-08-31,2005,8,31,0.0048675812
2005-09-01,2005,9,1,0
2005-09-02,2005,9,2,9.2304417
2005-09-03,2005,9,3,19.585875
2005-09-04,2005,9,4,4.2342717
2005-09-05,2005,9,5,12.673916
2005-09-06,2005,9,6,1.2678616
2005-09-07,2005,9,7,0
2005-09-08,2005,9,8,0
2005-09-09,2005,9,9,0
2005-09-10,2005,9,10,0
2005-09-11,2005,9,11,0
2005-09-12,2005,9,12,0
2005-09-13,2005,9,13,0
2005-09-14,2005,9,14,0
2005-09-15,2005,9,15,0
2005-09-16,2005,9,16,0
2005-09-17,2005,9,17,0
2005-09-18,2005,9,18,0
2005-09-19,2005,9,19,0
2005-09-20,2005,9,20,0
2005-09-21,2005,9,21,0
2005-09-22,2005,9,22,0
2005-09-23,2005,9,23,2.0583081
2005-09-24,2005,9,24,0
2005-09-25,2005,9,25,0
2005-09-26,2005,9,26,0
2005-09-27,2005,9,27,0
2005-09-28,2005,9,28,4.2658044
2005-09-29,2005,9,29,0.25593113
2005-09-30,2005,9,30,0
2005-10-01,2005,10,1,0
2005-10-02,2005,10,2,3.8018875
2005-10-03,2005,10,3,0.10052197
2005-10-04,2005,10,4,0.71380711
2005-10-05,2005,10,5,0
2005-10-06,2005,10,6,0
2005-10-07,2005,10,7,0
2005-10-08,2005,10,8,0
2005-10-09,2005,10,9,0
2005-10-10,2005,10,10,8.9124715
2005-10-11,2005,10,11,18.397779
2005-10-12,2005,10,12,0.0014716725
2005-10-13,2005,10,13,0
2005-10-14,2005,10,14,0
2005-10-15,2005,10,15,0
2005-10-16,2005,10,16,0
2005-10-17,2005,10,17,0
2005-10-18,2005,10,18,0
2005-10-19,2005,10,19,0
2005-10-20,2005,10,20,0
2005-10-21,2005,10,21,2.5219412
2005-10-22,2005,10,22,0
2005-10-23,2005,10,23,0
2005-10-24,2005,10,24,0.17155412
2005-10-25,2005,10,25,0
2005-10-26,2005,10,26,0
2005-10-27,2005,10,27,3.4984262
2005-10-28,2005,10,28,5.8549958
2005-10-29,2005,10,29,0.074761685
2005-10-30,2005,10,30,0
2005-10-31,2005,10,31,0
2005-11-01,2005,11,1,0
2005-11-02,2005,11,2,15.107787
2005-11-03,2005,11,3,0.91144165
2005-11-04,2005,11,4,0
2005-11-05,2005,11,5,0
2005-11-06,2005,11,6,0
2005-11-07,2005,11,7,0
2005-11-08,2005,11,8,0
2005-11-09,2005,11,9,0
2005-11-10,2005,11,10,0
2005-11-11,2005,11,11,0
2005-11-12,2005,11,12,0
2005-11-13,2005,11,13,0.022968723
2005-11-14,2005,11,14,5.6511442
2005-11-15,2005,11,15,0
2005-11-16,2005,11,16,1.345916
2005-11-17,2005,11,17,9.9414905
2005-11-18,2005,11,18,0.69485362
2005-11-19,2005,11,19,0
2005-11-20,2005,11,20,6.3581186
2005-11-21,2005,11,21,6.6475608
2005-11-22,2005,11,22,57.112179
2005-11-23,2005,11,23,24.447885
2005-11-24,2005,11,24,20.415847
2005-11-25,2005,11,25,2.3886671
2005-11-26,2005,11,26,17.911478
2005-11-27,2005,11,27,32.413833
2005-11-28,2005,11,28,2.6410331
2005-11-29,2005,11,29,0
2005-11-30,2005,11,30,0
2005-12-01,2005,12,1,0.0056794528
2005-12-02,2005,12,2,1.1837634
2005-12-03,2005,12,3,15.322553
2005-12-04,2005,12,4,18.41325
2005-12-05,2005,12,5,0.22879724
2005-12-06,2005,12,6,12.428933
2005-12-07,2005,12,7,26.554506
2005-12-08,2005,12,8,0.0056251728
2005-12-09,2005,12,9,0
2005-12-10,2005,12,10,0
2005-12-11,2005,12,11,0
2005-12-12,2005,12,12,0.3890495
2005-12-13,2005,12,13,0
2005-12-14,2005,12,14,0
2005-12-15,2005,12,15,0.0025205939
2005-12-16,2005,12,16,0
2005-12-17,2005,12,17,0
2005-12-18,2005,12,18,0
2005-12-19,2005,12,19,0
2005-12-20,2005,12,20,0
2005-12-21,2005,12,21,0
2005-12-22,2005,12,22,0
2005-12-23,2005,12,23,0
2005-12-24,2005,12,24,0
2005-12-25,2005,12,25,0
2005-12-26,2005,12,26,0
2005-12-27,2005,12,27,0
2005-12-28,2005,12,28,0
2005-12-29,2005,12,29,0
2005-12-30,2005,12,30,0
2005-12-31,2005,12,31,0
2006-01-01,2006,1,1,1.3452942
2006-01-02,2006,1,2,0
2006-01-03,2006,1,3,0
2006-01-04,2006,1,4,1.1523557
2006-01-05,2006,1,5,14.464525
2006-01-06,2006,1,6,0
2006-01-07,2006,1,7,12.030077
2006-01-08,2006,1,8,2.1845418
2006-01-09,2006,1,9,37.526466
2006-01-10,2006,1,10,0
2006-01-11,2006,1,11,2.7483848e-05
2006-01-12,2006,1,12,0
2006-01-13,2006,1,13,0
2006-01-14,2006,1,14,2.1664562
2006-01-15,2006,1,15,0
2006-01-16,2006,1,16,0
2006-01-17,2006,1,17,0
2006-01-18,2006,1,18,2.2661893
2006-01-19,2006,1,19,0
2006-01-20,2006,1,20,0
2006-01-21,2006,1,21,0
2006-01-22,2006,1,22,0
2006-01-23,2006,1,23,0
2006-01-24,2006,1,24,0
2006-01-25,2006,1,25,0
2006-01-26,2006,1,26,0
2006-01-27,2006,1,27,0
2006-01-28,2006,1,28,0
2006-01-29,2006,1,29,0
2006-01-30,2006,1,30,0
2006-01-31,2006,1,31,0.62401743
2006-02-01,2006,2,1,0
2006-02-02,2006,2,2,0
2006-02-03,2006,2,3,8.3555249
2006-02-04,2006,2,4,0.0045502113
2006-02-05,2006,2,5,0
2006-02-06,2006,2,6,0
2006-02-07,2006,2,7,0
2006-02-08,2006,2,8,0
2006-02-09,2006,2,9,0
2006-02-10,2006,2,10,0
2006-02-11,2006,2,11,0
2006-02-12,2006,2,12,0
2006-02-13,2006,2,13,0
2006-02-14,2006,2,14,5.4102935e-08
2006-02-15,2006,2,15,3.2393164
2006-02-16,2006,2,16,0.017783713
2006-02-17,2006,2,17,0
2006-02-18,2006,2,18,0
2006-02-19,2006,2,19,0
2006-02-20,2006,2,20,0
2006-02-21,2006,2,21,6.870404
2006-02-22,2006,2,22,7.2161081
2006-02-23,2006,2,23,0
2006-02-24,2006,2,24,0
2006-02-25,2006,2,25,1.3990029
2006-02-26,2006,2,26,8.3002739
2006-02-27,2006,2,27,0.0078474594
2006-02-28,2006,2,28,0
2006-03-01,2006,3,1,0
2006-03-02,2006,3,2,0
2006-03-03,2006,3,3,0
2006-03-04,2006,3,4,0
2006-03-05,2006,3,5,0.28825089
2006-03-06,2006,3,6,6.0101921
2006-03-07,2006,3,7,7.5415715
2006-03-08,2006,3,8,11.061378
2006-03-09,2006,3,9,0
2006-03-10,2006,3,10,0
2006-03-11,2006,3,11,0
2006-03-12,2006,3,12,0.17931408
2006-03-13,2006,3,13,4.74478
2006-03-14,2006,3,14,0
2006-03-15,2006,3,15,6.3136142e-05
2006-03-16,2006,3,16,16.771565
2006-03-17,2006,3,17,0
2006-03-18,2006,3,18,0
2006-03-19,2006,3,19,0
2006-03-20,2006,3,20,0
2006-03-21,2006,3,21,0
2006-03-22,2006,3,22,0
2006-03-23,2006,3,23,14.102088
2006-03-24,2006,3,24,0
2006-03-25,2006,3,25,0
2006-03-26,2006,3,26,0
2006-03-27,2006,3,27,0
2006-03-28,2006,3,28,0
2006-03-29,2006,3,29,0
2006-03-30,2006,3,30,0
2006-03-31,2006,3,31,0
2006-04-01,2006,4,1,0
2006-04-02,2006,4,2,0
2006-04-03,2006,4,3,0.0038456504
2006-04-04,2006,4,4,0
2006-04-05,2006,4,5,0
2006-04-06,2006,4,6,0
2006-04-07,2006,4,7,0
2006-04-08,2006,4,8,0
2006-04-09,2006,4,9,0
2006-04-10,2006,4,10,0
2006-04-11,2006,4,11,17.820838
2006-04-12,2006,4,12,7.749942
2006-04-13,2006,4,13,0.16807497
2006-04-14,2006,4,14,0
2006-04-15,2006,4,15,0
2006-04-16,2006,4,16,0
2006-04-17,2006,4,17,0.78040859
2006-04-18,2006,4,18,90.08001
2006-04-19,2006,4,19,63.469348
2006-04-20,2006,4,20,5.4181922
2006-04-21,2006,4,21,6.4550001
2006-04-22,2006,4,22,0.15390434
2006-04-23,2006,4,23,0
2006-04-24,2006,4,24,0
2006-04-25,2006,4,25,0
2006-04-26,2006,4,26,0
2006-04-27,2006,4,27,1.3961577
2006-04-28,2006,4,28,0.27125994
2006-04-29,2006,4,29,0
2006-04-30,2006,4,30,0
2006-05-01,2006,5,1,0
2006-05-02,2006,5,2,0
2006-05-03,2006,5,3,0
2006-05-04,2006,5,4,0
2006-05-05,2006,5,5,0
2006-05-06,2006,5,6,0
2006-05-07,2006,5,7,0
2006-05-08,2006,5,8,0
2006-05-09,2006,5,9,0
2006-05-10,2006,5,10,0
2006-05-11,2006,5,11,0
2006-05-12,2006,5,12,0
2006-05-13,2006,5,13,0
2006-05-14,2006,5,14,0.31179012
2006-05-15,2006,5,15,35.589161
2006-05-16,2006,5,16,7.8282178
2006-05-17,2006,5,17,8.4322129
2006-05-18,2006,5,18,0
2006-05-19,2006,5,19,0
2006-05-20,2006,5,20,0
2006-05-21,2006,5,21,0
2006-05-22,2006,5,22,6.7429419
2006-05-23,2006,5,23,22.124048
2006-05-24,2006,5,24,48.744285
2006-05-25,2006,5,25,63.612124
2006-05-26,2006,5,26,5.9424907
2006-05-27,2006,5,27,0
2006-05-28,2006,5,28,7.0126485
2006-05-29,2006,5,29,0
2006-05-30,2006,5,30,0
2006-05-31,2006,5,31,11.131099
2006-06-01,2006,6,1,9.727548
2006-06-02,2006,6,2,0.76245073
2006-06-03,2006,6,3,5.8739658
2006-06-04,2006,6,4,25.984408
2006-06-05,2006,6,5,30.652864
2006-06-06,2006,6,6,86.2824
2006-06-07,2006,6,7,55.872238
2006-06-08,2006,6,8,8.1929517
2006-06-09,2006,6,9,0
2006-06-10,2006,6,10,3.90326
2006-06-11,2006,6,11,60.154319
2006-06-12,2006,6,12,38.452181
2006-06-13,2006,6,13,7.3704443
2006-06-14,2006,6,14,39.959028
2006-06-15,2006,6,15,0.025888474
2006-06-16,2006,6,16,12.83884
2006-06-17,2006,6,17,19.719008
2006-06-18,2006,6,18,40.692065
2006-06-19,2006,6,19,40.375342
2006-06-20,2006,6,20,15.026549
2006-06-21,2006,6,21,0.56549088
2006-06-22,2006,6,22,0.00026489751
2006-06-23,2006,6,23,21.773462
2006-06-24,2006,6,24,10.786153
2006-06-25,2006,6,25,0.50855649
2006-06-26,2006,6,26,0
2006-06-27,2006,6,27,0.04175723
2006-06-28,2006,6,28,0
2006-06-29,2006,6,29,13.524808
2006-06-30,2006,6,30,22.831553
2006-07-01,2006,7,1,31.889018
2006-07-02,2006,7,2,12.362341
2006-07-03,2006,7,3,1.1337539
2006-07-04,2006,7,4,0
2006-07-05,2006,7,5,0.024813672
2006-07-06,2006,7,6,45.334295
2006-07-07,2006,7,7,30.875236
2006-07-08,2006,7,8,13.770131
2006-07-09,2006,7,9,24.292576
2006-07-10,2006,7,10,107.68066
2006-07-11,2006,7,11,75.359729
2006-07-12,2006,7,12,13.776879
2006-07-13,2006,7,13,0
2006-07-14,2006,7,14,0
2006-07-15,2006,7,15,21.110228
2006-07-16,2006,7,16,0.68522445
2006-07-17,2006,7,17,22.668811
2006-07-18,2006,7,18,0
2006-07-19,2006,7,19,15.191066
2006-07-20,2006,7,20,25.353444
2006-07-21,2006,7,21,42.221022
2006-07-22,2006,7,22,8.2182041
2006-07-23,2006,7,23,4.6420502
2006-07-24,2006,7,24,8.7999844
2006-07-25,2006,7,25,31.392664
2006-07-26,2006,7,26,9.7102207
2006-07-27,2006,7,27,7.3395381
2006-07-28,2006,7,28,0
2006-07-29,2006,7,29,9.491792e-19
2006-07-30,2006,7,30,0
2006-07-31,2006,7,31,0
2006-08-01,2006,8,1,0
2006-08-02,2006,8,2,4.5719134
2006-08-03,2006,8,3,23.175109
2006-08-04,2006,8,4,5.4385495
2006-08-05,2006,8,5,8.7700582
2006-08-06,2006,8,6,32.884211
2006-08-07,2006,8,7,0.65967452
2006-08-08,2006,8,8,33.349744
2006-08-09,2006,8,9,23.866284
2006-08-10,2006,8,10,60.693046
2006-08-11,2006,8,11,43.283682
2006-08-12,2006,8,12,32.995657
2006-08-13,2006,8,13,25.187688
2006-08-14,2006,8,14,1.9741978
2006-08-15,2006,8,15,0
2006-08-16,2006,8,16,0.0077012227
2006-08-17,2006,8,17,0
2006-08-18,2006,8,18,0
2006-08-19,2006,8,19,0
2006-08-20,2006,8,20,0
2006-08-21,2006,8,21,0
2006-08-22,2006,8,22,0
2006-08-23,2006,8,23,0
2006-08-24,2006,8,24,0
2006-08-25,2006,8,25,5.5723313
2006-08-26,2006,8,26,0
2006-08-27,2006,8,27,0
2006-08-28,2006,8,28,0
2006-08-29,2006,8,29,1.4540142
2006-08-30,2006,8,30,41.915938
2006-08-31,2006,8,31,9.4322267
2006-09-01,2006,9,1,0
2006-09-02,2006,9,2,0
2006-09-03,2006,9,3,0
2006-09-04,2006,9,4,0
2006-09-05,2006,9,5,0
2006-09-06,2006,9,6,13.625101
2006-09-07,2006,9,7,6.7507342
2006-09-08,2006,9,8,6.7476552
2006-09-09,2006,9,9,82.159806
2006-09-10,2006,9,10,31.01462
2006-09-11,2006,9,11,9.7705857
2006-09-12,2006,9,12,0
2006-09-13,2006,9,13,0
2006-09-14,2006,9,14,0
2006-09-15,2006,9,15,0
2006-09-16,2006,9,16,0
2006-09-17,2006,9,17,0
2006-09-18,2006,9,18,0
2006-09-19,2006,9,19,0
2006-09-20,2006,9,20,3.2955901
2006-09-21,2006,9,21,22.130405
2006-09-22,2006,9,22,7.2939571
2006-09-23,2006,9,23,0
2006-09-24,2006,9,24,0
2006-09-25,2006,9,25,2.8753278
2006-09-26,2006,9,26,1.0486674
2006-09-27,2006,9,27,0
2006-09-28,2006,9,28,0
2006-09-29,2006,9,29,0.00018357962
2006-09-30,2006,9,30,5.6888114
2006-10-01,2006,10,1,0
2006-10-02,2006,10,2,0
2006-10-03,2006,10,3,12.907319
2006-10-04,2006,10,4,4.2436262
2006-10-05,2006,10,5,5.2507362
2006-10-06,2006,10,6,1.5591138
2006-10-07,2006,10,7,0
2006-10-08,2006,10,8,0.71756991
2006-10-09,2006,10,9,0
2006-10-10,2006,10,10,0
2006-10-11,2006,10,11,28.348984
2006-10-12,2006,10,12,18.416844
2006-10-13,2006,10,13,25.360661
2006-10-14,2006,10,14,16.78975
2006-10-15,2006,10,15,0
2006-10-16,2006,10,16,0
2006-10-17,2006,10,17,0.031092269
2006-10-18,2006,10,18,0
2006-10-19,2006,10,19,0
2006-10-20,2006,10,20,0
2006-10-21,2006,10,21,0
2006-10-22,2006,10,22,0
2006-10-23,2006,10,23,2.4490287
2006-10-24,2006,10,24,13.672157
2006-10-25,2006,10,25,0
2006-10-26,2006,10,26,12.044802
2006-10-27,2006,10,27,24.167728
2006-10-28,2006,10,28,13.653371
2006-10-29,2006,10,29,12.701679
2006-10-30,2006,10,30,0.80906927
2006-10-31,2006,10,31,2.3059709
2006-11-01,2006,11,1,6.3281191
2006-11-02,2006,11,2,0.049798264
2006-11-03,2006,11,3,0
2006-11-04,2006,11,4,0
2006-11-05,2006,11,5,4.752146
2006-11-06,2006,11,6,0
2006-11-07,2006,11,7,0
2006-11-08,2006,11,8,0
2006-11-09,2006,11,9,0
2006-11-10,2006,11,10,0
2006-11-11,2006,11,11,0
2006-11-12,2006,11,12,3.2205355
2006-11-13,2006,11,13,12.520059
2006-11-14,2006,11,14,4.3983873
2006-11-15,2006,11,15,5.1052393
2006-11-16,2006,11,16,0
2006-11-17,2006,11,17,0.1793036
2006-11-18,2006,11,18,0
2006-11-19,2006,11,19,0
2006-11-20,2006,11,20,0
2006-11-21,2006,11,21,0
2006-11-22,2006,11,22,0
2006-11-23,2006,11,23,0
2006-11-24,2006,11,24,0
2006-11-25,2006,11,25,0
2006-11-26,2006,11,26,1.3367053
2006-11-27,2006,11,27,0.0026640004
2006-11-28,2006,11,28,0
2006-11-29,2006,11,29,0
2006-11-30,2006,11,30,0
2006-12-01,2006,12,1,5.4345407
2006-12-02,2006,12,2,0
2006-12-03,2006,12,3,0
2006-12-04,2006,12,4,0
2006-12-05,2006,12,5,0
2006-12-06,2006,12,6,0
2006-12-07,2006,12,7,0
2006-12-08,2006,12,8,0
2006-12-09,2006,12,9,0
2006-12-10,2006,12,10,0
2006-12-11,2006,12,11,0.00049703991
2006-12-12,2006,12,12,0
2006-12-13,2006,12,13,5.7233625
2006-12-14,2006,12,14,0.49082389
2006-12-15,2006,12,15,22.035806
2006-12-16,2006,12,16,6.1233594
2006-12-17,2006,12,17,1.4336874
2006-12-18,2006,12,18,0.35699577
2006-12-19,2006,12,19,3.4478689
2006-12-20,2006,12,20,0.36138458
2006-12-21,2006,12,21,0.084434029
2006-12-22,2006,12,22,31.036593
2006-12-23,2006,12,23,44.329133
2006-12-24,2006,12,24,9.6058408
2006-12-25,2006,12,25,0.029212598
2006-12-26,2006,12,26,16.556558
2006-12-27,2006,12,27,0
2006-12-28,2006,12,28,0.01010366
2006-12-29,2006,12,29,0
2006-12-30,2006,12,30,0
2006-12-31,2006,12,31,0.075197819
2007-01-01,2007,1,1,0
2007-01-02,2007,1,2,0
2007-01-03,2007,1,3,0
2007-01-04,2007,1,4,0
2007-01-05,2007,1,5,0
2007-01-06,2007,1,6,0
2007-01-07,2007,1,7,2.4160052
2007-01-08,2007,1,8,0
2007-01-09,2007,1,9,0
2007-01-10,2007,1,10,0
2007-01-11,2007,1,11,0
2007-01-12,2007,1,12,0
2007-01-13,2007,1,13,0
2007-01-14,2007,1,14,0
2007-01-15,2007,1,15,0
2007-01-16,2007,1,16,0
2007-01-17,2007,1,17,0
2007-01-18,2007,1,18,0
2007-01-19,2007,1,19,2.0261251
2007-01-20,2007,1,20,0
2007-01-21,2007,1,21,0
2007-01-22,2007,1,22,26.749351
2007-01-23,2007,1,23,1.3166359
2007-01-24,2007,1,24,0
2007-01-25,2007,1,25,0
2007-01-26,2007,1,26,0
2007-01-27,2007,1,27,0
2007-01-28,2007,1,28,0
2007-01-29,2007,1,29,0
2007-01-30,2007,1,30,0
2007-01-31,2007,1,31,0
2007-02-01,2007,2,1,0
2007-02-02,2007,2,2,0
2007-02-03,2007,2,3,0
2007-02-04,2007,2,4,0
2007-02-05,2007,2,5,0.016506696
2007-02-06,2007,2,6,0.00021425967
2007-02-07,2007,2,7,0
2007-02-08,2007,2,8,0
2007-02-09,2007,2,9,0
2007-02-10,2007,2,10,0
2007-02-11,2007,2,11,2.2890196
2007-02-12,2007,2,12,0
2007-02-13,2007,2,13,0.47028606
2007-02-14,2007,2,14,2.811783
2007-02-15,2007,2,15,62.190115
2007-02-16,2007,2,16,1.1270546
2007-02-17,2007,2,17,0
2007-02-18,2007,2,18,0
2007-02-19,2007,2,19,0
2007-02-20,2007,2,20,2.1545433
2007-02-21,2007,2,21,5.5539484
2007-02-22,2007,2,22,0
2007-02-23,2007,2,23,0
2007-02-24,2007,2,24,0
2007-02-25,2007,2,25,0
2007-02-26,2007,2,26,0
2007-02-27,2007,2,27,0
2007-02-28,2007,2,28,0.01498622
2007-03-01,2007,3,1,0
2007-03-02,2007,3,2,0
2007-03-03,2007,3,3,0
2007-03-04,2007,3,4,0
2007-03-05,2007,3,5,0
2007-03-06,2007,3,6,0
2007-03-07,2007,3,7,3.1370123
2007-03-08,2007,3,8,9.0492057
2007-03-09,2007,3,9,0
2007-03-10,2007,3,10,0
2007-03-11,2007,3,11,1.9890186
2007-03-12,2007,3,12,0
2007-03-13,2007,3,13,0
2007-03-14,2007,3,14,2.0413681
2007-03-15,2007,3,15,6.21414
2007-03-16,2007,3,16,0
2007-03-17,2007,3,17,0
2007-03-18,2007,3,18,0
2007-03-19,2007,3,19,0
2007-03-20,2007,3,20,0
2007-03-21,2007,3,21,7.4103595
2007-03-22,2007,3,22,3.9909719
2007-03-23,2007,3,23,0
2007-03-24,2007,3,24,0
2007-03-25,2007,3,25,0
2007-03-26,2007,3,26,0
2007-03-27,2007,3,27,0
2007-03-28,2007,3,28,0
2007-03-29,2007,3,29,0
2007-03-30,2007,3,30,0
2007-03-31,2007,3,31,0
2007-04-01,2007,4,1,0
2007-04-02,2007,4,2,0
2007-04-03,2007,4,3,0
2007-04-04,2007,4,4,0
2007-04-05,2007,4,5,0
2007-04-06,2007,4,6,0
2007-04-07,2007,4,7,0
2007-04-08,2007,4,8,0
2007-04-09,2007,4,9,19.492753
2007-04-10,2007,4,10,20.902683
2007-04-11,2007,4,11,7.2594159
2007-04-12,2007,4,12,0
2007-04-13,2007,4,13,33.241935
2007-04-14,2007,4,14,4.2478358
2007-04-15,2007,4,15,0
2007-04-16,2007,4,16,32.086324
2007-04-17,2007,4,17,4.4722086
2007-04-18,2007,4,18,17.488681
2007-04-19,2007,4,19,5.4346892
2007-04-20,2007,4,20,0
2007-04-21,2007,4,21,0
2007-04-22,2007,4,22,1.2691579
2007-04-23,2007,4,23,0.039894465
2007-04-24,2007,4,24,0
2007-04-25,2007,4,25,0
2007-04-26,2007,4,26,0
2007-04-27,2007,4,27,0
2007-04-28,2007,4,28,0
2007-04-29,2007,4,29,0.095466755
2007-04-30,2007,4,30,11.812405
2007-05-01,2007,5,1,8.1143506
2007-05-02,2007,5,2,7.5964241
2007-05-03,2007,5,3,18.869463
2007-05-04,2007,5,4,10.745685
2007-05-05,2007,5,5,0.0012040692
2007-05-06,2007,5,6,0
2007-05-07,2007,5,7,0
2007-05-08,2007,5,8,0
2007-05-09,2007,5,9,0
2007-05-10,2007,5,10,0.94793259
2007-05-11,2007,5,11,0
2007-05-12,2007,5,12,0
2007-05-13,2007,5,13,3.389841
2007-05-14,2007,5,14,0.14550346
2007-05-15,2007,5,15,1.7876435
2007-05-16,2007,5,16,0
2007-05-17,2007,5,17,0
2007-05-18,2007,5,18,0
2007-05-19,2007,5,19,2.2054437
2007-05-20,2007,5,20,5.4294542
2007-05-21,2007,5,21,0
2007-05-22,2007,5,22,0
2007-05-23,2007,5,23,0
2007-05-24,2007,5,24,0
2007-05-25,2007,5,25,0
2007-05-26,2007,5,26,0
2007-05-27,2007,5,27,0
2007-05-28,2007,5,28,0
2007-05-29,2007,5,29,0.00056686991
2007-05-30,2007,5,30,9.2415634
2007-05-31,2007,5,31,9.1142832
2007-06-01,2007,6,1,3.4394596
2007-06-02,2007,6,2,0
2007-06-03,2007,6,3,0
2007-06-04,2007,6,4,0
2007-06-05,2007,6,5,0
2007-06-06,2007,6,6,3.6425856
2007-06-07,2007,6,7,19.864744
2007-06-08,2007,6,8,14.389753
2007-06-09,2007,6,9,17.714557
2007-06-10,2007,6,10,12.288072
2007-06-11,2007,6,11,23.754493
2007-06-12,2007,6,12,27.545593
2007-06-13,2007,6,13,17.052438
2007-06-14,2007,6,14,0.026802981
2007-06-15,2007,6,15,0
2007-06-16,2007,6,16,11.723059
2007-06-17,2007,6,17,0
2007-06-18,2007,6,18,0
2007-06-19,2007,6,19,22.312528
2007-06-20,2007,6,20,15.658119
2007-06-21,2007,6,21,34.827343
2007-06-22,2007,6,22,30.153461
2007-06-23,2007,6,23,7.0104705
2007-06-24,2007,6,24,0
2007-06-25,2007,6,25,0
2007-06-26,2007,6,26,0
2007-06-27,2007,6,27,0
2007-06-28,2007,6,28,0
2007-06-29,2007,6,29,0
2007-06-30,2007,6,30,0
2007-07-01,2007,7,1,0
2007-07-02,2007,7,2,19.090981
2007-07-03,2007,7,3,17.575063
2007-07-04,2007,7,4,42.279186
2007-07-05,2007,7,5,27.311359
2007-07-06,2007,7,6,12.20794
2007-07-07,2007,7,7,0.036911352
2007-07-08,2007,7,8,0
2007-07-09,2007,7,9,0
2007-07-10,2007,7,10,0
2007-07-11,2007,7,11,0
2007-07-12,2007,7,12,35.390043
2007-07-13,2007,7,13,18.544011
2007-07-14,2007,7,14,10.071926
2007-07-15,2007,7,15,3.610388
2007-07-16,2007,7,16,31.845117
2007-07-17,2007,7,17,15.291504
2007-07-18,2007,7,18,28.288464
2007-07-19,2007,7,19,17.724795
2007-07-20,2007,7,20,6.7703199
2007-07-21,2007,7,21,14.834405
2007-07-22,2007,7,22,32.668012
2007-07-23,2007,7,23,16.758765
2007-07-24,2007,7,24,4.0191388
2007-07-25,2007,7,25,0
2007-07-26,2007,7,26,0
2007-07-27,2007,7,27,0
2007-07-28,2007,7,28,0
2007-07-29,2007,7,29,0.10192214
2007-07-30,2007,7,30,13.444704
2007-07-31,2007,7,31,0
2007-08-01,2007,8,1,0.0027862288
2007-08-02,2007,8,2,0
2007-08-03,2007,8,3,0
2007-08-04,2007,8,4,0
2007-08-05,2007,8,5,0
2007-08-06,2007,8,6,12.624064
2007-08-07,2007,8,7,34.518087
2007-08-08,2007,8,8,1.9097587
2007-08-09,2007,8,9,0
2007-08-10,2007,8,10,0
2007-08-11,2007,8,11,0
2007-08-12,2007,8,12,28.486138
2007-08-13,2007,8,13,50.563148
2007-08-14,2007,8,14,26.720225
2007-08-15,2007,8,15,4.2582691
2007-08-16,2007,8,16,0.010451695
2007-08-17,2007,8,17,0.0019786733
2007-08-18,2007,8,18,0
2007-08-19,2007,8,19,0
2007-08-20,2007,8,20,0.0017645885
2007-08-21,2007,8,21,0.4697823
2007-08-22,2007,8,22,0.028486571
2007-08-23,2007,8,23,8.5336263
2007-08-24,2007,8,24,0
2007-08-25,2007,8,25,3.1327788
2007-08-26,2007,8,26,0
2007-08-27,2007,8,27,13.455742
2007-08-28,2007,8,28,0
2007-08-29,2007,8,29,0
2007-08-30,2007,8,30,0
2007-08-31,2007,8,31,0
2007-09-01,2007,9,1,0
2007-09-02,2007,9,2,0.036873438
2007-09-03,2007,9,3,49.650025
2007-09-04,2007,9,4,2.5390639
2007-09-05,2007,9,5,0
2007-09-06,2007,9,6,0
2007-09-07,2007,9,7,0
2007-09-08,2007,9,8,1.892041
2007-09-09,2007,9,9,2.8058161
2007-09-10,2007,9,10,0.00014717798
2007-09-11,2007,9,11,0
2007-09-12,2007,9,12,0.083789821
2007-09-13,2007,9,13,5.0214227
2007-09-14,2007,9,14,0.54935639
2007-09-15,2007,9,15,0.82197367
2007-09-16,2007,9,16,0.53687896
2007-09-17,2007,9,17,0.12061769
2007-09-18,2007,9,18,0
2007-09-19,2007,9,19,11.824182
2007-09-20,2007,9,20,9.4067196
2007-09-21,2007,9,21,2.1414677
2007-09-22,2007,9,22,0
2007-09-23,2007,9,23,0
2007-09-24,2007,9,24,0
2007-09-25,2007,9,25,0
2007-09-26,2007,9,26,0.036122879
2007-09-27,2007,9,27,0
2007-09-28,2007,9,28,0
2007-09-29,2007,9,29,0
2007-09-30,2007,9,30,0.002323428
2007-10-01,2007,10,1,0
2007-10-02,2007,10,2,0
2007-10-03,2007,10,3,0.47288247
2007-10-04,2007,10,4,0.55201021
2007-10-05,2007,10,5,3.2001791
2007-10-06,2007,10,6,0
2007-10-07,2007,10,7,0
2007-10-08,2007,10,8,0
2007-10-09,2007,10,9,0.50433293
2007-10-10,2007,10,10,0.6368762
2007-10-11,2007,10,11,2.2477333
2007-10-12,2007,10,12,0.91686036
2007-10-13,2007,10,13,3.7253297
2007-10-14,2007,10,14,0
2007-10-15,2007,10,15,0.0011019152
2007-10-16,2007,10,16,3.7042293
2007-10-17,2007,10,17,0
2007-10-18,2007,10,18,1.2730114
2007-10-19,2007,10,19,12.739288
2007-10-20,2007,10,20,0.032163495
2007-10-21,2007,10,21,0
2007-10-22,2007,10,22,0
2007-10-23,2007,10,23,0
2007-10-24,2007,10,24,21.631012
2007-10-25,2007,10,25,13.17316
2007-10-26,2007,10,26,3.6007172
2007-10-27,2007,10,27,0
2007-10-28,2007,10,28,2.0541595
2007-10-29,2007,10,29,0
2007-10-30,2007,10,30,10.292416
2007-10-31,2007,10,31,0
2007-11-01,2007,11,1,7.0461e-06
2007-11-02,2007,11,2,0
2007-11-03,2007,11,3,0
2007-11-04,2007,11,4,0
2007-11-05,2007,11,5,0
2007-11-06,2007,11,6,0
2007-11-07,2007,11,7,0
2007-11-08,2007,11,8,0.060315571
2007-11-09,2007,11,9,4.699471
2007-11-10,2007,11,10,0
2007-11-11,2007,11,11,0
2007-11-12,2007,11,12,0.43705625
2007-11-13,2007,11,13,0
2007-11-14,2007,11,14,0
2007-11-15,2007,11,15,0.00026394546
2007-11-16,2007,11,16,9.3556665
2007-11-17,2007,11,17,5.1143
2007-11-18,2007,11,18,0
2007-11-19,2007,11,19,0
2007-11-20,2007,11,20,0
2007-11-21,2007,11,21,0
2007-11-22,2007,11,22,0
2007-11-23,2007,11,23,0
2007-11-24,2007,11,24,0
2007-11-25,2007,11,25,0
2007-11-26,2007,11,26,0
2007-11-27,2007,11,27,0
2007-11-28,2007,11,28,0
2007-11-29,2007,11,29,0
2007-11-30,2007,11,30,1.294924
2007-12-01,2007,12,1,0
2007-12-02,2007,12,2,0
2007-12-03,2007,12,3,0
2007-12-04,2007,12,4,0
2007-12-05,2007,12,5,0.10087975
2007-12-06,2007,12,6,13.892581
2007-12-07,2007,12,7,0.11174808
2007-12-08,2007,12,8,0
2007-12-09,2007,12,9,13.745656
2007-12-10,2007,12,10,0
2007-12-11,2007,12,11,0
2007-12-12,2007,12,12,0
2007-12-13,2007,12,13,0.3853291
2007-12-14,2007,12,14,0
2007-12-15,2007,12,15,0
2007-12-16,2007,12,16,0
2007-12-17,2007,12,17,0
2007-12-18,2007,12,18,0
2007-12-19,2007,12,19,0
2007-12-20,2007,12,20,0
2007-12-21,2007,12,21,0
2007-12-22,2007,12,22,0
2007-12-23,2007,12,23,0
2007-12-24,2007,12,24,0
2007-12-25,2007,12,25,2.7924829
2007-12-26,2007,12,26,6.0557956
2007-12-27,2007,12,27,4.8372488
2007-12-28,2007,12,28,0
2007-12-29,2007,12,29,3.9778976
2007-12-30,2007,12,30,1.0890716
2007-12-31,2007,12,31,0
2008-01-01,2008,1,1,0
2008-01-02,2008,1,2,0
2008-01-03,2008,1,3,0
2008-01-04,2008,1,4,0
2008-01-05,2008,1,5,0
2008-01-06,2008,1,6,0
2008-01-07,2008,1,7,0
2008-01-08,2008,1,8,4.6811494
2008-01-09,2008,1,9,25.59709
2008-01-10,2008,1,10,1.0064747
2008-01-11,2008,1,11,0
2008-01-12,2008,1,12,0.00012879271
2008-01-13,2008,1,13,6.2415415
2008-01-14,2008,1,14,0.00022637878
2008-01-15,2008,1,15,0
2008-01-16,2008,1,16,0
2008-01-17,2008,1,17,0
2008-01-18,2008,1,18,0
2008-01-19,2008,1,19,0
2008-01-20,2008,1,20,0
2008-01-21,2008,1,21,0
2008-01-22,2008,1,22,0
2008-01-23,2008,1,23,0.80806195
2008-01-24,2008,1,24,0
2008-01-25,2008,1,25,4.4212743
2008-01-26,2008,1,26,1.470905
2008-01-27,2008,1,27,0
2008-01-28,2008,1,28,0.0013642827
2008-01-29,2008,1,29,0.0014691199
2008-01-30,2008,1,30,2.8202499
2008-01-31,2008,1,31,2.68446
2008-02-01,2008,2,1,0
2008-02-02,2008,2,2,0
2008-02-03,2008,2,3,0
2008-02-04,2008,2,4,0
2008-02-05,2008,2,5,7.9556759
2008-02-06,2008,2,6,1.1867706
2008-02-07,2008,2,7,0.0040340729
2008-02-08,2008,2,8,0.020622001
2008-02-09,2008,2,9,0
2008-02-10,2008,2,10,0
2008-02-11,2008,2,11,0
2008-02-12,2008,2,12,0
2008-02-13,2008,2,13,0.12764041
2008-02-14,2008,2,14,0
2008-02-15,2008,2,15,0
2008-02-16,2008,2,16,0
2008-02-17,2008,2,17,0
2008-02-18,2008,2,18,0
2008-02-19,2008,2,19,0
2008-02-20,2008,2,20,0
2008-02-21,2008,2,21,0
2008-02-22,2008,2,22,0
2008-02-23,2008,2,23,0.073806455
2008-02-24,2008,2,24,0.50249445
2008-02-25,2008,2,25,0.2376829
2008-02-26,2008,2,26,1.8455652
2008-02-27,2008,2,27,0
2008-02-28,2008,2,28,0
2008-02-29,2008,2,29,17.593677
2008-03-01,2008,3,1,3.4227055
2008-03-02,2008,3,2,0
2008-03-03,2008,3,3,0
2008-03-04,2008,3,4,0
2008-03-05,2008,3,5,0
2008-03-06,2008,3,6,0
2008-03-07,2008,3,7,6.5890657
2008-03-08,2008,3,8,2.637627
2008-03-09,2008,3,9,0
2008-03-10,2008,3,10,0
2008-03-11,2008,3,11,0
2008-03-12,2008,3,12,0
2008-03-13,2008,3,13,0
2008-03-14,2008,3,14,0
2008-03-15,2008,3,15,0.36374399
2008-03-16,2008,3,16,0.030144423
2008-03-17,2008,3,17,0
2008-03-18,2008,3,18,0.142184
2008-03-19,2008,3,19,1.216596
2008-03-20,2008,3,20,0
2008-03-21,2008,3,21,0
2008-03-22,2008,3,22,0
2008-03-23,2008,3,23,0
2008-03-24,2008,3,24,0
2008-03-25,2008,3,25,0
2008-03-26,2008,3,26,0
2008-03-27,2008,3,27,0
2008-03-28,2008,3,28,0
2008-03-29,2008,3,29,0
2008-03-30,2008,3,30,0
2008-03-31,2008,3,31,0
2008-04-01,2008,4,1,0
2008-04-02,2008,4,2,0
2008-04-03,2008,4,3,0
2008-04-04,2008,4,4,0
2008-04-05,2008,4,5,10.933162
2008-04-06,2008,4,6,0.28527607
2008-04-07,2008,4,7,0.08891144
2008-04-08,2008,4,8,0
2008-04-09,2008,4,9,3.691791
2008-04-10,2008,4,10,57.534474
2008-04-11,2008,4,11,1.325625
2008-04-12,2008,4,12,9.9626202
2008-04-13,2008,4,13,0
2008-04-14,2008,4,14,0
2008-04-15,2008,4,15,0
2008-04-16,2008,4,16,0.24781034
2008-04-17,2008,4,17,0
2008-04-18,2008,4,18,0
2008-04-19,2008,4,19,0
2008-04-20,2008,4,20,0
2008-04-21,2008,4,21,0
2008-04-22,2008,4,22,0
2008-04-23,2008,4,23,0
2008-04-24,2008,4,24,0
2008-04-25,2008,4,25,0.67632779
2008-04-26,2008,4,26,9.0690465
2008-04-27,2008,4,27,11.848272
2008-04-28,2008,4,28,0
2008-04-29,2008,4,29,0
2008-04-30,2008,4,30,0
2008-05-01,2008,5,1,0
2008-05-02,2008,5,2,0
2008-05-03,2008,5,3,0
2008-05-04,2008,5,4,0.084618092
2008-05-05,2008,5,5,0.77735717
2008-05-06,2008,5,6,0
2008-05-07,2008,5,7,0
2008-05-08,2008,5,8,0
2008-05-09,2008,5,9,0
2008-05-10,2008,5,10,0
2008-05-11,2008,5,11,0
2008-05-12,2008,5,12,0
2008-05-13,2008,5,13,0
2008-05-14,2008,5,14,0.041298791
2008-05-15,2008,5,15,0.028991924
2008-05-16,2008,5,16,2.9324016
2008-05-17,2008,5,17,34.654916
2008-05-18,2008,5,18,102.42269
2008-05-19,2008,5,19,86.023188
2008-05-20,2008,5,20,77.438396
2008-05-21,2008,5,21,58.47122
2008-05-22,2008,5,22,80.159023
2008-05-23,2008,5,23,0.11109012
2008-05-24,2008,5,24,0.12988702
2008-05-25,2008,5,25,40.884006
2008-05-26,2008,5,26,31.628306
2008-05-27,2008,5,27,0
2008-05-28,2008,5,28,0
2008-05-29,2008,5,29,0
2008-05-30,2008,5,30,0
2008-05-31,2008,5,31,0
2008-06-01,2008,6,1,0
2008-06-02,2008,6,2,20.46329
2008-06-03,2008,6,3,31.129002
2008-06-04,2008,6,4,39.073974
2008-06-05,2008,6,5,12.517343
2008-06-06,2008,6,6,11.91509
2008-06-07,2008,6,7,33.285983
2008-06-08,2008,6,8,8.7922468
2008-06-09,2008,6,9,6.7479568
2008-06-10,2008,6,10,10.345098
2008-06-11,2008,6,11,0.62083889
2008-06-12,2008,6,12,0
2008-06-13,2008,6,13,1.261125
2008-06-14,2008,6,14,0.017358089
2008-06-15,2008,6,15,0
2008-06-16,2008,6,16,0
2008-06-17,2008,6,17,0
2008-06-18,2008,6,18,5.364273
2008-06-19,2008,6,19,5.0387985
2008-06-20,2008,6,20,0
2008-06-21,2008,6,21,0
2008-06-22,2008,6,22,0.90844942
2008-06-23,2008,6,23,0
2008-06-24,2008,6,24,0
2008-06-25,2008,6,25,0
2008-06-26,2008,6,26,0.28158632
2008-06-27,2008,6,27,0.050293394
2008-06-28,2008,6,28,0
2008-06-29,2008,6,29,23.76633
2008-06-30,2008,6,30,12.041245
2008-07-01,2008,7,1,0
2008-07-02,2008,7,2,0
2008-07-03,2008,7,3,0
2008-07-04,2008,7,4,43.749312
2008-07-05,2008,7,5,18.015969
2008-07-06,2008,7,6,12.626267
2008-07-07,2008,7,7,19.985843
2008-07-08,2008,7,8,10.569334
2008-07-09,2008,7,9,0
2008-07-10,2008,7,10,23.249656
2008-07-11,2008,7,11,3.3205468
2008-07-12,2008,7,12,28.743843
2008-07-13,2008,7,13,15.234683
2008-07-14,2008,7,14,0.63398473
2008-07-15,2008,7,15,10.780215
2008-07-16,2008,7,16,45.670434
2008-07-17,2008,7,17,13.150166
2008-07-18,2008,7,18,0
2008-07-19,2008,7,19,0
2008-07-20,2008,7,20,3.2637158
2008-07-21,2008,7,21,5.7845333
2008-07-22,2008,7,22,21.729761
2008-07-23,2008,7,23,4.8131805
2008-07-24,2008,7,24,8.0911659
2008-07-25,2008,7,25,0
2008-07-26,2008,7,26,2.7288389e-05
2008-07-27,2008,7,27,1.7991414
2008-07-28,2008,7,28,0
2008-07-29,2008,7,29,2.7660068
2008-07-30,2008,7,30,22.673792
2008-07-31,2008,7,31,21.462472
2008-08-01,2008,8,1,27.006181
2008-08-02,2008,8,2,15.216312
2008-08-03,2008,8,3,42.306379
2008-08-04,2008,8,4,6.770201
2008-08-05,2008,8,5,19.453678
2008-08-06,2008,8,6,20.567221
2008-08-07,2008,8,7,0
2008-08-08,2008,8,8,0
2008-08-09,2008,8,9,31.857286
2008-08-10,2008,8,10,17.460926
2008-08-11,2008,8,11,6.6798598
2008-08-12,2008,8,12,0
2008-08-13,2008,8,13,0
2008-08-14,2008,8,14,41.576117
2008-08-15,2008,8,15,43.133918
2008-08-16,2008,8,16,4.0341246
2008-08-17,2008,8,17,0
2008-08-18,2008,8,18,0.026502526
2008-08-19,2008,8,19,11.13439
2008-08-20,2008,8,20,0.025213057
2008-08-21,2008,8,21,0
2008-08-22,2008,8,22,0
2008-08-23,2008,8,23,0
2008-08-24,2008,8,24,15.380398
2008-08-25,2008,8,25,40.68119
2008-08-26,2008,8,26,27.179045
2008-08-27,2008,8,27,28.872777
2008-08-28,2008,8,28,11.352013
2008-08-29,2008,8,29,31.41893
2008-08-30,2008,8,30,15.516073
2008-08-31,2008,8,31,41.423716
2008-09-01,2008,9,1,68.560879
2008-09-02,2008,9,2,6.6823906
2008-09-03,2008,9,3,0
2008-09-04,2008,9,4,0
2008-09-05,2008,9,5,0
2008-09-06,2008,9,6,2.1684107
2008-09-07,2008,9,7,1.2325308
2008-09-08,2008,9,8,0
2008-09-09,2008,9,9,11.479825
2008-09-10,2008,9,10,1.1942939
2008-09-11,2008,9,11,0
2008-09-12,2008,9,12,0
2008-09-13,2008,9,13,0
2008-09-14,2008,9,14,0
2008-09-15,2008,9,15,0
2008-09-16,2008,9,16,0
2008-09-17,2008,9,17,0
2008-09-18,2008,9,18,0
2008-09-19,2008,9,19,0
2008-09-20,2008,9,20,0
2008-09-21,2008,9,21,0
2008-09-22,2008,9,22,0.014277437
2008-09-23,2008,9,23,0
2008-09-24,2008,9,24,0
2008-09-25,2008,9,25,0
2008-09-26,2008,9,26,2.4009011
2008-09-27,2008,9,27,0
2008-09-28,2008,9,28,0
2008-09-29,2008,9,29,0
2008-09-30,2008,9,30,4.5958128
2008-10-01,2008,10,1,10.906793
2008-10-02,2008,10,2,7.6510659
2008-10-03,2008,10,3,0
2008-10-04,2008,10,4,0
2008-10-05,2008,10,5,0
2008-10-06,2008,10,6,0
2008-10-07,2008,10,7,0
2008-10-08,2008,10,8,0
2008-10-09,2008,10,9,0
2008-10-10,2008,10,10,12.73519
2008-10-11,2008,10,11,0
2008-10-12,2008,10,12,5.4424403
2008-10-13,2008,10,13,0
2008-10-14,2008,10,14,0
2008-10-15,2008,10,15,0
2008-10-16,2008,10,16,0
2008-10-17,2008,10,17,0
2008-10-18,2008,10,18,0
2008-10-19,2008,10,19,2.9443839
2008-10-20,2008,10,20,14.740731
2008-10-21,2008,10,21,0.019401295
2008-10-22,2008,10,22,0
2008-10-23,2008,10,23,0
2008-10-24,2008,10,24,0
2008-10-25,2008,10,25,0
2008-10-26,2008,10,26,0
2008-10-27,2008,10,27,2.9872257
2008-10-28,2008,10,28,2.7845774
2008-10-29,2008,10,29,0
2008-10-30,2008,10,30,0
2008-10-31,2008,10,31,0
2008-11-01,2008,11,1,0
2008-11-02,2008,11,2,0
2008-11-03,2008,11,3,0
2008-11-04,2008,11,4,0
2008-11-05,2008,11,5,0
2008-11-06,2008,11,6,5.8382057
2008-11-07,2008,11,7,22.401257
2008-11-08,2008,11,8,8.8478632
2008-11-09,2008,11,9,0
2008-11-10,2008,11,10,0
2008-11-11,2008,11,11,0
2008-11-12,2008,11,12,0
2008-11-13,2008,11,13,0
2008-11-14,2008,11,14,0
2008-11-15,2008,11,15,0
2008-11-16,2008,11,16,0
2008-11-17,2008,11,17,0
2008-11-18,2008,11,18,0
2008-11-19,2008,11,19,0
2008-11-20,2008,11,20,0
2008-11-21,2008,11,21,0
2008-11-22,2008,11,22,0.050435016
2008-11-23,2008,11,23,0
2008-11-24,2008,11,24,0
2008-11-25,2008,11,25,0
2008-11-26,2008,11,26,0.0008624326
2008-11-27,2008,11,27,3.5846549
2008-11-28,2008,11,28,11.240588
2008-11-29,2008,11,29,0
2008-11-30,2008,11,30,7.1468664e-06
2008-12-01,2008,12,1,0
2008-12-02,2008,12,2,0
2008-12-03,2008,12,3,7.1497298
2008-12-04,2008,12,4,0.5392864
2008-12-05,2008,12,5,0
2008-12-06,2008,12,6,0
2008-12-07,2008,12,7,0
2008-12-08,2008,12,8,0
2008-12-09,2008,12,9,3.9636827e-05
2008-12-10,2008,12,10,0.013243689
2008-12-11,2008,12,11,0
2008-12-12,2008,12,12,0
2008-12-13,2008,12,13,0
2008-12-14,2008,12,14,0
2008-12-15,2008,12,15,0
2008-12-16,2008,12,16,0
2008-12-17,2008,12,17,0
2008-12-18,2008,12,18,0
2008-12-19,2008,12,19,0.031610584
2008-12-20,2008,12,20,21.352684
2008-12-21,2008,12,21,0
2008-12-22,2008,12,22,0
2008-12-23,2008,12,23,0
2008-12-24,2008,12,24,0
2008-12-25,2008,12,25,0
2008-12-26,2008,12,26,0
2008-12-27,2008,12,27,2.6489392
2008-12-28,2008,12,28,0
2008-12-29,2008,12,29,0
2008-12-30,2008,12,30,0
2008-12-31,2008,12,31,0
2009-01-01,2009,1,1,0.64264404
2009-01-02,2009,1,2,0
2009-01-03,2009,1,3,0
2009-01-04,2009,1,4,0
2009-01-05,2009,1,5,0.0042603544
2009-01-06,2009,1,6,0
2009-01-07,2009,1,7,0
2009-01-08,2009,1,8,0
2009-01-09,2009,1,9,0
2009-01-10,2009,1,10,0
2009-01-11,2009,1,11,0
2009-01-12,2009,1,12,0.13598516
2009-01-13,2009,1,13,0
2009-01-14,2009,1,14,0
2009-01-15,2009,1,15,0
2009-01-16,2009,1,16,0.19570771
2009-01-17,2009,1,17,0
2009-01-18,2009,1,18,0
2009-01-19,2009,1,19,0
2009-01-20,2009,1,20,0
2009-01-21,2009,1,21,0
2009-01-22,2009,1,22,0
2009-01-23,2009,1,23,0.0079894994
2009-01-24,2009,1,24,11.974082
2009-01-25,2009,1,25,0
2009-01-26,2009,1,26,0
2009-01-27,2009,1,27,0
2009-01-28,2009,1,28,0
2009-01-29,2009,1,29,0
2009-01-30,2009,1,30,0
2009-01-31,2009,1,31,0
2009-02-01,2009,2,1,0.13712332
2009-02-02,2009,2,2,12.1471
2009-02-03,2009,2,3,0.0039043987
2009-02-04,2009,2,4,19.817974
2009-02-05,2009,2,5,4.7187981
2009-02-06,2009,2,6,0
2009-02-07,2009,2,7,0
2009-02-08,2009,2,8,0
2009-02-09,2009,2,9,0.0029303245
2009-02-10,2009,2,10,0.0039672206
2009-02-11,2009,2,11,0
2009-02-12,2009,2,12,0
2009-02-13,2009,2,13,0
2009-02-14,2009,2,14,0
2009-02-15,2009,2,15,14.868313
2009-02-16,2009,2,16,0.00035667339
2009-02-17,2009,2,17,0.0018279511
2009-02-18,2009,2,18,0.037086502
2009-02-19,2009,2,19,0.95292477
2009-02-20,2009,2,20,0
2009-02-21,2009,2,21,0
2009-02-22,2009,2,22,0
2009-02-23,2009,2,23,0
2009-02-24,2009,2,24,0
2009-02-25,2009,2,25,0
2009-02-26,2009,2,26,0
2009-02-27,2009,2,27,0
2009-02-28,2009,2,28,3.701
2009-03-01,2009,3,1,3.44723
2009-03-02,2009,3,2,0.00082716621
2009-03-03,2009,3,3,0
2009-03-04,2009,3,4,0
2009-03-05,2009,3,5,0
2009-03-06,2009,3,6,0
2009-03-07,2009,3,7,0
2009-03-08,2009,3,8,0
2009-03-09,2009,3,9,0
2009-03-10,2009,3,10,0
2009-03-11,2009,3,11,0
2009-03-12,2009,3,12,0
2009-03-13,2009,3,13,0
2009-03-14,2009,3,14,0
2009-03-15,2009,3,15,0.35551788
2009-03-16,2009,3,16,0
2009-03-17,2009,3,17,0
2009-03-18,2009,3,18,0
2009-03-19,2009,3,19,0
2009-03-20,2009,3,20,0
2009-03-21,2009,3,21,0
2009-03-22,2009,3,22,0
2009-03-23,2009,3,23,0
2009-03-24,2009,3,24,0
2009-03-25,2009,3,25,0
2009-03-26,2009,3,26,0
2009-03-27,2009,3,27,0.026864336
2009-03-28,2009,3,28,25.456688
2009-03-29,2009,3,29,1.4352671
2009-03-30,2009,3,30,0.0063779371
2009-03-31,2009,3,31,0
2009-04-01,2009,4,1,28.446913
2009-04-02,2009,4,2,24.232306
2009-04-03,2009,4,3,23.776677
2009-04-04,2009,4,4,1.9303217
2009-04-05,2009,4,5,5.2647075
2009-04-06,2009,4,6,0.0024579475
2009-04-07,2009,4,7,0
2009-04-08,2009,4,8,0
2009-04-09,2009,4,9,0
2009-04-10,2009,4,10,0
2009-04-11,2009,4,11,0
2009-04-12,2009,4,12,0
2009-04-13,2009,4,13,0
2009-04-14,2009,4,14,0
2009-04-15,2009,4,15,0
2009-04-16,2009,4,16,0
2009-04-17,2009,4,17,0
2009-04-18,2009,4,18,0
2009-04-19,2009,4,19,0
2009-04-20,2009,4,20,0
2009-04-21,2009,4,21,0
2009-04-22,2009,4,22,15.881578
2009-04-23,2009,4,23,0
2009-04-24,2009,4,24,0
2009-04-25,2009,4,25,0
2009-04-26,2009,4,26,0
2009-04-27,2009,4,27,0
2009-04-28,2009,4,28,0
2009-04-29,2009,4,29,0
2009-04-30,2009,4,30,0
2009-05-01,2009,5,1,0
2009-05-02,2009,5,2,5.844423
2009-05-03,2009,5,3,22.736844
2009-05-04,2009,5,4,0
2009-05-05,2009,5,5,0
2009-05-06,2009,5,6,0
2009-05-07,2009,5,7,0
2009-05-08,2009,5,8,10.586175
2009-05-09,2009,5,9,51.982404
2009-05-10,2009,5,10,92.33917
2009-05-11,2009,5,11,9.7590395
2009-05-12,2009,5,12,15.974237
2009-05-13,2009,5,13,0
2009-05-14,2009,5,14,0
2009-05-15,2009,5,15,21.860957
2009-05-16,2009,5,16,48.097382
2009-05-17,2009,5,17,0
2009-05-18,2009,5,18,0
2009-05-19,2009,5,19,17.182303
2009-05-20,2009,5,20,76.038805
2009-05-21,2009,5,21,33.034717
2009-05-22,2009,5,22,29.78862
2009-05-23,2009,5,23,27.15293
2009-05-24,2009,5,24,33.280254
2009-05-25,2009,5,25,2.4390609
2009-05-26,2009,5,26,0
2009-05-27,2009,5,27,0
2009-05-28,2009,5,28,0
2009-05-29,2009,5,29,0
2009-05-30,2009,5,30,0.0016814356
2009-05-31,2009,5,31,0
2009-06-01,2009,6,1,0
2009-06-02,2009,6,2,0
2009-06-03,2009,6,3,11.027361
2009-06-04,2009,6,4,0.28813169
2009-06-05,2009,6,5,0
2009-06-06,2009,6,6,0
2009-06-07,2009,6,7,0
2009-06-08,2009,6,8,0
2009-06-09,2009,6,9,0
2009-06-10,2009,6,10,0
2009-06-11,2009,6,11,0
2009-06-12,2009,6,12,0
2009-06-13,2009,6,13,28.463738
2009-06-14,2009,6,14,5.3967535
2009-06-15,2009,6,15,3.5380089
2009-06-16,2009,6,16,45.673169
2009-06-17,2009,6,17,50.682403
2009-06-18,2009,6,18,73.492121
2009-06-19,2009,6,19,15.210005
2009-06-20,2009,6,20,1.304231
2009-06-21,2009,6,21,13.870032
2009-06-22,2009,6,22,0.03926477
2009-06-23,2009,6,23,0
2009-06-24,2009,6,24,0
2009-06-25,2009,6,25,0
2009-06-26,2009,6,26,4.8920075
2009-06-27,2009,6,27,22.729728
2009-06-28,2009,6,28,17.580827
2009-06-29,2009,6,29,3.1633598
2009-06-30,2009,6,30,23.38429
2009-07-01,2009,7,1,19.718988
2009-07-02,2009,7,2,7.191929
2009-07-03,2009,7,3,22.796967
2009-07-04,2009,7,4,52.253306
2009-07-05,2009,7,5,24.34908
2009-07-06,2009,7,6,34.612548
2009-07-07,2009,7,7,0.0080759904
2009-07-08,2009,7,8,0.2251003
2009-07-09,2009,7,9,11.221594
2009-07-10,2009,7,10,0
2009-07-11,2009,7,11,2.103196
2009-07-12,2009,7,12,1.1880883
2009-07-13,2009,7,13,0
2009-07-14,2009,7,14,0
2009-07-15,2009,7,15,0
2009-07-16,2009,7,16,0
2009-07-17,2009,7,17,0
2009-07-18,2009,7,18,2.4273373
2009-07-19,2009,7,19,0.56702765
2009-07-20,2009,7,20,5.8163106
2009-07-21,2009,7,21,4.4383208
2009-07-22,2009,7,22,0
2009-07-23,2009,7,23,0
2009-07-24,2009,7,24,0
2009-07-25,2009,7,25,0
2009-07-26,2009,7,26,0
2009-07-27,2009,7,27,0
2009-07-28,2009,7,28,0
2009-07-29,2009,7,29,0
2009-07-30,2009,7,30,0.11947564
2009-07-31,2009,7,31,1.1307304
2009-08-01,2009,8,1,0
2009-08-02,2009,8,2,4.5508953
2009-08-03,2009,8,3,42.531118
2009-08-04,2009,8,4,37.992219
2009-08-05,2009,8,5,7.4790362
2009-08-06,2009,8,6,0
2009-08-07,2009,8,7,0
2009-08-08,2009,8,8,0
2009-08-09,2009,8,9,9.2370261
2009-08-10,2009,8,10,2.1578392
2009-08-11,2009,8,11,16.636922
2009-08-12,2009,8,12,20.425831
2009-08-13,2009,8,13,35.3797
2009-08-14,2009,8,14,66.243258
2009-08-15,2009,8,15,14.473691
2009-08-16,2009,8,16,12.192703
2009-08-17,2009,8,17,4.9091702
2009-08-18,2009,8,18,11.889696
2009-08-19,2009,8,19,11.655468
2009-08-20,2009,8,20,3.1088765
2009-08-21,2009,8,21,14.028505
2009-08-22,2009,8,22,16.467319
2009-08-23,2009,8,23,31.83886
2009-08-24,2009,8,24,18.362355
2009-08-25,2009,8,25,6.6789864
2009-08-26,2009,8,26,3.39319
2009-08-27,2009,8,27,0
2009-08-28,2009,8,28,4.0520943
2009-08-29,2009,8,29,25.435351
2009-08-30,2009,8,30,0.00038317186
2009-08-31,2009,8,31,0
2009-09-01,2009,9,1,0
2009-09-02,2009,9,2,0
2009-09-03,2009,9,3,0
2009-09-04,2009,9,4,49.685615
2009-09-05,2009,9,5,48.734907
2009-09-06,2009,9,6,19.664723
2009-09-07,2009,9,7,0
2009-09-08,2009,9,8,0
2009-09-09,2009,9,9,0
2009-09-10,2009,9,10,0
2009-09-11,2009,9,11,0
2009-09-12,2009,9,12,0
2009-09-13,2009,9,13,11.386273
2009-09-14,2009,9,14,4.5807081
2009-09-15,2009,9,15,0
2009-09-16,2009,9,16,0
2009-09-17,2009,9,17,7.1835947
2009-09-18,2009,9,18,0
2009-09-19,2009,9,19,0
2009-09-20,2009,9,20,0
2009-09-21,2009,9,21,0
2009-09-22,2009,9,22,0
2009-09-23,2009,9,23,0
2009-09-24,2009,9,24,0
2009-09-25,2009,9,25,0.018991592
2009-09-26,2009,9,26,0.4798585
2009-09-27,2009,9,27,0
2009-09-28,2009,9,28,0
2009-09-29,2009,9,29,0
2009-09-30,2009,9,30,0
2009-10-01,2009,10,1,0
2009-10-02,2009,10,2,0
2009-10-03,2009,10,3,0
2009-10-04,2009,10,4,25.63238
2009-10-05,2009,10,5,4.0521895
2009-10-06,2009,10,6,0
2009-10-07,2009,10,7,0
2009-10-08,2009,10,8,1.2575534
2009-10-09,2009,10,9,27.289113
2009-10-10,2009,10,10,16.665355
2009-10-11,2009,10,11,6.653678
2009-10-12,2009,10,12,0.039153
2009-10-13,2009,10,13,0
2009-10-14,2009,10,14,0
2009-10-15,2009,10,15,0.010788533
2009-10-16,2009,10,16,0
2009-10-17,2009,10,17,0
2009-10-18,2009,10,18,0
2009-10-19,2009,10,19,0
2009-10-20,2009,10,20,0
2009-10-21,2009,10,21,30.702081
2009-10-22,2009,10,22,78.116729
2009-10-23,2009,10,23,13.119079
2009-10-24,2009,10,24,2.6348906
2009-10-25,2009,10,25,0
2009-10-26,2009,10,26,8.6555328
2009-10-27,2009,10,27,15.643155
2009-10-28,2009,10,28,13.193041
2009-10-29,2009,10,29,18.008125
2009-10-30,2009,10,30,4.216543
2009-10-31,2009,10,31,21.357134
2009-11-01,2009,11,1,24.309736
2009-11-02,2009,11,2,1.0733264
2009-11-03,2009,11,3,15.675313
2009-11-04,2009,11,4,17.462196
2009-11-05,2009,11,5,16.738342
2009-11-06,2009,11,6,0.10046995
2009-11-07,2009,11,7,0.36479123
2009-11-08,2009,11,8,16.978765
2009-11-09,2009,11,9,0.76119868
2009-11-10,2009,11,10,0
2009-11-11,2009,11,11,0
2009-11-12,2009,11,12,0
2009-11-13,2009,11,13,0
2009-11-14,2009,11,14,0
2009-11-15,2009,11,15,0
2009-11-16,2009,11,16,16.411168
2009-11-17,2009,11,17,4.7740974
2009-11-18,2009,11,18,40.094502
2009-11-19,2009,11,19,6.7969578
2009-11-20,2009,11,20,0
2009-11-21,2009,11,21,0
2009-11-22,2009,11,22,15.642796
2009-11-23,2009,11,23,9.6145278
2009-11-24,2009,11,24,11.915782
2009-11-25,2009,11,25,0.00073048471
2009-11-26,2009,11,26,0
2009-11-27,2009,11,27,0
2009-11-28,2009,11,28,6.4921285
2009-11-29,2009,11,29,4.699156
2009-11-30,2009,11,30,0.13028013
2009-12-01,2009,12,1,1.398194
2009-12-02,2009,12,2,0
2009-12-03,2009,12,3,0
2009-12-04,2009,12,4,0
2009-12-05,2009,12,5,0
2009-12-06,2009,12,6,0.21891616
2009-12-07,2009,12,7,11.425171
2009-12-08,2009,12,8,1.2341673
2009-12-09,2009,12,9,0
2009-12-10,2009,12,10,0
2009-12-11,2009,12,11,0
2009-12-12,2009,12,12,0.064769377
2009-12-13,2009,12,13,0
2009-12-14,2009,12,14,0
2009-12-15,2009,12,15,0
2009-12-16,2009,12,16,0
2009-12-17,2009,12,17,0
2009-12-18,2009,12,18,0
2009-12-19,2009,12,19,0
2009-12-20,2009,12,20,0
2009-12-21,2009,12,21,0
2009-12-22,2009,12,22,0
2009-12-23,2009,12,23,5.054938
2009-12-24,2009,12,24,0.035451531
2009-12-25,2009,12,25,0.038080937
2009-12-26,2009,12,26,0.64143967
2009-12-27,2009,12,27,0.65450084
2009-12-28,2009,12,28,23.122818
2009-12-29,2009,12,29,8.9773616
2009-12-30,2009,12,30,0.0087852755
2009-12-31,2009,12,31,2.0840203
2010-01-01,2010,1,1,0
2010-01-02,2010,1,2,0
2010-01-03,2010,1,3,0
2010-01-04,2010,1,4,1.6955223
2010-01-05,2010,1,5,2.0788302
2010-01-06,2010,1,6,0
2010-01-07,2010,1,7,0
2010-01-08,2010,1,8,0
2010-01-09,2010,1,9,0
2010-01-10,2010,1,10,0
2010-01-11,2010,1,11,24.518292
2010-01-12,2010,1,12,0.57393297
2010-01-13,2010,1,13,0
2010-01-14,2010,1,14,0
2010-01-15,2010,1,15,0
2010-01-16,2010,1,16,0.00010233347
2010-01-17,2010,1,17,0
2010-01-18,2010,1,18,0
2010-01-19,2010,1,19,0
2010-01-20,2010,1,20,0
2010-01-21,2010,1,21,0
2010-01-22,2010,1,22,0
2010-01-23,2010,1,23,0
2010-01-24,2010,1,24,0
2010-01-25,2010,1,25,0
2010-01-26,2010,1,26,0
2010-01-27,2010,1,27,0
2010-01-28,2010,1,28,0.0055586359
2010-01-29,2010,1,29,0
2010-01-30,2010,1,30,0
2010-01-31,2010,1,31,0
2010-02-01,2010,2,1,0.0023272939
2010-02-02,2010,2,2,10.587396
2010-02-03,2010,2,3,0.41171004
2010-02-04,2010,2,4,0.002506826
2010-02-05,2010,2,5,0.076921556
2010-02-06,2010,2,6,34.427998
2010-02-07,2010,2,7,6.3935367
2010-02-08,2010,2,8,0.0070828847
2010-02-09,2010,2,9,0.8388449
2010-02-10,2010,2,10,0
2010-02-11,2010,2,11,0
2010-02-12,2010,2,12,0.00063309527
2010-02-13,2010,2,13,0
2010-02-14,2010,2,14,0
2010-02-15,2010,2,15,0
2010-02-16,2010,2,16,1.4327139
2010-02-17,2010,2,17,7.1370708
2010-02-18,2010,2,18,8.3339647
2010-02-19,2010,2,19,0
2010-02-20,2010,2,20,0
2010-02-21,2010,2,21,0
2010-02-22,2010,2,22,0
2010-02-23,2010,2,23,0
2010-02-24,2010,2,24,0
2010-02-25,2010,2,25,0
2010-02-26,2010,2,26,0
2010-02-27,2010,2,27,0
2010-02-28,2010,2,28,0
2010-03-01,2010,3,1,0.44865458
2010-03-02,2010,3,2,2.2849575
2010-03-03,2010,3,3,0
2010-03-04,2010,3,4,0
2010-03-05,2010,3,5,0
2010-03-06,2010,3,6,0
2010-03-07,2010,3,7,3.7781947
2010-03-08,2010,3,8,0
2010-03-09,2010,3,9,0
2010-03-10,2010,3,10,0
2010-03-11,2010,3,11,0
2010-03-12,2010,3,12,0
2010-03-13,2010,3,13,0.0011409447
2010-03-14,2010,3,14,0
2010-03-15,2010,3,15,0
2010-03-16,2010,3,16,0
2010-03-17,2010,3,17,0
2010-03-18,2010,3,18,0
2010-03-19,2010,3,19,0
2010-03-20,2010,3,20,13.875845
2010-03-21,2010,3,21,7.7202568
2010-03-22,2010,3,22,6.769606
2010-03-23,2010,3,23,5.2047737
2010-03-24,2010,3,24,0
2010-03-25,2010,3,25,0
2010-03-26,2010,3,26,0
2010-03-27,2010,3,27,0
2010-03-28,2010,3,28,0
2010-03-29,2010,3,29,0
2010-03-30,2010,3,30,0
2010-03-31,2010,3,31,14.66321
2010-04-01,2010,4,1,0.0030718299
2010-04-02,2010,4,2,0
2010-04-03,2010,4,3,0
2010-04-04,2010,4,4,0
2010-04-05,2010,4,5,0
2010-04-06,2010,4,6,0
2010-04-07,2010,4,7,0
2010-04-08,2010,4,8,0
2010-04-09,2010,4,9,0
2010-04-10,2010,4,10,0.096645891
2010-04-11,2010,4,11,0
2010-04-12,2010,4,12,0
2010-04-13,2010,4,13,0
2010-04-14,2010,4,14,0
2010-04-15,2010,4,15,0
2010-04-16,2010,4,16,8.9308749
2010-04-17,2010,4,17,17.784223
2010-04-18,2010,4,18,8.5486103
2010-04-19,2010,4,19,8.2831372
2010-04-20,2010,4,20,0
2010-04-21,2010,4,21,0
2010-04-22,2010,4,22,0
2010-04-23,2010,4,23,0
2010-04-24,2010,4,24,0
2010-04-25,2010,4,25,0
2010-04-26,2010,4,26,0
2010-04-27,2010,4,27,0.068274096
2010-04-28,2010,4,28,0
2010-04-29,2010,4,29,0
2010-04-30,2010,4,30,0
2010-05-01,2010,5,1,0
2010-05-02,2010,5,2,3.6045778
2010-05-03,2010,5,3,0.029449925
2010-05-04,2010,5,4,34.533065
2010-05-05,2010,5,5,27.394836
2010-05-06,2010,5,6,0
2010-05-07,2010,5,7,0
2010-05-08,2010,5,8,0
2010-05-09,2010,5,9,0
2010-05-10,2010,5,10,0
2010-05-11,2010,5,11,0
2010-05-12,2010,5,12,0
2010-05-13,2010,5,13,0.42956396
2010-05-14,2010,5,14,1.0559177
2010-05-15,2010,5,15,0
2010-05-16,2010,5,16,0
2010-05-17,2010,5,17,0
2010-05-18,2010,5,18,16.321456
2010-05-19,2010,5,19,0
2010-05-20,2010,5,20,0
2010-05-21,2010,5,21,0.56223844
2010-05-22,2010,5,22,3.8102179
2010-05-23,2010,5,23,0.0028628406
2010-05-24,2010,5,24,10.037121
2010-05-25,2010,5,25,9.6827186
2010-05-26,2010,5,26,4.4599881
2010-05-27,2010,5,27,0
2010-05-28,2010,5,28,0
2010-05-29,2010,5,29,0
2010-05-30,2010,5,30,0
2010-05-31,2010,5,31,0
2010-06-01,2010,6,1,1.7213878
2010-06-02,2010,6,2,6.6601106
2010-06-03,2010,6,3,17.704005
2010-06-04,2010,6,4,0.54668334
2010-06-05,2010,6,5,0
2010-06-06,2010,6,6,0.18404421
2010-06-07,2010,6,7,0
2010-06-08,2010,6,8,2.8312019e-05
2010-06-09,2010,6,9,0
2010-06-10,2010,6,10,13.708687
2010-06-11,2010,6,11,9.2330482
2010-06-12,2010,6,12,0
2010-06-13,2010,6,13,9.423853
2010-06-14,2010,6,14,38.339736
2010-06-15,2010,6,15,10.925956
2010-06-16,2010,6,16,18.28191
2010-06-17,2010,6,17,34.631751
2010-06-18,2010,6,18,23.455252
2010-06-19,2010,6,19,17.423752
2010-06-20,2010,6,20,23.910212
2010-06-21,2010,6,21,46.231086
2010-06-22,2010,6,22,73.075554
2010-06-23,2010,6,23,58.399549
2010-06-24,2010,6,24,13.695427
2010-06-25,2010,6,25,0
2010-06-26,2010,6,26,0
2010-06-27,2010,6,27,0.018621691
2010-06-28,2010,6,28,0
2010-06-29,2010,6,29,1.1216732
2010-06-30,2010,6,30,0.7834354
2010-07-01,2010,7,1,35.775971
2010-07-02,2010,7,2,4.5575971
2010-07-03,2010,7,3,3.0534135
2010-07-04,2010,7,4,44.913676
2010-07-05,2010,7,5,8.5754866
2010-07-06,2010,7,6,28.758808
2010-07-07,2010,7,7,59.562621
2010-07-08,2010,7,8,16.247084
2010-07-09,2010,7,9,0
2010-07-10,2010,7,10,26.584345
2010-07-11,2010,7,11,3.1218027
2010-07-12,2010,7,12,0
2010-07-13,2010,7,13,0
2010-07-14,2010,7,14,0.32542226
2010-07-15,2010,7,15,0.012595226
2010-07-16,2010,7,16,0.00332276
2010-07-17,2010,7,17,0
2010-07-18,2010,7,18,0
2010-07-19,2010,7,19,8.2625337
2010-07-20,2010,7,20,12.47813
2010-07-21,2010,7,21,4.5418779
2010-07-22,2010,7,22,1.4267302
2010-07-23,2010,7,23,11.21963
2010-07-24,2010,7,24,0
2010-07-25,2010,7,25,2.5242037
2010-07-26,2010,7,26,0
2010-07-27,2010,7,27,15.737079
2010-07-28,2010,7,28,0.0014578844
2010-07-29,2010,7,29,16.531168
2010-07-30,2010,7,30,12.688923
2010-07-31,2010,7,31,1.2920507
2010-08-01,2010,8,1,0
2010-08-02,2010,8,2,0
2010-08-03,2010,8,3,0.0011005583
2010-08-04,2010,8,4,0
2010-08-05,2010,8,5,6.4759953
2010-08-06,2010,8,6,0
2010-08-07,2010,8,7,0
2010-08-08,2010,8,8,0
2010-08-09,2010,8,9,0
2010-08-10,2010,8,10,0
2010-08-11,2010,8,11,1.1546636
2010-08-12,2010,8,12,0.00069349292
2010-08-13,2010,8,13,0
2010-08-14,2010,8,14,0
2010-08-15,2010,8,15,13.142772
2010-08-16,2010,8,16,39.452458
2010-08-17,2010,8,17,43.226056
2010-08-18,2010,8,18,8.2023525
2010-08-19,2010,8,19,0
2010-08-20,2010,8,20,0
2010-08-21,2010,8,21,23.20304
2010-08-22,2010,8,22,19.492564
2010-08-23,2010,8,23,0.0056860035
2010-08-24,2010,8,24,2.005595
2010-08-25,2010,8,25,5.7220811
2010-08-26,2010,8,26,37.312641
2010-08-27,2010,8,27,61.244098
2010-08-28,2010,8,28,7.3384172
2010-08-29,2010,8,29,3.9339163
2010-08-30,2010,8,30,8.9163179
2010-08-31,2010,8,31,1.3397919
2010-09-01,2010,9,1,0
2010-09-02,2010,9,2,0
2010-09-03,2010,9,3,0
2010-09-04,2010,9,4,0
2010-09-05,2010,9,5,0
2010-09-06,2010,9,6,0
2010-09-07,2010,9,7,0
2010-09-08,2010,9,8,0
2010-09-09,2010,9,9,0
2010-09-10,2010,9,10,0
2010-09-11,2010,9,11,2.5882023
2010-09-12,2010,9,12,1.5457638
2010-09-13,2010,9,13,0.48347947
2010-09-14,2010,9,14,5.5492552
2010-09-15,2010,9,15,0.023609566
2010-09-16,2010,9,16,0
2010-09-17,2010,9,17,0
2010-09-18,2010,9,18,5.7311081
2010-09-19,2010,9,19,0
2010-09-20,2010,9,20,8.3835747
2010-09-21,2010,9,21,0.98983594
2010-09-22,2010,9,22,0
2010-09-23,2010,9,23,0
2010-09-24,2010,9,24,0
2010-09-25,2010,9,25,0
2010-09-26,2010,9,26,7.8424332
2010-09-27,2010,9,27,6.7219662
2010-09-28,2010,9,28,0.0067197419
2010-09-29,2010,9,29,0
2010-09-30,2010,9,30,0
2010-10-01,2010,10,1,0
2010-10-02,2010,10,2,0
2010-10-03,2010,10,3,0
2010-10-04,2010,10,4,0
2010-10-05,2010,10,5,1.6584468
2010-10-06,2010,10,6,7.8062594
2010-10-07,2010,10,7,0
2010-10-08,2010,10,8,0
2010-10-09,2010,10,9,0
2010-10-10,2010,10,10,0
2010-10-11,2010,10,11,0
2010-10-12,2010,10,12,1.4330293
2010-10-13,2010,10,13,3.4785669
2010-10-14,2010,10,14,14.965342
2010-10-15,2010,10,15,0.35496701
2010-10-16,2010,10,16,0
2010-10-17,2010,10,17,3.6770942
2010-10-18,2010,10,18,1.8894219
2010-10-19,2010,10,19,5.3835726
2010-10-20,2010,10,20,9.6688237
2010-10-21,2010,10,21,0
2010-10-22,2010,10,22,3.7474822
2010-10-23,2010,10,23,5.6101913
2010-10-24,2010,10,24,0
2010-10-25,2010,10,25,0
2010-10-26,2010,10,26,0.31755224
2010-10-27,2010,10,27,6.6631496
2010-10-28,2010,10,28,24.019389
2010-10-29,2010,10,29,12.83617
2010-10-30,2010,10,30,0.29793647
2010-10-31,2010,10,31,0
2010-11-01,2010,11,1,0
2010-11-02,2010,11,2,0
2010-11-03,2010,11,3,0
2010-11-04,2010,11,4,0
2010-11-05,2010,11,5,1.6633381
2010-11-06,2010,11,6,31.688053
2010-11-07,2010,11,7,7.9964405
2010-11-08,2010,11,8,0.00043258258
2010-11-09,2010,11,9,0
2010-11-10,2010,11,10,0
2010-11-11,2010,11,11,0
2010-11-12,2010,11,12,0
2010-11-13,2010,11,13,0
2010-11-14,2010,11,14,0
2010-11-15,2010,11,15,0
2010-11-16,2010,11,16,0
2010-11-17,2010,11,17,0
2010-11-18,2010,11,18,6.1168354
2010-11-19,2010,11,19,8.3101702
2010-11-20,2010,11,20,21.825325
2010-11-21,2010,11,21,6.7300848
2010-11-22,2010,11,22,0
2010-11-23,2010,11,23,0
2010-11-24,2010,11,24,0
2010-11-25,2010,11,25,0
2010-11-26,2010,11,26,0
2010-11-27,2010,11,27,0
2010-11-28,2010,11,28,0
2010-11-29,2010,11,29,0.16877061
2010-11-30,2010,11,30,0
2010-12-01,2010,12,1,1.6572649
2010-12-02,2010,12,2,4.0634135
2010-12-03,2010,12,3,0
2010-12-04,2010,12,4,0
2010-12-05,2010,12,5,0
2010-12-06,2010,12,6,2.0078706
2010-12-07,2010,12,7,8.9356944
2010-12-08,2010,12,8,0
2010-12-09,2010,12,9,14.363459
2010-12-10,2010,12,10,56.159992
2010-12-11,2010,12,11,2.6493731
2010-12-12,2010,12,12,0
2010-12-13,2010,12,13,0
2010-12-14,2010,12,14,0
2010-12-15,2010,12,15,0.036319458
2010-12-16,2010,12,16,10.053111
2010-12-17,2010,12,17,6.3108049
2010-12-18,2010,12,18,0
2010-12-19,2010,12,19,0
2010-12-20,2010,12,20,0
2010-12-21,2010,12,21,0
2010-12-22,2010,12,22,0
2010-12-23,2010,12,23,0.28275885
2010-12-24,2010,12,24,0
2010-12-25,2010,12,25,0
2010-12-26,2010,12,26,0
2010-12-27,2010,12,27,0
2010-12-28,2010,12,28,0.18334453
2010-12-29,2010,12,29,10.469646
2010-12-30,2010,12,30,0.67487587
2010-12-31,2010,12,31,0
2011-01-01,2011,1,1,11.347392
2011-01-02,2011,1,2,17.812587
2011-01-03,2011,1,3,3.1415534
2011-01-04,2011,1,4,2.5651636
2011-01-05,2011,1,5,0
2011-01-06,2011,1,6,4.6214272
2011-01-07,2011,1,7,2.4150081
2011-01-08,2011,1,8,0
2011-01-09,2011,1,9,0
2011-01-10,2011,1,10,0
2011-01-11,2011,1,11,0
2011-01-12,2011,1,12,0
2011-01-13,2011,1,13,3.1209066
2011-01-14,2011,1,14,0
2011-01-15,2011,1,15,34.709313
2011-01-16,2011,1,16,5.8187659
2011-01-17,2011,1,17,0
2011-01-18,2011,1,18,22.790478
2011-01-19,2011,1,19,0
2011-01-20,2011,1,20,0
2011-01-21,2011,1,21,0
2011-01-22,2011,1,22,0
2011-01-23,2011,1,23,0
2011-01-24,2011,1,24,0.1427115
2011-01-25,2011,1,25,9.6418773
2011-01-26,2011,1,26,0
2011-01-27,2011,1,27,0
2011-01-28,2011,1,28,0
2011-01-29,2011,1,29,0
2011-01-30,2011,1,30,0.98013171
2011-01-31,2011,1,31,0
2011-02-01,2011,2,1,0.0096457689
2011-02-02,2011,2,2,0.28366966
2011-02-03,2011,2,3,0.042421564
2011-02-04,2011,2,4,0
2011-02-05,2011,2,5,0
2011-02-06,2011,2,6,0
2011-02-07,2011,2,7,0
2011-02-08,2011,2,8,0
2011-02-09,2011,2,9,0
2011-02-10,2011,2,10,0
2011-02-11,2011,2,11,9.524423
2011-02-12,2011,2,12,29.410432
2011-02-13,2011,2,13,0
2011-02-14,2011,2,14,0
2011-02-15,2011,2,15,0
2011-02-16,2011,2,16,0.052601024
2011-02-17,2011,2,17,0
2011-02-18,2011,2,18,0
2011-02-19,2011,2,19,0
2011-02-20,2011,2,20,0
2011-02-21,2011,2,21,0
2011-02-22,2011,2,22,0
2011-02-23,2011,2,23,0.034343353
2011-02-24,2011,2,24,0
2011-02-25,2011,2,25,0
2011-02-26,2011,2,26,0
2011-02-27,2011,2,27,0
2011-02-28,2011,2,28,0
2011-03-01,2011,3,1,0
2011-03-02,2011,3,2,0
2011-03-03,2011,3,3,0
2011-03-04,2011,3,4,0
2011-03-05,2011,3,5,0.0017562284
2011-03-06,2011,3,6,0
2011-03-07,2011,3,7,0
2011-03-08,2011,3,8,0
2011-03-09,2011,3,9,0
2011-03-10,2011,3,10,5.4844098
2011-03-11,2011,3,11,33.809843
2011-03-12,2011,3,12,0
2011-03-13,2011,3,13,0
2011-03-14,2011,3,14,7.8923606
2011-03-15,2011,3,15,0.065632366
2011-03-16,2011,3,16,3.5750961
2011-03-17,2011,3,17,0
2011-03-18,2011,3,18,0
2011-03-19,2011,3,19,0
2011-03-20,2011,3,20,0.0005630553
2011-03-21,2011,3,21,13.613873
2011-03-22,2011,3,22,0
2011-03-23,2011,3,23,0
2011-03-24,2011,3,24,0
2011-03-25,2011,3,25,12.355148
2011-03-26,2011,3,26,0
2011-03-27,2011,3,27,0
2011-03-28,2011,3,28,0
2011-03-29,2011,3,29,0
2011-03-30,2011,3,30,0.52265012
2011-03-31,2011,3,31,0
2011-04-01,2011,4,1,0
2011-04-02,2011,4,2,0
2011-04-03,2011,4,3,0
2011-04-04,2011,4,4,0
2011-04-05,2011,4,5,0
2011-04-06,2011,4,6,0
2011-04-07,2011,4,7,0
2011-04-08,2011,4,8,0
2011-04-09,2011,4,9,0.0041663915
2011-04-10,2011,4,10,0
2011-04-11,2011,4,11,8.2371693
2011-04-12,2011,4,12,68.25671
2011-04-13,2011,4,13,31.290103
2011-04-14,2011,4,14,1.7421649
2011-04-15,2011,4,15,0
2011-04-16,2011,4,16,1.9126255
2011-04-17,2011,4,17,0
2011-04-18,2011,4,18,0
2011-04-19,2011,4,19,0
2011-04-20,2011,4,20,0.34302724
2011-04-21,2011,4,21,54.328113
2011-04-22,2011,4,22,13.083452
2011-04-23,2011,4,23,0.26585835
2011-04-24,2011,4,24,0
2011-04-25,2011,4,25,0
2011-04-26,2011,4,26,0
2011-04-27,2011,4,27,26.341957
2011-04-28,2011,4,28,0.11574197
2011-04-29,2011,4,29,0
2011-04-30,2011,4,30,0
2011-05-01,2011,5,1,0
2011-05-02,2011,5,2,0
2011-05-03,2011,5,3,0
2011-05-04,2011,5,4,0
2011-05-05,2011,5,5,0
2011-05-06,2011,5,6,0
2011-05-07,2011,5,7,0
2011-05-08,2011,5,8,0
2011-05-09,2011,5,9,0
2011-05-10,2011,5,10,19.053119
2011-05-11,2011,5,11,0
2011-05-12,2011,5,12,0
2011-05-13,2011,5,13,0
2011-05-14,2011,5,14,0
2011-05-15,2011,5,15,0
2011-05-16,2011,5,16,0
2011-05-17,2011,5,17,0
2011-05-18,2011,5,18,1.8560784
2011-05-19,2011,5,19,39.616811
2011-05-20,2011,5,20,5.9119277
2011-05-21,2011,5,21,3.0236463
2011-05-22,2011,5,22,0
2011-05-23,2011,5,23,0
2011-05-24,2011,5,24,3.5368099
2011-05-25,2011,5,25,0
2011-05-26,2011,5,26,0
2011-05-27,2011,5,27,1.4752168
2011-05-28,2011,5,28,0
2011-05-29,2011,5,29,0
2011-05-30,2011,5,30,0
2011-05-31,2011,5,31,0
2011-06-01,2011,6,1,0
2011-06-02,2011,6,2,0.059962334
2011-06-03,2011,6,3,0
2011-06-04,2011,6,4,3.06576
2011-06-05,2011,6,5,0
2011-06-06,2011,6,6,17.422222
2011-06-07,2011,6,7,59.312421
2011-06-08,2011,6,8,28.421796
2011-06-09,2011,6,9,14.718736
2011-06-10,2011,6,10,39.145754
2011-06-11,2011,6,11,14.179957
2011-06-12,2011,6,12,0
2011-06-13,2011,6,13,0
2011-06-14,2011,6,14,1.6910775
2011-06-15,2011,6,15,13.858931
2011-06-16,2011,6,16,0.4674404
2011-06-17,2011,6,17,16.253374
2011-06-18,2011,6,18,38.85341
2011-06-19,2011,6,19,8.8234561
2011-06-20,2011,6,20,0
2011-06-21,2011,6,21,0
2011-06-22,2011,6,22,0
2011-06-23,2011,6,23,7.0999236
2011-06-24,2011,6,24,0
2011-06-25,2011,6,25,0
2011-06-26,2011,6,26,0
2011-06-27,2011,6,27,0
2011-06-28,2011,6,28,48.872982
2011-06-29,2011,6,29,19.332411
2011-06-30,2011,6,30,0.86755814
2011-07-01,2011,7,1,0
2011-07-02,2011,7,2,0
2011-07-03,2011,7,3,0
2011-07-04,2011,7,4,0
2011-07-05,2011,7,5,0
2011-07-06,2011,7,6,0
2011-07-07,2011,7,7,0
2011-07-08,2011,7,8,0
2011-07-09,2011,7,9,8.0373183
2011-07-10,2011,7,10,1.2256114
2011-07-11,2011,7,11,28.200671
2011-07-12,2011,7,12,0.80170699
2011-07-13,2011,7,13,43.114885
2011-07-14,2011,7,14,52.109917
2011-07-15,2011,7,15,22.772595
2011-07-16,2011,7,16,23.166251
2011-07-17,2011,7,17,10.997876
2011-07-18,2011,7,18,0
2011-07-19,2011,7,19,0
2011-07-20,2011,7,20,14.351927
2011-07-21,2011,7,21,0.90402248
2011-07-22,2011,7,22,0
2011-07-23,2011,7,23,0
2011-07-24,2011,7,24,19.429699
2011-07-25,2011,7,25,9.7616597
2011-07-26,2011,7,26,1.8958311
2011-07-27,2011,7,27,16.343561
2011-07-28,2011,7,28,8.5606138
2011-07-29,2011,7,29,1.0199705
2011-07-30,2011,7,30,0
2011-07-31,2011,7,31,0
2011-08-01,2011,8,1,10.48603
2011-08-02,2011,8,2,3.3003901
2011-08-03,2011,8,3,0
2011-08-04,2011,8,4,31.353796
2011-08-05,2011,8,5,29.259627
2011-08-06,2011,8,6,13.540296
2011-08-07,2011,8,7,23.662103
2011-08-08,2011,8,8,13.529991
2011-08-09,2011,8,9,40.026361
2011-08-10,2011,8,10,28.862647
2011-08-11,2011,8,11,33.160079
2011-08-12,2011,8,12,11.433262
2011-08-13,2011,8,13,0
2011-08-14,2011,8,14,0
2011-08-15,2011,8,15,5.4870186
2011-08-16,2011,8,16,37.367405
2011-08-17,2011,8,17,20.761391
2011-08-18,2011,8,18,0
2011-08-19,2011,8,19,0
2011-08-20,2011,8,20,0
2011-08-21,2011,8,21,0
2011-08-22,2011,8,22,1.0525308
2011-08-23,2011,8,23,11.714979
2011-08-24,2011,8,24,0
2011-08-25,2011,8,25,0
2011-08-26,2011,8,26,14.31231
2011-08-27,2011,8,27,7.8049709
2011-08-28,2011,8,28,40.807273
2011-08-29,2011,8,29,15.97176
2011-08-30,2011,8,30,0
2011-08-31,2011,8,31,0
2011-09-01,2011,9,1,2.4402595
2011-09-02,2011,9,2,27.209154
2011-09-03,2011,9,3,8.5435044
2011-09-04,2011,9,4,15.635796
2011-09-05,2011,9,5,6.1002001
2011-09-06,2011,9,6,0
2011-09-07,2011,9,7,0.067985905
2011-09-08,2011,9,8,24.816936
2011-09-09,2011,9,9,23.856586
2011-09-10,2011,9,10,0
2011-09-11,2011,9,11,6.566082
2011-09-12,2011,9,12,0
2011-09-13,2011,9,13,0
2011-09-14,2011,9,14,0
2011-09-15,2011,9,15,23.431672
2011-09-16,2011,9,16,5.5723527
2011-09-17,2011,9,17,0
2011-09-18,2011,9,18,0
2011-09-19,2011,9,19,0
2011-09-20,2011,9,20,0
2011-09-21,2011,9,21,0
2011-09-22,2011,9,22,0
2011-09-23,2011,9,23,0
2011-09-24,2011,9,24,0.34074823
2011-09-25,2011,9,25,0
2011-09-26,2011,9,26,0
2011-09-27,2011,9,27,33.385029
2011-09-28,2011,9,28,10.054384
2011-09-29,2011,9,29,0
2011-09-30,2011,9,30,0.069749758
2011-10-01,2011,10,1,0
2011-10-02,2011,10,2,0
2011-10-03,2011,10,3,0
2011-10-04,2011,10,4,0
2011-10-05,2011,10,5,7.2833772
2011-10-06,2011,10,6,7.1460577
2011-10-07,2011,10,7,1.7763498
2011-10-08,2011,10,8,0
2011-10-09,2011,10,9,0.16168766
2011-10-10,2011,10,10,0
2011-10-11,2011,10,11,6.3657886
2011-10-12,2011,10,12,0.067896815
2011-10-13,2011,10,13,0
2011-10-14,2011,10,14,0.0015515246
2011-10-15,2011,10,15,5.570533
2011-10-16,2011,10,16,0
2011-10-17,2011,10,17,2.5092827
2011-10-18,2011,10,18,0
2011-10-19,2011,10,19,0
2011-10-20,2011,10,20,0
2011-10-21,2011,10,21,0
2011-10-22,2011,10,22,0
2011-10-23,2011,10,23,0
2011-10-24,2011,10,24,0
2011-10-25,2011,10,25,0
2011-10-26,2011,10,26,0
2011-10-27,2011,10,27,0
2011-10-28,2011,10,28,0
2011-10-29,2011,10,29,0
2011-10-30,2011,10,30,0
2011-10-31,2011,10,31,0
2011-11-01,2011,11,1,0
2011-11-02,2011,11,2,0
2011-11-03,2011,11,3,0
2011-11-04,2011,11,4,0
2011-11-05,2011,11,5,0
2011-11-06,2011,11,6,0
2011-11-07,2011,11,7,0
2011-11-08,2011,11,8,52.14913
2011-11-09,2011,11,9,7.7685285
2011-11-10,2011,11,10,0
2011-11-11,2011,11,11,0
2011-11-12,2011,11,12,0
2011-11-13,2011,11,13,0
2011-11-14,2011,11,14,0
2011-11-15,2011,11,15,2.988881
2011-11-16,2011,11,16,9.4492175
2011-11-17,2011,11,17,0.18313286
2011-11-18,2011,11,18,1.2190703
2011-11-19,2011,11,19,0.019622682
2011-11-20,2011,11,20,2.3321006
2011-11-21,2011,11,21,0
2011-11-22,2011,11,22,3.2614971
2011-11-23,2011,11,23,7.1926047
2011-11-24,2011,11,24,2.5144797e-05
2011-11-25,2011,11,25,0
2011-11-26,2011,11,26,0
2011-11-27,2011,11,27,0
2011-11-28,2011,11,28,0
2011-11-29,2011,11,29,0
2011-11-30,2011,11,30,0
2011-12-01,2011,12,1,0
2011-12-02,2011,12,2,0
2011-12-03,2011,12,3,3.2187166
2011-12-04,2011,12,4,0
2011-12-05,2011,12,5,0
2011-12-06,2011,12,6,0
2011-12-07,2011,12,7,0
2011-12-08,2011,12,8,0.013709537
2011-12-09,2011,12,9,0
2011-12-10,2011,12,10,1.0151847
2011-12-11,2011,12,11,0
2011-12-12,2011,12,12,0
2011-12-13,2011,12,13,0
2011-12-14,2011,12,14,0
2011-12-15,2011,12,15,0
2011-12-16,2011,12,16,0
2011-12-17,2011,12,17,0
2011-12-18,2011,12,18,0
2011-12-19,2011,12,19,0
2011-12-20,2011,12,20,0.23831649
2011-12-21,2011,12,21,0.050337552
2011-12-22,2011,12,22,0
2011-12-23,2011,12,23,0
2011-12-24,2011,12,24,0
2011-12-25,2011,12,25,0
2011-12-26,2011,12,26,0
2011-12-27,2011,12,27,0
2011-12-28,2011,12,28,0
2011-12-29,2011,12,29,0
2011-12-30,2011,12,30,0
2011-12-31,2011,12,31,0
2012-01-01,2012,1,1,0
2012-01-02,2012,1,2,0
2012-01-03,2012,1,3,0
2012-01-04,2012,1,4,0
2012-01-05,2012,1,5,0
2012-01-06,2012,1,6,0
2012-01-07,2012,1,7,0.31208724
2012-01-08,2012,1,8,0.82181938
2012-01-09,2012,1,9,29.214331
2012-01-10,2012,1,10,0.022978665
2012-01-11,2012,1,11,0
2012-01-12,2012,1,12,0
2012-01-13,2012,1,13,0
2012-01-14,2012,1,14,0
2012-01-15,2012,1,15,0
2012-01-16,2012,1,16,1.4338419
2012-01-17,2012,1,17,2.5661443
2012-01-18,2012,1,18,0
2012-01-19,2012,1,19,0
2012-01-20,2012,1,20,0.044915385
2012-01-21,2012,1,21,1.3868912
2012-01-22,2012,1,22,11.231
2012-01-23,2012,1,23,9.4635089
2012-01-24,2012,1,24,0
2012-01-25,2012,1,25,0
2012-01-26,2012,1,26,0
2012-01-27,2012,1,27,0
2012-01-28,2012,1,28,0.20518598
2012-01-29,2012,1,29,0.99425957
2012-01-30,2012,1,30,30.07671
2012-01-31,2012,1,31,0
2012-02-01,2012,2,1,0
2012-02-02,2012,2,2,0
2012-02-03,2012,2,3,0.40588977
2012-02-04,2012,2,4,0
2012-02-05,2012,2,5,0
2012-02-06,2012,2,6,0
2012-02-07,2012,2,7,0
2012-02-08,2012,2,8,0
2012-02-09,2012,2,9,0
2012-02-10,2012,2,10,0
2012-02-11,2012,2,11,0
2012-02-12,2012,2,12,0.0016147191
2012-02-13,2012,2,13,2.9411776
2012-02-14,2012,2,14,15.241298
2012-02-15,2012,2,15,0.071895856
2012-02-16,2012,2,16,0.0006152616
2012-02-17,2012,2,17,41.19442
2012-02-18,2012,2,18,29.282638
2012-02-19,2012,2,19,0.0070713025
2012-02-20,2012,2,20,0
2012-02-21,2012,2,21,0.71296731
2012-02-22,2012,2,22,0
2012-02-23,2012,2,23,0
2012-02-24,2012,2,24,23.886261
2012-02-25,2012,2,25,11.248528
2012-02-26,2012,2,26,8.9326968
2012-02-27,2012,2,27,19.499763
2012-02-28,2012,2,28,26.187786
2012-02-29,2012,2,29,0.51760368
2012-03-01,2012,3,1,2.7323113
2012-03-02,2012,3,2,10.083342
2012-03-03,2012,3,3,0.011553477
2012-03-04,2012,3,4,22.77157
2012-03-05,2012,3,5,0.86336287
2012-03-06,2012,3,6,0
2012-03-07,2012,3,7,0
2012-03-08,2012,3,8,0
2012-03-09,2012,3,9,0
2012-03-10,2012,3,10,0
2012-03-11,2012,3,11,0.17111059
2012-03-12,2012,3,12,0
2012-03-13,2012,3,13,0
2012-03-14,2012,3,14,0
2012-03-15,2012,3,15,0
2012-03-16,2012,3,16,0
2012-03-17,2012,3,17,0
2012-03-18,2012,3,18,0.17199143
2012-03-19,2012,3,19,6.3943119
2012-03-20,2012,3,20,0
2012-03-21,2012,3,21,0
2012-03-22,2012,3,22,0
2012-03-23,2012,3,23,0
2012-03-24,2012,3,24,0
2012-03-25,2012,3,25,0
2012-03-26,2012,3,26,0
2012-03-27,2012,3,27,0
2012-03-28,2012,3,28,0
2012-03-29,2012,3,29,0
2012-03-30,2012,3,30,0
2012-03-31,2012,3,31,0
2012-04-01,2012,4,1,0
2012-04-02,2012,4,2,0
2012-04-03,2012,4,3,1.4852689
2012-04-04,2012,4,4,4.9984718
2012-04-05,2012,4,5,4.3314844
2012-04-06,2012,4,6,1.4987227
2012-04-07,2012,4,7,2.7256059
2012-04-08,2012,4,8,0
2012-04-09,2012,4,9,0
2012-04-10,2012,4,10,0
2012-04-11,2012,4,11,0
2012-04-12,2012,4,12,2.3767563
2012-04-13,2012,4,13,0.021804424
2012-04-14,2012,4,14,0
2012-04-15,2012,4,15,0
2012-04-16,2012,4,16,0
2012-04-17,2012,4,17,0
2012-04-18,2012,4,18,0
2012-04-19,2012,4,19,0
2012-04-20,2012,4,20,0
2012-04-21,2012,4,21,0
2012-04-22,2012,4,22,0
2012-04-23,2012,4,23,0
2012-04-24,2012,4,24,0
2012-04-25,2012,4,25,0
2012-04-26,2012,4,26,0.70745847
2012-04-27,2012,4,27,10.326994
2012-04-28,2012,4,28,3.4543102
2012-04-29,2012,4,29,0
2012-04-30,2012,4,30,1.5580403
2012-05-01,2012,5,1,2.4037959
2012-05-02,2012,5,2,14.744222
2012-05-03,2012,5,3,0
2012-05-04,2012,5,4,0
2012-05-05,2012,5,5,0
2012-05-06,2012,5,6,33.922435
2012-05-07,2012,5,7,0
2012-05-08,2012,5,8,0
2012-05-09,2012,5,9,1.7190794
2012-05-10,2012,5,10,4.6253733
2012-05-11,2012,5,11,0
2012-05-12,2012,5,12,0
2012-05-13,2012,5,13,0
2012-05-14,2012,5,14,0
2012-05-15,2012,5,15,20.608423
2012-05-16,2012,5,16,5.2588377
2012-05-17,2012,5,17,14.272401
2012-05-18,2012,5,18,8.6595486
2012-05-19,2012,5,19,42.366324
2012-05-20,2012,5,20,0
2012-05-21,2012,5,21,0
2012-05-22,2012,5,22,0
2012-05-23,2012,5,23,0
2012-05-24,2012,5,24,0
2012-05-25,2012,5,25,13.100503
2012-05-26,2012,5,26,60.1592
2012-05-27,2012,5,27,56.656445
2012-05-28,2012,5,28,46.762337
2012-05-29,2012,5,29,1.1950732
2012-05-30,2012,5,30,0
2012-05-31,2012,5,31,11.039105
2012-06-01,2012,6,1,50.129686
2012-06-02,2012,6,2,8.4363215
2012-06-03,2012,6,3,0.35870409
2012-06-04,2012,6,4,0
2012-06-05,2012,6,5,0.0078615987
2012-06-06,2012,6,6,0
2012-06-07,2012,6,7,0
2012-06-08,2012,6,8,0
2012-06-09,2012,6,9,0
2012-06-10,2012,6,10,0
2012-06-11,2012,6,11,31.84984
2012-06-12,2012,6,12,42.223456
2012-06-13,2012,6,13,18.104409
2012-06-14,2012,6,14,16.041567
2012-06-15,2012,6,15,13.638868
2012-06-16,2012,6,16,5.0164496
2012-06-17,2012,6,17,8.0355569
2012-06-18,2012,6,18,11.696118
2012-06-19,2012,6,19,44.880278
2012-06-20,2012,6,20,33.541387
2012-06-21,2012,6,21,22.540726
2012-06-22,2012,6,22,38.586109
2012-06-23,2012,6,23,11.262887
2012-06-24,2012,6,24,0
2012-06-25,2012,6,25,0
2012-06-26,2012,6,26,1.950765
2012-06-27,2012,6,27,27.88147
2012-06-28,2012,6,28,16.933716
2012-06-29,2012,6,29,15.54578
2012-06-30,2012,6,30,36.735099
2012-07-01,2012,7,1,13.023719
2012-07-02,2012,7,2,0
2012-07-03,2012,7,3,18.70301
2012-07-04,2012,7,4,12.231749
2012-07-05,2012,7,5,2.4624802
2012-07-06,2012,7,6,3.6758175
2012-07-07,2012,7,7,18.1792
2012-07-08,2012,7,8,0
2012-07-09,2012,7,9,0
2012-07-10,2012,7,10,1.4623571
2012-07-11,2012,7,11,2.6090717
2012-07-12,2012,7,12,0.0037523687
2012-07-13,2012,7,13,0
2012-07-14,2012,7,14,0
2012-07-15,2012,7,15,0
2012-07-16,2012,7,16,0
2012-07-17,2012,7,17,0
2012-07-18,2012,7,18,0
2012-07-19,2012,7,19,2.9887758
2012-07-20,2012,7,20,30.513938
2012-07-21,2012,7,21,5.4447136e-06
2012-07-22,2012,7,22,1.031125
2012-07-23,2012,7,23,9.2369961
2012-07-24,2012,7,24,0
2012-07-25,2012,7,25,0.49134058
2012-07-26,2012,7,26,0
2012-07-27,2012,7,27,0
2012-07-28,2012,7,28,1.9345613
2012-07-29,2012,7,29,0
2012-07-30,2012,7,30,0
2012-07-31,2012,7,31,0
2012-08-01,2012,8,1,10.10615
2012-08-02,2012,8,2,5.6606237
2012-08-03,2012,8,3,0
2012-08-04,2012,8,4,0
2012-08-05,2012,8,5,0
2012-08-06,2012,8,6,0
2012-08-07,2012,8,7,0
2012-08-08,2012,8,8,0
2012-08-09,2012,8,9,0
2012-08-10,2012,8,10,0
2012-08-11,2012,8,11,2.2351534
2012-08-12,2012,8,12,10.61677
2012-08-13,2012,8,13,5.7856002
2012-08-14,2012,8,14,6.6625626
2012-08-15,2012,8,15,15.375136
2012-08-16,2012,8,16,5.9523879
2012-08-17,2012,8,17,1.1644331
2012-08-18,2012,8,18,5.7990137
2012-08-19,2012,8,19,6.0798397
2012-08-20,2012,8,20,0
2012-08-21,2012,8,21,27.934035
2012-08-22,2012,8,22,7.8699622
2012-08-23,2012,8,23,0.84111613
2012-08-24,2012,8,24,0
2012-08-25,2012,8,25,0.074067055
2012-08-26,2012,8,26,0
2012-08-27,2012,8,27,0
2012-08-28,2012,8,28,0
2012-08-29,2012,8,29,0
2012-08-30,2012,8,30,2.6145649
2012-08-31,2012,8,31,0
2012-09-01,2012,9,1,0
2012-09-02,2012,9,2,0
2012-09-03,2012,9,3,13.863674
2012-09-04,2012,9,4,0.52239005
2012-09-05,2012,9,5,0
2012-09-06,2012,9,6,0
2012-09-07,2012,9,7,0
2012-09-08,2012,9,8,0
2012-09-09,2012,9,9,0
2012-09-10,2012,9,10,0
2012-09-11,2012,9,11,0
2012-09-12,2012,9,12,0
2012-09-13,2012,9,13,0
2012-09-14,2012,9,14,9.7794839
2012-09-15,2012,9,15,5.8622708
2012-09-16,2012,9,16,12.218924
2012-09-17,2012,9,17,1.2489277
2012-09-18,2012,9,18,0
2012-09-19,2012,9,19,22.278622
2012-09-20,2012,9,20,6.5719142
2012-09-21,2012,9,21,0
2012-09-22,2012,9,22,0
2012-09-23,2012,9,23,0
2012-09-24,2012,9,24,0
2012-09-25,2012,9,25,0
2012-09-26,2012,9,26,0
2012-09-27,2012,9,27,0.11095524
2012-09-28,2012,9,28,0
2012-09-29,2012,9,29,5.2755263
2012-09-30,2012,9,30,4.0557029
2012-10-01,2012,10,1,0
2012-10-02,2012,10,2,0
2012-10-03,2012,10,3,0
2012-10-04,2012,10,4,29.672288
2012-10-05,2012,10,5,10.487832
2012-10-06,2012,10,6,6.6752241
2012-10-07,2012,10,7,0
2012-10-08,2012,10,8,0
2012-10-09,2012,10,9,0
2012-10-10,2012,10,10,0
2012-10-11,2012,10,11,0
2012-10-12,2012,10,12,0
2012-10-13,2012,10,13,0
2012-10-14,2012,10,14,6.6975889
2012-10-15,2012,10,15,0.11911349
2012-10-16,2012,10,16,0
2012-10-17,2012,10,17,0.20214981
2012-10-18,2012,10,18,0
2012-10-19,2012,10,19,2.4547712
2012-10-20,2012,10,20,4.8151626
2012-10-21,2012,10,21,10.692678
2012-10-22,2012,10,22,6.0264057
2012-10-23,2012,10,23,0
2012-10-24,2012,10,24,0
2012-10-25,2012,10,25,0
2012-10-26,2012,10,26,0.00013508019
2012-10-27,2012,10,27,0
2012-10-28,2012,10,28,0
2012-10-29,2012,10,29,0
2012-10-30,2012,10,30,0
2012-10-31,2012,10,31,0
2012-11-01,2012,11,1,0
2012-11-02,2012,11,2,0
2012-11-03,2012,11,3,0
2012-11-04,2012,11,4,0
2012-11-05,2012,11,5,0
2012-11-06,2012,11,6,0
2012-11-07,2012,11,7,0
2012-11-08,2012,11,8,20.084284
2012-11-09,2012,11,9,0.97708383
2012-11-10,2012,11,10,0.035191297
2012-11-11,2012,11,11,0
2012-11-12,2012,11,12,0
2012-11-13,2012,11,13,0
2012-11-14,2012,11,14,0.0052192947
2012-11-15,2012,11,15,0
2012-11-16,2012,11,16,9.3832824
2012-11-17,2012,11,17,3.7932345
2012-11-18,2012,11,18,0
2012-11-19,2012,11,19,0
2012-11-20,2012,11,20,0
2012-11-21,2012,11,21,0
2012-11-22,2012,11,22,0
2012-11-23,2012,11,23,0
2012-11-24,2012,11,24,0
2012-11-25,2012,11,25,0
2012-11-26,2012,11,26,0
2012-11-27,2012,11,27,0
2012-11-28,2012,11,28,0.21849894
2012-11-29,2012,11,29,12.310461
2012-11-30,2012,11,30,0.015715171
2012-12-01,2012,12,1,10.64458
2012-12-02,2012,12,2,13.162143
2012-12-03,2012,12,3,1.815991
2012-12-04,2012,12,4,0
2012-12-05,2012,12,5,23.812824
2012-12-06,2012,12,6,19.895812
2012-12-07,2012,12,7,0
2012-12-08,2012,12,8,0
2012-12-09,2012,12,9,0
2012-12-10,2012,12,10,0
2012-12-11,2012,12,11,6.9403235
2012-12-12,2012,12,12,5.117399
2012-12-13,2012,12,13,0.015473691
2012-12-14,2012,12,14,1.3544702
2012-12-15,2012,12,15,4.1041495
2012-12-16,2012,12,16,3.3676256
2012-12-17,2012,12,17,18.877413
2012-12-18,2012,12,18,38.126864
2012-12-19,2012,12,19,23.730452
2012-12-20,2012,12,20,5.0589301
2012-12-21,2012,12,21,0
2012-12-22,2012,12,22,0.091468055
2012-12-23,2012,12,23,5.5003114
2012-12-24,2012,12,24,44.122415
2012-12-25,2012,12,25,3.5758317
2012-12-26,2012,12,26,0
2012-12-27,2012,12,27,0
2012-12-28,2012,12,28,0
2012-12-29,2012,12,29,0
2012-12-30,2012,12,30,0
2012-12-31,2012,12,31,0
2013-01-01,2013,1,1,0
2013-01-02,2013,1,2,0
2013-01-03,2013,1,3,0
2013-01-04,2013,1,4,0.0091168674
2013-01-05,2013,1,5,0
2013-01-06,2013,1,6,22.992607
2013-01-07,2013,1,7,0.011782714
2013-01-08,2013,1,8,0
2013-01-09,2013,1,9,0
2013-01-10,2013,1,10,0
2013-01-11,2013,1,11,0
2013-01-12,2013,1,12,0
2013-01-13,2013,1,13,0
2013-01-14,2013,1,14,0
2013-01-15,2013,1,15,0.2633331
2013-01-16,2013,1,16,0
2013-01-17,2013,1,17,0.0001246983
2013-01-18,2013,1,18,0
2013-01-19,2013,1,19,0.00033883972
2013-01-20,2013,1,20,0
2013-01-21,2013,1,21,0.67075287
2013-01-22,2013,1,22,0.018352513
2013-01-23,2013,1,23,0
2013-01-24,2013,1,24,0
2013-01-25,2013,1,25,0
2013-01-26,2013,1,26,0
2013-01-27,2013,1,27,0
2013-01-28,2013,1,28,0.27955468
2013-01-29,2013,1,29,0
2013-01-30,2013,1,30,0
2013-01-31,2013,1,31,6.4587383e-07
2013-02-01,2013,2,1,2.2605793
2013-02-02,2013,2,2,0
2013-02-03,2013,2,3,0
2013-02-04,2013,2,4,0
2013-02-05,2013,2,5,0
2013-02-06,2013,2,6,0
2013-02-07,2013,2,7,0
2013-02-08,2013,2,8,9.8532208
2013-02-09,2013,2,9,5.0388858
2013-02-10,2013,2,10,14.070595
2013-02-11,2013,2,11,10.180084
2013-02-12,2013,2,12,0.041615092
2013-02-13,2013,2,13,5.9053781e-05
2013-02-14,2013,2,14,0.42379498
2013-02-15,2013,2,15,10.325952
2013-02-16,2013,2,16,12.770867
2013-02-17,2013,2,17,0
2013-02-18,2013,2,18,0
2013-02-19,2013,2,19,0
2013-02-20,2013,2,20,0
2013-02-21,2013,2,21,0
2013-02-22,2013,2,22,1.1776829
2013-02-23,2013,2,23,6.0999094
2013-02-24,2013,2,24,0
2013-02-25,2013,2,25,0
2013-02-26,2013,2,26,0
2013-02-27,2013,2,27,0
2013-02-28,2013,2,28,0.001580007
2013-03-01,2013,3,1,0.044810858
2013-03-02,2013,3,2,0
2013-03-03,2013,3,3,0
2013-03-04,2013,3,4,0
2013-03-05,2013,3,5,10.959708
2013-03-06,2013,3,6,0.011279731
2013-03-07,2013,3,7,0
2013-03-08,2013,3,8,0
2013-03-09,2013,3,9,4.847302
2013-03-10,2013,3,10,0
2013-03-11,2013,3,11,0
2013-03-12,2013,3,12,0
2013-03-13,2013,3,13,0.010582103
2013-03-14,2013,3,14,0
2013-03-15,2013,3,15,0
2013-03-16,2013,3,16,0
2013-03-17,2013,3,17,0
2013-03-18,2013,3,18,0
2013-03-19,2013,3,19,0
2013-03-20,2013,3,20,6.6853722
2013-03-21,2013,3,21,0
2013-03-22,2013,3,22,0
2013-03-23,2013,3,23,2.2682389
2013-03-24,2013,3,24,1.0684713
2013-03-25,2013,3,25,0
2013-03-26,2013,3,26,0
2013-03-27,2013,3,27,0
2013-03-28,2013,3,28,0
2013-03-29,2013,3,29,0
2013-03-30,2013,3,30,4.138038
2013-03-31,2013,3,31,0.93898531
2013-04-01,2013,4,1,0.17478671
2013-04-02,2013,4,2,0
2013-04-03,2013,4,3,0
2013-04-04,2013,4,4,15.58578
2013-04-05,2013,4,5,14.80107
2013-04-06,2013,4,6,0
2013-04-07,2013,4,7,0
2013-04-08,2013,4,8,0
2013-04-09,2013,4,9,0.3036559
2013-04-10,2013,4,10,12.847802
2013-04-11,2013,4,11,0
2013-04-12,2013,4,12,0
2013-04-13,2013,4,13,0
2013-04-14,2013,4,14,0
2013-04-15,2013,4,15,0
2013-04-16,2013,4,16,0
2013-04-17,2013,4,17,0
2013-04-18,2013,4,18,0
2013-04-19,2013,4,19,0
2013-04-20,2013,4,20,0
2013-04-21,2013,4,21,0
2013-04-22,2013,4,22,0
2013-04-23,2013,4,23,0
2013-04-24,2013,4,24,0
2013-04-25,2013,4,25,1.5566651
2013-04-26,2013,4,26,40.984468
2013-04-27,2013,4,27,0
2013-04-28,2013,4,28,0.10432906
2013-04-29,2013,4,29,0.16818253
2013-04-30,2013,4,30,0
2013-05-01,2013,5,1,17.918061
2013-05-02,2013,5,2,25.071454
2013-05-03,2013,5,3,41.488036
2013-05-04,2013,5,4,0
2013-05-05,2013,5,5,1.8065549
2013-05-06,2013,5,6,0
2013-05-07,2013,5,7,0
2013-05-08,2013,5,8,0
2013-05-09,2013,5,9,10.480189
2013-05-10,2013,5,10,17.678718
2013-05-11,2013,5,11,0.065130401
2013-05-12,2013,5,12,0
2013-05-13,2013,5,13,1.9090572
2013-05-14,2013,5,14,0
2013-05-15,2013,5,15,0
2013-05-16,2013,5,16,0
2013-05-17,2013,5,17,0
2013-05-18,2013,5,18,8.2958166
2013-05-19,2013,5,19,0
2013-05-20,2013,5,20,0
2013-05-21,2013,5,21,0
2013-05-22,2013,5,22,0
2013-05-23,2013,5,23,1.3020494
2013-05-24,2013,5,24,0
2013-05-25,2013,5,25,1.5047809
2013-05-26,2013,5,26,15.61217
2013-05-27,2013,5,27,36.045359
2013-05-28,2013,5,28,35.958296
2013-05-29,2013,5,29,6.9313309
2013-05-30,2013,5,30,47.083344
2013-05-31,2013,5,31,70.641166
2013-06-01,2013,6,1,18.302574
2013-06-02,2013,6,2,6.7007666
2013-06-03,2013,6,3,0.052187624
2013-06-04,2013,6,4,2.6972191
2013-06-05,2013,6,5,0
2013-06-06,2013,6,6,0.19135211
2013-06-07,2013,6,7,0
2013-06-08,2013,6,8,0
2013-06-09,2013,6,9,0
2013-06-10,2013,6,10,0
2013-06-11,2013,6,11,0
2013-06-12,2013,6,12,0.36233697
2013-06-13,2013,6,13,0.0039995431
2013-06-14,2013,6,14,9.0538966
2013-06-15,2013,6,15,19.667684
2013-06-16,2013,6,16,0
2013-06-17,2013,6,17,19.395925
2013-06-18,2013,6,18,0
2013-06-19,2013,6,19,0
2013-06-20,2013,6,20,0
2013-06-21,2013,6,21,28.179824
2013-06-22,2013,6,22,0.33315256
2013-06-23,2013,6,23,0
2013-06-24,2013,6,24,0
2013-06-25,2013,6,25,6.6106039
2013-06-26,2013,6,26,31.212425
2013-06-27,2013,6,27,44.198359
2013-06-28,2013,6,28,22.006928
2013-06-29,2013,6,29,24.331741
2013-06-30,2013,6,30,14.903629
2013-07-01,2013,7,1,4.772484
2013-07-02,2013,7,2,66.252392
2013-07-03,2013,7,3,19.209155
2013-07-04,2013,7,4,12.940856
2013-07-05,2013,7,5,6.5089309
2013-07-06,2013,7,6,0
2013-07-07,2013,7,7,0.0023301738
2013-07-08,2013,7,8,1.5438914
2013-07-09,2013,7,9,27.190721
2013-07-10,2013,7,10,27.207029
2013-07-11,2013,7,11,5.9142306
2013-07-12,2013,7,12,27.645927
2013-07-13,2013,7,13,14.549765
2013-07-14,2013,7,14,1.8975333
2013-07-15,2013,7,15,0
2013-07-16,2013,7,16,0
2013-07-17,2013,7,17,7.1863344
2013-07-18,2013,7,18,0
2013-07-19,2013,7,19,0.61847886
2013-07-20,2013,7,20,0.0030346749
2013-07-21,2013,7,21,0
2013-07-22,2013,7,22,0
2013-07-23,2013,7,23,0
2013-07-24,2013,7,24,0
2013-07-25,2013,7,25,0
2013-07-26,2013,7,26,8.8172364
2013-07-27,2013,7,27,0
2013-07-28,2013,7,28,0
2013-07-29,2013,7,29,0
2013-07-30,2013,7,30,1.309866
2013-07-31,2013,7,31,0
2013-08-01,2013,8,1,0
2013-08-02,2013,8,2,9.003236
2013-08-03,2013,8,3,43.484088
2013-08-04,2013,8,4,52.006753
2013-08-05,2013,8,5,9.4790579
2013-08-06,2013,8,6,61.177675
2013-08-07,2013,8,7,14.786814
2013-08-08,2013,8,8,0
2013-08-09,2013,8,9,0.0097214199
2013-08-10,2013,8,10,44.222567
2013-08-11,2013,8,11,19.529857
2013-08-12,2013,8,12,0
2013-08-13,2013,8,13,0
2013-08-14,2013,8,14,0.13827044
2013-08-15,2013,8,15,6.9151288
2013-08-16,2013,8,16,0
2013-08-17,2013,8,17,0
2013-08-18,2013,8,18,16.859661
2013-08-19,2013,8,19,0
2013-08-20,2013,8,20,3.9316473
2013-08-21,2013,8,21,5.6022066
2013-08-22,2013,8,22,0
2013-08-23,2013,8,23,0
2013-08-24,2013,8,24,0
2013-08-25,2013,8,25,0
2013-08-26,2013,8,26,3.9737068
2013-08-27,2013,8,27,1.1628918
2013-08-28,2013,8,28,0
2013-08-29,2013,8,29,0
2013-08-30,2013,8,30,0
2013-08-31,2013,8,31,10.460518
2013-09-01,2013,9,1,6.8962279
2013-09-02,2013,9,2,2.7035906
2013-09-03,2013,9,3,0.79518533
2013-09-04,2013,9,4,23.209957
2013-09-05,2013,9,5,17.208242
2013-09-06,2013,9,6,32.78973
2013-09-07,2013,9,7,11.720235
2013-09-08,2013,9,8,10.900948
2013-09-09,2013,9,9,45.235998
2013-09-10,2013,9,10,11.659267
2013-09-11,2013,9,11,6.8147235
2013-09-12,2013,9,12,0
2013-09-13,2013,9,13,0.30730453
2013-09-14,2013,9,14,3.2436042
2013-09-15,2013,9,15,1.9587366
2013-09-16,2013,9,16,2.6153338
2013-09-17,2013,9,17,0
2013-09-18,2013,9,18,0
2013-09-19,2013,9,19,9.3824449
2013-09-20,2013,9,20,16.96179
2013-09-21,2013,9,21,0
2013-09-22,2013,9,22,0
2013-09-23,2013,9,23,0
2013-09-24,2013,9,24,0
2013-09-25,2013,9,25,0
2013-09-26,2013,9,26,0
2013-09-27,2013,9,27,1.1049867
2013-09-28,2013,9,28,0
2013-09-29,2013,9,29,0
2013-09-30,2013,9,30,4.1459792
2013-10-01,2013,10,1,1.7888101
2013-10-02,2013,10,2,0
2013-10-03,2013,10,3,0
2013-10-04,2013,10,4,0
2013-10-05,2013,10,5,0
2013-10-06,2013,10,6,0
2013-10-07,2013,10,7,0
2013-10-08,2013,10,8,4.9686788
2013-10-09,2013,10,9,0
2013-10-10,2013,10,10,0
2013-10-11,2013,10,11,0
2013-10-12,2013,10,12,0
2013-10-13,2013,10,13,0
2013-10-14,2013,10,14,0
2013-10-15,2013,10,15,0
2013-10-16,2013,10,16,0
2013-10-17,2013,10,17,0
2013-10-18,2013,10,18,0
2013-10-19,2013,10,19,31.430091
2013-10-20,2013,10,20,14.042311
2013-10-21,2013,10,21,0
2013-10-22,2013,10,22,9.3454542
2013-10-23,2013,10,23,0
2013-10-24,2013,10,24,0
2013-10-25,2013,10,25,0.40345766
2013-10-26,2013,10,26,0
2013-10-27,2013,10,27,0
2013-10-28,2013,10,28,0
2013-10-29,2013,10,29,0
2013-10-30,2013,10,30,0
2013-10-31,2013,10,31,8.6405124
2013-11-01,2013,11,1,0
2013-11-02,2013,11,2,0
2013-11-03,2013,11,3,0
2013-11-04,2013,11,4,0
2013-11-05,2013,11,5,0
2013-11-06,2013,11,6,12.57176
2013-11-07,2013,11,7,2.0600225
2013-11-08,2013,11,8,3.6673052
2013-11-09,2013,11,9,0.13561766
2013-11-10,2013,11,10,0
2013-11-11,2013,11,11,2.7844818
2013-11-12,2013,11,12,0
2013-11-13,2013,11,13,11.32104
2013-11-14,2013,11,14,18.374108
2013-11-15,2013,11,15,0
2013-11-16,2013,11,16,0
2013-11-17,2013,11,17,0
2013-11-18,2013,11,18,0
2013-11-19,2013,11,19,0
2013-11-20,2013,11,20,0
2013-11-21,2013,11,21,0
2013-11-22,2013,11,22,0
2013-11-23,2013,11,23,2.1850884
2013-11-24,2013,11,24,0.0062313728
2013-11-25,2013,11,25,0.0026705129
2013-11-26,2013,11,26,8.5994903
2013-11-27,2013,11,27,0
2013-11-28,2013,11,28,0
2013-11-29,2013,11,29,0
2013-11-30,2013,11,30,0
2013-12-01,2013,12,1,0
2013-12-02,2013,12,2,0
2013-12-03,2013,12,3,0
2013-12-04,2013,12,4,0
2013-12-05,2013,12,5,0
2013-12-06,2013,12,6,0
2013-12-07,2013,12,7,0
2013-12-08,2013,12,8,0
2013-12-09,2013,12,9,0
2013-12-10,2013,12,10,0
2013-12-11,2013,12,11,0
2013-12-12,2013,12,12,0
2013-12-13,2013,12,13,0
2013-12-14,2013,12,14,0
2013-12-15,2013,12,15,0
2013-12-16,2013,12,16,0
2013-12-17,2013,12,17,0
2013-12-18,2013,12,18,0
2013-12-19,2013,12,19,0
2013-12-20,2013,12,20,0
2013-12-21,2013,12,21,0
2013-12-22,2013,12,22,0
2013-12-23,2013,12,23,0
2013-12-24,2013,12,24,0
2013-12-25,2013,12,25,0
2013-12-26,2013,12,26,0
2013-12-27,2013,12,27,0
2013-12-28,2013,12,28,0
2013-12-29,2013,12,29,1.9674699
2013-12-30,2013,12,30,0.019358691
2013-12-31,2013,12,31,5.3880419
2014-01-01,2014,1,1,0.42498826
2014-01-02,2014,1,2,0
2014-01-03,2014,1,3,0
2014-01-04,2014,1,4,0
2014-01-05,2014,1,5,0
2014-01-06,2014,1,6,0
2014-01-07,2014,1,7,0
2014-01-08,2014,1,8,0
2014-01-09,2014,1,9,1.4448314
2014-01-10,2014,1,10,0
2014-01-11,2014,1,11,0
2014-01-12,2014,1,12,0
2014-01-13,2014,1,13,0
2014-01-14,2014,1,14,0
2014-01-15,2014,1,15,0
2014-01-16,2014,1,16,0
2014-01-17,2014,1,17,0
2014-01-18,2014,1,18,0
2014-01-19,2014,1,19,3.1135819
2014-01-20,2014,1,20,11.877223
2014-01-21,2014,1,21,5.5043613
2014-01-22,2014,1,22,17.263148
2014-01-23,2014,1,23,28.108541
2014-01-24,2014,1,24,0
2014-01-25,2014,1,25,0
2014-01-26,2014,1,26,0
2014-01-27,2014,1,27,0.31031136
2014-01-28,2014,1,28,0
2014-01-29,2014,1,29,0
2014-01-30,2014,1,30,4.8636868
2014-01-31,2014,1,31,0.21719184
2014-02-01,2014,2,1,0.050765442
2014-02-02,2014,2,2,7.7721469
2014-02-03,2014,2,3,3.3463437
2014-02-04,2014,2,4,34.405371
2014-02-05,2014,2,5,0.77755297
2014-02-06,2014,2,6,0.034912972
2014-02-07,2014,2,7,0.017385385
2014-02-08,2014,2,8,0.035954674
2014-02-09,2014,2,9,0
2014-02-10,2014,2,10,0
2014-02-11,2014,2,11,0
2014-02-12,2014,2,12,0
2014-02-13,2014,2,13,0
2014-02-14,2014,2,14,0.00025859903
2014-02-15,2014,2,15,0.0080624441
2014-02-16,2014,2,16,4.2198476
2014-02-17,2014,2,17,0
2014-02-18,2014,2,18,0.066771742
2014-02-19,2014,2,19,0
2014-02-20,2014,2,20,1.3423914
2014-02-21,2014,2,21,0
2014-02-22,2014,2,22,0
2014-02-23,2014,2,23,0
2014-02-24,2014,2,24,0
2014-02-25,2014,2,25,0
2014-02-26,2014,2,26,0
2014-02-27,2014,2,27,0
2014-02-28,2014,2,28,0
2014-03-01,2014,3,1,0
2014-03-02,2014,3,2,0
2014-03-03,2014,3,3,0
2014-03-04,2014,3,4,0
2014-03-05,2014,3,5,0
2014-03-06,2014,3,6,0
2014-03-07,2014,3,7,0
2014-03-08,2014,3,8,8.8641494
2014-03-09,2014,3,9,0
2014-03-10,2014,3,10,1.4031672
2014-03-11,2014,3,11,0.040903218
2014-03-12,2014,3,12,0.004165493
2014-03-13,2014,3,13,0.3633845
2014-03-14,2014,3,14,0
2014-03-15,2014,3,15,10.387137
2014-03-16,2014,3,16,4.1185269
2014-03-17,2014,3,17,2.769267
2014-03-18,2014,3,18,0
2014-03-19,2014,3,19,0
2014-03-20,2014,3,20,0.023188242
2014-03-21,2014,3,21,0
2014-03-22,2014,3,22,0
2014-03-23,2014,3,23,0
2014-03-24,2014,3,24,0
2014-03-25,2014,3,25,0
2014-03-26,2014,3,26,0
2014-03-27,2014,3,27,0
2014-03-28,2014,3,28,16.162237
2014-03-29,2014,3,29,71.59986
2014-03-30,2014,3,30,5.0285393
2014-03-31,2014,3,31,3.1113721
2014-04-01,2014,4,1,0.0014168657
2014-04-02,2014,4,2,0.43896107
2014-04-03,2014,4,3,0.0014599303
2014-04-04,2014,4,4,0.054217392
2014-04-05,2014,4,5,0.24001335
2014-04-06,2014,4,6,2.7146069
2014-04-07,2014,4,7,12.625622
2014-04-08,2014,4,8,4.5956651
2014-04-09,2014,4,9,1.7357561
2014-04-10,2014,4,10,0.46364199
2014-04-11,2014,4,11,22.459531
2014-04-12,2014,4,12,0
2014-04-13,2014,4,13,0
2014-04-14,2014,4,14,0
2014-04-15,2014,4,15,0.00018946312
2014-04-16,2014,4,16,0
2014-04-17,2014,4,17,0
2014-04-18,2014,4,18,0.00096924017
2014-04-19,2014,4,19,0
2014-04-20,2014,4,20,0
2014-04-21,2014,4,21,0
2014-04-22,2014,4,22,0
2014-04-23,2014,4,23,0
2014-04-24,2014,4,24,0
2014-04-25,2014,4,25,0
2014-04-26,2014,4,26,8.7100431
2014-04-27,2014,4,27,0
2014-04-28,2014,4,28,0
2014-04-29,2014,4,29,0
2014-04-30,2014,4,30,48.226475
2014-05-01,2014,5,1,31.671607
2014-05-02,2014,5,2,13.120761
2014-05-03,2014,5,3,28.725471
2014-05-04,2014,5,4,12.443347
2014-05-05,2014,5,5,7.0089329
2014-05-06,2014,5,6,15.32709
2014-05-07,2014,5,7,0
2014-05-08,2014,5,8,0
2014-05-09,2014,5,9,4.1398426
2014-05-10,2014,5,10,0
2014-05-11,2014,5,11,0.00097089005
2014-05-12,2014,5,12,9.3273307
2014-05-13,2014,5,13,42.327646
2014-05-14,2014,5,14,19.6489
2014-05-15,2014,5,15,16.09311
2014-05-16,2014,5,16,0
2014-05-17,2014,5,17,10.178901
2014-05-18,2014,5,18,5.3408717
2014-05-19,2014,5,19,0
2014-05-20,2014,5,20,9.7609323
2014-05-21,2014,5,21,0.20668019
2014-05-22,2014,5,22,0
2014-05-23,2014,5,23,0
2014-05-24,2014,5,24,0
2014-05-25,2014,5,25,0
2014-05-26,2014,5,26,0.74079293
2014-05-27,2014,5,27,0
2014-05-28,2014,5,28,33.048368
2014-05-29,2014,5,29,20.138728
2014-05-30,2014,5,30,0.014515182
2014-05-31,2014,5,31,0
2014-06-01,2014,6,1,0.18421223
2014-06-02,2014,6,2,23.951705
2014-06-03,2014,6,3,48.916558
2014-06-04,2014,6,4,31.727412
2014-06-05,2014,6,5,9.8028045
2014-06-06,2014,6,6,25.295764
2014-06-07,2014,6,7,51.904403
2014-06-08,2014,6,8,22.659931
2014-06-09,2014,6,9,0.011698405
2014-06-10,2014,6,10,52.90588
2014-06-11,2014,6,11,24.685024
2014-06-12,2014,6,12,5.6819928
2014-06-13,2014,6,13,18.662262
2014-06-14,2014,6,14,62.67819
2014-06-15,2014,6,15,5.9369186
2014-06-16,2014,6,16,0
2014-06-17,2014,6,17,0
2014-06-18,2014,6,18,0
2014-06-19,2014,6,19,0
2014-06-20,2014,6,20,0
2014-06-21,2014,6,21,21.031908
2014-06-22,2014,6,22,15.218575
2014-06-23,2014,6,23,0
2014-06-24,2014,6,24,0
2014-06-25,2014,6,25,0
2014-06-26,2014,6,26,0
2014-06-27,2014,6,27,0
2014-06-28,2014,6,28,0
2014-06-29,2014,6,29,0
2014-06-30,2014,6,30,0.02592184
2014-07-01,2014,7,1,26.321285
2014-07-02,2014,7,2,5.8544855
2014-07-03,2014,7,3,9.9765566
2014-07-04,2014,7,4,6.6915903
2014-07-05,2014,7,5,0.0084961319
2014-07-06,2014,7,6,0.0022578417
2014-07-07,2014,7,7,0
2014-07-08,2014,7,8,0
2014-07-09,2014,7,9,0.017820361
2014-07-10,2014,7,10,0
2014-07-11,2014,7,11,0
2014-07-12,2014,7,12,0
2014-07-13,2014,7,13,14.467263
2014-07-14,2014,7,14,30.841548
2014-07-15,2014,7,15,27.008153
2014-07-16,2014,7,16,11.158822
2014-07-17,2014,7,17,0
2014-07-18,2014,7,18,0
2014-07-19,2014,7,19,0
2014-07-20,2014,7,20,7.6892689
2014-07-21,2014,7,21,5.5679909
2014-07-22,2014,7,22,0
2014-07-23,2014,7,23,0
2014-07-24,2014,7,24,3.0628417
2014-07-25,2014,7,25,1.170554
2014-07-26,2014,7,26,13.00785
2014-07-27,2014,7,27,70.059001
2014-07-28,2014,7,28,65.831236
2014-07-29,2014,7,29,8.7281738
2014-07-30,2014,7,30,30.011385
2014-07-31,2014,7,31,54.030644
2014-08-01,2014,8,1,52.522192
2014-08-02,2014,8,2,49.748369
2014-08-03,2014,8,3,7.4641764
2014-08-04,2014,8,4,1.1061777
2014-08-05,2014,8,5,53.351092
2014-08-06,2014,8,6,11.977383
2014-08-07,2014,8,7,0
2014-08-08,2014,8,8,0
2014-08-09,2014,8,9,13.043352
2014-08-10,2014,8,10,0.0016916472
2014-08-11,2014,8,11,2.3865758
2014-08-12,2014,8,12,0
2014-08-13,2014,8,13,0
2014-08-14,2014,8,14,0
2014-08-15,2014,8,15,8.6143192
2014-08-16,2014,8,16,0
2014-08-17,2014,8,17,0
2014-08-18,2014,8,18,0
2014-08-19,2014,8,19,0
2014-08-20,2014,8,20,0
2014-08-21,2014,8,21,0
2014-08-22,2014,8,22,15.349812
2014-08-23,2014,8,23,9.7042353
2014-08-24,2014,8,24,3.153815
2014-08-25,2014,8,25,0
2014-08-26,2014,8,26,0
2014-08-27,2014,8,27,0
2014-08-28,2014,8,28,0.475016
2014-08-29,2014,8,29,11.067654
2014-08-30,2014,8,30,10.449037
2014-08-31,2014,8,31,8.8250758
2014-09-01,2014,9,1,12.190422
2014-09-02,2014,9,2,13.849983
2014-09-03,2014,9,3,9.3735722
2014-09-04,2014,9,4,12.181319
2014-09-05,2014,9,5,9.2672685
2014-09-06,2014,9,6,24.453564
2014-09-07,2014,9,7,27.232821
2014-09-08,2014,9,8,20.1033
2014-09-09,2014,9,9,3.4863113
2014-09-10,2014,9,10,0
2014-09-11,2014,9,11,0
2014-09-12,2014,9,12,0
2014-09-13,2014,9,13,0
2014-09-14,2014,9,14,0
2014-09-15,2014,9,15,0
2014-09-16,2014,9,16,0
2014-09-17,2014,9,17,0
2014-09-18,2014,9,18,4.2367716
2014-09-19,2014,9,19,3.5295652
2014-09-20,2014,9,20,1.7198681
2014-09-21,2014,9,21,8.7024808
2014-09-22,2014,9,22,7.5956634
2014-09-23,2014,9,23,46.972481
2014-09-24,2014,9,24,53.636902
2014-09-25,2014,9,25,7.0837955
2014-09-26,2014,9,26,2.0186599
2014-09-27,2014,9,27,33.520253
2014-09-28,2014,9,28,5.2500361
2014-09-29,2014,9,29,0.39795479
2014-09-30,2014,9,30,0
2014-10-01,2014,10,1,0
2014-10-02,2014,10,2,0.0013120719
2014-10-03,2014,10,3,0
2014-10-04,2014,10,4,0.016335945
2014-10-05,2014,10,5,0
2014-10-06,2014,10,6,0
2014-10-07,2014,10,7,0
2014-10-08,2014,10,8,5.3312949
2014-10-09,2014,10,9,0.059986694
2014-10-10,2014,10,10,0
2014-10-11,2014,10,11,0
2014-10-12,2014,10,12,0
2014-10-13,2014,10,13,0
2014-10-14,2014,10,14,0
2014-10-15,2014,10,15,5.3778204
2014-10-16,2014,10,16,0
2014-10-17,2014,10,17,23.684884
2014-10-18,2014,10,18,5.3400639
2014-10-19,2014,10,19,1.3619917
2014-10-20,2014,10,20,0.026862752
2014-10-21,2014,10,21,0
2014-10-22,2014,10,22,0
2014-10-23,2014,10,23,0
2014-10-24,2014,10,24,0
2014-10-25,2014,10,25,0
2014-10-26,2014,10,26,0.0010857559
2014-10-27,2014,10,27,5.1368664
2014-10-28,2014,10,28,37.231789
2014-10-29,2014,10,29,11.313886
2014-10-30,2014,10,30,3.3306748
2014-10-31,2014,10,31,0
2014-11-01,2014,11,1,6.2475721
2014-11-02,2014,11,2,8.1655371
2014-11-03,2014,11,3,0.1918095
2014-11-04,2014,11,4,0
2014-11-05,2014,11,5,0.0062276064
2014-11-06,2014,11,6,1.1480476
2014-11-07,2014,11,7,0
2014-11-08,2014,11,8,0
2014-11-09,2014,11,9,0
2014-11-10,2014,11,10,0
2014-11-11,2014,11,11,0
2014-11-12,2014,11,12,0
2014-11-13,2014,11,13,0
2014-11-14,2014,11,14,0
2014-11-15,2014,11,15,0
2014-11-16,2014,11,16,0
2014-11-17,2014,11,17,0.0014459692
2014-11-18,2014,11,18,5.8699933
2014-11-19,2014,11,19,0
2014-11-20,2014,11,20,1.1155973
2014-11-21,2014,11,21,0
2014-11-22,2014,11,22,0
2014-11-23,2014,11,23,12.305859
2014-11-24,2014,11,24,0
2014-11-25,2014,11,25,0
2014-11-26,2014,11,26,0
2014-11-27,2014,11,27,0
2014-11-28,2014,11,28,5.9416929
2014-11-29,2014,11,29,0
2014-11-30,2014,11,30,0
2014-12-01,2014,12,1,0
2014-12-02,2014,12,2,0
2014-12-03,2014,12,3,0
2014-12-04,2014,12,4,0
2014-12-05,2014,12,5,0
2014-12-06,2014,12,6,1.6150149
2014-12-07,2014,12,7,0
2014-12-08,2014,12,8,0
2014-12-09,2014,12,9,0
2014-12-10,2014,12,10,0
2014-12-11,2014,12,11,0
2014-12-12,2014,12,12,0
2014-12-13,2014,12,13,0
2014-12-14,2014,12,14,0.96511993
2014-12-15,2014,12,15,0
2014-12-16,2014,12,16,0
2014-12-17,2014,12,17,0
2014-12-18,2014,12,18,0.0060710192
2014-12-19,2014,12,19,13.093105
2014-12-20,2014,12,20,2.7255797
2014-12-21,2014,12,21,3.4765423e-05
2014-12-22,2014,12,22,0
2014-12-23,2014,12,23,0
2014-12-24,2014,12,24,0
2014-12-25,2014,12,25,0
2014-12-26,2014,12,26,0
2014-12-27,2014,12,27,0
2014-12-28,2014,12,28,0
2014-12-29,2014,12,29,0.050369048
2014-12-30,2014,12,30,7.6997072
2014-12-31,2014,12,31,11.800392
2015-01-01,2015,1,1,0
2015-01-02,2015,1,2,0
2015-01-03,2015,1,3,0
2015-01-04,2015,1,4,0
2015-01-05,2015,1,5,0
2015-01-06,2015,1,6,0
2015-01-07,2015,1,7,0
2015-01-08,2015,1,8,0
2015-01-09,2015,1,9,0
2015-01-10,2015,1,10,0
2015-01-11,2015,1,11,0
2015-01-12,2015,1,12,0
2015-01-13,2015,1,13,0
2015-01-14,2015,1,14,0
2015-01-15,2015,1,15,0
2015-01-16,2015,1,16,0
2015-01-17,2015,1,17,0.003511552
2015-01-18,2015,1,18,0
2015-01-19,2015,1,19,0
2015-01-20,2015,1,20,0
2015-01-21,2015,1,21,0.0013665083
2015-01-22,2015,1,22,0
2015-01-23,2015,1,23,0
2015-01-24,2015,1,24,0
2015-01-25,2015,1,25,0
2015-01-26,2015,1,26,0
2015-01-27,2015,1,27,0
2015-01-28,2015,1,28,0
2015-01-29,2015,1,29,0
2015-01-30,2015,1,30,0
2015-01-31,2015,1,31,0
2015-02-01,2015,2,1,0
2015-02-02,2015,2,2,0.11567168
2015-02-03,2015,2,3,0
2015-02-04,2015,2,4,0
2015-02-05,2015,2,5,0
2015-02-06,2015,2,6,0
2015-02-07,2015,2,7,0.00067893396
2015-02-08,2015,2,8,0.017224023
2015-02-09,2015,2,9,0
2015-02-10,2015,2,10,0
2015-02-11,2015,2,11,0.0002019932
2015-02-12,2015,2,12,0
2015-02-13,2015,2,13,0
2015-02-14,2015,2,14,0
2015-02-15,2015,2,15,0
2015-02-16,2015,2,16,0
2015-02-17,2015,2,17,0
2015-02-18,2015,2,18,0
2015-02-19,2015,2,19,0.4175103
2015-02-20,2015,2,20,0
2015-02-21,2015,2,21,1.0341105
2015-02-22,2015,2,22,0
2015-02-23,2015,2,23,0
2015-02-24,2015,2,24,0.65051366
2015-02-25,2015,2,25,0
2015-02-26,2015,2,26,0
2015-02-27,2015,2,27,0
2015-02-28,2015,2,28,0.0042851632
2015-03-01,2015,3,1,0
2015-03-02,2015,3,2,0
2015-03-03,2015,3,3,0
2015-03-04,2015,3,4,0
2015-03-05,2015,3,5,0
2015-03-06,2015,3,6,0
2015-03-07,2015,3,7,0.00794611
2015-03-08,2015,3,8,0
2015-03-09,2015,3,9,0
2015-03-10,2015,3,10,0
2015-03-11,2015,3,11,0
2015-03-12,2015,3,12,0
2015-03-13,2015,3,13,0
2015-03-14,2015,3,14,0
2015-03-15,2015,3,15,0
2015-03-16,2015,3,16,0
2015-03-17,2015,3,17,0
2015-03-18,2015,3,18,0
2015-03-19,2015,3,19,0.058858912
2015-03-20,2015,3,20,0
2015-03-21,2015,3,21,0
2015-03-22,2015,3,22,0
2015-03-23,2015,3,23,0
2015-03-24,2015,3,24,0
2015-03-25,2015,3,25,0
2015-03-26,2015,3,26,0
2015-03-27,2015,3,27,0
2015-03-28,2015,3,28,0
2015-03-29,2015,3,29,0
2015-03-30,2015,3,30,0
2015-03-31,2015,3,31,0.00067364128
2015-04-01,2015,4,1,2.5791394
2015-04-02,2015,4,2,10.077187
2015-04-03,2015,4,3,0.93298853
2015-04-04,2015,4,4,0
2015-04-05,2015,4,5,0
2015-04-06,2015,4,6,0.077979922
2015-04-07,2015,4,7,1.2926612
2015-04-08,2015,4,8,0
2015-04-09,2015,4,9,0
2015-04-10,2015,4,10,0
2015-04-11,2015,4,11,0
2015-04-12,2015,4,12,0.48938542
2015-04-13,2015,4,13,3.4630729
2015-04-14,2015,4,14,0.32271973
2015-04-15,2015,4,15,10.92371
2015-04-16,2015,4,16,6.2153599
2015-04-17,2015,4,17,0
2015-04-18,2015,4,18,38.57176
2015-04-19,2015,4,19,2.628363
2015-04-20,2015,4,20,0
2015-04-21,2015,4,21,0
2015-04-22,2015,4,22,0
2015-04-23,2015,4,23,0
2015-04-24,2015,4,24,0
2015-04-25,2015,4,25,0
2015-04-26,2015,4,26,0
2015-04-27,2015,4,27,0
2015-04-28,2015,4,28,0
2015-04-29,2015,4,29,0
2015-04-30,2015,4,30,0
2015-05-01,2015,5,1,27.40067
2015-05-02,2015,5,2,0.0046925516
2015-05-03,2015,5,3,0.15536189
2015-05-04,2015,5,4,0
2015-05-05,2015,5,5,0
2015-05-06,2015,5,6,0
2015-05-07,2015,5,7,0
2015-05-08,2015,5,8,15.365137
2015-05-09,2015,5,9,1.6478628
2015-05-10,2015,5,10,0
2015-05-11,2015,5,11,0
2015-05-12,2015,5,12,0.31189949
2015-05-13,2015,5,13,0
2015-05-14,2015,5,14,0
2015-05-15,2015,5,15,0.12863884
2015-05-16,2015,5,16,4.1214212
2015-05-17,2015,5,17,2.8922745
2015-05-18,2015,5,18,0
2015-05-19,2015,5,19,0
2015-05-20,2015,5,20,60.514459
2015-05-21,2015,5,21,12.225663
2015-05-22,2015,5,22,6.5098198
2015-05-23,2015,5,23,1.6018729
2015-05-24,2015,5,24,0
2015-05-25,2015,5,25,0
2015-05-26,2015,5,26,0
2015-05-27,2015,5,27,0
2015-05-28,2015,5,28,21.014493
2015-05-29,2015,5,29,6.8837119
2015-05-30,2015,5,30,16.880433
2015-05-31,2015,5,31,70.225377
2015-06-01,2015,6,1,52.992829
2015-06-02,2015,6,2,51.932119
2015-06-03,2015,6,3,11.523391
2015-06-04,2015,6,4,104.20615
2015-06-05,2015,6,5,49.890859
2015-06-06,2015,6,6,29.434549
2015-06-07,2015,6,7,37.79482
2015-06-08,2015,6,8,42.328257
2015-06-09,2015,6,9,7.6712611
2015-06-10,2015,6,10,5.8699032
2015-06-11,2015,6,11,0
2015-06-12,2015,6,12,1.6788652
2015-06-13,2015,6,13,29.405555
2015-06-14,2015,6,14,3.3776655
2015-06-15,2015,6,15,0.10023797
2015-06-16,2015,6,16,6.0749806
2015-06-17,2015,6,17,0
2015-06-18,2015,6,18,0
2015-06-19,2015,6,19,16.529681
2015-06-20,2015,6,20,0
2015-06-21,2015,6,21,0
2015-06-22,2015,6,22,0
2015-06-23,2015,6,23,0
2015-06-24,2015,6,24,0
2015-06-25,2015,6,25,2.8659335
2015-06-26,2015,6,26,0
2015-06-27,2015,6,27,0
2015-06-28,2015,6,28,0
2015-06-29,2015,6,29,0.0091936508
2015-06-30,2015,6,30,0
2015-07-01,2015,7,1,0.00088445661
2015-07-02,2015,7,2,0
2015-07-03,2015,7,3,0
2015-07-04,2015,7,4,18.084087
2015-07-05,2015,7,5,25.492563
2015-07-06,2015,7,6,7.4843769
2015-07-07,2015,7,7,30.862309
2015-07-08,2015,7,8,36.974894
2015-07-09,2015,7,9,9.6704513
2015-07-10,2015,7,10,4.0540204
2015-07-11,2015,7,11,38.917155
2015-07-12,2015,7,12,7.5933044
2015-07-13,2015,7,13,12.896487
2015-07-14,2015,7,14,11.785805
2015-07-15,2015,7,15,13.759211
2015-07-16,2015,7,16,11.643141
2015-07-17,2015,7,17,45.38058
2015-07-18,2015,7,18,10.033398
2015-07-19,2015,7,19,1.9188306
2015-07-20,2015,7,20,0
2015-07-21,2015,7,21,0
2015-07-22,2015,7,22,0
2015-07-23,2015,7,23,0
2015-07-24,2015,7,24,0
2015-07-25,2015,7,25,1.9760899
2015-07-26,2015,7,26,56.530052
2015-07-27,2015,7,27,20.612262
2015-07-28,2015,7,28,6.6550805
2015-07-29,2015,7,29,4.7450934
2015-07-30,2015,7,30,22.266353
2015-07-31,2015,7,31,22.119791
2015-08-01,2015,8,1,39.936253
2015-08-02,2015,8,2,18.257936
2015-08-03,2015,8,3,0
2015-08-04,2015,8,4,2.6250072
2015-08-05,2015,8,5,22.306915
2015-08-06,2015,8,6,15.574486
2015-08-07,2015,8,7,8.7242856
2015-08-08,2015,8,8,19.628258
2015-08-09,2015,8,9,16.780015
2015-08-10,2015,8,10,0.70001316
2015-08-11,2015,8,11,0
2015-08-12,2015,8,12,0.067598984
2015-08-13,2015,8,13,0
2015-08-14,2015,8,14,14.876972
2015-08-15,2015,8,15,4.6638026
2015-08-16,2015,8,16,0
2015-08-17,2015,8,17,3.4911611
2015-08-18,2015,8,18,0
2015-08-19,2015,8,19,0
2015-08-20,2015,8,20,0.21562464
2015-08-21,2015,8,21,23.911576
2015-08-22,2015,8,22,21.988716
2015-08-23,2015,8,23,0.00033465766
2015-08-24,2015,8,24,12.187269
2015-08-25,2015,8,25,43.127448
2015-08-26,2015,8,26,12.317681
2015-08-27,2015,8,27,38.741071
2015-08-28,2015,8,28,62.233203
2015-08-29,2015,8,29,18.877548
2015-08-30,2015,8,30,11.142885
2015-08-31,2015,8,31,0.00024843071
2015-09-01,2015,9,1,0
2015-09-02,2015,9,2,0
2015-09-03,2015,9,3,0
2015-09-04,2015,9,4,0
2015-09-05,2015,9,5,0
2015-09-06,2015,9,6,20.376364
2015-09-07,2015,9,7,18.762141
2015-09-08,2015,9,8,18.302737
2015-09-09,2015,9,9,0.48552452
2015-09-10,2015,9,10,0.84597623
2015-09-11,2015,9,11,0
2015-09-12,2015,9,12,0
2015-09-13,2015,9,13,0
2015-09-14,2015,9,14,2.8410982
2015-09-15,2015,9,15,1.7128307
2015-09-16,2015,9,16,0.2336958
2015-09-17,2015,9,17,0
2015-09-18,2015,9,18,0
2015-09-19,2015,9,19,0
2015-09-20,2015,9,20,0.098566716
2015-09-21,2015,9,21,2.5747203
2015-09-22,2015,9,22,5.4042952
2015-09-23,2015,9,23,7.1755535
2015-09-24,2015,9,24,14.005297
2015-09-25,2015,9,25,0.0088090568
2015-09-26,2015,9,26,10.642576
2015-09-27,2015,9,27,39.150367
2015-09-28,2015,9,28,8.371676
2015-09-29,2015,9,29,6.7677737
2015-09-30,2015,9,30,12.61279
2015-10-01,2015,10,1,13.406955
2015-10-02,2015,10,2,0
2015-10-03,2015,10,3,1.6661964
2015-10-04,2015,10,4,14.561643
2015-10-05,2015,10,5,4.8583666
2015-10-06,2015,10,6,3.2990608
2015-10-07,2015,10,7,2.8040234
2015-10-08,2015,10,8,0.017386268
2015-10-09,2015,10,9,1.5831003
2015-10-10,2015,10,10,0.44425529
2015-10-11,2015,10,11,0
2015-10-12,2015,10,12,6.9992797
2015-10-13,2015,10,13,15.242329
2015-10-14,2015,10,14,8.4514146
2015-10-15,2015,10,15,0.0021213907
2015-10-16,2015,10,16,0
2015-10-17,2015,10,17,0
2015-10-18,2015,10,18,0
2015-10-19,2015,10,19,7.178241
2015-10-20,2015,10,20,0.55427635
2015-10-21,2015,10,21,0
2015-10-22,2015,10,22,0
2015-10-23,2015,10,23,0.64027117
2015-10-24,2015,10,24,12.13094
2015-10-25,2015,10,25,6.1280153
2015-10-26,2015,10,26,0
2015-10-27,2015,10,27,0
2015-10-28,2015,10,28,0
2015-10-29,2015,10,29,0
2015-10-30,2015,10,30,0
2015-10-31,2015,10,31,0
2015-11-01,2015,11,1,0
2015-11-02,2015,11,2,0
2015-11-03,2015,11,3,0
2015-11-04,2015,11,4,0
2015-11-05,2015,11,5,0
2015-11-06,2015,11,6,0.049393514
2015-11-07,2015,11,7,0.0059289194
2015-11-08,2015,11,8,12.381134
2015-11-09,2015,11,9,0.50805371
2015-11-10,2015,11,10,0
2015-11-11,2015,11,11,0.00054768746
2015-11-12,2015,11,12,0.0012607985
2015-11-13,2015,11,13,0
2015-11-14,2015,11,14,0
2015-11-15,2015,11,15,0
2015-11-16,2015,11,16,10.943357
2015-11-17,2015,11,17,0
2015-11-18,2015,11,18,9.1519099
2015-11-19,2015,11,19,3.6255288e-05
2015-11-20,2015,11,20,0.94860578
2015-11-21,2015,11,21,0.020792588
2015-11-22,2015,11,22,0
2015-11-23,2015,11,23,0.28267976
2015-11-24,2015,11,24,6.8749356
2015-11-25,2015,11,25,0
2015-11-26,2015,11,26,0.74734814
2015-11-27,2015,11,27,0
2015-11-28,2015,11,28,0
2015-11-29,2015,11,29,0
2015-11-30,2015,11,30,0
2015-12-01,2015,12,1,0
2015-12-02,2015,12,2,5.2175902
2015-12-03,2015,12,3,0
2015-12-04,2015,12,4,0
2015-12-05,2015,12,5,0
2015-12-06,2015,12,6,0
2015-12-07,2015,12,7,0
2015-12-08,2015,12,8,0
2015-12-09,2015,12,9,0
2015-12-10,2015,12,10,0
2015-12-11,2015,12,11,0
2015-12-12,2015,12,12,0.16440491
2015-12-13,2015,12,13,20.127153
2015-12-14,2015,12,14,0.60828304
2015-12-15,2015,12,15,0
2015-12-16,2015,12,16,0
2015-12-17,2015,12,17,0
2015-12-18,2015,12,18,0
2015-12-19,2015,12,19,0
2015-12-20,2015,12,20,0.00062083351
2015-12-21,2015,12,21,6.8347478
2015-12-22,2015,12,22,9.425876
2015-12-23,2015,12,23,0
2015-12-24,2015,12,24,0
2015-12-25,2015,12,25,0
2015-12-26,2015,12,26,0
2015-12-27,2015,12,27,0
2015-12-28,2015,12,28,0
2015-12-29,2015,12,29,0
2015-12-30,2015,12,30,0.3438029
2015-12-31,2015,12,31,0
2016-01-01,2016,1,1,0
2016-01-02,2016,1,2,0
2016-01-03,2016,1,3,0
2016-01-04,2016,1,4,0
2016-01-05,2016,1,5,0
2016-01-06,2016,1,6,0
2016-01-07,2016,1,7,6.170788
2016-01-08,2016,1,8,1.3661589
2016-01-09,2016,1,9,4.3511962
2016-01-10,2016,1,10,0
2016-01-11,2016,1,11,0.049471849
2016-01-12,2016,1,12,0
2016-01-13,2016,1,13,0
2016-01-14,2016,1,14,0
2016-01-15,2016,1,15,0
2016-01-16,2016,1,16,0
2016-01-17,2016,1,17,0
2016-01-18,2016,1,18,0
2016-01-19,2016,1,19,0
2016-01-20,2016,1,20,0
2016-01-21,2016,1,21,0
2016-01-22,2016,1,22,0
2016-01-23,2016,1,23,0.8537502
2016-01-24,2016,1,24,2.95375
2016-01-25,2016,1,25,0.039872782
2016-01-26,2016,1,26,2.8508705
2016-01-27,2016,1,27,5.7557938
2016-01-28,2016,1,28,0.075603369
2016-01-29,2016,1,29,0
2016-01-30,2016,1,30,0
2016-01-31,2016,1,31,0
2016-02-01,2016,2,1,0
2016-02-02,2016,2,2,1.3025438
2016-02-03,2016,2,3,0
2016-02-04,2016,2,4,0
2016-02-05,2016,2,5,2.8511706
2016-02-06,2016,2,6,0.0044738152
2016-02-07,2016,2,7,0
2016-02-08,2016,2,8,0
2016-02-09,2016,2,9,0
2016-02-10,2016,2,10,0.21710797
2016-02-11,2016,2,11,0
2016-02-12,2016,2,12,0.61370443
2016-02-13,2016,2,13,0.00036559023
2016-02-14,2016,2,14,0
2016-02-15,2016,2,15,0
2016-02-16,2016,2,16,0.044914996
2016-02-17,2016,2,17,0
2016-02-18,2016,2,18,0.080038617
2016-02-19,2016,2,19,0
2016-02-20,2016,2,20,0
2016-02-21,2016,2,21,0
2016-02-22,2016,2,22,0.00027642188
2016-02-23,2016,2,23,0
2016-02-24,2016,2,24,0
2016-02-25,2016,2,25,0.046091943
2016-02-26,2016,2,26,0
2016-02-27,2016,2,27,0
2016-02-28,2016,2,28,0
2016-02-29,2016,2,29,0
2016-03-01,2016,3,1,0
2016-03-02,2016,3,2,0
2016-03-03,2016,3,3,0
2016-03-04,2016,3,4,0
2016-03-05,2016,3,5,0
2016-03-06,2016,3,6,0
2016-03-07,2016,3,7,0
2016-03-08,2016,3,8,0
2016-03-09,2016,3,9,0
2016-03-10,2016,3,10,0
2016-03-11,2016,3,11,0
2016-03-12,2016,3,12,0
2016-03-13,2016,3,13,0
2016-03-14,2016,3,14,0
2016-03-15,2016,3,15,0
2016-03-16,2016,3,16,0
2016-03-17,2016,3,17,4.2813718
2016-03-18,2016,3,18,0
2016-03-19,2016,3,19,0
2016-03-20,2016,3,20,0
2016-03-21,2016,3,21,0
2016-03-22,2016,3,22,0
2016-03-23,2016,3,23,0
2016-03-24,2016,3,24,0
2016-03-25,2016,3,25,0
2016-03-26,2016,3,26,0
2016-03-27,2016,3,27,0
2016-03-28,2016,3,28,0
2016-03-29,2016,3,29,0
2016-03-30,2016,3,30,18.496357
2016-03-31,2016,3,31,0
2016-04-01,2016,4,1,0
2016-04-02,2016,4,2,0
2016-04-03,2016,4,3,4.052937
2016-04-04,2016,4,4,0
2016-04-05,2016,4,5,0
2016-04-06,2016,4,6,14.047033
2016-04-07,2016,4,7,0
2016-04-08,2016,4,8,0
2016-04-09,2016,4,9,0.10665937
2016-04-10,2016,4,10,0.091568244
2016-04-11,2016,4,11,0
2016-04-12,2016,4,12,0.73445122
2016-04-13,2016,4,13,16.551647
2016-04-14,2016,4,14,30.991517
2016-04-15,2016,4,15,20.597824
2016-04-16,2016,4,16,0
2016-04-17,2016,4,17,0
2016-04-18,2016,4,18,1.9110192
2016-04-19,2016,4,19,17.343899
2016-04-20,2016,4,20,16.540005
2016-04-21,2016,4,21,0
2016-04-22,2016,4,22,35.896058
2016-04-23,2016,4,23,16.997107
2016-04-24,2016,4,24,1.5016483
2016-04-25,2016,4,25,0
2016-04-26,2016,4,26,0
2016-04-27,2016,4,27,0
2016-04-28,2016,4,28,0
2016-04-29,2016,4,29,0
2016-04-30,2016,4,30,0.55926161
2016-05-01,2016,5,1,6.8255597
2016-05-02,2016,5,2,0
2016-05-03,2016,5,3,0
2016-05-04,2016,5,4,0.0037530418
2016-05-05,2016,5,5,6.6660753
2016-05-06,2016,5,6,0
2016-05-07,2016,5,7,0.65077506
2016-05-08,2016,5,8,0
2016-05-09,2016,5,9,0
2016-05-10,2016,5,10,1.2292005
2016-05-11,2016,5,11,5.9412563
2016-05-12,2016,5,12,0
2016-05-13,2016,5,13,0
2016-05-14,2016,5,14,9.1525159
2016-05-15,2016,5,15,0.094118878
2016-05-16,2016,5,16,0
2016-05-17,2016,5,17,0
2016-05-18,2016,5,18,14.834235
2016-05-19,2016,5,19,0.68722624
2016-05-20,2016,5,20,0.00080436577
2016-05-21,2016,5,21,0
2016-05-22,2016,5,22,0
2016-05-23,2016,5,23,0
2016-05-24,2016,5,24,7.5567643
2016-05-25,2016,5,25,6.5364887
2016-05-26,2016,5,26,0.3659394
2016-05-27,2016,5,27,0
2016-05-28,2016,5,28,3.9815156
2016-05-29,2016,5,29,10.358391
2016-05-30,2016,5,30,0.52186942
2016-05-31,2016,5,31,0.097539877
2016-06-01,2016,6,1,0.66673496
2016-06-02,2016,6,2,0
2016-06-03,2016,6,3,0
2016-06-04,2016,6,4,0
2016-06-05,2016,6,5,1.93302
2016-06-06,2016,6,6,7.3620253
2016-06-07,2016,6,7,0
2016-06-08,2016,6,8,0
2016-06-09,2016,6,9,0.070226983
2016-06-10,2016,6,10,0
2016-06-11,2016,6,11,0
2016-06-12,2016,6,12,1.406467
2016-06-13,2016,6,13,0.013566576
2016-06-14,2016,6,14,0
2016-06-15,2016,6,15,0
2016-06-16,2016,6,16,0
2016-06-17,2016,6,17,0
2016-06-18,2016,6,18,0
2016-06-19,2016,6,19,0
2016-06-20,2016,6,20,0
2016-06-21,2016,6,21,0
2016-06-22,2016,6,22,0.87588176
2016-06-23,2016,6,23,0
2016-06-24,2016,6,24,0
2016-06-25,2016,6,25,0
2016-06-26,2016,6,26,0
2016-06-27,2016,6,27,0
2016-06-28,2016,6,28,0
2016-06-29,2016,6,29,6.0755919
2016-06-30,2016,6,30,0
2016-07-01,2016,7,1,0
2016-07-02,2016,7,2,0.048629623
2016-07-03,2016,7,3,0
2016-07-04,2016,7,4,0
2016-07-05,2016,7,5,0
2016-07-06,2016,7,6,0.41998054
2016-07-07,2016,7,7,0
2016-07-08,2016,7,8,1.9819427
2016-07-09,2016,7,9,10.13484
2016-07-10,2016,7,10,41.703666
2016-07-11,2016,7,11,16.793726
2016-07-12,2016,7,12,10.405885
2016-07-13,2016,7,13,25.517663
2016-07-14,2016,7,14,8.0179297
2016-07-15,2016,7,15,0
2016-07-16,2016,7,16,0
2016-07-17,2016,7,17,18.134609
2016-07-18,2016,7,18,0
2016-07-19,2016,7,19,0.8019898
2016-07-20,2016,7,20,23.112923
2016-07-21,2016,7,21,18.96524
2016-07-22,2016,7,22,37.775232
2016-07-23,2016,7,23,27.999489
2016-07-24,2016,7,24,21.345347
2016-07-25,2016,7,25,4.8645498
2016-07-26,2016,7,26,0
2016-07-27,2016,7,27,0
2016-07-28,2016,7,28,24.542004
2016-07-29,2016,7,29,5.9386736
2016-07-30,2016,7,30,0
2016-07-31,2016,7,31,5.4766277
2016-08-01,2016,8,1,0
2016-08-02,2016,8,2,2.8717056
2016-08-03,2016,8,3,6.0658688
2016-08-04,2016,8,4,1.2489264
2016-08-05,2016,8,5,2.2726876
2016-08-06,2016,8,6,3.0244799
2016-08-07,2016,8,7,5.1467525
2016-08-08,2016,8,8,0
2016-08-09,2016,8,9,0
2016-08-10,2016,8,10,5.5971887
2016-08-11,2016,8,11,0
2016-08-12,2016,8,12,25.66204
2016-08-13,2016,8,13,8.2911331
2016-08-14,2016,8,14,36.957312
2016-08-15,2016,8,15,60.983706
2016-08-16,2016,8,16,28.674439
2016-08-17,2016,8,17,27.654943
2016-08-18,2016,8,18,17.458203
2016-08-19,2016,8,19,8.4235726
2016-08-20,2016,8,20,0
2016-08-21,2016,8,21,0
2016-08-22,2016,8,22,0
2016-08-23,2016,8,23,0
2016-08-24,2016,8,24,0.47318299
2016-08-25,2016,8,25,16.338616
2016-08-26,2016,8,26,0
2016-08-27,2016,8,27,0
2016-08-28,2016,8,28,0
2016-08-29,2016,8,29,8.4271287
2016-08-30,2016,8,30,13.90743
2016-08-31,2016,8,31,0
2016-09-01,2016,9,1,0
2016-09-02,2016,9,2,0
2016-09-03,2016,9,3,0
2016-09-04,2016,9,4,0
2016-09-05,2016,9,5,0
2016-09-06,2016,9,6,0
2016-09-07,2016,9,7,0
2016-09-08,2016,9,8,8.6628489
2016-09-09,2016,9,9,0.0092916594
2016-09-10,2016,9,10,0
2016-09-11,2016,9,11,14.251127
2016-09-12,2016,9,12,22.193908
2016-09-13,2016,9,13,0
2016-09-14,2016,9,14,0
2016-09-15,2016,9,15,0.98924466
2016-09-16,2016,9,16,1.4945054
2016-09-17,2016,9,17,0
2016-09-18,2016,9,18,0
2016-09-19,2016,9,19,0
2016-09-20,2016,9,20,0
2016-09-21,2016,9,21,0
2016-09-22,2016,9,22,0
2016-09-23,2016,9,23,0
2016-09-24,2016,9,24,0
2016-09-25,2016,9,25,0
2016-09-26,2016,9,26,0
2016-09-27,2016,9,27,0
2016-09-28,2016,9,28,0.0042640248
2016-09-29,2016,9,29,12.542879
2016-09-30,2016,9,30,3.9887256
2016-10-01,2016,10,1,0
2016-10-02,2016,10,2,0
2016-10-03,2016,10,3,9.778178
2016-10-04,2016,10,4,0
2016-10-05,2016,10,5,0
2016-10-06,2016,10,6,0
2016-10-07,2016,10,7,0
2016-10-08,2016,10,8,0
2016-10-09,2016,10,9,0
2016-10-10,2016,10,10,1.9405647
2016-10-11,2016,10,11,35.550597
2016-10-12,2016,10,12,43.510206
2016-10-13,2016,10,13,5.6294528
2016-10-14,2016,10,14,6.3707461
2016-10-15,2016,10,15,20.408324
2016-10-16,2016,10,16,19.322675
2016-10-17,2016,10,17,1.2043733
2016-10-18,2016,10,18,12.087449
2016-10-19,2016,10,19,0
2016-10-20,2016,10,20,0
2016-10-21,2016,10,21,0
2016-10-22,2016,10,22,0
2016-10-23,2016,10,23,7.9727612
2016-10-24,2016,10,24,0.78762742
2016-10-25,2016,10,25,0
2016-10-26,2016,10,26,0
2016-10-27,2016,10,27,0
2016-10-28,2016,10,28,0
2016-10-29,2016,10,29,0
2016-10-30,2016,10,30,0
2016-10-31,2016,10,31,22.508145
2016-11-01,2016,11,1,0.67950406
2016-11-02,2016,11,2,4.2064395
2016-11-03,2016,11,3,2.406639
2016-11-04,2016,11,4,0
2016-11-05,2016,11,5,0
2016-11-06,2016,11,6,0
2016-11-07,2016,11,7,0
2016-11-08,2016,11,8,0
2016-11-09,2016,11,9,0
2016-11-10,2016,11,10,0
2016-11-11,2016,11,11,0
2016-11-12,2016,11,12,0
2016-11-13,2016,11,13,2.8981222
2016-11-14,2016,11,14,18.117519
2016-11-15,2016,11,15,3.5129565e-05
2016-11-16,2016,11,16,0
2016-11-17,2016,11,17,0
2016-11-18,2016,11,18,0
2016-11-19,2016,11,19,0.69180539
2016-11-20,2016,11,20,4.8912516e-05
2016-11-21,2016,11,21,0
2016-11-22,2016,11,22,0
2016-11-23,2016,11,23,0
2016-11-24,2016,11,24,4.3028219
2016-11-25,2016,11,25,7.6628352
2016-11-26,2016,11,26,9.5692495
2016-11-27,2016,11,27,0
2016-11-28,2016,11,28,0
2016-11-29,2016,11,29,0
2016-11-30,2016,11,30,0
2016-12-01,2016,12,1,0
2016-12-02,2016,12,2,0
2016-12-03,2016,12,3,0
2016-12-04,2016,12,4,24.692587
2016-12-05,2016,12,5,1.2808504
2016-12-06,2016,12,6,0
2016-12-07,2016,12,7,0
2016-12-08,2016,12,8,0
2016-12-09,2016,12,9,3.9306823
2016-12-10,2016,12,10,11.992788
2016-12-11,2016,12,11,2.3578253
2016-12-12,2016,12,12,0
2016-12-13,2016,12,13,0
2016-12-14,2016,12,14,0
2016-12-15,2016,12,15,0
2016-12-16,2016,12,16,0.0014585382
2016-12-17,2016,12,17,1.1732133
2016-12-18,2016,12,18,0
2016-12-19,2016,12,19,0
2016-12-20,2016,12,20,22.472109
2016-12-21,2016,12,21,0
2016-12-22,2016,12,22,0
2016-12-23,2016,12,23,0
2016-12-24,2016,12,24,2.4609212
2016-12-25,2016,12,25,15.028521
2016-12-26,2016,12,26,0
2016-12-27,2016,12,27,0
2016-12-28,2016,12,28,0
2016-12-29,2016,12,29,0
2016-12-30,2016,12,30,0.06100963
2016-12-31,2016,12,31,3.1401045
2017-01-01,2017,1,1,0
2017-01-02,2017,1,2,0.33493915
2017-01-03,2017,1,3,3.1827088
2017-01-04,2017,1,4,0
2017-01-05,2017,1,5,0
2017-01-06,2017,1,6,0.00022538724
2017-01-07,2017,1,7,0.40739629
2017-01-08,2017,1,8,34.371101
2017-01-09,2017,1,9,0.39194635
2017-01-10,2017,1,10,0
2017-01-11,2017,1,11,0
2017-01-12,2017,1,12,0
2017-01-13,2017,1,13,0
2017-01-14,2017,1,14,0
2017-01-15,2017,1,15,0
2017-01-16,2017,1,16,0.00020314514
2017-01-17,2017,1,17,0
2017-01-18,2017,1,18,0
2017-01-19,2017,1,19,0
2017-01-20,2017,1,20,0
2017-01-21,2017,1,21,0
2017-01-22,2017,1,22,0
2017-01-23,2017,1,23,0
2017-01-24,2017,1,24,0
2017-01-25,2017,1,25,0
2017-01-26,2017,1,26,0
2017-01-27,2017,1,27,0
2017-01-28,2017,1,28,0
2017-01-29,2017,1,29,0
2017-01-30,2017,1,30,0
2017-01-31,2017,1,31,0
2017-02-01,2017,2,1,0
2017-02-02,2017,2,2,0.0066498908
2017-02-03,2017,2,3,2.8544598
2017-02-04,2017,2,4,3.2025102
2017-02-05,2017,2,5,0
2017-02-06,2017,2,6,0
2017-02-07,2017,2,7,0
2017-02-08,2017,2,8,0
2017-02-09,2017,2,9,0
2017-02-10,2017,2,10,0
2017-02-11,2017,2,11,0
2017-02-12,2017,2,12,0
2017-02-13,2017,2,13,0.039680409
2017-02-14,2017,2,14,2.7045479
2017-02-15,2017,2,15,1.1055433
2017-02-16,2017,2,16,13.324078
2017-02-17,2017,2,17,3.1697605
2017-02-18,2017,2,18,2.3061302
2017-02-19,2017,2,19,0.093853334
2017-02-20,2017,2,20,0
2017-02-21,2017,2,21,0
2017-02-22,2017,2,22,0
2017-02-23,2017,2,23,0
2017-02-24,2017,2,24,0
2017-02-25,2017,2,25,1.5278282
2017-02-26,2017,2,26,0.031455283
2017-02-27,2017,2,27,5.7103937
2017-02-28,2017,2,28,17.227129
2017-03-01,2017,3,1,6.1548443
2017-03-02,2017,3,2,0.0065633024
2017-03-03,2017,3,3,0
2017-03-04,2017,3,4,0
2017-03-05,2017,3,5,0
2017-03-06,2017,3,6,0
2017-03-07,2017,3,7,4.4448904
2017-03-08,2017,3,8,28.671308
2017-03-09,2017,3,9,13.770527
2017-03-10,2017,3,10,2.9608102
2017-03-11,2017,3,11,0.55544436
2017-03-12,2017,3,12,0
2017-03-13,2017,3,13,0
2017-03-14,2017,3,14,0
2017-03-15,2017,3,15,0
2017-03-16,2017,3,16,0
2017-03-17,2017,3,17,0
2017-03-18,2017,3,18,0
2017-03-19,2017,3,19,0
2017-03-20,2017,3,20,0
2017-03-21,2017,3,21,0
2017-03-22,2017,3,22,0
2017-03-23,2017,3,23,0
2017-03-24,2017,3,24,0
2017-03-25,2017,3,25,0.92062567
2017-03-26,2017,3,26,1.152596
2017-03-27,2017,3,27,0
2017-03-28,2017,3,28,0.003386214
2017-03-29,2017,3,29,1.443457
2017-03-30,2017,3,30,0
2017-03-31,2017,3,31,0.0063738746
2017-04-01,2017,4,1,10.264229
2017-04-02,2017,4,2,0.83371786
2017-04-03,2017,4,3,0
2017-04-04,2017,4,4,5.7485897
2017-04-05,2017,4,5,0.041099832
2017-04-06,2017,4,6,28.768463
2017-04-07,2017,4,7,5.4208714
2017-04-08,2017,4,8,0
2017-04-09,2017,4,9,0
2017-04-10,2017,4,10,0
2017-04-11,2017,4,11,1.5186867e-18
2017-04-12,2017,4,12,0
2017-04-13,2017,4,13,0
2017-04-14,2017,4,14,0.28073168
2017-04-15,2017,4,15,0.40615638
2017-04-16,2017,4,16,0.039872303
2017-04-17,2017,4,17,0
2017-04-18,2017,4,18,1.2098569
2017-04-19,2017,4,19,16.490285
2017-04-20,2017,4,20,7.98014
2017-04-21,2017,4,21,0
2017-04-22,2017,4,22,0
2017-04-23,2017,4,23,0
2017-04-24,2017,4,24,13.447657
2017-04-25,2017,4,25,2.1063249
2017-04-26,2017,4,26,9.2392509e-05
2017-04-27,2017,4,27,1.33053
2017-04-28,2017,4,28,0
2017-04-29,2017,4,29,0
2017-04-30,2017,4,30,0
2017-05-01,2017,5,1,13.093221
2017-05-02,2017,5,2,2.7536618
2017-05-03,2017,5,3,0
2017-05-04,2017,5,4,0
2017-05-05,2017,5,5,0
2017-05-06,2017,5,6,23.322164
2017-05-07,2017,5,7,11.179909
2017-05-08,2017,5,8,0
2017-05-09,2017,5,9,0
2017-05-10,2017,5,10,4.259176
2017-05-11,2017,5,11,7.6383027
2017-05-12,2017,5,12,0.057136035
2017-05-13,2017,5,13,41.050705
2017-05-14,2017,5,14,6.2052281
2017-05-15,2017,5,15,0
2017-05-16,2017,5,16,16.214567
2017-05-17,2017,5,17,5.9370343
2017-05-18,2017,5,18,0
2017-05-19,2017,5,19,0
2017-05-20,2017,5,20,5.1903038
2017-05-21,2017,5,21,18.609919
2017-05-22,2017,5,22,0
2017-05-23,2017,5,23,0
2017-05-24,2017,5,24,0
2017-05-25,2017,5,25,0
2017-05-26,2017,5,26,0
2017-05-27,2017,5,27,0
2017-05-28,2017,5,28,0
2017-05-29,2017,5,29,0
2017-05-30,2017,5,30,0
2017-05-31,2017,5,31,3.7604911
2017-06-01,2017,6,1,0
2017-06-02,2017,6,2,13.033517
2017-06-03,2017,6,3,23.191855
2017-06-04,2017,6,4,0
2017-06-05,2017,6,5,0
2017-06-06,2017,6,6,18.742643
2017-06-07,2017,6,7,21.908702
2017-06-08,2017,6,8,4.8506504
2017-06-09,2017,6,9,5.1139169
2017-06-10,2017,6,10,1.9176724
2017-06-11,2017,6,11,0
2017-06-12,2017,6,12,0
2017-06-13,2017,6,13,0
2017-06-14,2017,6,14,1.4459568
2017-06-15,2017,6,15,50.772773
2017-06-16,2017,6,16,38.990983
2017-06-17,2017,6,17,9.5580328
2017-06-18,2017,6,18,0
2017-06-19,2017,6,19,0
2017-06-20,2017,6,20,12.496705
2017-06-21,2017,6,21,59.973926
2017-06-22,2017,6,22,21.294564
2017-06-23,2017,6,23,1.792021
2017-06-24,2017,6,24,59.15651
2017-06-25,2017,6,25,14.186459
2017-06-26,2017,6,26,0.0044488437
2017-06-27,2017,6,27,0
2017-06-28,2017,6,28,4.6112285
2017-06-29,2017,6,29,20.613932
2017-06-30,2017,6,30,0.060906335
2017-07-01,2017,7,1,0
2017-07-02,2017,7,2,0
2017-07-03,2017,7,3,14.145852
2017-07-04,2017,7,4,6.2241663
2017-07-05,2017,7,5,0.85339882
2017-07-06,2017,7,6,0.44496884
2017-07-07,2017,7,7,0
2017-07-08,2017,7,8,21.265268
2017-07-09,2017,7,9,0
2017-07-10,2017,7,10,0
2017-07-11,2017,7,11,0
2017-07-12,2017,7,12,28.471626
2017-07-13,2017,7,13,34.338612
2017-07-14,2017,7,14,53.142432
2017-07-15,2017,7,15,6.5528923
2017-07-16,2017,7,16,0
2017-07-17,2017,7,17,0
2017-07-18,2017,7,18,0
2017-07-19,2017,7,19,0.00010688357
2017-07-20,2017,7,20,0
2017-07-21,2017,7,21,0
2017-07-22,2017,7,22,30.584651
2017-07-23,2017,7,23,2.1143052
2017-07-24,2017,7,24,0
2017-07-25,2017,7,25,0
2017-07-26,2017,7,26,0
2017-07-27,2017,7,27,13.682989
2017-07-28,2017,7,28,6.4326749
2017-07-29,2017,7,29,0
2017-07-30,2017,7,30,0
2017-07-31,2017,7,31,0
2017-08-01,2017,8,1,0
2017-08-02,2017,8,2,0
2017-08-03,2017,8,3,0
2017-08-04,2017,8,4,0.050841919
2017-08-05,2017,8,5,23.504575
2017-08-06,2017,8,6,5.181653
2017-08-07,2017,8,7,12.218645
2017-08-08,2017,8,8,29.311701
2017-08-09,2017,8,9,13.914696
2017-08-10,2017,8,10,15.799438
2017-08-11,2017,8,11,4.1720444
2017-08-12,2017,8,12,20.303374
2017-08-13,2017,8,13,48.51677
2017-08-14,2017,8,14,20.53745
2017-08-15,2017,8,15,1.1255362
2017-08-16,2017,8,16,6.128988e-05
2017-08-17,2017,8,17,22.507477
2017-08-18,2017,8,18,27.620781
2017-08-19,2017,8,19,10.430509
2017-08-20,2017,8,20,0
2017-08-21,2017,8,21,0.9579545
2017-08-22,2017,8,22,38.562061
2017-08-23,2017,8,23,21.829711
2017-08-24,2017,8,24,28.843293
2017-08-25,2017,8,25,10.718409
2017-08-26,2017,8,26,5.7492374
2017-08-27,2017,8,27,23.094604
2017-08-28,2017,8,28,1.2238091
2017-08-29,2017,8,29,0
2017-08-30,2017,8,30,0.11193
2017-08-31,2017,8,31,14.865096
2017-09-01,2017,9,1,28.979503
2017-09-02,2017,9,2,0
2017-09-03,2017,9,3,0
2017-09-04,2017,9,4,0
2017-09-05,2017,9,5,5.3677543
2017-09-06,2017,9,6,0
2017-09-07,2017,9,7,4.9396986
2017-09-08,2017,9,8,1.1177685e-05
2017-09-09,2017,9,9,0
2017-09-10,2017,9,10,1.0030605
2017-09-11,2017,9,11,0
2017-09-12,2017,9,12,0
2017-09-13,2017,9,13,21.38697
2017-09-14,2017,9,14,0.0047142017
2017-09-15,2017,9,15,0
2017-09-16,2017,9,16,0
2017-09-17,2017,9,17,0
2017-09-18,2017,9,18,0.093970679
2017-09-19,2017,9,19,8.4213208
2017-09-20,2017,9,20,0
2017-09-21,2017,9,21,0
2017-09-22,2017,9,22,0
2017-09-23,2017,9,23,0
2017-09-24,2017,9,24,0
2017-09-25,2017,9,25,0
2017-09-26,2017,9,26,0
2017-09-27,2017,9,27,0
2017-09-28,2017,9,28,0
2017-09-29,2017,9,29,50.495582
2017-09-30,2017,9,30,21.974715
2017-10-01,2017,10,1,12.825106
2017-10-02,2017,10,2,32.358907
2017-10-03,2017,10,3,35.301881
2017-10-04,2017,10,4,35.059907
2017-10-05,2017,10,5,52.513559
2017-10-06,2017,10,6,0.00060611164
2017-10-07,2017,10,7,2.182569
2017-10-08,2017,10,8,2.5052904
2017-10-09,2017,10,9,0
2017-10-10,2017,10,10,3.8186848
2017-10-11,2017,10,11,0.0016106601
2017-10-12,2017,10,12,0
2017-10-13,2017,10,13,0
2017-10-14,2017,10,14,0
2017-10-15,2017,10,15,0
2017-10-16,2017,10,16,2.5023835
2017-10-17,2017,10,17,17.081646
2017-10-18,2017,10,18,0.011453898
2017-10-19,2017,10,19,0
2017-10-20,2017,10,20,0
2017-10-21,2017,10,21,0
2017-10-22,2017,10,22,0
2017-10-23,2017,10,23,5.7845173
2017-10-24,2017,10,24,0
2017-10-25,2017,10,25,0
2017-10-26,2017,10,26,0
2017-10-27,2017,10,27,7.7073377
2017-10-28,2017,10,28,27.952121
2017-10-29,2017,10,29,12.95786
2017-10-30,2017,10,30,5.614493
2017-10-31,2017,10,31,21.165655
2017-11-01,2017,11,1,6.766131
2017-11-02,2017,11,2,10.767912
2017-11-03,2017,11,3,0
2017-11-04,2017,11,4,22.593567
2017-11-05,2017,11,5,2.0779591
2017-11-06,2017,11,6,0
2017-11-07,2017,11,7,4.6386715
2017-11-08,2017,11,8,0
2017-11-09,2017,11,9,0.011278478
2017-11-10,2017,11,10,0
2017-11-11,2017,11,11,0
2017-11-12,2017,11,12,0
2017-11-13,2017,11,13,0
2017-11-14,2017,11,14,5.9085181
2017-11-15,2017,11,15,0.32840481
2017-11-16,2017,11,16,7.2837664
2017-11-17,2017,11,17,0
2017-11-18,2017,11,18,0.0050819514
2017-11-19,2017,11,19,0
2017-11-20,2017,11,20,0
2017-11-21,2017,11,21,0
2017-11-22,2017,11,22,0
2017-11-23,2017,11,23,0
2017-11-24,2017,11,24,0
2017-11-25,2017,11,25,0
2017-11-26,2017,11,26,0
2017-11-27,2017,11,27,0
2017-11-28,2017,11,28,0
2017-11-29,2017,11,29,0.021076484
2017-11-30,2017,11,30,0
2017-12-01,2017,12,1,0.49665276
2017-12-02,2017,12,2,8.8127553
2017-12-03,2017,12,3,6.8186783
2017-12-04,2017,12,4,0
2017-12-05,2017,12,5,0.00029936143
2017-12-06,2017,12,6,0
2017-12-07,2017,12,7,0
2017-12-08,2017,12,8,0
2017-12-09,2017,12,9,0
2017-12-10,2017,12,10,0
2017-12-11,2017,12,11,0.28082365
2017-12-12,2017,12,12,0
2017-12-13,2017,12,13,0.018563044
2017-12-14,2017,12,14,0
2017-12-15,2017,12,15,0.25752897
2017-12-16,2017,12,16,20.191483
2017-12-17,2017,12,17,0
2017-12-18,2017,12,18,0
2017-12-19,2017,12,19,0
2017-12-20,2017,12,20,0.45611203
2017-12-21,2017,12,21,0
2017-12-22,2017,12,22,0
2017-12-23,2017,12,23,0
2017-12-24,2017,12,24,0
2017-12-25,2017,12,25,0.091636716
2017-12-26,2017,12,26,0.14433741
2017-12-27,2017,12,27,0
2017-12-28,2017,12,28,0.00078250808
2017-12-29,2017,12,29,9.0155741
2017-12-30,2017,12,30,0.6343976
2017-12-31,2017,12,31,0
2018-01-01,2018,1,1,0.0017065034
2018-01-02,2018,1,2,0.36396418
2018-01-03,2018,1,3,28.811794
2018-01-04,2018,1,4,7.9112308
2018-01-05,2018,1,5,0
2018-01-06,2018,1,6,0
2018-01-07,2018,1,7,0
2018-01-08,2018,1,8,0
2018-01-09,2018,1,9,0
2018-01-10,2018,1,10,0
2018-01-11,2018,1,11,0
2018-01-12,2018,1,12,0
2018-01-13,2018,1,13,0
2018-01-14,2018,1,14,0.27308192
2018-01-15,2018,1,15,0.70084732
2018-01-16,2018,1,16,0
2018-01-17,2018,1,17,0
2018-01-18,2018,1,18,0
2018-01-19,2018,1,19,0
2018-01-20,2018,1,20,0.16210285
2018-01-21,2018,1,21,4.8750134
2018-01-22,2018,1,22,0.018386895
2018-01-23,2018,1,23,0
2018-01-24,2018,1,24,0.094759747
2018-01-25,2018,1,25,0
2018-01-26,2018,1,26,0
2018-01-27,2018,1,27,0
2018-01-28,2018,1,28,0
2018-01-29,2018,1,29,0
2018-01-30,2018,1,30,0
2018-01-31,2018,1,31,0
2018-02-01,2018,2,1,0
2018-02-02,2018,2,2,0
2018-02-03,2018,2,3,0
2018-02-04,2018,2,4,0
2018-02-05,2018,2,5,0
2018-02-06,2018,2,6,0
2018-02-07,2018,2,7,0
2018-02-08,2018,2,8,0.012430567
2018-02-09,2018,2,9,0
2018-02-10,2018,2,10,0
2018-02-11,2018,2,11,0
2018-02-12,2018,2,12,0
2018-02-13,2018,2,13,0
2018-02-14,2018,2,14,0
2018-02-15,2018,2,15,0
2018-02-16,2018,2,16,0
2018-02-17,2018,2,17,0
2018-02-18,2018,2,18,0.014518509
2018-02-19,2018,2,19,23.868288
2018-02-20,2018,2,20,0.096753688
2018-02-21,2018,2,21,0.81165571
2018-02-22,2018,2,22,11.241771
2018-02-23,2018,2,23,0
2018-02-24,2018,2,24,0
2018-02-25,2018,2,25,0
2018-02-26,2018,2,26,0
2018-02-27,2018,2,27,0.27070107
2018-02-28,2018,2,28,0
2018-03-01,2018,3,1,0
2018-03-02,2018,3,2,0
2018-03-03,2018,3,3,0
2018-03-04,2018,3,4,0.00012998462
2018-03-05,2018,3,5,0
2018-03-06,2018,3,6,0
2018-03-07,2018,3,7,0
2018-03-08,2018,3,8,0.0010193408
2018-03-09,2018,3,9,7.8929809
2018-03-10,2018,3,10,0
2018-03-11,2018,3,11,0
2018-03-12,2018,3,12,5.4458064
2018-03-13,2018,3,13,2.5059167
2018-03-14,2018,3,14,15.662975
2018-03-15,2018,3,15,0.00088061027
2018-03-16,2018,3,16,27.739265
2018-03-17,2018,3,17,20.344354
2018-03-18,2018,3,18,0
2018-03-19,2018,3,19,0
2018-03-20,2018,3,20,0
2018-03-21,2018,3,21,7.6080162
2018-03-22,2018,3,22,20.894363
2018-03-23,2018,3,23,6.5336781
2018-03-24,2018,3,24,0
2018-03-25,2018,3,25,0
2018-03-26,2018,3,26,0
2018-03-27,2018,3,27,0
2018-03-28,2018,3,28,0
2018-03-29,2018,3,29,0
2018-03-30,2018,3,30,0
2018-03-31,2018,3,31,0
2018-04-01,2018,4,1,0
2018-04-02,2018,4,2,0
2018-04-03,2018,4,3,6.2996116
2018-04-04,2018,4,4,21.667772
2018-04-05,2018,4,5,0
2018-04-06,2018,4,6,0
2018-04-07,2018,4,7,0
2018-04-08,2018,4,8,0.39868449
2018-04-09,2018,4,9,43.76172
2018-04-10,2018,4,10,71.776728
2018-04-11,2018,4,11,14.51652
2018-04-12,2018,4,12,0
2018-04-13,2018,4,13,0
2018-04-14,2018,4,14,0
2018-04-15,2018,4,15,0
2018-04-16,2018,4,16,1.6568016
2018-04-17,2018,4,17,0
2018-04-18,2018,4,18,0
2018-04-19,2018,4,19,0
2018-04-20,2018,4,20,0
2018-04-21,2018,4,21,3.6463891
2018-04-22,2018,4,22,3.6656489
2018-04-23,2018,4,23,0
2018-04-24,2018,4,24,0
2018-04-25,2018,4,25,0
2018-04-26,2018,4,26,31.27197
2018-04-27,2018,4,27,0
2018-04-28,2018,4,28,0
2018-04-29,2018,4,29,0
2018-04-30,2018,4,30,0.01184341
2018-05-01,2018,5,1,0.015045794
2018-05-02,2018,5,2,7.4979109
2018-05-03,2018,5,3,2.7573393
2018-05-04,2018,5,4,6.6294385
2018-05-05,2018,5,5,0
2018-05-06,2018,5,6,3.6142994
2018-05-07,2018,5,7,5.4487633
2018-05-08,2018,5,8,0
2018-05-09,2018,5,9,0
2018-05-10,2018,5,10,0
2018-05-11,2018,5,11,0
2018-05-12,2018,5,12,0
2018-05-13,2018,5,13,33.399261
2018-05-14,2018,5,14,9.2643536
2018-05-15,2018,5,15,0
2018-05-16,2018,5,16,18.146737
2018-05-17,2018,5,17,12.790118
2018-05-18,2018,5,18,0
2018-05-19,2018,5,19,4.535375
2018-05-20,2018,5,20,0.002456261
2018-05-21,2018,5,21,0
2018-05-22,2018,5,22,0
2018-05-23,2018,5,23,0
2018-05-24,2018,5,24,0
2018-05-25,2018,5,25,2.2659964
2018-05-26,2018,5,26,12.415552
2018-05-27,2018,5,27,30.09617
2018-05-28,2018,5,28,67.694375
2018-05-29,2018,5,29,4.4935307
2018-05-30,2018,5,30,4.0198433
2018-05-31,2018,5,31,0
2018-06-01,2018,6,1,0
2018-06-02,2018,6,2,0.01069131
2018-06-03,2018,6,3,0
2018-06-04,2018,6,4,0
2018-06-05,2018,6,5,16.398255
2018-06-06,2018,6,6,0
2018-06-07,2018,6,7,33.577621
2018-06-08,2018,6,8,31.692375
2018-06-09,2018,6,9,45.134209
2018-06-10,2018,6,10,19.902602
2018-06-11,2018,6,11,1.8403052
2018-06-12,2018,6,12,0
2018-06-13,2018,6,13,0
2018-06-14,2018,6,14,0
2018-06-15,2018,6,15,0.0060784514
2018-06-16,2018,6,16,0
2018-06-17,2018,6,17,0.040675621
2018-06-18,2018,6,18,0.071514894
2018-06-19,2018,6,19,5.1552771
2018-06-20,2018,6,20,5.213824
2018-06-21,2018,6,21,1.1182418
2018-06-22,2018,6,22,15.322039
2018-06-23,2018,6,23,0
2018-06-24,2018,6,24,0.74776608
2018-06-25,2018,6,25,42.459479
2018-06-26,2018,6,26,86.124207
2018-06-27,2018,6,27,17.926807
2018-06-28,2018,6,28,5.2580505
2018-06-29,2018,6,29,17.984363
2018-06-30,2018,6,30,5.9649224e-05
2018-07-01,2018,7,1,5.93751
2018-07-02,2018,7,2,3.1437993
2018-07-03,2018,7,3,9.7756927
2018-07-04,2018,7,4,10.529846
2018-07-05,2018,7,5,13.84649
2018-07-06,2018,7,6,18.188076
2018-07-07,2018,7,7,0.21032221
2018-07-08,2018,7,8,0
2018-07-09,2018,7,9,0
2018-07-10,2018,7,10,0
2018-07-11,2018,7,11,1.1191295
2018-07-12,2018,7,12,23.328035
2018-07-13,2018,7,13,24.660499
2018-07-14,2018,7,14,10.745258
2018-07-15,2018,7,15,0
2018-07-16,2018,7,16,0
2018-07-17,2018,7,17,0
2018-07-18,2018,7,18,1.8974994
2018-07-19,2018,7,19,0.00089681071
2018-07-20,2018,7,20,0
2018-07-21,2018,7,21,16.723924
2018-07-22,2018,7,22,1.2785709
2018-07-23,2018,7,23,0
2018-07-24,2018,7,24,0
2018-07-25,2018,7,25,0
2018-07-26,2018,7,26,0
2018-07-27,2018,7,27,0.078326824
2018-07-28,2018,7,28,0
2018-07-29,2018,7,29,0
2018-07-30,2018,7,30,0
2018-07-31,2018,7,31,0
2018-08-01,2018,8,1,0
2018-08-02,2018,8,2,13.958635
2018-08-03,2018,8,3,0.14967446
2018-08-04,2018,8,4,16.874705
2018-08-05,2018,8,5,20.100852
2018-08-06,2018,8,6,26.529575
2018-08-07,2018,8,7,0.10499988
2018-08-08,2018,8,8,0
2018-08-09,2018,8,9,0
2018-08-10,2018,8,10,0
2018-08-11,2018,8,11,0
2018-08-12,2018,8,12,9.4547406
2018-08-13,2018,8,13,6.0542106
2018-08-14,2018,8,14,0
2018-08-15,2018,8,15,0
2018-08-16,2018,8,16,9.7983847
2018-08-17,2018,8,17,15.861364
2018-08-18,2018,8,18,0
2018-08-19,2018,8,19,0
2018-08-20,2018,8,20,0
2018-08-21,2018,8,21,0
2018-08-22,2018,8,22,30.338487
2018-08-23,2018,8,23,16.020034
2018-08-24,2018,8,24,0
2018-08-25,2018,8,25,0
2018-08-26,2018,8,26,0
2018-08-27,2018,8,27,0
2018-08-28,2018,8,28,12.19065
2018-08-29,2018,8,29,8.1143962
2018-08-30,2018,8,30,11.109177
2018-08-31,2018,8,31,5.2648523
2018-09-01,2018,9,1,0
2018-09-02,2018,9,2,0.87278335
2018-09-03,2018,9,3,0
2018-09-04,2018,9,4,0
2018-09-05,2018,9,5,11.913444
2018-09-06,2018,9,6,0
2018-09-07,2018,9,7,0
2018-09-08,2018,9,8,0
2018-09-09,2018,9,9,0
2018-09-10,2018,9,10,0
2018-09-11,2018,9,11,0
2018-09-12,2018,9,12,0
2018-09-13,2018,9,13,0
2018-09-14,2018,9,14,0
2018-09-15,2018,9,15,0.0094244517
2018-09-16,2018,9,16,31.205864
2018-09-17,2018,9,17,47.005722
2018-09-18,2018,9,18,26.139543
2018-09-19,2018,9,19,17.550846
2018-09-20,2018,9,20,32.079832
2018-09-21,2018,9,21,25.720108
2018-09-22,2018,9,22,21.445925
2018-09-23,2018,9,23,7.6613941
2018-09-24,2018,9,24,0
2018-09-25,2018,9,25,0
2018-09-26,2018,9,26,15.705332
2018-09-27,2018,9,27,27.372438
2018-09-28,2018,9,28,43.577019
2018-09-29,2018,9,29,41.818004
2018-09-30,2018,9,30,8.358301
2018-10-01,2018,10,1,0.28504253
2018-10-02,2018,10,2,1.2866824e-06
2018-10-03,2018,10,3,0
2018-10-04,2018,10,4,0
2018-10-05,2018,10,5,0
2018-10-06,2018,10,6,0
2018-10-07,2018,10,7,15.144419
2018-10-08,2018,10,8,21.481065
2018-10-09,2018,10,9,0.031578849
2018-10-10,2018,10,10,0
2018-10-11,2018,10,11,0.17744862
2018-10-12,2018,10,12,0
2018-10-13,2018,10,13,0
2018-10-14,2018,10,14,0
2018-10-15,2018,10,15,8.5267817
2018-10-16,2018,10,16,25.088145
2018-10-17,2018,10,17,49.107989
2018-10-18,2018,10,18,2.3948603
2018-10-19,2018,10,19,0.54590738
2018-10-20,2018,10,20,0
2018-10-21,2018,10,21,0
2018-10-22,2018,10,22,2.8811789e-05
2018-10-23,2018,10,23,25.481941
2018-10-24,2018,10,24,0.45014364
2018-10-25,2018,10,25,0
2018-10-26,2018,10,26,0
2018-10-27,2018,10,27,0
2018-10-28,2018,10,28,20.033291
2018-10-29,2018,10,29,13.656851
2018-10-30,2018,10,30,2.1022911
2018-10-31,2018,10,31,0.0094979117
2018-11-01,2018,11,1,19.976336
2018-11-02,2018,11,2,17.890697
2018-11-03,2018,11,3,0.072317046
2018-11-04,2018,11,4,8.3176754
2018-11-05,2018,11,5,0
2018-11-06,2018,11,6,0
2018-11-07,2018,11,7,0
2018-11-08,2018,11,8,0
2018-11-09,2018,11,9,33.265278
2018-11-10,2018,11,10,18.357589
2018-11-11,2018,11,11,4.7690157
2018-11-12,2018,11,12,5.6183376
2018-11-13,2018,11,13,3.5690195
2018-11-14,2018,11,14,6.7841278
2018-11-15,2018,11,15,0
2018-11-16,2018,11,16,17.48477
2018-11-17,2018,11,17,2.8930134
2018-11-18,2018,11,18,0
2018-11-19,2018,11,19,0
2018-11-20,2018,11,20,0
2018-11-21,2018,11,21,16.578053
2018-11-22,2018,11,22,0
2018-11-23,2018,11,23,0
2018-11-24,2018,11,24,0
2018-11-25,2018,11,25,0
2018-11-26,2018,11,26,0
2018-11-27,2018,11,27,0
2018-11-28,2018,11,28,0
2018-11-29,2018,11,29,0
2018-11-30,2018,11,30,0
2018-12-01,2018,12,1,0
2018-12-02,2018,12,2,0
2018-12-03,2018,12,3,0
2018-12-04,2018,12,4,0.16795021
2018-12-05,2018,12,5,0.36455993
2018-12-06,2018,12,6,0
2018-12-07,2018,12,7,0.0027390224
2018-12-08,2018,12,8,2.5112392
2018-12-09,2018,12,9,0.17427422
2018-12-10,2018,12,10,14.408705
2018-12-11,2018,12,11,2.4736184
2018-12-12,2018,12,12,0.0034009598
2018-12-13,2018,12,13,18.568039
2018-12-14,2018,12,14,8.4881821e-05
2018-12-15,2018,12,15,0
2018-12-16,2018,12,16,0
2018-12-17,2018,12,17,0
2018-12-18,2018,12,18,0
2018-12-19,2018,12,19,2.3885507
2018-12-20,2018,12,20,0
2018-12-21,2018,12,21,0
2018-12-22,2018,12,22,0
2018-12-23,2018,12,23,0
2018-12-24,2018,12,24,0
2018-12-25,2018,12,25,0
2018-12-26,2018,12,26,0
2018-12-27,2018,12,27,0
2018-12-28,2018,12,28,0
2018-12-29,2018,12,29,14.299675
2018-12-30,2018,12,30,0
2018-12-31,2018,12,31,0.043088331
2019-01-01,2019,1,1,0
2019-01-02,2019,1,2,0
2019-01-03,2019,1,3,0
2019-01-04,2019,1,4,0
2019-01-05,2019,1,5,0
2019-01-06,2019,1,6,0.061728392
2019-01-07,2019,1,7,20.424308
2019-01-08,2019,1,8,52.281353
2019-01-09,2019,1,9,6.6513838
2019-01-10,2019,1,10,0
2019-01-11,2019,1,11,0
2019-01-12,2019,1,12,0
2019-01-13,2019,1,13,0.12251206
2019-01-14,2019,1,14,1.6561296
2019-01-15,2019,1,15,0.00090154894
2019-01-16,2019,1,16,0
2019-01-17,2019,1,17,0
2019-01-18,2019,1,18,0
2019-01-19,2019,1,19,0
2019-01-20,2019,1,20,0
2019-01-21,2019,1,21,0
2019-01-22,2019,1,22,0
2019-01-23,2019,1,23,0
2019-01-24,2019,1,24,0
2019-01-25,2019,1,25,0
2019-01-26,2019,1,26,0
2019-01-27,2019,1,27,0
2019-01-28,2019,1,28,0
2019-01-29,2019,1,29,0.010490026
2019-01-30,2019,1,30,0
2019-01-31,2019,1,31,0
2019-02-01,2019,2,1,0
2019-02-02,2019,2,2,0
2019-02-03,2019,2,3,0
2019-02-04,2019,2,4,0
2019-02-05,2019,2,5,0
2019-02-06,2019,2,6,0
2019-02-07,2019,2,7,0
2019-02-08,2019,2,8,0
2019-02-09,2019,2,9,0
2019-02-10,2019,2,10,10.673534
2019-02-11,2019,2,11,0
2019-02-12,2019,2,12,0
2019-02-13,2019,2,13,0
2019-02-14,2019,2,14,0
2019-02-15,2019,2,15,0
2019-02-16,2019,2,16,0
2019-02-17,2019,2,17,0
2019-02-18,2019,2,18,0.0096601318
2019-02-19,2019,2,19,5.0119518
2019-02-20,2019,2,20,0.31895256
2019-02-21,2019,2,21,12.357218
2019-02-22,2019,2,22,0.097152835
2019-02-23,2019,2,23,0
2019-02-24,2019,2,24,0
2019-02-25,2019,2,25,0
2019-02-26,2019,2,26,0
2019-02-27,2019,2,27,0
2019-02-28,2019,2,28,0.0062916292
2019-03-01,2019,3,1,0
2019-03-02,2019,3,2,0
2019-03-03,2019,3,3,0
2019-03-04,2019,3,4,0.074070431
2019-03-05,2019,3,5,0
2019-03-06,2019,3,6,33.496575
2019-03-07,2019,3,7,0.18670647
2019-03-08,2019,3,8,0
2019-03-09,2019,3,9,0
2019-03-10,2019,3,10,0
2019-03-11,2019,3,11,0
2019-03-12,2019,3,12,0
2019-03-13,2019,3,13,0
2019-03-14,2019,3,14,0
2019-03-15,2019,3,15,0
2019-03-16,2019,3,16,0
2019-03-17,2019,3,17,0.0023613173
2019-03-18,2019,3,18,0
2019-03-19,2019,3,19,0
2019-03-20,2019,3,20,0
2019-03-21,2019,3,21,0
2019-03-22,2019,3,22,0
2019-03-23,2019,3,23,0
2019-03-24,2019,3,24,0
2019-03-25,2019,3,25,0
2019-03-26,2019,3,26,0
2019-03-27,2019,3,27,0
2019-03-28,2019,3,28,0
2019-03-29,2019,3,29,0
2019-03-30,2019,3,30,0
2019-03-31,2019,3,31,0
2019-04-01,2019,4,1,0
2019-04-02,2019,4,2,0
2019-04-03,2019,4,3,23.197364
2019-04-04,2019,4,4,0
2019-04-05,2019,4,5,0
2019-04-06,2019,4,6,0
2019-04-07,2019,4,7,0
2019-04-08,2019,4,8,0
2019-04-09,2019,4,9,0
2019-04-10,2019,4,10,0
2019-04-11,2019,4,11,0
2019-04-12,2019,4,12,5.1632596
2019-04-13,2019,4,13,2.7667594
2019-04-14,2019,4,14,5.2320629e-05
2019-04-15,2019,4,15,0
2019-04-16,2019,4,16,0
2019-04-17,2019,4,17,0
2019-04-18,2019,4,18,0
2019-04-19,2019,4,19,0
2019-04-20,2019,4,20,0
2019-04-21,2019,4,21,0
2019-04-22,2019,4,22,0
2019-04-23,2019,4,23,0
2019-04-24,2019,4,24,1.5060626
2019-04-25,2019,4,25,0
2019-04-26,2019,4,26,0
2019-04-27,2019,4,27,0.023348675
2019-04-28,2019,4,28,0.090922354
2019-04-29,2019,4,29,0
2019-04-30,2019,4,30,0.0014354304
2019-05-01,2019,5,1,45.652606
2019-05-02,2019,5,2,86.386101
2019-05-03,2019,5,3,40.196876
2019-05-04,2019,5,4,6.4054953
2019-05-05,2019,5,5,0
2019-05-06,2019,5,6,0
2019-05-07,2019,5,7,0
2019-05-08,2019,5,8,0
2019-05-09,2019,5,9,1.7122479
2019-05-10,2019,5,10,0
2019-05-11,2019,5,11,0.048505053
2019-05-12,2019,5,12,0.09096786
2019-05-13,2019,5,13,0
2019-05-14,2019,5,14,0
2019-05-15,2019,5,15,0
2019-05-16,2019,5,16,16.865559
2019-05-17,2019,5,17,16.969973
2019-05-18,2019,5,18,0
2019-05-19,2019,5,19,0.24651805
2019-05-20,2019,5,20,0.023206172
2019-05-21,2019,5,21,0
2019-05-22,2019,5,22,0
2019-05-23,2019,5,23,0
2019-05-24,2019,5,24,0
2019-05-25,2019,5,25,0
2019-05-26,2019,5,26,12.536557
2019-05-27,2019,5,27,11.695133
2019-05-28,2019,5,28,5.4019491
2019-05-29,2019,5,29,20.596834
2019-05-30,2019,5,30,14.430573
2019-05-31,2019,5,31,41.036087
2019-06-01,2019,6,1,29.446436
2019-06-02,2019,6,2,5.12821
2019-06-03,2019,6,3,4.2316549
2019-06-04,2019,6,4,50.957691
2019-06-05,2019,6,5,35.947511
2019-06-06,2019,6,6,15.488096
2019-06-07,2019,6,7,0.28626134
2019-06-08,2019,6,8,0.44731075
2019-06-09,2019,6,9,10.667054
2019-06-10,2019,6,10,0.14508254
2019-06-11,2019,6,11,9.2221493
2019-06-12,2019,6,12,28.238337
2019-06-13,2019,6,13,8.5109935
2019-06-14,2019,6,14,0.025381493
2019-06-15,2019,6,15,1.6085728
2019-06-16,2019,6,16,0.20647337
2019-06-17,2019,6,17,2.4475211
2019-06-18,2019,6,18,0.28989207
2019-06-19,2019,6,19,0
2019-06-20,2019,6,20,0.00035085126
2019-06-21,2019,6,21,0.45086889
2019-06-22,2019,6,22,13.716387
2019-06-23,2019,6,23,8.5081875
2019-06-24,2019,6,24,15.843268
2019-06-25,2019,6,25,37.559417
2019-06-26,2019,6,26,107.36932
2019-06-27,2019,6,27,88.564332
2019-06-28,2019,6,28,35.647275
2019-06-29,2019,6,29,6.0860875
2019-06-30,2019,6,30,0
2019-07-01,2019,7,1,11.311924
2019-07-02,2019,7,2,8.8997832
2019-07-03,2019,7,3,6.2611227
2019-07-04,2019,7,4,0
2019-07-05,2019,7,5,0
2019-07-06,2019,7,6,0
2019-07-07,2019,7,7,0.043295033
2019-07-08,2019,7,8,2.9002592
2019-07-09,2019,7,9,0
2019-07-10,2019,7,10,16.506208
2019-07-11,2019,7,11,2.4157053
2019-07-12,2019,7,12,5.8280179
2019-07-13,2019,7,13,12.574221
2019-07-14,2019,7,14,8.4248033
2019-07-15,2019,7,15,0
2019-07-16,2019,7,16,16.19916
2019-07-17,2019,7,17,34.771311
2019-07-18,2019,7,18,0.3690978
2019-07-19,2019,7,19,29.021381
2019-07-20,2019,7,20,68.311537
2019-07-21,2019,7,21,26.099586
2019-07-22,2019,7,22,0
2019-07-23,2019,7,23,0
2019-07-24,2019,7,24,0
2019-07-25,2019,7,25,0
2019-07-26,2019,7,26,0
2019-07-27,2019,7,27,0
2019-07-28,2019,7,28,25.358299
2019-07-29,2019,7,29,39.882504
2019-07-30,2019,7,30,34.709123
2019-07-31,2019,7,31,32.184958
2019-08-01,2019,8,1,2.7477528
2019-08-02,2019,8,2,0
2019-08-03,2019,8,3,0
2019-08-04,2019,8,4,0
2019-08-05,2019,8,5,16.22586
2019-08-06,2019,8,6,2.210004
2019-08-07,2019,8,7,0
2019-08-08,2019,8,8,0
2019-08-09,2019,8,9,0
2019-08-10,2019,8,10,12.897736
2019-08-11,2019,8,11,16.593281
2019-08-12,2019,8,12,0
2019-08-13,2019,8,13,0
2019-08-14,2019,8,14,0
2019-08-15,2019,8,15,0
2019-08-16,2019,8,16,13.619191
2019-08-17,2019,8,17,10.849907
2019-08-18,2019,8,18,0.0031980754
2019-08-19,2019,8,19,0
2019-08-20,2019,8,20,3.6996216
2019-08-21,2019,8,21,0
2019-08-22,2019,8,22,0
2019-08-23,2019,8,23,3.4931273
2019-08-24,2019,8,24,0
2019-08-25,2019,8,25,23.366907
2019-08-26,2019,8,26,17.850792
2019-08-27,2019,8,27,22.005744
2019-08-28,2019,8,28,32.026953
2019-08-29,2019,8,29,0.58329694
2019-08-30,2019,8,30,0
2019-08-31,2019,8,31,0
2019-09-01,2019,9,1,0
2019-09-02,2019,9,2,0
2019-09-03,2019,9,3,0
2019-09-04,2019,9,4,0
2019-09-05,2019,9,5,0.99060368
2019-09-06,2019,9,6,7.0277945
2019-09-07,2019,9,7,2.084457
2019-09-08,2019,9,8,8.5911481
2019-09-09,2019,9,9,3.9326706
2019-09-10,2019,9,10,2.8416593
2019-09-11,2019,9,11,0
2019-09-12,2019,9,12,0
2019-09-13,2019,9,13,0
2019-09-14,2019,9,14,35.023297
2019-09-15,2019,9,15,6.050537
2019-09-16,2019,9,16,0
2019-09-17,2019,9,17,0
2019-09-18,2019,9,18,9.2930624
2019-09-19,2019,9,19,0.44432191
2019-09-20,2019,9,20,0.0015132242
2019-09-21,2019,9,21,0
2019-09-22,2019,9,22,0
2019-09-23,2019,9,23,0
2019-09-24,2019,9,24,0
2019-09-25,2019,9,25,0
2019-09-26,2019,9,26,0
2019-09-27,2019,9,27,0
2019-09-28,2019,9,28,0
2019-09-29,2019,9,29,23.68687
2019-09-30,2019,9,30,13.560769
2019-10-01,2019,10,1,4.1359039
2019-10-02,2019,10,2,1.9131008
2019-10-03,2019,10,3,2.5457616
2019-10-04,2019,10,4,0
2019-10-05,2019,10,5,0
2019-10-06,2019,10,6,21.002039
2019-10-07,2019,10,7,0
2019-10-08,2019,10,8,0
2019-10-09,2019,10,9,0
2019-10-10,2019,10,10,0
2019-10-11,2019,10,11,4.171095
2019-10-12,2019,10,12,0
2019-10-13,2019,10,13,0
2019-10-14,2019,10,14,1.1023805
2019-10-15,2019,10,15,0
2019-10-16,2019,10,16,0.0036298017
2019-10-17,2019,10,17,0
2019-10-18,2019,10,18,0
2019-10-19,2019,10,19,0.67083639
2019-10-20,2019,10,20,3.2429696
2019-10-21,2019,10,21,0
2019-10-22,2019,10,22,0
2019-10-23,2019,10,23,0
2019-10-24,2019,10,24,0
2019-10-25,2019,10,25,7.1094516
2019-10-26,2019,10,26,18.161688
2019-10-27,2019,10,27,7.3906786
2019-10-28,2019,10,28,23.291428
2019-10-29,2019,10,29,11.709234
2019-10-30,2019,10,30,0
2019-10-31,2019,10,31,0
2019-11-01,2019,11,1,12.835174
2019-11-02,2019,11,2,0
2019-11-03,2019,11,3,3.3506633
2019-11-04,2019,11,4,3.0327316
2019-11-05,2019,11,5,0
2019-11-06,2019,11,6,0
2019-11-07,2019,11,7,0
2019-11-08,2019,11,8,0
2019-11-09,2019,11,9,0
2019-11-10,2019,11,10,0
2019-11-11,2019,11,11,0
2019-11-12,2019,11,12,0
2019-11-13,2019,11,13,0
2019-11-14,2019,11,14,0
2019-11-15,2019,11,15,15.001965
2019-11-16,2019,11,16,0
2019-11-17,2019,11,17,0
2019-11-18,2019,11,18,0
2019-11-19,2019,11,19,0
2019-11-20,2019,11,20,0
2019-11-21,2019,11,21,0
2019-11-22,2019,11,22,0
2019-11-23,2019,11,23,0.51614762
2019-11-24,2019,11,24,8.8709125
2019-11-25,2019,11,25,7.895145
2019-11-26,2019,11,26,0.7557098
2019-11-27,2019,11,27,0
2019-11-28,2019,11,28,13.094828
2019-11-29,2019,11,29,2.8953019
2019-11-30,2019,11,30,0
2019-12-01,2019,12,1,0
2019-12-02,2019,12,2,0
2019-12-03,2019,12,3,0
2019-12-04,2019,12,4,0
2019-12-05,2019,12,5,0
2019-12-06,2019,12,6,0
2019-12-07,2019,12,7,0
2019-12-08,2019,12,8,0
2019-12-09,2019,12,9,0
2019-12-10,2019,12,10,0
2019-12-11,2019,12,11,0.74248582
2019-12-12,2019,12,12,0.05494505
2019-12-13,2019,12,13,0.19116439
2019-12-14,2019,12,14,0
2019-12-15,2019,12,15,0
2019-12-16,2019,12,16,0
2019-12-17,2019,12,17,0
2019-12-18,2019,12,18,0.79017927
2019-12-19,2019,12,19,5.9409639
2019-12-20,2019,12,20,0
2019-12-21,2019,12,21,0
2019-12-22,2019,12,22,0
2019-12-23,2019,12,23,14.810149
2019-12-24,2019,12,24,3.450785
2019-12-25,2019,12,25,0
2019-12-26,2019,12,26,0
2019-12-27,2019,12,27,0.047844031
2019-12-28,2019,12,28,0
2019-12-29,2019,12,29,0
2019-12-30,2019,12,30,0
2019-12-31,2019,12,31,0
2020-01-01,2020,1,1,3.3081004
2020-01-02,2020,1,2,0
2020-01-03,2020,1,3,0
2020-01-04,2020,1,4,0
2020-01-05,2020,1,5,5.4566362
2020-01-06,2020,1,6,0
2020-01-07,2020,1,7,3.6075479
2020-01-08,2020,1,8,32.052481
2020-01-09,2020,1,9,0.28463313
2020-01-10,2020,1,10,0
2020-01-11,2020,1,11,0
2020-01-12,2020,1,12,0
2020-01-13,2020,1,13,0
2020-01-14,2020,1,14,0
2020-01-15,2020,1,15,0
2020-01-16,2020,1,16,0
2020-01-17,2020,1,17,0
2020-01-18,2020,1,18,0
2020-01-19,2020,1,19,0
2020-01-20,2020,1,20,0
2020-01-21,2020,1,21,0
2020-01-22,2020,1,22,0
2020-01-23,2020,1,23,0
2020-01-24,2020,1,24,0
2020-01-25,2020,1,25,0
2020-01-26,2020,1,26,0
2020-01-27,2020,1,27,0
2020-01-28,2020,1,28,0.10857206
2020-01-29,2020,1,29,0
2020-01-30,2020,1,30,0
2020-01-31,2020,1,31,0.00011629052
2020-02-01,2020,2,1,1.9079954
2020-02-02,2020,2,2,0.004342331
2020-02-03,2020,2,3,9.3253716
2020-02-04,2020,2,4,0.86422014
2020-02-05,2020,2,5,0
2020-02-06,2020,2,6,0
2020-02-07,2020,2,7,0
2020-02-08,2020,2,8,0
2020-02-09,2020,2,9,0
2020-02-10,2020,2,10,0.57842468
2020-02-11,2020,2,11,0
2020-02-12,2020,2,12,0
2020-02-13,2020,2,13,0
2020-02-14,2020,2,14,0.00089525876
2020-02-15,2020,2,15,0.017716381
2020-02-16,2020,2,16,7.2073118
2020-02-17,2020,2,17,0.15086457
2020-02-18,2020,2,18,0
2020-02-19,2020,2,19,0
2020-02-20,2020,2,20,0
2020-02-21,2020,2,21,0
2020-02-22,2020,2,22,0
2020-02-23,2020,2,23,1.289221
2020-02-24,2020,2,24,0
2020-02-25,2020,2,25,0
2020-02-26,2020,2,26,0
2020-02-27,2020,2,27,0
2020-02-28,2020,2,28,0
2020-02-29,2020,2,29,0
2020-03-01,2020,3,1,0
2020-03-02,2020,3,2,0
2020-03-03,2020,3,3,0
2020-03-04,2020,3,4,0
2020-03-05,2020,3,5,0
2020-03-06,2020,3,6,0
2020-03-07,2020,3,7,0
2020-03-08,2020,3,8,0
2020-03-09,2020,3,9,0
2020-03-10,2020,3,10,0
2020-03-11,2020,3,11,0
2020-03-12,2020,3,12,0
2020-03-13,2020,3,13,0.76026073
2020-03-14,2020,3,14,0
2020-03-15,2020,3,15,0
2020-03-16,2020,3,16,0
2020-03-17,2020,3,17,0
2020-03-18,2020,3,18,0
2020-03-19,2020,3,19,0
2020-03-20,2020,3,20,0
2020-03-21,2020,3,21,0
2020-03-22,2020,3,22,0
2020-03-23,2020,3,23,12.40148
2020-03-24,2020,3,24,1.3454787
2020-03-25,2020,3,25,0
2020-03-26,2020,3,26,0
2020-03-27,2020,3,27,0
2020-03-28,2020,3,28,0.043027447
2020-03-29,2020,3,29,0
2020-03-30,2020,3,30,0
2020-03-31,2020,3,31,0
2020-04-01,2020,4,1,0
2020-04-02,2020,4,2,0
2020-04-03,2020,4,3,0
2020-04-04,2020,4,4,0
2020-04-05,2020,4,5,0
2020-04-06,2020,4,6,0
2020-04-07,2020,4,7,0
2020-04-08,2020,4,8,0
2020-04-09,2020,4,9,0
2020-04-10,2020,4,10,0
2020-04-11,2020,4,11,0
2020-04-12,2020,4,12,0
2020-04-13,2020,4,13,0
2020-04-14,2020,4,14,0
2020-04-15,2020,4,15,0.0058940872
2020-04-16,2020,4,16,0
2020-04-17,2020,4,17,3.4239777
2020-04-18,2020,4,18,10.116148
2020-04-19,2020,4,19,0.33623684
2020-04-20,2020,4,20,0
2020-04-21,2020,4,21,0
2020-04-22,2020,4,22,0
2020-04-23,2020,4,23,19.146807
2020-04-24,2020,4,24,7.5125693
2020-04-25,2020,4,25,3.9786847
2020-04-26,2020,4,26,4.646986
2020-04-27,2020,4,27,3.2788981
2020-04-28,2020,4,28,0.001127695
2020-04-29,2020,4,29,0
2020-04-30,2020,4,30,0
