"date","year","month","day","5707002"
1979-01-01,1979,1,1,0
1979-01-02,1979,1,2,0
1979-01-03,1979,1,3,0
1979-01-04,1979,1,4,0
1979-01-05,1979,1,5,0
1979-01-06,1979,1,6,0.00015519507
1979-01-07,1979,1,7,0
1979-01-08,1979,1,8,0
1979-01-09,1979,1,9,0
1979-01-10,1979,1,10,0
1979-01-11,1979,1,11,0.60769649
1979-01-12,1979,1,12,0.6529721
1979-01-13,1979,1,13,0
1979-01-14,1979,1,14,0
1979-01-15,1979,1,15,0
1979-01-16,1979,1,16,0
1979-01-17,1979,1,17,0
1979-01-18,1979,1,18,0
1979-01-19,1979,1,19,2.0721077
1979-01-20,1979,1,20,0.11026871
1979-01-21,1979,1,21,0
1979-01-22,1979,1,22,0
1979-01-23,1979,1,23,0
1979-01-24,1979,1,24,0
1979-01-25,1979,1,25,0
1979-01-26,1979,1,26,0
1979-01-27,1979,1,27,0
1979-01-28,1979,1,28,0
1979-01-29,1979,1,29,0
1979-01-30,1979,1,30,2.0093333
1979-01-31,1979,1,31,0.72019387
1979-02-01,1979,2,1,0
1979-02-02,1979,2,2,0
1979-02-03,1979,2,3,0
1979-02-04,1979,2,4,0.0020013889
1979-02-05,1979,2,5,0
1979-02-06,1979,2,6,0
1979-02-07,1979,2,7,1.177867
1979-02-08,1979,2,8,5.2749874
1979-02-09,1979,2,9,0.53584463
1979-02-10,1979,2,10,0
1979-02-11,1979,2,11,0
1979-02-12,1979,2,12,0
1979-02-13,1979,2,13,0
1979-02-14,1979,2,14,1.6456621
1979-02-15,1979,2,15,0.47788264
1979-02-16,1979,2,16,0
1979-02-17,1979,2,17,0
1979-02-18,1979,2,18,0
1979-02-19,1979,2,19,0
1979-02-20,1979,2,20,0
1979-02-21,1979,2,21,0
1979-02-22,1979,2,22,0
1979-02-23,1979,2,23,0
1979-02-24,1979,2,24,0
1979-02-25,1979,2,25,0
1979-02-26,1979,2,26,0
1979-02-27,1979,2,27,0
1979-02-28,1979,2,28,0
1979-03-01,1979,3,1,0
1979-03-02,1979,3,2,0
1979-03-03,1979,3,3,0
1979-03-04,1979,3,4,0
1979-03-05,1979,3,5,0
1979-03-06,1979,3,6,0
1979-03-07,1979,3,7,0
1979-03-08,1979,3,8,0
1979-03-09,1979,3,9,0
1979-03-10,1979,3,10,0
1979-03-11,1979,3,11,0
1979-03-12,1979,3,12,0
1979-03-13,1979,3,13,0
1979-03-14,1979,3,14,0
1979-03-15,1979,3,15,0
1979-03-16,1979,3,16,0
1979-03-17,1979,3,17,0
1979-03-18,1979,3,18,0
1979-03-19,1979,3,19,0
1979-03-20,1979,3,20,0
1979-03-21,1979,3,21,0
1979-03-22,1979,3,22,0
1979-03-23,1979,3,23,0
1979-03-24,1979,3,24,0
1979-03-25,1979,3,25,0
1979-03-26,1979,3,26,0
1979-03-27,1979,3,27,0
1979-03-28,1979,3,28,0
1979-03-29,1979,3,29,0
1979-03-30,1979,3,30,0
1979-03-31,1979,3,31,0
1979-04-01,1979,4,1,0
1979-04-02,1979,4,2,0
1979-04-03,1979,4,3,2.4190483
1979-04-04,1979,4,4,0.6227845
1979-04-05,1979,4,5,0.043187369
1979-04-06,1979,4,6,0
1979-04-07,1979,4,7,0
1979-04-08,1979,4,8,0
1979-04-09,1979,4,9,0
1979-04-10,1979,4,10,0
1979-04-11,1979,4,11,0
1979-04-12,1979,4,12,0
1979-04-13,1979,4,13,0
1979-04-14,1979,4,14,0
1979-04-15,1979,4,15,0
1979-04-16,1979,4,16,0
1979-04-17,1979,4,17,0
1979-04-18,1979,4,18,0
1979-04-19,1979,4,19,0
1979-04-20,1979,4,20,0
1979-04-21,1979,4,21,0
1979-04-22,1979,4,22,0.14464976
1979-04-23,1979,4,23,0.017934394
1979-04-24,1979,4,24,0.020689538
1979-04-25,1979,4,25,0
1979-04-26,1979,4,26,0
1979-04-27,1979,4,27,5.3587571
1979-04-28,1979,4,28,0.024392141
1979-04-29,1979,4,29,0
1979-04-30,1979,4,30,0.51362904
1979-05-01,1979,5,1,2.9843581
1979-05-02,1979,5,2,16.968568
1979-05-03,1979,5,3,0.25961845
1979-05-04,1979,5,4,0
1979-05-05,1979,5,5,0
1979-05-06,1979,5,6,0
1979-05-07,1979,5,7,0
1979-05-08,1979,5,8,0
1979-05-09,1979,5,9,0
1979-05-10,1979,5,10,0.07918865
1979-05-11,1979,5,11,0
1979-05-12,1979,5,12,0
1979-05-13,1979,5,13,0
1979-05-14,1979,5,14,0
1979-05-15,1979,5,15,2.8297389
1979-05-16,1979,5,16,15.136408
1979-05-17,1979,5,17,2.2672885
1979-05-18,1979,5,18,0
1979-05-19,1979,5,19,0
1979-05-20,1979,5,20,0
1979-05-21,1979,5,21,0
1979-05-22,1979,5,22,0
1979-05-23,1979,5,23,0
1979-05-24,1979,5,24,0
1979-05-25,1979,5,25,0
1979-05-26,1979,5,26,0
1979-05-27,1979,5,27,4.7376274
1979-05-28,1979,5,28,0
1979-05-29,1979,5,29,0
1979-05-30,1979,5,30,0
1979-05-31,1979,5,31,0
1979-06-01,1979,6,1,0
1979-06-02,1979,6,2,0
1979-06-03,1979,6,3,0
1979-06-04,1979,6,4,0.0013963528
1979-06-05,1979,6,5,6.1519553e-05
1979-06-06,1979,6,6,0.0011831526
1979-06-07,1979,6,7,0.0032443582
1979-06-08,1979,6,8,0
1979-06-09,1979,6,9,0
1979-06-10,1979,6,10,1.0414725e-05
1979-06-11,1979,6,11,0
1979-06-12,1979,6,12,0
1979-06-13,1979,6,13,0
1979-06-14,1979,6,14,0
1979-06-15,1979,6,15,0
1979-06-16,1979,6,16,0
1979-06-17,1979,6,17,0
1979-06-18,1979,6,18,0
1979-06-19,1979,6,19,0
1979-06-20,1979,6,20,0
1979-06-21,1979,6,21,0
1979-06-22,1979,6,22,0.080725647
1979-06-23,1979,6,23,0.0019283335
1979-06-24,1979,6,24,0
1979-06-25,1979,6,25,0
1979-06-26,1979,6,26,0
1979-06-27,1979,6,27,0
1979-06-28,1979,6,28,0
1979-06-29,1979,6,29,0
1979-06-30,1979,6,30,0
1979-07-01,1979,7,1,0
1979-07-02,1979,7,2,0
1979-07-03,1979,7,3,0
1979-07-04,1979,7,4,0
1979-07-05,1979,7,5,0
1979-07-06,1979,7,6,0
1979-07-07,1979,7,7,0
1979-07-08,1979,7,8,0
1979-07-09,1979,7,9,0
1979-07-10,1979,7,10,0
1979-07-11,1979,7,11,0
1979-07-12,1979,7,12,0
1979-07-13,1979,7,13,0
1979-07-14,1979,7,14,0
1979-07-15,1979,7,15,0
1979-07-16,1979,7,16,0
1979-07-17,1979,7,17,0
1979-07-18,1979,7,18,0
1979-07-19,1979,7,19,0
1979-07-20,1979,7,20,0
1979-07-21,1979,7,21,0
1979-07-22,1979,7,22,0
1979-07-23,1979,7,23,5.5710747
1979-07-24,1979,7,24,0
1979-07-25,1979,7,25,6.4973465
1979-07-26,1979,7,26,53.871804
1979-07-27,1979,7,27,9.8827136
1979-07-28,1979,7,28,0.32106943
1979-07-29,1979,7,29,0.66848275
1979-07-30,1979,7,30,34.361406
1979-07-31,1979,7,31,28.16315
1979-08-01,1979,8,1,2.5073406
1979-08-02,1979,8,2,0
1979-08-03,1979,8,3,7.0179009
1979-08-04,1979,8,4,0.00049039937
1979-08-05,1979,8,5,0
1979-08-06,1979,8,6,0
1979-08-07,1979,8,7,0
1979-08-08,1979,8,8,0
1979-08-09,1979,8,9,0
1979-08-10,1979,8,10,0
1979-08-11,1979,8,11,0
1979-08-12,1979,8,12,0
1979-08-13,1979,8,13,0
1979-08-14,1979,8,14,0
1979-08-15,1979,8,15,0
1979-08-16,1979,8,16,0
1979-08-17,1979,8,17,0
1979-08-18,1979,8,18,0
1979-08-19,1979,8,19,0
1979-08-20,1979,8,20,0
1979-08-21,1979,8,21,0
1979-08-22,1979,8,22,0
1979-08-23,1979,8,23,12.879071
1979-08-24,1979,8,24,43.03912
1979-08-25,1979,8,25,4.3488147
1979-08-26,1979,8,26,13.534707
1979-08-27,1979,8,27,3.4125057
1979-08-28,1979,8,28,3.6769271
1979-08-29,1979,8,29,5.0862438
1979-08-30,1979,8,30,40.796287
1979-08-31,1979,8,31,7.0852827
1979-09-01,1979,9,1,0
1979-09-02,1979,9,2,0
1979-09-03,1979,9,3,0
1979-09-04,1979,9,4,0
1979-09-05,1979,9,5,0
1979-09-06,1979,9,6,0
1979-09-07,1979,9,7,2.2272143
1979-09-08,1979,9,8,0
1979-09-09,1979,9,9,0
1979-09-10,1979,9,10,0
1979-09-11,1979,9,11,0.0029750166
1979-09-12,1979,9,12,6.8427782e-05
1979-09-13,1979,9,13,0.008675934
1979-09-14,1979,9,14,4.4498142
1979-09-15,1979,9,15,0.1396096
1979-09-16,1979,9,16,0
1979-09-17,1979,9,17,0
1979-09-18,1979,9,18,0
1979-09-19,1979,9,19,1.3598253
1979-09-20,1979,9,20,0
1979-09-21,1979,9,21,0
1979-09-22,1979,9,22,7.7664561
1979-09-23,1979,9,23,18.057619
1979-09-24,1979,9,24,2.5170639
1979-09-25,1979,9,25,2.9942747
1979-09-26,1979,9,26,9.0074218
1979-09-27,1979,9,27,3.307447
1979-09-28,1979,9,28,0.19538438
1979-09-29,1979,9,29,0
1979-09-30,1979,9,30,0.0020820856
1979-10-01,1979,10,1,0.011141826
1979-10-02,1979,10,2,0.026048598
1979-10-03,1979,10,3,0.084921744
1979-10-04,1979,10,4,0
1979-10-05,1979,10,5,0
1979-10-06,1979,10,6,0
1979-10-07,1979,10,7,0
1979-10-08,1979,10,8,0
1979-10-09,1979,10,9,0
1979-10-10,1979,10,10,0
1979-10-11,1979,10,11,0
1979-10-12,1979,10,12,0
1979-10-13,1979,10,13,0
1979-10-14,1979,10,14,0
1979-10-15,1979,10,15,0
1979-10-16,1979,10,16,0
1979-10-17,1979,10,17,0
1979-10-18,1979,10,18,0
1979-10-19,1979,10,19,0
1979-10-20,1979,10,20,3.4184264e-05
1979-10-21,1979,10,21,0.029727895
1979-10-22,1979,10,22,0
1979-10-23,1979,10,23,0
1979-10-24,1979,10,24,1.2466818
1979-10-25,1979,10,25,0
1979-10-26,1979,10,26,0
1979-10-27,1979,10,27,0
1979-10-28,1979,10,28,11.744726
1979-10-29,1979,10,29,3.2366988
1979-10-30,1979,10,30,0
1979-10-31,1979,10,31,0
1979-11-01,1979,11,1,0
1979-11-02,1979,11,2,0
1979-11-03,1979,11,3,0
1979-11-04,1979,11,4,0
1979-11-05,1979,11,5,0
1979-11-06,1979,11,6,3.1595453
1979-11-07,1979,11,7,14.822509
1979-11-08,1979,11,8,2.1539804
1979-11-09,1979,11,9,0
1979-11-10,1979,11,10,0
1979-11-11,1979,11,11,0
1979-11-12,1979,11,12,1.4882348
1979-11-13,1979,11,13,0
1979-11-14,1979,11,14,0
1979-11-15,1979,11,15,0
1979-11-16,1979,11,16,13.359227
1979-11-17,1979,11,17,5.7008789
1979-11-18,1979,11,18,13.22243
1979-11-19,1979,11,19,5.5549703
1979-11-20,1979,11,20,0
1979-11-21,1979,11,21,0
1979-11-22,1979,11,22,0
1979-11-23,1979,11,23,0
1979-11-24,1979,11,24,0
1979-11-25,1979,11,25,0
1979-11-26,1979,11,26,0
1979-11-27,1979,11,27,0.031093397
1979-11-28,1979,11,28,0
1979-11-29,1979,11,29,0
1979-11-30,1979,11,30,0
1979-12-01,1979,12,1,0
1979-12-02,1979,12,2,0
1979-12-03,1979,12,3,0.13969943
1979-12-04,1979,12,4,1.0561313
1979-12-05,1979,12,5,12.992586
1979-12-06,1979,12,6,0.13644581
1979-12-07,1979,12,7,0
1979-12-08,1979,12,8,0
1979-12-09,1979,12,9,0
1979-12-10,1979,12,10,0
1979-12-11,1979,12,11,0.0091171852
1979-12-12,1979,12,12,16.512606
1979-12-13,1979,12,13,31.149583
1979-12-14,1979,12,14,4.7497535
1979-12-15,1979,12,15,0
1979-12-16,1979,12,16,0
1979-12-17,1979,12,17,0
1979-12-18,1979,12,18,0
1979-12-19,1979,12,19,2.8246902e-05
1979-12-20,1979,12,20,0.57039729
1979-12-21,1979,12,21,0.00093397823
1979-12-22,1979,12,22,0
1979-12-23,1979,12,23,0
1979-12-24,1979,12,24,0.0018255474
1979-12-25,1979,12,25,0
1979-12-26,1979,12,26,0
1979-12-27,1979,12,27,0.00030425791
1979-12-28,1979,12,28,0.0039553528
1979-12-29,1979,12,29,0
1979-12-30,1979,12,30,0.0018389378
1979-12-31,1979,12,31,0.45342344
1980-01-01,1980,1,1,0
1980-01-02,1980,1,2,0
1980-01-03,1980,1,3,0
1980-01-04,1980,1,4,0
1980-01-05,1980,1,5,0
1980-01-06,1980,1,6,0
1980-01-07,1980,1,7,0
1980-01-08,1980,1,8,0
1980-01-09,1980,1,9,0
1980-01-10,1980,1,10,0
1980-01-11,1980,1,11,0
1980-01-12,1980,1,12,0
1980-01-13,1980,1,13,1.7947927
1980-01-14,1980,1,14,0.24258636
1980-01-15,1980,1,15,0
1980-01-16,1980,1,16,0
1980-01-17,1980,1,17,0
1980-01-18,1980,1,18,0
1980-01-19,1980,1,19,0.002348274
1980-01-20,1980,1,20,0.055301715
1980-01-21,1980,1,21,4.0366993
1980-01-22,1980,1,22,0.54263425
1980-01-23,1980,1,23,0
1980-01-24,1980,1,24,0
1980-01-25,1980,1,25,0
1980-01-26,1980,1,26,0
1980-01-27,1980,1,27,0
1980-01-28,1980,1,28,0.27390935
1980-01-29,1980,1,29,2.4839691
1980-01-30,1980,1,30,4.8129554
1980-01-31,1980,1,31,0.021788916
1980-02-01,1980,2,1,0.18799311
1980-02-02,1980,2,2,0.014844848
1980-02-03,1980,2,3,0.0026338058
1980-02-04,1980,2,4,0
1980-02-05,1980,2,5,0
1980-02-06,1980,2,6,0
1980-02-07,1980,2,7,0
1980-02-08,1980,2,8,0.0049239928
1980-02-09,1980,2,9,9.6419923
1980-02-10,1980,2,10,0.1536914
1980-02-11,1980,2,11,0
1980-02-12,1980,2,12,0
1980-02-13,1980,2,13,0
1980-02-14,1980,2,14,0.0024599456
1980-02-15,1980,2,15,0
1980-02-16,1980,2,16,0.036820041
1980-02-17,1980,2,17,0.0051039371
1980-02-18,1980,2,18,6.3261111e-05
1980-02-19,1980,2,19,0
1980-02-20,1980,2,20,7.4274853
1980-02-21,1980,2,21,4.2754834
1980-02-22,1980,2,22,1.0340693
1980-02-23,1980,2,23,0.28792262
1980-02-24,1980,2,24,0
1980-02-25,1980,2,25,0
1980-02-26,1980,2,26,0.0039076156
1980-02-27,1980,2,27,0.029004743
1980-02-28,1980,2,28,0
1980-02-29,1980,2,29,0.32081989
1980-03-01,1980,3,1,0
1980-03-02,1980,3,2,0
1980-03-03,1980,3,3,0
1980-03-04,1980,3,4,0
1980-03-05,1980,3,5,0
1980-03-06,1980,3,6,0
1980-03-07,1980,3,7,0
1980-03-08,1980,3,8,0
1980-03-09,1980,3,9,0
1980-03-10,1980,3,10,0.06010618
1980-03-11,1980,3,11,0
1980-03-12,1980,3,12,0
1980-03-13,1980,3,13,0
1980-03-14,1980,3,14,0
1980-03-15,1980,3,15,0
1980-03-16,1980,3,16,0
1980-03-17,1980,3,17,0
1980-03-18,1980,3,18,0
1980-03-19,1980,3,19,0
1980-03-20,1980,3,20,0
1980-03-21,1980,3,21,0
1980-03-22,1980,3,22,0
1980-03-23,1980,3,23,0
1980-03-24,1980,3,24,0
1980-03-25,1980,3,25,0
1980-03-26,1980,3,26,0
1980-03-27,1980,3,27,0
1980-03-28,1980,3,28,0
1980-03-29,1980,3,29,0
1980-03-30,1980,3,30,0
1980-03-31,1980,3,31,0
1980-04-01,1980,4,1,0
1980-04-02,1980,4,2,0
1980-04-03,1980,4,3,0
1980-04-04,1980,4,4,0.034905404
1980-04-05,1980,4,5,0
1980-04-06,1980,4,6,0
1980-04-07,1980,4,7,3.1314061
1980-04-08,1980,4,8,8.8581066
1980-04-09,1980,4,9,64.533512
1980-04-10,1980,4,10,68.228566
1980-04-11,1980,4,11,29.913963
1980-04-12,1980,4,12,3.2846966
1980-04-13,1980,4,13,0.16913965
1980-04-14,1980,4,14,0
1980-04-15,1980,4,15,0
1980-04-16,1980,4,16,5.499511
1980-04-17,1980,4,17,2.0272469
1980-04-18,1980,4,18,0
1980-04-19,1980,4,19,0
1980-04-20,1980,4,20,0
1980-04-21,1980,4,21,0.25451078
1980-04-22,1980,4,22,8.746248
1980-04-23,1980,4,23,17.142792
1980-04-24,1980,4,24,5.8046304
1980-04-25,1980,4,25,0
1980-04-26,1980,4,26,0.87106258
1980-04-27,1980,4,27,0
1980-04-28,1980,4,28,0.012505479
1980-04-29,1980,4,29,3.1216842
1980-04-30,1980,4,30,0.0046818276
1980-05-01,1980,5,1,0.0048977799
1980-05-02,1980,5,2,0
1980-05-03,1980,5,3,0
1980-05-04,1980,5,4,0.52200758
1980-05-05,1980,5,5,0
1980-05-06,1980,5,6,0
1980-05-07,1980,5,7,0
1980-05-08,1980,5,8,0
1980-05-09,1980,5,9,37.234691
1980-05-10,1980,5,10,74.102119
1980-05-11,1980,5,11,1.6736407
1980-05-12,1980,5,12,0
1980-05-13,1980,5,13,0
1980-05-14,1980,5,14,0.041385351
1980-05-15,1980,5,15,0
1980-05-16,1980,5,16,0
1980-05-17,1980,5,17,0
1980-05-18,1980,5,18,0
1980-05-19,1980,5,19,6.5839819
1980-05-20,1980,5,20,1.3479032
1980-05-21,1980,5,21,4.1063092
1980-05-22,1980,5,22,0
1980-05-23,1980,5,23,0.081799598
1980-05-24,1980,5,24,0
1980-05-25,1980,5,25,0
1980-05-26,1980,5,26,0
1980-05-27,1980,5,27,0.1009167
1980-05-28,1980,5,28,0.093929365
1980-05-29,1980,5,29,51.103238
1980-05-30,1980,5,30,14.377709
1980-05-31,1980,5,31,10.966658
1980-06-01,1980,6,1,1.3412102e-05
1980-06-02,1980,6,2,0
1980-06-03,1980,6,3,0
1980-06-04,1980,6,4,0
1980-06-05,1980,6,5,0
1980-06-06,1980,6,6,0
1980-06-07,1980,6,7,7.5096424
1980-06-08,1980,6,8,4.4473636
1980-06-09,1980,6,9,0
1980-06-10,1980,6,10,0
1980-06-11,1980,6,11,0
1980-06-12,1980,6,12,0
1980-06-13,1980,6,13,0
1980-06-14,1980,6,14,0
1980-06-15,1980,6,15,0
1980-06-16,1980,6,16,0
1980-06-17,1980,6,17,0
1980-06-18,1980,6,18,0
1980-06-19,1980,6,19,0
1980-06-20,1980,6,20,0
1980-06-21,1980,6,21,7.4390891e-06
1980-06-22,1980,6,22,1.9711149
1980-06-23,1980,6,23,19.823556
1980-06-24,1980,6,24,4.0634458
1980-06-25,1980,6,25,0.047788474
1980-06-26,1980,6,26,3.7097254
1980-06-27,1980,6,27,9.5027744
1980-06-28,1980,6,28,17.991576
1980-06-29,1980,6,29,16.831158
1980-06-30,1980,6,30,0.0085650649
1980-07-01,1980,7,1,0
1980-07-02,1980,7,2,0
1980-07-03,1980,7,3,0
1980-07-04,1980,7,4,0
1980-07-05,1980,7,5,0
1980-07-06,1980,7,6,6.8707571
1980-07-07,1980,7,7,0.1330482
1980-07-08,1980,7,8,0
1980-07-09,1980,7,9,0
1980-07-10,1980,7,10,0
1980-07-11,1980,7,11,0
1980-07-12,1980,7,12,0
1980-07-13,1980,7,13,2.5006826
1980-07-14,1980,7,14,0
1980-07-15,1980,7,15,0
1980-07-16,1980,7,16,0
1980-07-17,1980,7,17,4.940447
1980-07-18,1980,7,18,53.197133
1980-07-19,1980,7,19,8.1254236
1980-07-20,1980,7,20,0
1980-07-21,1980,7,21,0
1980-07-22,1980,7,22,0
1980-07-23,1980,7,23,0
1980-07-24,1980,7,24,1.9571938
1980-07-25,1980,7,25,10.227092
1980-07-26,1980,7,26,0.20434572
1980-07-27,1980,7,27,15.994038
1980-07-28,1980,7,28,11.788048
1980-07-29,1980,7,29,0.0077219472
1980-07-30,1980,7,30,0
1980-07-31,1980,7,31,0
1980-08-01,1980,8,1,0
1980-08-02,1980,8,2,0.19320864
1980-08-03,1980,8,3,0
1980-08-04,1980,8,4,0
1980-08-05,1980,8,5,0
1980-08-06,1980,8,6,10.132181
1980-08-07,1980,8,7,0.58676028
1980-08-08,1980,8,8,0
1980-08-09,1980,8,9,0
1980-08-10,1980,8,10,0
1980-08-11,1980,8,11,0
1980-08-12,1980,8,12,0
1980-08-13,1980,8,13,0
1980-08-14,1980,8,14,0
1980-08-15,1980,8,15,0
1980-08-16,1980,8,16,0
1980-08-17,1980,8,17,0
1980-08-18,1980,8,18,0
1980-08-19,1980,8,19,0
1980-08-20,1980,8,20,0
1980-08-21,1980,8,21,0
1980-08-22,1980,8,22,0
1980-08-23,1980,8,23,0
1980-08-24,1980,8,24,0
1980-08-25,1980,8,25,0
1980-08-26,1980,8,26,0
1980-08-27,1980,8,27,0
1980-08-28,1980,8,28,0
1980-08-29,1980,8,29,0
1980-08-30,1980,8,30,0
1980-08-31,1980,8,31,0.038077103
1980-09-01,1980,9,1,0
1980-09-02,1980,9,2,0
1980-09-03,1980,9,3,0
1980-09-04,1980,9,4,0
1980-09-05,1980,9,5,0
1980-09-06,1980,9,6,0
1980-09-07,1980,9,7,0.59248166
1980-09-08,1980,9,8,0
1980-09-09,1980,9,9,0
1980-09-10,1980,9,10,0
1980-09-11,1980,9,11,0
1980-09-12,1980,9,12,0
1980-09-13,1980,9,13,0
1980-09-14,1980,9,14,0
1980-09-15,1980,9,15,0
1980-09-16,1980,9,16,0
1980-09-17,1980,9,17,1.282846
1980-09-18,1980,9,18,0.7836295
1980-09-19,1980,9,19,0
1980-09-20,1980,9,20,0
1980-09-21,1980,9,21,0
1980-09-22,1980,9,22,0
1980-09-23,1980,9,23,0
1980-09-24,1980,9,24,0
1980-09-25,1980,9,25,0.28138577
1980-09-26,1980,9,26,0.00036102915
1980-09-27,1980,9,27,0
1980-09-28,1980,9,28,6.2469583
1980-09-29,1980,9,29,31.378873
1980-09-30,1980,9,30,22.842351
1980-10-01,1980,10,1,13.788938
1980-10-02,1980,10,2,0.015758767
1980-10-03,1980,10,3,0
1980-10-04,1980,10,4,0
1980-10-05,1980,10,5,0
1980-10-06,1980,10,6,0.6443165
1980-10-07,1980,10,7,0
1980-10-08,1980,10,8,0
1980-10-09,1980,10,9,2.2802613
1980-10-10,1980,10,10,0.030827333
1980-10-11,1980,10,11,0
1980-10-12,1980,10,12,0
1980-10-13,1980,10,13,0
1980-10-14,1980,10,14,0
1980-10-15,1980,10,15,0
1980-10-16,1980,10,16,0
1980-10-17,1980,10,17,0
1980-10-18,1980,10,18,0.035943155
1980-10-19,1980,10,19,0
1980-10-20,1980,10,20,0
1980-10-21,1980,10,21,0.13297793
1980-10-22,1980,10,22,0
1980-10-23,1980,10,23,0
1980-10-24,1980,10,24,0
1980-10-25,1980,10,25,0
1980-10-26,1980,10,26,0
1980-10-27,1980,10,27,0
1980-10-28,1980,10,28,0
1980-10-29,1980,10,29,0
1980-10-30,1980,10,30,0
1980-10-31,1980,10,31,0
1980-11-01,1980,11,1,0
1980-11-02,1980,11,2,0
1980-11-03,1980,11,3,0
1980-11-04,1980,11,4,0
1980-11-05,1980,11,5,0
1980-11-06,1980,11,6,0.61270286
1980-11-07,1980,11,7,7.6447819
1980-11-08,1980,11,8,0.1801303
1980-11-09,1980,11,9,0.0035674371
1980-11-10,1980,11,10,0
1980-11-11,1980,11,11,0
1980-11-12,1980,11,12,0
1980-11-13,1980,11,13,0
1980-11-14,1980,11,14,0
1980-11-15,1980,11,15,0
1980-11-16,1980,11,16,0
1980-11-17,1980,11,17,0
1980-11-18,1980,11,18,0
1980-11-19,1980,11,19,0.44759176
1980-11-20,1980,11,20,0
1980-11-21,1980,11,21,0
1980-11-22,1980,11,22,0
1980-11-23,1980,11,23,0
1980-11-24,1980,11,24,0
1980-11-25,1980,11,25,0
1980-11-26,1980,11,26,0
1980-11-27,1980,11,27,0
1980-11-28,1980,11,28,0
1980-11-29,1980,11,29,0
1980-11-30,1980,11,30,0
1980-12-01,1980,12,1,0
1980-12-02,1980,12,2,0
1980-12-03,1980,12,3,0
1980-12-04,1980,12,4,0
1980-12-05,1980,12,5,0
1980-12-06,1980,12,6,0.0024340633
1980-12-07,1980,12,7,0.0058906772
1980-12-08,1980,12,8,0
1980-12-09,1980,12,9,0
1980-12-10,1980,12,10,0
1980-12-11,1980,12,11,0
1980-12-12,1980,12,12,0
1980-12-13,1980,12,13,0
1980-12-14,1980,12,14,0
1980-12-15,1980,12,15,0
1980-12-16,1980,12,16,0
1980-12-17,1980,12,17,11.102947
1980-12-18,1980,12,18,2.9610739
1980-12-19,1980,12,19,0.59937985
1980-12-20,1980,12,20,0.01076794
1980-12-21,1980,12,21,0
1980-12-22,1980,12,22,0.0018807462
1980-12-23,1980,12,23,0.036771586
1980-12-24,1980,12,24,0.00012831485
1980-12-25,1980,12,25,5.455332e-06
1980-12-26,1980,12,26,0
1980-12-27,1980,12,27,0
1980-12-28,1980,12,28,0
1980-12-29,1980,12,29,0
1980-12-30,1980,12,30,0
1980-12-31,1980,12,31,0
1981-01-01,1981,1,1,0.00018816023
1981-01-02,1981,1,2,0
1981-01-03,1981,1,3,0
1981-01-04,1981,1,4,0
1981-01-05,1981,1,5,0
1981-01-06,1981,1,6,0
1981-01-07,1981,1,7,0
1981-01-08,1981,1,8,0
1981-01-09,1981,1,9,0
1981-01-10,1981,1,10,0
1981-01-11,1981,1,11,0
1981-01-12,1981,1,12,0
1981-01-13,1981,1,13,0.01132924
1981-01-14,1981,1,14,0.10992899
1981-01-15,1981,1,15,1.1116463
1981-01-16,1981,1,16,0
1981-01-17,1981,1,17,0
1981-01-18,1981,1,18,0
1981-01-19,1981,1,19,0
1981-01-20,1981,1,20,0
1981-01-21,1981,1,21,0
1981-01-22,1981,1,22,0.016006065
1981-01-23,1981,1,23,0
1981-01-24,1981,1,24,0
1981-01-25,1981,1,25,0
1981-01-26,1981,1,26,0
1981-01-27,1981,1,27,0
1981-01-28,1981,1,28,0
1981-01-29,1981,1,29,0
1981-01-30,1981,1,30,0
1981-01-31,1981,1,31,0
1981-02-01,1981,2,1,0
1981-02-02,1981,2,2,0
1981-02-03,1981,2,3,0
1981-02-04,1981,2,4,0
1981-02-05,1981,2,5,0
1981-02-06,1981,2,6,0
1981-02-07,1981,2,7,0
1981-02-08,1981,2,8,0
1981-02-09,1981,2,9,0
1981-02-10,1981,2,10,1.0728891
1981-02-11,1981,2,11,10.214997
1981-02-12,1981,2,12,0.63569035
1981-02-13,1981,2,13,7.8026652
1981-02-14,1981,2,14,0.21489994
1981-02-15,1981,2,15,0
1981-02-16,1981,2,16,0
1981-02-17,1981,2,17,0
1981-02-18,1981,2,18,0
1981-02-19,1981,2,19,0
1981-02-20,1981,2,20,0
1981-02-21,1981,2,21,0
1981-02-22,1981,2,22,0
1981-02-23,1981,2,23,0
1981-02-24,1981,2,24,0
1981-02-25,1981,2,25,0
1981-02-26,1981,2,26,0
1981-02-27,1981,2,27,0
1981-02-28,1981,2,28,1.5467768
1981-03-01,1981,3,1,0
1981-03-02,1981,3,2,0
1981-03-03,1981,3,3,0
1981-03-04,1981,3,4,0
1981-03-05,1981,3,5,0
1981-03-06,1981,3,6,0
1981-03-07,1981,3,7,0
1981-03-08,1981,3,8,0
1981-03-09,1981,3,9,0
1981-03-10,1981,3,10,0
1981-03-11,1981,3,11,0
1981-03-12,1981,3,12,0
1981-03-13,1981,3,13,0
1981-03-14,1981,3,14,0
1981-03-15,1981,3,15,0
1981-03-16,1981,3,16,0
1981-03-17,1981,3,17,0
1981-03-18,1981,3,18,0
1981-03-19,1981,3,19,0
1981-03-20,1981,3,20,0
1981-03-21,1981,3,21,0
1981-03-22,1981,3,22,0
1981-03-23,1981,3,23,0
1981-03-24,1981,3,24,0
1981-03-25,1981,3,25,0
1981-03-26,1981,3,26,0
1981-03-27,1981,3,27,0
1981-03-28,1981,3,28,0
1981-03-29,1981,3,29,3.2041345
1981-03-30,1981,3,30,0.00040236306
1981-03-31,1981,3,31,0
1981-04-01,1981,4,1,0
1981-04-02,1981,4,2,0
1981-04-03,1981,4,3,0
1981-04-04,1981,4,4,0
1981-04-05,1981,4,5,0
1981-04-06,1981,4,6,0
1981-04-07,1981,4,7,0
1981-04-08,1981,4,8,0
1981-04-09,1981,4,9,0
1981-04-10,1981,4,10,0
1981-04-11,1981,4,11,0
1981-04-12,1981,4,12,0
1981-04-13,1981,4,13,0
1981-04-14,1981,4,14,0
1981-04-15,1981,4,15,0
1981-04-16,1981,4,16,0
1981-04-17,1981,4,17,0
1981-04-18,1981,4,18,0
1981-04-19,1981,4,19,0
1981-04-20,1981,4,20,0
1981-04-21,1981,4,21,0
1981-04-22,1981,4,22,0
1981-04-23,1981,4,23,0
1981-04-24,1981,4,24,4.0586329
1981-04-25,1981,4,25,0.42381132
1981-04-26,1981,4,26,3.5765843
1981-04-27,1981,4,27,1.0535623
1981-04-28,1981,4,28,0
1981-04-29,1981,4,29,0
1981-04-30,1981,4,30,0
1981-05-01,1981,5,1,0
1981-05-02,1981,5,2,32.516672
1981-05-03,1981,5,3,1.2676951
1981-05-04,1981,5,4,14.250993
1981-05-05,1981,5,5,0.56964846
1981-05-06,1981,5,6,0
1981-05-07,1981,5,7,23.315525
1981-05-08,1981,5,8,17.988236
1981-05-09,1981,5,9,0.13703038
1981-05-10,1981,5,10,0.262908
1981-05-11,1981,5,11,10.383251
1981-05-12,1981,5,12,2.9915717
1981-05-13,1981,5,13,0
1981-05-14,1981,5,14,0
1981-05-15,1981,5,15,0
1981-05-16,1981,5,16,0
1981-05-17,1981,5,17,0.70347324
1981-05-18,1981,5,18,0.0035879386
1981-05-19,1981,5,19,0
1981-05-20,1981,5,20,0
1981-05-21,1981,5,21,0
1981-05-22,1981,5,22,0
1981-05-23,1981,5,23,4.6105363
1981-05-24,1981,5,24,0
1981-05-25,1981,5,25,0
1981-05-26,1981,5,26,0
1981-05-27,1981,5,27,0
1981-05-28,1981,5,28,0
1981-05-29,1981,5,29,0
1981-05-30,1981,5,30,48.358464
1981-05-31,1981,5,31,36.908131
1981-06-01,1981,6,1,3.0373581
1981-06-02,1981,6,2,0
1981-06-03,1981,6,3,0
1981-06-04,1981,6,4,0
1981-06-05,1981,6,5,0
1981-06-06,1981,6,6,0
1981-06-07,1981,6,7,0
1981-06-08,1981,6,8,1.2858148
1981-06-09,1981,6,9,0.0096473599
1981-06-10,1981,6,10,0
1981-06-11,1981,6,11,0
1981-06-12,1981,6,12,0
1981-06-13,1981,6,13,0
1981-06-14,1981,6,14,0
1981-06-15,1981,6,15,0
1981-06-16,1981,6,16,0
1981-06-17,1981,6,17,0
1981-06-18,1981,6,18,0
1981-06-19,1981,6,19,0
1981-06-20,1981,6,20,5.7557433
1981-06-21,1981,6,21,0.57433219
1981-06-22,1981,6,22,0
1981-06-23,1981,6,23,0
1981-06-24,1981,6,24,0
1981-06-25,1981,6,25,6.7975252
1981-06-26,1981,6,26,0
1981-06-27,1981,6,27,0
1981-06-28,1981,6,28,0
1981-06-29,1981,6,29,0
1981-06-30,1981,6,30,0
1981-07-01,1981,7,1,0
1981-07-02,1981,7,2,0
1981-07-03,1981,7,3,0
1981-07-04,1981,7,4,0
1981-07-05,1981,7,5,0
1981-07-06,1981,7,6,0
1981-07-07,1981,7,7,0
1981-07-08,1981,7,8,4.9322684
1981-07-09,1981,7,9,0
1981-07-10,1981,7,10,0
1981-07-11,1981,7,11,4.7853894
1981-07-12,1981,7,12,0
1981-07-13,1981,7,13,4.5409168
1981-07-14,1981,7,14,16.689669
1981-07-15,1981,7,15,4.8709832
1981-07-16,1981,7,16,0.04628386
1981-07-17,1981,7,17,0.00044282778
1981-07-18,1981,7,18,0
1981-07-19,1981,7,19,0
1981-07-20,1981,7,20,0
1981-07-21,1981,7,21,0.00074088598
1981-07-22,1981,7,22,0.00075913333
1981-07-23,1981,7,23,0
1981-07-24,1981,7,24,0
1981-07-25,1981,7,25,0
1981-07-26,1981,7,26,0
1981-07-27,1981,7,27,0
1981-07-28,1981,7,28,0
1981-07-29,1981,7,29,0
1981-07-30,1981,7,30,0
1981-07-31,1981,7,31,0
1981-08-01,1981,8,1,11.063098
1981-08-02,1981,8,2,19.677827
1981-08-03,1981,8,3,14.04336
1981-08-04,1981,8,4,4.6184358
1981-08-05,1981,8,5,8.8345249
1981-08-06,1981,8,6,1.2045382
1981-08-07,1981,8,7,0.21134737
1981-08-08,1981,8,8,0
1981-08-09,1981,8,9,0
1981-08-10,1981,8,10,0
1981-08-11,1981,8,11,0.00079764136
1981-08-12,1981,8,12,0
1981-08-13,1981,8,13,0
1981-08-14,1981,8,14,0
1981-08-15,1981,8,15,0
1981-08-16,1981,8,16,0
1981-08-17,1981,8,17,0
1981-08-18,1981,8,18,0
1981-08-19,1981,8,19,0
1981-08-20,1981,8,20,0
1981-08-21,1981,8,21,0
1981-08-22,1981,8,22,0
1981-08-23,1981,8,23,0
1981-08-24,1981,8,24,0
1981-08-25,1981,8,25,0
1981-08-26,1981,8,26,0
1981-08-27,1981,8,27,0
1981-08-28,1981,8,28,0
1981-08-29,1981,8,29,0.45113749
1981-08-30,1981,8,30,4.8937883
1981-08-31,1981,8,31,0.98501515
1981-09-01,1981,9,1,0
1981-09-02,1981,9,2,0
1981-09-03,1981,9,3,0
1981-09-04,1981,9,4,0
1981-09-05,1981,9,5,0
1981-09-06,1981,9,6,0
1981-09-07,1981,9,7,5.9313979
1981-09-08,1981,9,8,13.024453
1981-09-09,1981,9,9,1.6556914
1981-09-10,1981,9,10,0
1981-09-11,1981,9,11,0.061970625
1981-09-12,1981,9,12,2.4651829
1981-09-13,1981,9,13,0.27351061
1981-09-14,1981,9,14,0
1981-09-15,1981,9,15,0
1981-09-16,1981,9,16,0.091627397
1981-09-17,1981,9,17,0.86676388
1981-09-18,1981,9,18,0.015796482
1981-09-19,1981,9,19,2.1790872
1981-09-20,1981,9,20,0.003136262
1981-09-21,1981,9,21,0
1981-09-22,1981,9,22,0
1981-09-23,1981,9,23,0
1981-09-24,1981,9,24,0
1981-09-25,1981,9,25,0
1981-09-26,1981,9,26,5.3400013
1981-09-27,1981,9,27,4.320544
1981-09-28,1981,9,28,0
1981-09-29,1981,9,29,0
1981-09-30,1981,9,30,0
1981-10-01,1981,10,1,0
1981-10-02,1981,10,2,3.8337894
1981-10-03,1981,10,3,0.082464863
1981-10-04,1981,10,4,0.41273202
1981-10-05,1981,10,5,0.0038731848
1981-10-06,1981,10,6,0
1981-10-07,1981,10,7,0
1981-10-08,1981,10,8,0
1981-10-09,1981,10,9,0.068491499
1981-10-10,1981,10,10,0
1981-10-11,1981,10,11,0
1981-10-12,1981,10,12,0
1981-10-13,1981,10,13,0
1981-10-14,1981,10,14,0
1981-10-15,1981,10,15,0
1981-10-16,1981,10,16,0
1981-10-17,1981,10,17,0
1981-10-18,1981,10,18,0
1981-10-19,1981,10,19,0
1981-10-20,1981,10,20,0
1981-10-21,1981,10,21,0
1981-10-22,1981,10,22,0
1981-10-23,1981,10,23,0
1981-10-24,1981,10,24,0
1981-10-25,1981,10,25,0
1981-10-26,1981,10,26,0.62061944
1981-10-27,1981,10,27,0
1981-10-28,1981,10,28,0
1981-10-29,1981,10,29,0
1981-10-30,1981,10,30,0
1981-10-31,1981,10,31,0
1981-11-01,1981,11,1,0
1981-11-02,1981,11,2,0
1981-11-03,1981,11,3,0
1981-11-04,1981,11,4,1.3715052
1981-11-05,1981,11,5,0.16993041
1981-11-06,1981,11,6,0
1981-11-07,1981,11,7,0
1981-11-08,1981,11,8,0
1981-11-09,1981,11,9,0
1981-11-10,1981,11,10,0
1981-11-11,1981,11,11,0
1981-11-12,1981,11,12,0
1981-11-13,1981,11,13,0
1981-11-14,1981,11,14,0
1981-11-15,1981,11,15,0
1981-11-16,1981,11,16,0
1981-11-17,1981,11,17,0
1981-11-18,1981,11,18,0
1981-11-19,1981,11,19,0
1981-11-20,1981,11,20,0
1981-11-21,1981,11,21,0
1981-11-22,1981,11,22,0
1981-11-23,1981,11,23,0
1981-11-24,1981,11,24,0
1981-11-25,1981,11,25,0
1981-11-26,1981,11,26,0
1981-11-27,1981,11,27,0
1981-11-28,1981,11,28,0
1981-11-29,1981,11,29,1.8350908
1981-11-30,1981,11,30,0.018910539
1981-12-01,1981,12,1,0
1981-12-02,1981,12,2,0.00056609405
1981-12-03,1981,12,3,0
1981-12-04,1981,12,4,0.034127129
1981-12-05,1981,12,5,0
1981-12-06,1981,12,6,0
1981-12-07,1981,12,7,0.0023996522
1981-12-08,1981,12,8,0
1981-12-09,1981,12,9,0
1981-12-10,1981,12,10,0
1981-12-11,1981,12,11,0.0018255474
1981-12-12,1981,12,12,0
1981-12-13,1981,12,13,0
1981-12-14,1981,12,14,0
1981-12-15,1981,12,15,0
1981-12-16,1981,12,16,0
1981-12-17,1981,12,17,0.0028397267
1981-12-18,1981,12,18,0
1981-12-19,1981,12,19,0
1981-12-20,1981,12,20,0
1981-12-21,1981,12,21,1.1536569
1981-12-22,1981,12,22,0.032057856
1981-12-23,1981,12,23,0.0055692883
1981-12-24,1981,12,24,1.0317574
1981-12-25,1981,12,25,0.15220136
1981-12-26,1981,12,26,0
1981-12-27,1981,12,27,0
1981-12-28,1981,12,28,0
1981-12-29,1981,12,29,0
1981-12-30,1981,12,30,0
1981-12-31,1981,12,31,0.13361789
1982-01-01,1982,1,1,0
1982-01-02,1982,1,2,0
1982-01-03,1982,1,3,0
1982-01-04,1982,1,4,0
1982-01-05,1982,1,5,0
1982-01-06,1982,1,6,0.21123774
1982-01-07,1982,1,7,1.3626288
1982-01-08,1982,1,8,0.30579707
1982-01-09,1982,1,9,0
1982-01-10,1982,1,10,0
1982-01-11,1982,1,11,0
1982-01-12,1982,1,12,3.7153369e-06
1982-01-13,1982,1,13,0
1982-01-14,1982,1,14,0
1982-01-15,1982,1,15,0
1982-01-16,1982,1,16,0
1982-01-17,1982,1,17,0
1982-01-18,1982,1,18,0
1982-01-19,1982,1,19,0
1982-01-20,1982,1,20,0
1982-01-21,1982,1,21,0
1982-01-22,1982,1,22,0
1982-01-23,1982,1,23,0.42419351
1982-01-24,1982,1,24,0.090329769
1982-01-25,1982,1,25,0
1982-01-26,1982,1,26,0.036250266
1982-01-27,1982,1,27,0.0074021644
1982-01-28,1982,1,28,0
1982-01-29,1982,1,29,0
1982-01-30,1982,1,30,0
1982-01-31,1982,1,31,0
1982-02-01,1982,2,1,0
1982-02-02,1982,2,2,0
1982-02-03,1982,2,3,0
1982-02-04,1982,2,4,0
1982-02-05,1982,2,5,0
1982-02-06,1982,2,6,0
1982-02-07,1982,2,7,0
1982-02-08,1982,2,8,1.1794886
1982-02-09,1982,2,9,0.06025157
1982-02-10,1982,2,10,0.012332565
1982-02-11,1982,2,11,0
1982-02-12,1982,2,12,0
1982-02-13,1982,2,13,0
1982-02-14,1982,2,14,0
1982-02-15,1982,2,15,0
1982-02-16,1982,2,16,0
1982-02-17,1982,2,17,0
1982-02-18,1982,2,18,0
1982-02-19,1982,2,19,2.9725447e-06
1982-02-20,1982,2,20,0
1982-02-21,1982,2,21,0
1982-02-22,1982,2,22,0
1982-02-23,1982,2,23,0.53751373
1982-02-24,1982,2,24,0.6672605
1982-02-25,1982,2,25,0.055774893
1982-02-26,1982,2,26,0
1982-02-27,1982,2,27,0
1982-02-28,1982,2,28,0.15080101
1982-03-01,1982,3,1,0.30307837
1982-03-02,1982,3,2,0.093839171
1982-03-03,1982,3,3,0.0017051841
1982-03-04,1982,3,4,0.0075746159
1982-03-05,1982,3,5,0
1982-03-06,1982,3,6,0.055561006
1982-03-07,1982,3,7,0.10249578
1982-03-08,1982,3,8,0
1982-03-09,1982,3,9,0
1982-03-10,1982,3,10,0
1982-03-11,1982,3,11,0
1982-03-12,1982,3,12,0
1982-03-13,1982,3,13,0
1982-03-14,1982,3,14,0
1982-03-15,1982,3,15,0
1982-03-16,1982,3,16,0
1982-03-17,1982,3,17,0
1982-03-18,1982,3,18,0
1982-03-19,1982,3,19,0
1982-03-20,1982,3,20,0
1982-03-21,1982,3,21,0
1982-03-22,1982,3,22,0
1982-03-23,1982,3,23,0
1982-03-24,1982,3,24,8.3357288
1982-03-25,1982,3,25,12.343324
1982-03-26,1982,3,26,0.013807894
1982-03-27,1982,3,27,0
1982-03-28,1982,3,28,0
1982-03-29,1982,3,29,0
1982-03-30,1982,3,30,0
1982-03-31,1982,3,31,0
1982-04-01,1982,4,1,0
1982-04-02,1982,4,2,0
1982-04-03,1982,4,3,0
1982-04-04,1982,4,4,0
1982-04-05,1982,4,5,0
1982-04-06,1982,4,6,0
1982-04-07,1982,4,7,0
1982-04-08,1982,4,8,0
1982-04-09,1982,4,9,0
1982-04-10,1982,4,10,0
1982-04-11,1982,4,11,0
1982-04-12,1982,4,12,0
1982-04-13,1982,4,13,0
1982-04-14,1982,4,14,0
1982-04-15,1982,4,15,0
1982-04-16,1982,4,16,0
1982-04-17,1982,4,17,0.22715532
1982-04-18,1982,4,18,3.7539984
1982-04-19,1982,4,19,0
1982-04-20,1982,4,20,0
1982-04-21,1982,4,21,0.00084532999
1982-04-22,1982,4,22,0
1982-04-23,1982,4,23,0
1982-04-24,1982,4,24,0
1982-04-25,1982,4,25,0
1982-04-26,1982,4,26,0
1982-04-27,1982,4,27,0
1982-04-28,1982,4,28,0
1982-04-29,1982,4,29,0.0060381509
1982-04-30,1982,4,30,0
1982-05-01,1982,5,1,0
1982-05-02,1982,5,2,0
1982-05-03,1982,5,3,0
1982-05-04,1982,5,4,0
1982-05-05,1982,5,5,0
1982-05-06,1982,5,6,0
1982-05-07,1982,5,7,0.19387412
1982-05-08,1982,5,8,41.660547
1982-05-09,1982,5,9,32.430732
1982-05-10,1982,5,10,38.481711
1982-05-11,1982,5,11,13.503522
1982-05-12,1982,5,12,24.220687
1982-05-13,1982,5,13,0.29280313
1982-05-14,1982,5,14,0
1982-05-15,1982,5,15,0.26217663
1982-05-16,1982,5,16,29.452166
1982-05-17,1982,5,17,0.46199988
1982-05-18,1982,5,18,0
1982-05-19,1982,5,19,0
1982-05-20,1982,5,20,0
1982-05-21,1982,5,21,0
1982-05-22,1982,5,22,0
1982-05-23,1982,5,23,0
1982-05-24,1982,5,24,0
1982-05-25,1982,5,25,0.0012905267
1982-05-26,1982,5,26,0.0068457347
1982-05-27,1982,5,27,0.0017586589
1982-05-28,1982,5,28,0
1982-05-29,1982,5,29,0
1982-05-30,1982,5,30,0
1982-05-31,1982,5,31,0
1982-06-01,1982,6,1,0
1982-06-02,1982,6,2,0
1982-06-03,1982,6,3,0
1982-06-04,1982,6,4,6.0023934
1982-06-05,1982,6,5,4.0687008
1982-06-06,1982,6,6,0
1982-06-07,1982,6,7,0.010692079
1982-06-08,1982,6,8,17.807745
1982-06-09,1982,6,9,15.816668
1982-06-10,1982,6,10,28.088868
1982-06-11,1982,6,11,28.046897
1982-06-12,1982,6,12,62.361214
1982-06-13,1982,6,13,94.675019
1982-06-14,1982,6,14,16.967648
1982-06-15,1982,6,15,0.82248452
1982-06-16,1982,6,16,0
1982-06-17,1982,6,17,0
1982-06-18,1982,6,18,12.999303
1982-06-19,1982,6,19,27.589829
1982-06-20,1982,6,20,0.27752097
1982-06-21,1982,6,21,0
1982-06-22,1982,6,22,0
1982-06-23,1982,6,23,22.349769
1982-06-24,1982,6,24,43.084031
1982-06-25,1982,6,25,45.486439
1982-06-26,1982,6,26,91.205386
1982-06-27,1982,6,27,61.744335
1982-06-28,1982,6,28,5.8094972
1982-06-29,1982,6,29,0.2402918
1982-06-30,1982,6,30,0
1982-07-01,1982,7,1,0
1982-07-02,1982,7,2,0
1982-07-03,1982,7,3,0
1982-07-04,1982,7,4,4.5807182
1982-07-05,1982,7,5,7.8537195
1982-07-06,1982,7,6,0
1982-07-07,1982,7,7,0.80650537
1982-07-08,1982,7,8,11.865916
1982-07-09,1982,7,9,5.3338265
1982-07-10,1982,7,10,0
1982-07-11,1982,7,11,4.156011
1982-07-12,1982,7,12,0
1982-07-13,1982,7,13,0
1982-07-14,1982,7,14,2.9322202
1982-07-15,1982,7,15,27.227496
1982-07-16,1982,7,16,49.966919
1982-07-17,1982,7,17,30.450166
1982-07-18,1982,7,18,9.0136961
1982-07-19,1982,7,19,23.614028
1982-07-20,1982,7,20,16.631936
1982-07-21,1982,7,21,0.91165259
1982-07-22,1982,7,22,0
1982-07-23,1982,7,23,12.595859
1982-07-24,1982,7,24,1.82876
1982-07-25,1982,7,25,11.550912
1982-07-26,1982,7,26,8.3061294
1982-07-27,1982,7,27,5.9320079
1982-07-28,1982,7,28,0
1982-07-29,1982,7,29,0
1982-07-30,1982,7,30,0
1982-07-31,1982,7,31,0.033361703
1982-08-01,1982,8,1,0
1982-08-02,1982,8,2,0
1982-08-03,1982,8,3,5.9965212
1982-08-04,1982,8,4,0.0046954377
1982-08-05,1982,8,5,6.5613319
1982-08-06,1982,8,6,0
1982-08-07,1982,8,7,0
1982-08-08,1982,8,8,0
1982-08-09,1982,8,9,0
1982-08-10,1982,8,10,0
1982-08-11,1982,8,11,0
1982-08-12,1982,8,12,30.819195
1982-08-13,1982,8,13,15.159103
1982-08-14,1982,8,14,0.01520746
1982-08-15,1982,8,15,0
1982-08-16,1982,8,16,0
1982-08-17,1982,8,17,0
1982-08-18,1982,8,18,0
1982-08-19,1982,8,19,0
1982-08-20,1982,8,20,0
1982-08-21,1982,8,21,0
1982-08-22,1982,8,22,0
1982-08-23,1982,8,23,5.7471521
1982-08-24,1982,8,24,34.03768
1982-08-25,1982,8,25,32.690975
1982-08-26,1982,8,26,16.120204
1982-08-27,1982,8,27,14.900258
1982-08-28,1982,8,28,7.0444834
1982-08-29,1982,8,29,0
1982-08-30,1982,8,30,0
1982-08-31,1982,8,31,0
1982-09-01,1982,9,1,0
1982-09-02,1982,9,2,0
1982-09-03,1982,9,3,0
1982-09-04,1982,9,4,0
1982-09-05,1982,9,5,0
1982-09-06,1982,9,6,0
1982-09-07,1982,9,7,0
1982-09-08,1982,9,8,0
1982-09-09,1982,9,9,0.48712517
1982-09-10,1982,9,10,0
1982-09-11,1982,9,11,0.13560257
1982-09-12,1982,9,12,47.129366
1982-09-13,1982,9,13,43.820029
1982-09-14,1982,9,14,25.70532
1982-09-15,1982,9,15,4.267308
1982-09-16,1982,9,16,1.3064826
1982-09-17,1982,9,17,0
1982-09-18,1982,9,18,0
1982-09-19,1982,9,19,0.010089975
1982-09-20,1982,9,20,0
1982-09-21,1982,9,21,0
1982-09-22,1982,9,22,2.4270773
1982-09-23,1982,9,23,3.1368133
1982-09-24,1982,9,24,0
1982-09-25,1982,9,25,0.54671253
1982-09-26,1982,9,26,0.055240137
1982-09-27,1982,9,27,1.7532277
1982-09-28,1982,9,28,24.122215
1982-09-29,1982,9,29,38.286908
1982-09-30,1982,9,30,20.195626
1982-10-01,1982,10,1,0.010232978
1982-10-02,1982,10,2,6.1052839
1982-10-03,1982,10,3,4.2378283
1982-10-04,1982,10,4,0
1982-10-05,1982,10,5,0
1982-10-06,1982,10,6,0.041233802
1982-10-07,1982,10,7,0
1982-10-08,1982,10,8,0
1982-10-09,1982,10,9,0
1982-10-10,1982,10,10,0
1982-10-11,1982,10,11,1.2455163
1982-10-12,1982,10,12,0
1982-10-13,1982,10,13,0
1982-10-14,1982,10,14,0
1982-10-15,1982,10,15,0
1982-10-16,1982,10,16,10.771185
1982-10-17,1982,10,17,0
1982-10-18,1982,10,18,0
1982-10-19,1982,10,19,1.2247733
1982-10-20,1982,10,20,6.7294115
1982-10-21,1982,10,21,17.427622
1982-10-22,1982,10,22,8.8361462
1982-10-23,1982,10,23,0.043892155
1982-10-24,1982,10,24,0
1982-10-25,1982,10,25,0
1982-10-26,1982,10,26,0
1982-10-27,1982,10,27,0
1982-10-28,1982,10,28,0
1982-10-29,1982,10,29,0
1982-10-30,1982,10,30,0
1982-10-31,1982,10,31,0.47743847
1982-11-01,1982,11,1,4.4601352
1982-11-02,1982,11,2,0.53069115
1982-11-03,1982,11,3,0
1982-11-04,1982,11,4,0.035760155
1982-11-05,1982,11,5,0
1982-11-06,1982,11,6,0
1982-11-07,1982,11,7,0
1982-11-08,1982,11,8,0
1982-11-09,1982,11,9,0
1982-11-10,1982,11,10,0
1982-11-11,1982,11,11,0
1982-11-12,1982,11,12,0
1982-11-13,1982,11,13,0
1982-11-14,1982,11,14,0
1982-11-15,1982,11,15,0
1982-11-16,1982,11,16,0
1982-11-17,1982,11,17,0
1982-11-18,1982,11,18,0
1982-11-19,1982,11,19,0
1982-11-20,1982,11,20,0
1982-11-21,1982,11,21,0
1982-11-22,1982,11,22,0
1982-11-23,1982,11,23,0
1982-11-24,1982,11,24,0
1982-11-25,1982,11,25,0
1982-11-26,1982,11,26,0
1982-11-27,1982,11,27,0.00093010041
1982-11-28,1982,11,28,0.3052377
1982-11-29,1982,11,29,0
1982-11-30,1982,11,30,0
1982-12-01,1982,12,1,0
1982-12-02,1982,12,2,0
1982-12-03,1982,12,3,0
1982-12-04,1982,12,4,0.0037928509
1982-12-05,1982,12,5,0
1982-12-06,1982,12,6,0
1982-12-07,1982,12,7,0
1982-12-08,1982,12,8,0
1982-12-09,1982,12,9,0
1982-12-10,1982,12,10,0.0027512303
1982-12-11,1982,12,11,0
1982-12-12,1982,12,12,0.22734622
1982-12-13,1982,12,13,1.8719729
1982-12-14,1982,12,14,0.00065025384
1982-12-15,1982,12,15,0
1982-12-16,1982,12,16,0
1982-12-17,1982,12,17,0
1982-12-18,1982,12,18,0
1982-12-19,1982,12,19,0
1982-12-20,1982,12,20,0
1982-12-21,1982,12,21,0
1982-12-22,1982,12,22,0.019041724
1982-12-23,1982,12,23,0.018700385
1982-12-24,1982,12,24,0.019852123
1982-12-25,1982,12,25,0.021779933
1982-12-26,1982,12,26,0.022596567
1982-12-27,1982,12,27,0
1982-12-28,1982,12,28,0.0076765196
1982-12-29,1982,12,29,0
1982-12-30,1982,12,30,0
1982-12-31,1982,12,31,0
1983-01-01,1983,1,1,0
1983-01-02,1983,1,2,0.0020262403
1983-01-03,1983,1,3,0.01647297
1983-01-04,1983,1,4,0
1983-01-05,1983,1,5,0
1983-01-06,1983,1,6,0
1983-01-07,1983,1,7,0
1983-01-08,1983,1,8,0
1983-01-09,1983,1,9,0
1983-01-10,1983,1,10,0
1983-01-11,1983,1,11,12.073911
1983-01-12,1983,1,12,5.6567312
1983-01-13,1983,1,13,0.12032889
1983-01-14,1983,1,14,0
1983-01-15,1983,1,15,0
1983-01-16,1983,1,16,0.022220021
1983-01-17,1983,1,17,0
1983-01-18,1983,1,18,0
1983-01-19,1983,1,19,0
1983-01-20,1983,1,20,0
1983-01-21,1983,1,21,0
1983-01-22,1983,1,22,0
1983-01-23,1983,1,23,0
1983-01-24,1983,1,24,0
1983-01-25,1983,1,25,0
1983-01-26,1983,1,26,0
1983-01-27,1983,1,27,0
1983-01-28,1983,1,28,0
1983-01-29,1983,1,29,5.5490997
1983-01-30,1983,1,30,0.33453241
1983-01-31,1983,1,31,0.026809689
1983-02-01,1983,2,1,0
1983-02-02,1983,2,2,0
1983-02-03,1983,2,3,0
1983-02-04,1983,2,4,0
1983-02-05,1983,2,5,0
1983-02-06,1983,2,6,0
1983-02-07,1983,2,7,0
1983-02-08,1983,2,8,0.0016155043
1983-02-09,1983,2,9,0
1983-02-10,1983,2,10,0
1983-02-11,1983,2,11,0
1983-02-12,1983,2,12,0
1983-02-13,1983,2,13,2.3988943
1983-02-14,1983,2,14,5.3819784
1983-02-15,1983,2,15,0.20052662
1983-02-16,1983,2,16,0
1983-02-17,1983,2,17,0
1983-02-18,1983,2,18,0
1983-02-19,1983,2,19,0
1983-02-20,1983,2,20,0
1983-02-21,1983,2,21,0
1983-02-22,1983,2,22,0
1983-02-23,1983,2,23,0
1983-02-24,1983,2,24,0
1983-02-25,1983,2,25,0
1983-02-26,1983,2,26,0
1983-02-27,1983,2,27,0
1983-02-28,1983,2,28,0
1983-03-01,1983,3,1,0
1983-03-02,1983,3,2,0
1983-03-03,1983,3,3,0
1983-03-04,1983,3,4,0
1983-03-05,1983,3,5,0
1983-03-06,1983,3,6,0
1983-03-07,1983,3,7,0
1983-03-08,1983,3,8,0
1983-03-09,1983,3,9,0
1983-03-10,1983,3,10,0
1983-03-11,1983,3,11,0
1983-03-12,1983,3,12,0
1983-03-13,1983,3,13,0
1983-03-14,1983,3,14,0
1983-03-15,1983,3,15,0.31548448
1983-03-16,1983,3,16,0
1983-03-17,1983,3,17,0
1983-03-18,1983,3,18,0
1983-03-19,1983,3,19,0
1983-03-20,1983,3,20,0
1983-03-21,1983,3,21,0
1983-03-22,1983,3,22,0
1983-03-23,1983,3,23,0
1983-03-24,1983,3,24,0
1983-03-25,1983,3,25,0
1983-03-26,1983,3,26,1.6983357
1983-03-27,1983,3,27,0
1983-03-28,1983,3,28,0
1983-03-29,1983,3,29,0
1983-03-30,1983,3,30,0
1983-03-31,1983,3,31,0
1983-04-01,1983,4,1,12.994365
1983-04-02,1983,4,2,9.0402207
1983-04-03,1983,4,3,0.74094526
1983-04-04,1983,4,4,0.00018106338
1983-04-05,1983,4,5,0
1983-04-06,1983,4,6,0
1983-04-07,1983,4,7,0
1983-04-08,1983,4,8,0
1983-04-09,1983,4,9,0
1983-04-10,1983,4,10,0
1983-04-11,1983,4,11,0
1983-04-12,1983,4,12,0
1983-04-13,1983,4,13,0
1983-04-14,1983,4,14,0
1983-04-15,1983,4,15,0
1983-04-16,1983,4,16,0
1983-04-17,1983,4,17,0
1983-04-18,1983,4,18,0
1983-04-19,1983,4,19,0
1983-04-20,1983,4,20,0
1983-04-21,1983,4,21,0
1983-04-22,1983,4,22,0.018835955
1983-04-23,1983,4,23,5.1227038
1983-04-24,1983,4,24,1.7242675
1983-04-25,1983,4,25,0
1983-04-26,1983,4,26,0.085035138
1983-04-27,1983,4,27,0
1983-04-28,1983,4,28,0
1983-04-29,1983,4,29,0
1983-04-30,1983,4,30,0
1983-05-01,1983,5,1,0
1983-05-02,1983,5,2,1.6700289
1983-05-03,1983,5,3,0.96891034
1983-05-04,1983,5,4,0
1983-05-05,1983,5,5,0
1983-05-06,1983,5,6,0
1983-05-07,1983,5,7,0
1983-05-08,1983,5,8,0
1983-05-09,1983,5,9,0
1983-05-10,1983,5,10,0
1983-05-11,1983,5,11,0
1983-05-12,1983,5,12,0
1983-05-13,1983,5,13,0
1983-05-14,1983,5,14,0.21312023
1983-05-15,1983,5,15,3.192135
1983-05-16,1983,5,16,0.22349847
1983-05-17,1983,5,17,3.6416826
1983-05-18,1983,5,18,32.12481
1983-05-19,1983,5,19,0.79972695
1983-05-20,1983,5,20,0
1983-05-21,1983,5,21,0
1983-05-22,1983,5,22,0
1983-05-23,1983,5,23,0
1983-05-24,1983,5,24,0
1983-05-25,1983,5,25,3.0173223
1983-05-26,1983,5,26,0
1983-05-27,1983,5,27,1.2569492
1983-05-28,1983,5,28,0
1983-05-29,1983,5,29,4.3711526
1983-05-30,1983,5,30,0.33680505
1983-05-31,1983,5,31,0
1983-06-01,1983,6,1,0.22050104
1983-06-02,1983,6,2,0
1983-06-03,1983,6,3,0
1983-06-04,1983,6,4,0
1983-06-05,1983,6,5,0.0013970181
1983-06-06,1983,6,6,0
1983-06-07,1983,6,7,2.4343428
1983-06-08,1983,6,8,3.9555288
1983-06-09,1983,6,9,0
1983-06-10,1983,6,10,1.1874613
1983-06-11,1983,6,11,1.5879224
1983-06-12,1983,6,12,3.0447622
1983-06-13,1983,6,13,0.12925094
1983-06-14,1983,6,14,0.56433288
1983-06-15,1983,6,15,0
1983-06-16,1983,6,16,0
1983-06-17,1983,6,17,0.62127052
1983-06-18,1983,6,18,36.892661
1983-06-19,1983,6,19,7.20891
1983-06-20,1983,6,20,25.586749
1983-06-21,1983,6,21,16.12124
1983-06-22,1983,6,22,1.61524
1983-06-23,1983,6,23,0.0015588221
1983-06-24,1983,6,24,0
1983-06-25,1983,6,25,0
1983-06-26,1983,6,26,0
1983-06-27,1983,6,27,0
1983-06-28,1983,6,28,0
1983-06-29,1983,6,29,0
1983-06-30,1983,6,30,0
1983-07-01,1983,7,1,9.7481731
1983-07-02,1983,7,2,1.0619714
1983-07-03,1983,7,3,0
1983-07-04,1983,7,4,21.121669
1983-07-05,1983,7,5,71.307733
1983-07-06,1983,7,6,55.300486
1983-07-07,1983,7,7,27.032478
1983-07-08,1983,7,8,10.587876
1983-07-09,1983,7,9,0.12527354
1983-07-10,1983,7,10,0.0072581064
1983-07-11,1983,7,11,0
1983-07-12,1983,7,12,0
1983-07-13,1983,7,13,0
1983-07-14,1983,7,14,0.17553426
1983-07-15,1983,7,15,0
1983-07-16,1983,7,16,0
1983-07-17,1983,7,17,0
1983-07-18,1983,7,18,0
1983-07-19,1983,7,19,0
1983-07-20,1983,7,20,0
1983-07-21,1983,7,21,0
1983-07-22,1983,7,22,0
1983-07-23,1983,7,23,0
1983-07-24,1983,7,24,0.0012399178
1983-07-25,1983,7,25,0
1983-07-26,1983,7,26,0
1983-07-27,1983,7,27,0
1983-07-28,1983,7,28,0.49040186
1983-07-29,1983,7,29,0
1983-07-30,1983,7,30,0
1983-07-31,1983,7,31,0
1983-08-01,1983,8,1,0
1983-08-02,1983,8,2,0
1983-08-03,1983,8,3,0
1983-08-04,1983,8,4,0
1983-08-05,1983,8,5,0.048222753
1983-08-06,1983,8,6,10.356185
1983-08-07,1983,8,7,21.968141
1983-08-08,1983,8,8,0.78964828
1983-08-09,1983,8,9,0
1983-08-10,1983,8,10,0.13638066
1983-08-11,1983,8,11,6.0143988
1983-08-12,1983,8,12,0.20687054
1983-08-13,1983,8,13,0
1983-08-14,1983,8,14,0
1983-08-15,1983,8,15,0
1983-08-16,1983,8,16,0
1983-08-17,1983,8,17,0
1983-08-18,1983,8,18,0
1983-08-19,1983,8,19,0
1983-08-20,1983,8,20,0
1983-08-21,1983,8,21,0
1983-08-22,1983,8,22,3.5931851
1983-08-23,1983,8,23,16.046699
1983-08-24,1983,8,24,15.279524
1983-08-25,1983,8,25,0.45139574
1983-08-26,1983,8,26,0
1983-08-27,1983,8,27,1.1447405
1983-08-28,1983,8,28,2.4323446
1983-08-29,1983,8,29,0.00034190616
1983-08-30,1983,8,30,0.007432841
1983-08-31,1983,8,31,0
1983-09-01,1983,9,1,0
1983-09-02,1983,9,2,0
1983-09-03,1983,9,3,0
1983-09-04,1983,9,4,9.0228206
1983-09-05,1983,9,5,2.8296545
1983-09-06,1983,9,6,0
1983-09-07,1983,9,7,0
1983-09-08,1983,9,8,0
1983-09-09,1983,9,9,0
1983-09-10,1983,9,10,0
1983-09-11,1983,9,11,0
1983-09-12,1983,9,12,0
1983-09-13,1983,9,13,0
1983-09-14,1983,9,14,0.00028117422
1983-09-15,1983,9,15,0
1983-09-16,1983,9,16,4.0230355
1983-09-17,1983,9,17,4.6749086
1983-09-18,1983,9,18,0.13549818
1983-09-19,1983,9,19,0
1983-09-20,1983,9,20,0
1983-09-21,1983,9,21,0
1983-09-22,1983,9,22,0
1983-09-23,1983,9,23,0
1983-09-24,1983,9,24,0
1983-09-25,1983,9,25,2.226325
1983-09-26,1983,9,26,5.0023379
1983-09-27,1983,9,27,2.3312841
1983-09-28,1983,9,28,0
1983-09-29,1983,9,29,0
1983-09-30,1983,9,30,0.012094721
1983-10-01,1983,10,1,0
1983-10-02,1983,10,2,0
1983-10-03,1983,10,3,0
1983-10-04,1983,10,4,0
1983-10-05,1983,10,5,0
1983-10-06,1983,10,6,0
1983-10-07,1983,10,7,0
1983-10-08,1983,10,8,0
1983-10-09,1983,10,9,0
1983-10-10,1983,10,10,0
1983-10-11,1983,10,11,0
1983-10-12,1983,10,12,0
1983-10-13,1983,10,13,0
1983-10-14,1983,10,14,0
1983-10-15,1983,10,15,8.8200656
1983-10-16,1983,10,16,0.2448717
1983-10-17,1983,10,17,0
1983-10-18,1983,10,18,0
1983-10-19,1983,10,19,0
1983-10-20,1983,10,20,0
1983-10-21,1983,10,21,0
1983-10-22,1983,10,22,0
1983-10-23,1983,10,23,0
1983-10-24,1983,10,24,0.43253763
1983-10-25,1983,10,25,0
1983-10-26,1983,10,26,0
1983-10-27,1983,10,27,0
1983-10-28,1983,10,28,0
1983-10-29,1983,10,29,0
1983-10-30,1983,10,30,0
1983-10-31,1983,10,31,0
1983-11-01,1983,11,1,0
1983-11-02,1983,11,2,0
1983-11-03,1983,11,3,0
1983-11-04,1983,11,4,0
1983-11-05,1983,11,5,0
1983-11-06,1983,11,6,0
1983-11-07,1983,11,7,0
1983-11-08,1983,11,8,0
1983-11-09,1983,11,9,0
1983-11-10,1983,11,10,0
1983-11-11,1983,11,11,0
1983-11-12,1983,11,12,0
1983-11-13,1983,11,13,0
1983-11-14,1983,11,14,0
1983-11-15,1983,11,15,0
1983-11-16,1983,11,16,0.022343763
1983-11-17,1983,11,17,0
1983-11-18,1983,11,18,0
1983-11-19,1983,11,19,0
1983-11-20,1983,11,20,0
1983-11-21,1983,11,21,0
1983-11-22,1983,11,22,0
1983-11-23,1983,11,23,0
1983-11-24,1983,11,24,0
1983-11-25,1983,11,25,0.35580863
1983-11-26,1983,11,26,0.0044844585
1983-11-27,1983,11,27,0
1983-11-28,1983,11,28,0
1983-11-29,1983,11,29,0
1983-11-30,1983,11,30,0
1983-12-01,1983,12,1,0.0034380849
1983-12-02,1983,12,2,0
1983-12-03,1983,12,3,0.00030425791
1983-12-04,1983,12,4,0.015673423
1983-12-05,1983,12,5,0.023261214
1983-12-06,1983,12,6,0
1983-12-07,1983,12,7,0
1983-12-08,1983,12,8,0
1983-12-09,1983,12,9,0
1983-12-10,1983,12,10,0
1983-12-11,1983,12,11,0.0035505651
1983-12-12,1983,12,12,0.0002989639
1983-12-13,1983,12,13,0
1983-12-14,1983,12,14,0.0010463737
1983-12-15,1983,12,15,0
1983-12-16,1983,12,16,0
1983-12-17,1983,12,17,0.0024298648
1983-12-18,1983,12,18,0.0018607591
1983-12-19,1983,12,19,0.0045346339
1983-12-20,1983,12,20,0.031563703
1983-12-21,1983,12,21,0.0061311408
1983-12-22,1983,12,22,0
1983-12-23,1983,12,23,0
1983-12-24,1983,12,24,0
1983-12-25,1983,12,25,0
1983-12-26,1983,12,26,0.0010463737
1983-12-27,1983,12,27,0
1983-12-28,1983,12,28,0
1983-12-29,1983,12,29,0
1983-12-30,1983,12,30,0
1983-12-31,1983,12,31,0
1984-01-01,1984,1,1,0.063062122
1984-01-02,1984,1,2,0
1984-01-03,1984,1,3,0
1984-01-04,1984,1,4,0
1984-01-05,1984,1,5,0
1984-01-06,1984,1,6,0.053364866
1984-01-07,1984,1,7,0.075882688
1984-01-08,1984,1,8,0.00065386582
1984-01-09,1984,1,9,0
1984-01-10,1984,1,10,0
1984-01-11,1984,1,11,0
1984-01-12,1984,1,12,0
1984-01-13,1984,1,13,0
1984-01-14,1984,1,14,0.36439029
1984-01-15,1984,1,15,0.070311917
1984-01-16,1984,1,16,0
1984-01-17,1984,1,17,0
1984-01-18,1984,1,18,0.026577465
1984-01-19,1984,1,19,4.7980109
1984-01-20,1984,1,20,10.93218
1984-01-21,1984,1,21,2.995148
1984-01-22,1984,1,22,0.052491995
1984-01-23,1984,1,23,0
1984-01-24,1984,1,24,0
1984-01-25,1984,1,25,0
1984-01-26,1984,1,26,0.06543078
1984-01-27,1984,1,27,0
1984-01-28,1984,1,28,0
1984-01-29,1984,1,29,0
1984-01-30,1984,1,30,0
1984-01-31,1984,1,31,0
1984-02-01,1984,2,1,0
1984-02-02,1984,2,2,0
1984-02-03,1984,2,3,0
1984-02-04,1984,2,4,0.0027711539
1984-02-05,1984,2,5,0
1984-02-06,1984,2,6,0
1984-02-07,1984,2,7,0
1984-02-08,1984,2,8,0
1984-02-09,1984,2,9,0
1984-02-10,1984,2,10,0.011838742
1984-02-11,1984,2,11,0
1984-02-12,1984,2,12,0
1984-02-13,1984,2,13,0
1984-02-14,1984,2,14,0
1984-02-15,1984,2,15,0
1984-02-16,1984,2,16,0
1984-02-17,1984,2,17,0
1984-02-18,1984,2,18,0
1984-02-19,1984,2,19,0
1984-02-20,1984,2,20,0
1984-02-21,1984,2,21,0
1984-02-22,1984,2,22,0
1984-02-23,1984,2,23,0
1984-02-24,1984,2,24,0
1984-02-25,1984,2,25,0
1984-02-26,1984,2,26,0
1984-02-27,1984,2,27,0
1984-02-28,1984,2,28,0.013093457
1984-02-29,1984,2,29,0.048915154
1984-03-01,1984,3,1,0
1984-03-02,1984,3,2,0
1984-03-03,1984,3,3,0
1984-03-04,1984,3,4,0
1984-03-05,1984,3,5,0
1984-03-06,1984,3,6,0
1984-03-07,1984,3,7,0
1984-03-08,1984,3,8,0
1984-03-09,1984,3,9,0
1984-03-10,1984,3,10,0
1984-03-11,1984,3,11,0
1984-03-12,1984,3,12,14.207978
1984-03-13,1984,3,13,2.4801321
1984-03-14,1984,3,14,1.9776396
1984-03-15,1984,3,15,0
1984-03-16,1984,3,16,0
1984-03-17,1984,3,17,0
1984-03-18,1984,3,18,0
1984-03-19,1984,3,19,0
1984-03-20,1984,3,20,0
1984-03-21,1984,3,21,0
1984-03-22,1984,3,22,0
1984-03-23,1984,3,23,0.60489991
1984-03-24,1984,3,24,0
1984-03-25,1984,3,25,0
1984-03-26,1984,3,26,0
1984-03-27,1984,3,27,0
1984-03-28,1984,3,28,0
1984-03-29,1984,3,29,0
1984-03-30,1984,3,30,10.860809
1984-03-31,1984,3,31,0.00037956667
1984-04-01,1984,4,1,0.015630533
1984-04-02,1984,4,2,7.9350283e-06
1984-04-03,1984,4,3,0
1984-04-04,1984,4,4,0
1984-04-05,1984,4,5,0
1984-04-06,1984,4,6,0
1984-04-07,1984,4,7,0
1984-04-08,1984,4,8,0
1984-04-09,1984,4,9,0.00071527922
1984-04-10,1984,4,10,0
1984-04-11,1984,4,11,0
1984-04-12,1984,4,12,0
1984-04-13,1984,4,13,0
1984-04-14,1984,4,14,2.5174505
1984-04-15,1984,4,15,16.01237
1984-04-16,1984,4,16,0.01409374
1984-04-17,1984,4,17,0
1984-04-18,1984,4,18,1.0317641
1984-04-19,1984,4,19,0.55039523
1984-04-20,1984,4,20,0
1984-04-21,1984,4,21,0
1984-04-22,1984,4,22,0
1984-04-23,1984,4,23,6.3757051e-05
1984-04-24,1984,4,24,0.0031288406
1984-04-25,1984,4,25,0
1984-04-26,1984,4,26,0
1984-04-27,1984,4,27,0
1984-04-28,1984,4,28,0
1984-04-29,1984,4,29,0
1984-04-30,1984,4,30,0.096548914
1984-05-01,1984,5,1,0
1984-05-02,1984,5,2,0
1984-05-03,1984,5,3,28.765439
1984-05-04,1984,5,4,10.531238
1984-05-05,1984,5,5,0.0017061656
1984-05-06,1984,5,6,0
1984-05-07,1984,5,7,0
1984-05-08,1984,5,8,0
1984-05-09,1984,5,9,0.023384105
1984-05-10,1984,5,10,0
1984-05-11,1984,5,11,0
1984-05-12,1984,5,12,0
1984-05-13,1984,5,13,0
1984-05-14,1984,5,14,0
1984-05-15,1984,5,15,0
1984-05-16,1984,5,16,0.013488147
1984-05-17,1984,5,17,20.667317
1984-05-18,1984,5,18,17.15874
1984-05-19,1984,5,19,2.5180583
1984-05-20,1984,5,20,3.4501479
1984-05-21,1984,5,21,6.5397665
1984-05-22,1984,5,22,0.0023265894
1984-05-23,1984,5,23,0
1984-05-24,1984,5,24,0.13176775
1984-05-25,1984,5,25,9.69377
1984-05-26,1984,5,26,3.860489
1984-05-27,1984,5,27,11.142022
1984-05-28,1984,5,28,1.7752422
1984-05-29,1984,5,29,0
1984-05-30,1984,5,30,0
1984-05-31,1984,5,31,0
1984-06-01,1984,6,1,3.4295074
1984-06-02,1984,6,2,0.41341173
1984-06-03,1984,6,3,0.07636906
1984-06-04,1984,6,4,0.13725338
1984-06-05,1984,6,5,0.0065409152
1984-06-06,1984,6,6,0
1984-06-07,1984,6,7,1.6322148
1984-06-08,1984,6,8,0.49710493
1984-06-09,1984,6,9,1.518528
1984-06-10,1984,6,10,18.151987
1984-06-11,1984,6,11,4.2001014
1984-06-12,1984,6,12,0
1984-06-13,1984,6,13,0
1984-06-14,1984,6,14,0.24589752
1984-06-15,1984,6,15,1.1797445
1984-06-16,1984,6,16,0.64120796
1984-06-17,1984,6,17,0.0041637649
1984-06-18,1984,6,18,1.0855896
1984-06-19,1984,6,19,1.877692
1984-06-20,1984,6,20,8.1860079
1984-06-21,1984,6,21,0.53912677
1984-06-22,1984,6,22,0
1984-06-23,1984,6,23,9.8774119
1984-06-24,1984,6,24,16.623098
1984-06-25,1984,6,25,4.087771
1984-06-26,1984,6,26,0.020189642
1984-06-27,1984,6,27,0.35790315
1984-06-28,1984,6,28,4.9593927e-07
1984-06-29,1984,6,29,0
1984-06-30,1984,6,30,24.807504
1984-07-01,1984,7,1,51.013218
1984-07-02,1984,7,2,49.889334
1984-07-03,1984,7,3,71.91073
1984-07-04,1984,7,4,125.93166
1984-07-05,1984,7,5,25.203686
1984-07-06,1984,7,6,7.0039141
1984-07-07,1984,7,7,2.6778167
1984-07-08,1984,7,8,25.597303
1984-07-09,1984,7,9,5.5034363
1984-07-10,1984,7,10,38.624
1984-07-11,1984,7,11,10.844149
1984-07-12,1984,7,12,0
1984-07-13,1984,7,13,0
1984-07-14,1984,7,14,16.145166
1984-07-15,1984,7,15,4.5998749
1984-07-16,1984,7,16,0
1984-07-17,1984,7,17,0
1984-07-18,1984,7,18,0
1984-07-19,1984,7,19,0
1984-07-20,1984,7,20,0
1984-07-21,1984,7,21,0
1984-07-22,1984,7,22,0
1984-07-23,1984,7,23,0
1984-07-24,1984,7,24,0
1984-07-25,1984,7,25,0
1984-07-26,1984,7,26,0
1984-07-27,1984,7,27,0
1984-07-28,1984,7,28,0
1984-07-29,1984,7,29,0
1984-07-30,1984,7,30,0
1984-07-31,1984,7,31,0
1984-08-01,1984,8,1,0
1984-08-02,1984,8,2,0
1984-08-03,1984,8,3,1.5868633
1984-08-04,1984,8,4,9.1302695
1984-08-05,1984,8,5,7.0572608
1984-08-06,1984,8,6,0
1984-08-07,1984,8,7,0
1984-08-08,1984,8,8,0
1984-08-09,1984,8,9,0
1984-08-10,1984,8,10,3.4687997
1984-08-11,1984,8,11,0.030229189
1984-08-12,1984,8,12,0
1984-08-13,1984,8,13,0
1984-08-14,1984,8,14,0
1984-08-15,1984,8,15,0
1984-08-16,1984,8,16,7.2490304
1984-08-17,1984,8,17,3.098593
1984-08-18,1984,8,18,0
1984-08-19,1984,8,19,0
1984-08-20,1984,8,20,0
1984-08-21,1984,8,21,6.2144502
1984-08-22,1984,8,22,3.6179602
1984-08-23,1984,8,23,0.00033550722
1984-08-24,1984,8,24,0
1984-08-25,1984,8,25,0
1984-08-26,1984,8,26,0
1984-08-27,1984,8,27,0
1984-08-28,1984,8,28,0
1984-08-29,1984,8,29,0
1984-08-30,1984,8,30,0
1984-08-31,1984,8,31,0
1984-09-01,1984,9,1,0
1984-09-02,1984,9,2,0
1984-09-03,1984,9,3,0
1984-09-04,1984,9,4,0.36016405
1984-09-05,1984,9,5,0
1984-09-06,1984,9,6,0
1984-09-07,1984,9,7,0
1984-09-08,1984,9,8,0
1984-09-09,1984,9,9,0
1984-09-10,1984,9,10,0
1984-09-11,1984,9,11,0
1984-09-12,1984,9,12,0
1984-09-13,1984,9,13,18.033212
1984-09-14,1984,9,14,1.5164418
1984-09-15,1984,9,15,0.57188865
1984-09-16,1984,9,16,18.367174
1984-09-17,1984,9,17,44.717618
1984-09-18,1984,9,18,22.9498
1984-09-19,1984,9,19,4.0627488
1984-09-20,1984,9,20,0.211787
1984-09-21,1984,9,21,0
1984-09-22,1984,9,22,0.047002398
1984-09-23,1984,9,23,9.5549197
1984-09-24,1984,9,24,0.44539127
1984-09-25,1984,9,25,0.11594278
1984-09-26,1984,9,26,0
1984-09-27,1984,9,27,0
1984-09-28,1984,9,28,0
1984-09-29,1984,9,29,0
1984-09-30,1984,9,30,0.014147442
1984-10-01,1984,10,1,7.5080271
1984-10-02,1984,10,2,6.0886421
1984-10-03,1984,10,3,0
1984-10-04,1984,10,4,0
1984-10-05,1984,10,5,0
1984-10-06,1984,10,6,0
1984-10-07,1984,10,7,0
1984-10-08,1984,10,8,0
1984-10-09,1984,10,9,0
1984-10-10,1984,10,10,0
1984-10-11,1984,10,11,0
1984-10-12,1984,10,12,0
1984-10-13,1984,10,13,0
1984-10-14,1984,10,14,0
1984-10-15,1984,10,15,0
1984-10-16,1984,10,16,0
1984-10-17,1984,10,17,0
1984-10-18,1984,10,18,0
1984-10-19,1984,10,19,0
1984-10-20,1984,10,20,0
1984-10-21,1984,10,21,0
1984-10-22,1984,10,22,0
1984-10-23,1984,10,23,0
1984-10-24,1984,10,24,5.8515019
1984-10-25,1984,10,25,0.03996345
1984-10-26,1984,10,26,0
1984-10-27,1984,10,27,0
1984-10-28,1984,10,28,17.291725
1984-10-29,1984,10,29,1.7683539
1984-10-30,1984,10,30,0
1984-10-31,1984,10,31,0
1984-11-01,1984,11,1,0.16230103
1984-11-02,1984,11,2,13.376247
1984-11-03,1984,11,3,1.1937323
1984-11-04,1984,11,4,0
1984-11-05,1984,11,5,0.21009391
1984-11-06,1984,11,6,1.3743183
1984-11-07,1984,11,7,9.2722088
1984-11-08,1984,11,8,0
1984-11-09,1984,11,9,0
1984-11-10,1984,11,10,0.77408539
1984-11-11,1984,11,11,0.11759341
1984-11-12,1984,11,12,0
1984-11-13,1984,11,13,0
1984-11-14,1984,11,14,0
1984-11-15,1984,11,15,0
1984-11-16,1984,11,16,0
1984-11-17,1984,11,17,0
1984-11-18,1984,11,18,0
1984-11-19,1984,11,19,0
1984-11-20,1984,11,20,0
1984-11-21,1984,11,21,0
1984-11-22,1984,11,22,0
1984-11-23,1984,11,23,0
1984-11-24,1984,11,24,0
1984-11-25,1984,11,25,0
1984-11-26,1984,11,26,0
1984-11-27,1984,11,27,0
1984-11-28,1984,11,28,0
1984-11-29,1984,11,29,0
1984-11-30,1984,11,30,0
1984-12-01,1984,12,1,0
1984-12-02,1984,12,2,0
1984-12-03,1984,12,3,0
1984-12-04,1984,12,4,0
1984-12-05,1984,12,5,0
1984-12-06,1984,12,6,0
1984-12-07,1984,12,7,0
1984-12-08,1984,12,8,0
1984-12-09,1984,12,9,0
1984-12-10,1984,12,10,0
1984-12-11,1984,12,11,0
1984-12-12,1984,12,12,0
1984-12-13,1984,12,13,0
1984-12-14,1984,12,14,0
1984-12-15,1984,12,15,0
1984-12-16,1984,12,16,0
1984-12-17,1984,12,17,0
1984-12-18,1984,12,18,0
1984-12-19,1984,12,19,0
1984-12-20,1984,12,20,0
1984-12-21,1984,12,21,0
1984-12-22,1984,12,22,0
1984-12-23,1984,12,23,0.10664497
1984-12-24,1984,12,24,0
1984-12-25,1984,12,25,0
1984-12-26,1984,12,26,0.0018255474
1984-12-27,1984,12,27,0
1984-12-28,1984,12,28,0
1984-12-29,1984,12,29,0
1984-12-30,1984,12,30,0
1984-12-31,1984,12,31,0
1985-01-01,1985,1,1,0
1985-01-02,1985,1,2,0
1985-01-03,1985,1,3,0
1985-01-04,1985,1,4,0
1985-01-05,1985,1,5,0.01674472
1985-01-06,1985,1,6,0.017026326
1985-01-07,1985,1,7,0
1985-01-08,1985,1,8,0
1985-01-09,1985,1,9,0.29882833
1985-01-10,1985,1,10,1.238617
1985-01-11,1985,1,11,0.98090011
1985-01-12,1985,1,12,2.3522435
1985-01-13,1985,1,13,7.5026082
1985-01-14,1985,1,14,0.37886194
1985-01-15,1985,1,15,0
1985-01-16,1985,1,16,0
1985-01-17,1985,1,17,0
1985-01-18,1985,1,18,0
1985-01-19,1985,1,19,3.2572045
1985-01-20,1985,1,20,4.1679535
1985-01-21,1985,1,21,0
1985-01-22,1985,1,22,0
1985-01-23,1985,1,23,4.8545602e-05
1985-01-24,1985,1,24,0.46915543
1985-01-25,1985,1,25,0.20065049
1985-01-26,1985,1,26,0.0033869659
1985-01-27,1985,1,27,0
1985-01-28,1985,1,28,0
1985-01-29,1985,1,29,0.34002033
1985-01-30,1985,1,30,0.057332233
1985-01-31,1985,1,31,0
1985-02-01,1985,2,1,0.10263635
1985-02-02,1985,2,2,0.80573581
1985-02-03,1985,2,3,0.10712869
1985-02-04,1985,2,4,0
1985-02-05,1985,2,5,0.08993754
1985-02-06,1985,2,6,0
1985-02-07,1985,2,7,0
1985-02-08,1985,2,8,0
1985-02-09,1985,2,9,0
1985-02-10,1985,2,10,0
1985-02-11,1985,2,11,0
1985-02-12,1985,2,12,0
1985-02-13,1985,2,13,0
1985-02-14,1985,2,14,0
1985-02-15,1985,2,15,0
1985-02-16,1985,2,16,0
1985-02-17,1985,2,17,0
1985-02-18,1985,2,18,0
1985-02-19,1985,2,19,0
1985-02-20,1985,2,20,0
1985-02-21,1985,2,21,0
1985-02-22,1985,2,22,0
1985-02-23,1985,2,23,0
1985-02-24,1985,2,24,0
1985-02-25,1985,2,25,0
1985-02-26,1985,2,26,0
1985-02-27,1985,2,27,0
1985-02-28,1985,2,28,0
1985-03-01,1985,3,1,0
1985-03-02,1985,3,2,0
1985-03-03,1985,3,3,0
1985-03-04,1985,3,4,0
1985-03-05,1985,3,5,0
1985-03-06,1985,3,6,0
1985-03-07,1985,3,7,0
1985-03-08,1985,3,8,0
1985-03-09,1985,3,9,0
1985-03-10,1985,3,10,0
1985-03-11,1985,3,11,0
1985-03-12,1985,3,12,0
1985-03-13,1985,3,13,0
1985-03-14,1985,3,14,0
1985-03-15,1985,3,15,0.0021714834
1985-03-16,1985,3,16,0
1985-03-17,1985,3,17,0
1985-03-18,1985,3,18,0
1985-03-19,1985,3,19,0
1985-03-20,1985,3,20,0
1985-03-21,1985,3,21,0.19115365
1985-03-22,1985,3,22,0.0024802678
1985-03-23,1985,3,23,4.5651718
1985-03-24,1985,3,24,0
1985-03-25,1985,3,25,0
1985-03-26,1985,3,26,0
1985-03-27,1985,3,27,0
1985-03-28,1985,3,28,0
1985-03-29,1985,3,29,0
1985-03-30,1985,3,30,0
1985-03-31,1985,3,31,6.8233958
1985-04-01,1985,4,1,3.4716782
1985-04-02,1985,4,2,3.2316118
1985-04-03,1985,4,3,0.0044920573
1985-04-04,1985,4,4,0
1985-04-05,1985,4,5,0.0054154372
1985-04-06,1985,4,6,0
1985-04-07,1985,4,7,0
1985-04-08,1985,4,8,0
1985-04-09,1985,4,9,0
1985-04-10,1985,4,10,0
1985-04-11,1985,4,11,0
1985-04-12,1985,4,12,0
1985-04-13,1985,4,13,0.021407324
1985-04-14,1985,4,14,0
1985-04-15,1985,4,15,0
1985-04-16,1985,4,16,0
1985-04-17,1985,4,17,0
1985-04-18,1985,4,18,0
1985-04-19,1985,4,19,0
1985-04-20,1985,4,20,0
1985-04-21,1985,4,21,0
1985-04-22,1985,4,22,0
1985-04-23,1985,4,23,0
1985-04-24,1985,4,24,0
1985-04-25,1985,4,25,0
1985-04-26,1985,4,26,0
1985-04-27,1985,4,27,7.1753931
1985-04-28,1985,4,28,1.2068973
1985-04-29,1985,4,29,0.00014082707
1985-04-30,1985,4,30,0
1985-05-01,1985,5,1,0.0062270326
1985-05-02,1985,5,2,0.00083504667
1985-05-03,1985,5,3,0.00084769889
1985-05-04,1985,5,4,0
1985-05-05,1985,5,5,0.0082198129
1985-05-06,1985,5,6,0
1985-05-07,1985,5,7,0
1985-05-08,1985,5,8,0
1985-05-09,1985,5,9,0
1985-05-10,1985,5,10,0
1985-05-11,1985,5,11,0
1985-05-12,1985,5,12,0
1985-05-13,1985,5,13,0
1985-05-14,1985,5,14,0
1985-05-15,1985,5,15,0
1985-05-16,1985,5,16,0
1985-05-17,1985,5,17,27.072274
1985-05-18,1985,5,18,0.34457176
1985-05-19,1985,5,19,1.0828729
1985-05-20,1985,5,20,7.9956829
1985-05-21,1985,5,21,0
1985-05-22,1985,5,22,0.60827398
1985-05-23,1985,5,23,0
1985-05-24,1985,5,24,0
1985-05-25,1985,5,25,2.459783
1985-05-26,1985,5,26,0
1985-05-27,1985,5,27,0
1985-05-28,1985,5,28,0
1985-05-29,1985,5,29,0
1985-05-30,1985,5,30,0
1985-05-31,1985,5,31,0
1985-06-01,1985,6,1,0
1985-06-02,1985,6,2,0
1985-06-03,1985,6,3,0
1985-06-04,1985,6,4,0
1985-06-05,1985,6,5,0
1985-06-06,1985,6,6,0
1985-06-07,1985,6,7,0
1985-06-08,1985,6,8,0
1985-06-09,1985,6,9,0
1985-06-10,1985,6,10,0
1985-06-11,1985,6,11,0
1985-06-12,1985,6,12,0.35387579
1985-06-13,1985,6,13,5.5099887
1985-06-14,1985,6,14,5.3451478
1985-06-15,1985,6,15,1.4290623
1985-06-16,1985,6,16,0
1985-06-17,1985,6,17,0
1985-06-18,1985,6,18,0
1985-06-19,1985,6,19,0
1985-06-20,1985,6,20,0
1985-06-21,1985,6,21,0
1985-06-22,1985,6,22,0
1985-06-23,1985,6,23,0
1985-06-24,1985,6,24,0
1985-06-25,1985,6,25,0
1985-06-26,1985,6,26,0.00015702826
1985-06-27,1985,6,27,3.629035
1985-06-28,1985,6,28,0.94320021
1985-06-29,1985,6,29,3.7423778
1985-06-30,1985,6,30,0
1985-07-01,1985,7,1,0.25542471
1985-07-02,1985,7,2,5.98843
1985-07-03,1985,7,3,62.479288
1985-07-04,1985,7,4,6.7077194
1985-07-05,1985,7,5,0
1985-07-06,1985,7,6,0
1985-07-07,1985,7,7,6.2198701
1985-07-08,1985,7,8,1.8649234
1985-07-09,1985,7,9,0
1985-07-10,1985,7,10,0
1985-07-11,1985,7,11,0
1985-07-12,1985,7,12,0
1985-07-13,1985,7,13,0
1985-07-14,1985,7,14,0
1985-07-15,1985,7,15,0
1985-07-16,1985,7,16,0.00061149467
1985-07-17,1985,7,17,0.00049130885
1985-07-18,1985,7,18,0
1985-07-19,1985,7,19,0
1985-07-20,1985,7,20,0
1985-07-21,1985,7,21,0
1985-07-22,1985,7,22,0.91251436
1985-07-23,1985,7,23,0
1985-07-24,1985,7,24,0
1985-07-25,1985,7,25,0.68213305
1985-07-26,1985,7,26,0
1985-07-27,1985,7,27,0
1985-07-28,1985,7,28,0.00045305071
1985-07-29,1985,7,29,1.7402889
1985-07-30,1985,7,30,0.099350144
1985-07-31,1985,7,31,0
1985-08-01,1985,8,1,0
1985-08-02,1985,8,2,0
1985-08-03,1985,8,3,0
1985-08-04,1985,8,4,0
1985-08-05,1985,8,5,0.56815372
1985-08-06,1985,8,6,0
1985-08-07,1985,8,7,0.0072029376
1985-08-08,1985,8,8,0.047532388
1985-08-09,1985,8,9,0
1985-08-10,1985,8,10,0
1985-08-11,1985,8,11,0
1985-08-12,1985,8,12,0
1985-08-13,1985,8,13,0.0080352776
1985-08-14,1985,8,14,0.63116618
1985-08-15,1985,8,15,0
1985-08-16,1985,8,16,0
1985-08-17,1985,8,17,0
1985-08-18,1985,8,18,0
1985-08-19,1985,8,19,0
1985-08-20,1985,8,20,0
1985-08-21,1985,8,21,0
1985-08-22,1985,8,22,0
1985-08-23,1985,8,23,0
1985-08-24,1985,8,24,0
1985-08-25,1985,8,25,0
1985-08-26,1985,8,26,0
1985-08-27,1985,8,27,0
1985-08-28,1985,8,28,0
1985-08-29,1985,8,29,0
1985-08-30,1985,8,30,0
1985-08-31,1985,8,31,0
1985-09-01,1985,9,1,0
1985-09-02,1985,9,2,0
1985-09-03,1985,9,3,0
1985-09-04,1985,9,4,0
1985-09-05,1985,9,5,0
1985-09-06,1985,9,6,0
1985-09-07,1985,9,7,0
1985-09-08,1985,9,8,9.0875292
1985-09-09,1985,9,9,0.40076096
1985-09-10,1985,9,10,0
1985-09-11,1985,9,11,7.1847809
1985-09-12,1985,9,12,13.954374
1985-09-13,1985,9,13,18.266412
1985-09-14,1985,9,14,10.136834
1985-09-15,1985,9,15,3.3943827
1985-09-16,1985,9,16,0
1985-09-17,1985,9,17,0
1985-09-18,1985,9,18,0
1985-09-19,1985,9,19,0
1985-09-20,1985,9,20,0
1985-09-21,1985,9,21,0
1985-09-22,1985,9,22,0
1985-09-23,1985,9,23,0
1985-09-24,1985,9,24,0
1985-09-25,1985,9,25,6.5866742
1985-09-26,1985,9,26,3.2330864e-05
1985-09-27,1985,9,27,0
1985-09-28,1985,9,28,0
1985-09-29,1985,9,29,0
1985-09-30,1985,9,30,0
1985-10-01,1985,10,1,0
1985-10-02,1985,10,2,0
1985-10-03,1985,10,3,0
1985-10-04,1985,10,4,0
1985-10-05,1985,10,5,0
1985-10-06,1985,10,6,0
1985-10-07,1985,10,7,0
1985-10-08,1985,10,8,5.1229481
1985-10-09,1985,10,9,0
1985-10-10,1985,10,10,0
1985-10-11,1985,10,11,0
1985-10-12,1985,10,12,0
1985-10-13,1985,10,13,1.0146046
1985-10-14,1985,10,14,3.1613255
1985-10-15,1985,10,15,2.1102728
1985-10-16,1985,10,16,12.758217
1985-10-17,1985,10,17,17.904465
1985-10-18,1985,10,18,4.0912492
1985-10-19,1985,10,19,0.84160002
1985-10-20,1985,10,20,9.756016
1985-10-21,1985,10,21,0.82274566
1985-10-22,1985,10,22,0
1985-10-23,1985,10,23,0
1985-10-24,1985,10,24,0.039851508
1985-10-25,1985,10,25,4.0836456
1985-10-26,1985,10,26,15.637936
1985-10-27,1985,10,27,7.3467172
1985-10-28,1985,10,28,0.026863879
1985-10-29,1985,10,29,0.3414562
1985-10-30,1985,10,30,0.50243347
1985-10-31,1985,10,31,0
1985-11-01,1985,11,1,0
1985-11-02,1985,11,2,0
1985-11-03,1985,11,3,0
1985-11-04,1985,11,4,0
1985-11-05,1985,11,5,0
1985-11-06,1985,11,6,0
1985-11-07,1985,11,7,0
1985-11-08,1985,11,8,0.27233015
1985-11-09,1985,11,9,5.9929408
1985-11-10,1985,11,10,0
1985-11-11,1985,11,11,0
1985-11-12,1985,11,12,0
1985-11-13,1985,11,13,0
1985-11-14,1985,11,14,0.15496964
1985-11-15,1985,11,15,0
1985-11-16,1985,11,16,0
1985-11-17,1985,11,17,0
1985-11-18,1985,11,18,0
1985-11-19,1985,11,19,0
1985-11-20,1985,11,20,0
1985-11-21,1985,11,21,0
1985-11-22,1985,11,22,0
1985-11-23,1985,11,23,0
1985-11-24,1985,11,24,0
1985-11-25,1985,11,25,0
1985-11-26,1985,11,26,0
1985-11-27,1985,11,27,0
1985-11-28,1985,11,28,0
1985-11-29,1985,11,29,0
1985-11-30,1985,11,30,0.010937443
1985-12-01,1985,12,1,0.0013020163
1985-12-02,1985,12,2,0
1985-12-03,1985,12,3,0
1985-12-04,1985,12,4,0
1985-12-05,1985,12,5,0
1985-12-06,1985,12,6,0
1985-12-07,1985,12,7,0
1985-12-08,1985,12,8,0
1985-12-09,1985,12,9,0
1985-12-10,1985,12,10,0
1985-12-11,1985,12,11,0.0085982172
1985-12-12,1985,12,12,0
1985-12-13,1985,12,13,0
1985-12-14,1985,12,14,0
1985-12-15,1985,12,15,0.014225348
1985-12-16,1985,12,16,0.0073160962
1985-12-17,1985,12,17,0
1985-12-18,1985,12,18,0
1985-12-19,1985,12,19,0
1985-12-20,1985,12,20,0
1985-12-21,1985,12,21,0.005139285
1985-12-22,1985,12,22,0.1820375
1985-12-23,1985,12,23,0.50521721
1985-12-24,1985,12,24,0.056036151
1985-12-25,1985,12,25,0.0072615427
1985-12-26,1985,12,26,0.72065358
1985-12-27,1985,12,27,0.054652546
1985-12-28,1985,12,28,0.73721819
1985-12-29,1985,12,29,0.00091277372
1985-12-30,1985,12,30,0.00076064477
1985-12-31,1985,12,31,0
1986-01-01,1986,1,1,0.39180085
1986-01-02,1986,1,2,0.41338799
1986-01-03,1986,1,3,0.0015395299
1986-01-04,1986,1,4,0
1986-01-05,1986,1,5,0
1986-01-06,1986,1,6,0
1986-01-07,1986,1,7,0
1986-01-08,1986,1,8,0
1986-01-09,1986,1,9,0
1986-01-10,1986,1,10,0
1986-01-11,1986,1,11,0
1986-01-12,1986,1,12,0
1986-01-13,1986,1,13,0
1986-01-14,1986,1,14,0
1986-01-15,1986,1,15,0
1986-01-16,1986,1,16,0.051051789
1986-01-17,1986,1,17,0
1986-01-18,1986,1,18,0
1986-01-19,1986,1,19,0
1986-01-20,1986,1,20,0
1986-01-21,1986,1,21,0
1986-01-22,1986,1,22,0
1986-01-23,1986,1,23,0
1986-01-24,1986,1,24,0
1986-01-25,1986,1,25,0
1986-01-26,1986,1,26,0
1986-01-27,1986,1,27,0
1986-01-28,1986,1,28,0
1986-01-29,1986,1,29,0
1986-01-30,1986,1,30,0
1986-01-31,1986,1,31,0.0022643762
1986-02-01,1986,2,1,0
1986-02-02,1986,2,2,0
1986-02-03,1986,2,3,0
1986-02-04,1986,2,4,0.16445106
1986-02-05,1986,2,5,0.0031269202
1986-02-06,1986,2,6,0
1986-02-07,1986,2,7,5.9104587
1986-02-08,1986,2,8,6.9725095
1986-02-09,1986,2,9,1.0072194
1986-02-10,1986,2,10,0.13352588
1986-02-11,1986,2,11,0
1986-02-12,1986,2,12,0
1986-02-13,1986,2,13,0
1986-02-14,1986,2,14,0.23421529
1986-02-15,1986,2,15,1.1697501
1986-02-16,1986,2,16,0.15368588
1986-02-17,1986,2,17,0
1986-02-18,1986,2,18,0
1986-02-19,1986,2,19,0
1986-02-20,1986,2,20,0
1986-02-21,1986,2,21,0
1986-02-22,1986,2,22,0
1986-02-23,1986,2,23,3.0882169
1986-02-24,1986,2,24,0.034396436
1986-02-25,1986,2,25,0
1986-02-26,1986,2,26,0.022879586
1986-02-27,1986,2,27,0
1986-02-28,1986,2,28,0
1986-03-01,1986,3,1,0
1986-03-02,1986,3,2,0
1986-03-03,1986,3,3,0
1986-03-04,1986,3,4,0
1986-03-05,1986,3,5,0
1986-03-06,1986,3,6,0
1986-03-07,1986,3,7,0
1986-03-08,1986,3,8,0
1986-03-09,1986,3,9,0
1986-03-10,1986,3,10,0
1986-03-11,1986,3,11,0
1986-03-12,1986,3,12,0
1986-03-13,1986,3,13,0
1986-03-14,1986,3,14,0
1986-03-15,1986,3,15,0
1986-03-16,1986,3,16,0
1986-03-17,1986,3,17,0
1986-03-18,1986,3,18,0
1986-03-19,1986,3,19,0
1986-03-20,1986,3,20,0
1986-03-21,1986,3,21,0
1986-03-22,1986,3,22,0
1986-03-23,1986,3,23,0
1986-03-24,1986,3,24,0
1986-03-25,1986,3,25,0
1986-03-26,1986,3,26,0
1986-03-27,1986,3,27,0
1986-03-28,1986,3,28,0
1986-03-29,1986,3,29,0
1986-03-30,1986,3,30,0
1986-03-31,1986,3,31,0
1986-04-01,1986,4,1,0
1986-04-02,1986,4,2,0
1986-04-03,1986,4,3,0.77461153
1986-04-04,1986,4,4,0.10826034
1986-04-05,1986,4,5,0
1986-04-06,1986,4,6,0
1986-04-07,1986,4,7,0
1986-04-08,1986,4,8,0
1986-04-09,1986,4,9,0
1986-04-10,1986,4,10,0
1986-04-11,1986,4,11,0
1986-04-12,1986,4,12,0
1986-04-13,1986,4,13,0
1986-04-14,1986,4,14,0
1986-04-15,1986,4,15,0
1986-04-16,1986,4,16,0
1986-04-17,1986,4,17,0
1986-04-18,1986,4,18,0
1986-04-19,1986,4,19,8.1644622
1986-04-20,1986,4,20,23.264262
1986-04-21,1986,4,21,0.2757599
1986-04-22,1986,4,22,0
1986-04-23,1986,4,23,3.4845728
1986-04-24,1986,4,24,0.020064908
1986-04-25,1986,4,25,0
1986-04-26,1986,4,26,0
1986-04-27,1986,4,27,0
1986-04-28,1986,4,28,0
1986-04-29,1986,4,29,0
1986-04-30,1986,4,30,0
1986-05-01,1986,5,1,0
1986-05-02,1986,5,2,0
1986-05-03,1986,5,3,0
1986-05-04,1986,5,4,0
1986-05-05,1986,5,5,0
1986-05-06,1986,5,6,0
1986-05-07,1986,5,7,0
1986-05-08,1986,5,8,5.0206198
1986-05-09,1986,5,9,0
1986-05-10,1986,5,10,0
1986-05-11,1986,5,11,0.029925569
1986-05-12,1986,5,12,7.3510553
1986-05-13,1986,5,13,0.35457491
1986-05-14,1986,5,14,3.7110956
1986-05-15,1986,5,15,11.08338
1986-05-16,1986,5,16,0
1986-05-17,1986,5,17,8.4102897
1986-05-18,1986,5,18,18.337656
1986-05-19,1986,5,19,0.076770917
1986-05-20,1986,5,20,2.993954
1986-05-21,1986,5,21,0
1986-05-22,1986,5,22,1.3385711
1986-05-23,1986,5,23,16.748449
1986-05-24,1986,5,24,0
1986-05-25,1986,5,25,0
1986-05-26,1986,5,26,14.563928
1986-05-27,1986,5,27,129.41151
1986-05-28,1986,5,28,31.181782
1986-05-29,1986,5,29,0.31973718
1986-05-30,1986,5,30,0
1986-05-31,1986,5,31,0.01458917
1986-06-01,1986,6,1,0
1986-06-02,1986,6,2,0
1986-06-03,1986,6,3,1.3455729
1986-06-04,1986,6,4,2.162771
1986-06-05,1986,6,5,0.18489358
1986-06-06,1986,6,6,0
1986-06-07,1986,6,7,0
1986-06-08,1986,6,8,0.27192726
1986-06-09,1986,6,9,41.834335
1986-06-10,1986,6,10,7.7114913
1986-06-11,1986,6,11,1.9512349
1986-06-12,1986,6,12,28.529351
1986-06-13,1986,6,13,34.12964
1986-06-14,1986,6,14,12.093761
1986-06-15,1986,6,15,82.906857
1986-06-16,1986,6,16,116.93982
1986-06-17,1986,6,17,40.896127
1986-06-18,1986,6,18,10.653812
1986-06-19,1986,6,19,0
1986-06-20,1986,6,20,0
1986-06-21,1986,6,21,0
1986-06-22,1986,6,22,0
1986-06-23,1986,6,23,0
1986-06-24,1986,6,24,0
1986-06-25,1986,6,25,0
1986-06-26,1986,6,26,0
1986-06-27,1986,6,27,0
1986-06-28,1986,6,28,0
1986-06-29,1986,6,29,0
1986-06-30,1986,6,30,0
1986-07-01,1986,7,1,0
1986-07-02,1986,7,2,0
1986-07-03,1986,7,3,0
1986-07-04,1986,7,4,0
1986-07-05,1986,7,5,0
1986-07-06,1986,7,6,0
1986-07-07,1986,7,7,0
1986-07-08,1986,7,8,0
1986-07-09,1986,7,9,0
1986-07-10,1986,7,10,0
1986-07-11,1986,7,11,0
1986-07-12,1986,7,12,0
1986-07-13,1986,7,13,0
1986-07-14,1986,7,14,0
1986-07-15,1986,7,15,0
1986-07-16,1986,7,16,0.072457726
1986-07-17,1986,7,17,0
1986-07-18,1986,7,18,0
1986-07-19,1986,7,19,0
1986-07-20,1986,7,20,0
1986-07-21,1986,7,21,0
1986-07-22,1986,7,22,0
1986-07-23,1986,7,23,0
1986-07-24,1986,7,24,0
1986-07-25,1986,7,25,0
1986-07-26,1986,7,26,0
1986-07-27,1986,7,27,0
1986-07-28,1986,7,28,0.5590386
1986-07-29,1986,7,29,3.4601116
1986-07-30,1986,7,30,0
1986-07-31,1986,7,31,0.00052139501
1986-08-01,1986,8,1,0
1986-08-02,1986,8,2,0
1986-08-03,1986,8,3,4.8649908
1986-08-04,1986,8,4,0.26974852
1986-08-05,1986,8,5,0
1986-08-06,1986,8,6,0
1986-08-07,1986,8,7,0
1986-08-08,1986,8,8,0.31383901
1986-08-09,1986,8,9,1.870621
1986-08-10,1986,8,10,0
1986-08-11,1986,8,11,0
1986-08-12,1986,8,12,0.53110374
1986-08-13,1986,8,13,4.2706049
1986-08-14,1986,8,14,0.0026350165
1986-08-15,1986,8,15,0
1986-08-16,1986,8,16,0
1986-08-17,1986,8,17,0
1986-08-18,1986,8,18,0
1986-08-19,1986,8,19,0
1986-08-20,1986,8,20,30.251365
1986-08-21,1986,8,21,43.670828
1986-08-22,1986,8,22,9.100944
1986-08-23,1986,8,23,11.132718
1986-08-24,1986,8,24,3.3073969
1986-08-25,1986,8,25,0
1986-08-26,1986,8,26,0
1986-08-27,1986,8,27,0
1986-08-28,1986,8,28,0
1986-08-29,1986,8,29,0
1986-08-30,1986,8,30,0.0054745823
1986-08-31,1986,8,31,0
1986-09-01,1986,9,1,0
1986-09-02,1986,9,2,0.30867431
1986-09-03,1986,9,3,0
1986-09-04,1986,9,4,0
1986-09-05,1986,9,5,0
1986-09-06,1986,9,6,0
1986-09-07,1986,9,7,0
1986-09-08,1986,9,8,0
1986-09-09,1986,9,9,0
1986-09-10,1986,9,10,0
1986-09-11,1986,9,11,0
1986-09-12,1986,9,12,2.2471256
1986-09-13,1986,9,13,1.7074275
1986-09-14,1986,9,14,0.14744341
1986-09-15,1986,9,15,5.4280878
1986-09-16,1986,9,16,1.7235965
1986-09-17,1986,9,17,0
1986-09-18,1986,9,18,0
1986-09-19,1986,9,19,0
1986-09-20,1986,9,20,8.4515369
1986-09-21,1986,9,21,0.076684714
1986-09-22,1986,9,22,0
1986-09-23,1986,9,23,0.3352064
1986-09-24,1986,9,24,0.16685174
1986-09-25,1986,9,25,0.0013205386
1986-09-26,1986,9,26,0
1986-09-27,1986,9,27,0
1986-09-28,1986,9,28,0
1986-09-29,1986,9,29,0
1986-09-30,1986,9,30,0
1986-10-01,1986,10,1,0
1986-10-02,1986,10,2,3.6398298
1986-10-03,1986,10,3,0.18418986
1986-10-04,1986,10,4,0.87031436
1986-10-05,1986,10,5,5.8605318
1986-10-06,1986,10,6,8.3769323
1986-10-07,1986,10,7,0.0016734185
1986-10-08,1986,10,8,0.00015510596
1986-10-09,1986,10,9,0
1986-10-10,1986,10,10,0
1986-10-11,1986,10,11,0
1986-10-12,1986,10,12,0
1986-10-13,1986,10,13,0
1986-10-14,1986,10,14,0
1986-10-15,1986,10,15,0.045428682
1986-10-16,1986,10,16,0
1986-10-17,1986,10,17,0
1986-10-18,1986,10,18,0.00081924297
1986-10-19,1986,10,19,0
1986-10-20,1986,10,20,0
1986-10-21,1986,10,21,0
1986-10-22,1986,10,22,0
1986-10-23,1986,10,23,0
1986-10-24,1986,10,24,0
1986-10-25,1986,10,25,0
1986-10-26,1986,10,26,0
1986-10-27,1986,10,27,0
1986-10-28,1986,10,28,0
1986-10-29,1986,10,29,2.0772498
1986-10-30,1986,10,30,5.4150622
1986-10-31,1986,10,31,6.7480827
1986-11-01,1986,11,1,0.65869689
1986-11-02,1986,11,2,0.10858282
1986-11-03,1986,11,3,0
1986-11-04,1986,11,4,0
1986-11-05,1986,11,5,0
1986-11-06,1986,11,6,0
1986-11-07,1986,11,7,0
1986-11-08,1986,11,8,0
1986-11-09,1986,11,9,0
1986-11-10,1986,11,10,0
1986-11-11,1986,11,11,0
1986-11-12,1986,11,12,0
1986-11-13,1986,11,13,0
1986-11-14,1986,11,14,0
1986-11-15,1986,11,15,0
1986-11-16,1986,11,16,0
1986-11-17,1986,11,17,0
1986-11-18,1986,11,18,0
1986-11-19,1986,11,19,0
1986-11-20,1986,11,20,0
1986-11-21,1986,11,21,0
1986-11-22,1986,11,22,0
1986-11-23,1986,11,23,0
1986-11-24,1986,11,24,0
1986-11-25,1986,11,25,0
1986-11-26,1986,11,26,5.0896305
1986-11-27,1986,11,27,8.3233239
1986-11-28,1986,11,28,0
1986-11-29,1986,11,29,0
1986-11-30,1986,11,30,0.00016537451
1986-12-01,1986,12,1,0.015441913
1986-12-02,1986,12,2,0
1986-12-03,1986,12,3,0
1986-12-04,1986,12,4,0
1986-12-05,1986,12,5,0
1986-12-06,1986,12,6,0.0035630606
1986-12-07,1986,12,7,0
1986-12-08,1986,12,8,0
1986-12-09,1986,12,9,0
1986-12-10,1986,12,10,0.00060851581
1986-12-11,1986,12,11,0
1986-12-12,1986,12,12,0
1986-12-13,1986,12,13,0
1986-12-14,1986,12,14,0
1986-12-15,1986,12,15,0
1986-12-16,1986,12,16,0
1986-12-17,1986,12,17,0.014411148
1986-12-18,1986,12,18,0
1986-12-19,1986,12,19,0
1986-12-20,1986,12,20,0
1986-12-21,1986,12,21,0
1986-12-22,1986,12,22,0
1986-12-23,1986,12,23,1.4253426
1986-12-24,1986,12,24,0.0037370488
1986-12-25,1986,12,25,2.1821328e-05
1986-12-26,1986,12,26,0
1986-12-27,1986,12,27,0
1986-12-28,1986,12,28,0.0020927473
1986-12-29,1986,12,29,0
1986-12-30,1986,12,30,0
1986-12-31,1986,12,31,0
1987-01-01,1987,1,1,0
1987-01-02,1987,1,2,0
1987-01-03,1987,1,3,0
1987-01-04,1987,1,4,0
1987-01-05,1987,1,5,0
1987-01-06,1987,1,6,0.053053223
1987-01-07,1987,1,7,0.0038488248
1987-01-08,1987,1,8,0
1987-01-09,1987,1,9,0
1987-01-10,1987,1,10,0
1987-01-11,1987,1,11,0
1987-01-12,1987,1,12,0
1987-01-13,1987,1,13,0
1987-01-14,1987,1,14,0
1987-01-15,1987,1,15,0
1987-01-16,1987,1,16,0
1987-01-17,1987,1,17,0
1987-01-18,1987,1,18,0
1987-01-19,1987,1,19,0
1987-01-20,1987,1,20,0
1987-01-21,1987,1,21,0
1987-01-22,1987,1,22,0
1987-01-23,1987,1,23,0
1987-01-24,1987,1,24,0
1987-01-25,1987,1,25,0
1987-01-26,1987,1,26,0
1987-01-27,1987,1,27,1.8497448
1987-01-28,1987,1,28,0.23372871
1987-01-29,1987,1,29,0
1987-01-30,1987,1,30,0
1987-01-31,1987,1,31,0.0070828886
1987-02-01,1987,2,1,0
1987-02-02,1987,2,2,0
1987-02-03,1987,2,3,0
1987-02-04,1987,2,4,0
1987-02-05,1987,2,5,0
1987-02-06,1987,2,6,0.0064844732
1987-02-07,1987,2,7,0.062976229
1987-02-08,1987,2,8,0
1987-02-09,1987,2,9,0
1987-02-10,1987,2,10,0
1987-02-11,1987,2,11,0
1987-02-12,1987,2,12,0
1987-02-13,1987,2,13,0.011403351
1987-02-14,1987,2,14,1.0849091
1987-02-15,1987,2,15,1.6789544
1987-02-16,1987,2,16,0.28477086
1987-02-17,1987,2,17,0.10302332
1987-02-18,1987,2,18,1.7186979
1987-02-19,1987,2,19,11.807792
1987-02-20,1987,2,20,3.3412051
1987-02-21,1987,2,21,0.037935136
1987-02-22,1987,2,22,0.00015510596
1987-02-23,1987,2,23,0
1987-02-24,1987,2,24,0
1987-02-25,1987,2,25,0
1987-02-26,1987,2,26,0
1987-02-27,1987,2,27,0
1987-02-28,1987,2,28,0
1987-03-01,1987,3,1,0
1987-03-02,1987,3,2,0
1987-03-03,1987,3,3,0
1987-03-04,1987,3,4,0
1987-03-05,1987,3,5,0
1987-03-06,1987,3,6,0
1987-03-07,1987,3,7,0
1987-03-08,1987,3,8,0
1987-03-09,1987,3,9,0
1987-03-10,1987,3,10,0
1987-03-11,1987,3,11,0
1987-03-12,1987,3,12,0
1987-03-13,1987,3,13,0
1987-03-14,1987,3,14,0
1987-03-15,1987,3,15,0
1987-03-16,1987,3,16,0
1987-03-17,1987,3,17,0
1987-03-18,1987,3,18,0
1987-03-19,1987,3,19,0
1987-03-20,1987,3,20,0
1987-03-21,1987,3,21,0
1987-03-22,1987,3,22,4.6292458
1987-03-23,1987,3,23,10.454876
1987-03-24,1987,3,24,6.3976078
1987-03-25,1987,3,25,0
1987-03-26,1987,3,26,0
1987-03-27,1987,3,27,0
1987-03-28,1987,3,28,0.0020428771
1987-03-29,1987,3,29,0.0068095903
1987-03-30,1987,3,30,0
1987-03-31,1987,3,31,0
1987-04-01,1987,4,1,0
1987-04-02,1987,4,2,0
1987-04-03,1987,4,3,0
1987-04-04,1987,4,4,0
1987-04-05,1987,4,5,0
1987-04-06,1987,4,6,0
1987-04-07,1987,4,7,0
1987-04-08,1987,4,8,0
1987-04-09,1987,4,9,0
1987-04-10,1987,4,10,0
1987-04-11,1987,4,11,0
1987-04-12,1987,4,12,0
1987-04-13,1987,4,13,0
1987-04-14,1987,4,14,1.048005
1987-04-15,1987,4,15,6.2844515
1987-04-16,1987,4,16,0.00067684787
1987-04-17,1987,4,17,0
1987-04-18,1987,4,18,0
1987-04-19,1987,4,19,0
1987-04-20,1987,4,20,0
1987-04-21,1987,4,21,0
1987-04-22,1987,4,22,0
1987-04-23,1987,4,23,0
1987-04-24,1987,4,24,0
1987-04-25,1987,4,25,0
1987-04-26,1987,4,26,0.053882311
1987-04-27,1987,4,27,0
1987-04-28,1987,4,28,0
1987-04-29,1987,4,29,0
1987-04-30,1987,4,30,9.9599189
1987-05-01,1987,5,1,0.037199714
1987-05-02,1987,5,2,0
1987-05-03,1987,5,3,0
1987-05-04,1987,5,4,0
1987-05-05,1987,5,5,0.72263768
1987-05-06,1987,5,6,39.979506
1987-05-07,1987,5,7,6.9153075
1987-05-08,1987,5,8,0
1987-05-09,1987,5,9,0
1987-05-10,1987,5,10,0
1987-05-11,1987,5,11,0
1987-05-12,1987,5,12,0
1987-05-13,1987,5,13,0
1987-05-14,1987,5,14,0
1987-05-15,1987,5,15,0
1987-05-16,1987,5,16,1.0870603
1987-05-17,1987,5,17,2.4948256
1987-05-18,1987,5,18,0
1987-05-19,1987,5,19,0
1987-05-20,1987,5,20,0
1987-05-21,1987,5,21,0
1987-05-22,1987,5,22,0
1987-05-23,1987,5,23,0
1987-05-24,1987,5,24,0
1987-05-25,1987,5,25,0
1987-05-26,1987,5,26,0.77445541
1987-05-27,1987,5,27,0.022835893
1987-05-28,1987,5,28,0.01395668
1987-05-29,1987,5,29,7.9505556
1987-05-30,1987,5,30,0
1987-05-31,1987,5,31,0.0044852366
1987-06-01,1987,6,1,0
1987-06-02,1987,6,2,47.171793
1987-06-03,1987,6,3,17.728317
1987-06-04,1987,6,4,0.0092441126
1987-06-05,1987,6,5,0
1987-06-06,1987,6,6,0.02217012
1987-06-07,1987,6,7,0
1987-06-08,1987,6,8,0
1987-06-09,1987,6,9,0
1987-06-10,1987,6,10,0
1987-06-11,1987,6,11,1.8838802
1987-06-12,1987,6,12,0.64633725
1987-06-13,1987,6,13,0.063010052
1987-06-14,1987,6,14,0.25212422
1987-06-15,1987,6,15,0.0001252919
1987-06-16,1987,6,16,0
1987-06-17,1987,6,17,0
1987-06-18,1987,6,18,0
1987-06-19,1987,6,19,0
1987-06-20,1987,6,20,0
1987-06-21,1987,6,21,0
1987-06-22,1987,6,22,0
1987-06-23,1987,6,23,0
1987-06-24,1987,6,24,0
1987-06-25,1987,6,25,0
1987-06-26,1987,6,26,0
1987-06-27,1987,6,27,3.586107
1987-06-28,1987,6,28,0
1987-06-29,1987,6,29,0
1987-06-30,1987,6,30,0
1987-07-01,1987,7,1,0
1987-07-02,1987,7,2,0
1987-07-03,1987,7,3,0
1987-07-04,1987,7,4,0
1987-07-05,1987,7,5,0
1987-07-06,1987,7,6,0
1987-07-07,1987,7,7,0
1987-07-08,1987,7,8,0.8875123
1987-07-09,1987,7,9,13.634633
1987-07-10,1987,7,10,32.819498
1987-07-11,1987,7,11,93.730449
1987-07-12,1987,7,12,48.954393
1987-07-13,1987,7,13,24.255632
1987-07-14,1987,7,14,74.401143
1987-07-15,1987,7,15,93.860555
1987-07-16,1987,7,16,32.20178
1987-07-17,1987,7,17,2.2199237
1987-07-18,1987,7,18,0
1987-07-19,1987,7,19,0
1987-07-20,1987,7,20,0
1987-07-21,1987,7,21,0.0076750516
1987-07-22,1987,7,22,0.18703053
1987-07-23,1987,7,23,29.753191
1987-07-24,1987,7,24,45.116458
1987-07-25,1987,7,25,13.712599
1987-07-26,1987,7,26,0.21289623
1987-07-27,1987,7,27,0
1987-07-28,1987,7,28,0
1987-07-29,1987,7,29,0
1987-07-30,1987,7,30,0
1987-07-31,1987,7,31,0.11490488
1987-08-01,1987,8,1,0
1987-08-02,1987,8,2,0
1987-08-03,1987,8,3,5.9168718
1987-08-04,1987,8,4,0.29901907
1987-08-05,1987,8,5,0
1987-08-06,1987,8,6,0
1987-08-07,1987,8,7,0
1987-08-08,1987,8,8,7.6781276
1987-08-09,1987,8,9,42.798253
1987-08-10,1987,8,10,29.072543
1987-08-11,1987,8,11,72.140281
1987-08-12,1987,8,12,38.49914
1987-08-13,1987,8,13,67.930389
1987-08-14,1987,8,14,45.563685
1987-08-15,1987,8,15,2.9925731
1987-08-16,1987,8,16,0
1987-08-17,1987,8,17,0
1987-08-18,1987,8,18,0
1987-08-19,1987,8,19,0
1987-08-20,1987,8,20,0
1987-08-21,1987,8,21,0
1987-08-22,1987,8,22,0
1987-08-23,1987,8,23,0
1987-08-24,1987,8,24,0
1987-08-25,1987,8,25,0
1987-08-26,1987,8,26,1.808321
1987-08-27,1987,8,27,2.195191
1987-08-28,1987,8,28,0
1987-08-29,1987,8,29,0
1987-08-30,1987,8,30,0
1987-08-31,1987,8,31,0
1987-09-01,1987,9,1,1.7666299
1987-09-02,1987,9,2,0
1987-09-03,1987,9,3,0
1987-09-04,1987,9,4,0.28566193
1987-09-05,1987,9,5,0
1987-09-06,1987,9,6,4.1834917
1987-09-07,1987,9,7,16.188803
1987-09-08,1987,9,8,13.059324
1987-09-09,1987,9,9,2.3290453
1987-09-10,1987,9,10,0
1987-09-11,1987,9,11,0
1987-09-12,1987,9,12,0
1987-09-13,1987,9,13,0
1987-09-14,1987,9,14,0
1987-09-15,1987,9,15,0
1987-09-16,1987,9,16,0
1987-09-17,1987,9,17,0
1987-09-18,1987,9,18,0
1987-09-19,1987,9,19,0
1987-09-20,1987,9,20,0.35553382
1987-09-21,1987,9,21,0
1987-09-22,1987,9,22,0
1987-09-23,1987,9,23,0
1987-09-24,1987,9,24,0
1987-09-25,1987,9,25,0.0012408477
1987-09-26,1987,9,26,0
1987-09-27,1987,9,27,0.049770869
1987-09-28,1987,9,28,2.1532257
1987-09-29,1987,9,29,2.1294012
1987-09-30,1987,9,30,0.001517974
1987-10-01,1987,10,1,0
1987-10-02,1987,10,2,0.023271953
1987-10-03,1987,10,3,0.0037225431
1987-10-04,1987,10,4,0
1987-10-05,1987,10,5,0
1987-10-06,1987,10,6,0
1987-10-07,1987,10,7,0
1987-10-08,1987,10,8,0
1987-10-09,1987,10,9,12.599985
1987-10-10,1987,10,10,27.382542
1987-10-11,1987,10,11,2.1495542
1987-10-12,1987,10,12,0
1987-10-13,1987,10,13,0.49559009
1987-10-14,1987,10,14,5.7528881
1987-10-15,1987,10,15,0
1987-10-16,1987,10,16,0
1987-10-17,1987,10,17,0
1987-10-18,1987,10,18,0
1987-10-19,1987,10,19,0
1987-10-20,1987,10,20,0
1987-10-21,1987,10,21,0
1987-10-22,1987,10,22,0
1987-10-23,1987,10,23,0
1987-10-24,1987,10,24,0
1987-10-25,1987,10,25,0
1987-10-26,1987,10,26,0
1987-10-27,1987,10,27,0
1987-10-28,1987,10,28,0
1987-10-29,1987,10,29,0
1987-10-30,1987,10,30,0.022847831
1987-10-31,1987,10,31,4.2799081
1987-11-01,1987,11,1,0
1987-11-02,1987,11,2,0
1987-11-03,1987,11,3,0.72841252
1987-11-04,1987,11,4,0
1987-11-05,1987,11,5,0
1987-11-06,1987,11,6,0.00077597534
1987-11-07,1987,11,7,0
1987-11-08,1987,11,8,0
1987-11-09,1987,11,9,0
1987-11-10,1987,11,10,0
1987-11-11,1987,11,11,0
1987-11-12,1987,11,12,0
1987-11-13,1987,11,13,0
1987-11-14,1987,11,14,0
1987-11-15,1987,11,15,0
1987-11-16,1987,11,16,0
1987-11-17,1987,11,17,0
1987-11-18,1987,11,18,0
1987-11-19,1987,11,19,0
1987-11-20,1987,11,20,0
1987-11-21,1987,11,21,0
1987-11-22,1987,11,22,0
1987-11-23,1987,11,23,0
1987-11-24,1987,11,24,0
1987-11-25,1987,11,25,0
1987-11-26,1987,11,26,0
1987-11-27,1987,11,27,0
1987-11-28,1987,11,28,0
1987-11-29,1987,11,29,0
1987-11-30,1987,11,30,0
1987-12-01,1987,12,1,0
1987-12-02,1987,12,2,0.0026368013
1987-12-03,1987,12,3,0.0022422293
1987-12-04,1987,12,4,0
1987-12-05,1987,12,5,0
1987-12-06,1987,12,6,5.2175534
1987-12-07,1987,12,7,0.33286462
1987-12-08,1987,12,8,0
1987-12-09,1987,12,9,0
1987-12-10,1987,12,10,3.4794831
1987-12-11,1987,12,11,0.080054284
1987-12-12,1987,12,12,0
1987-12-13,1987,12,13,1.4668408
1987-12-14,1987,12,14,0.0077070003
1987-12-15,1987,12,15,0
1987-12-16,1987,12,16,0
1987-12-17,1987,12,17,0
1987-12-18,1987,12,18,0
1987-12-19,1987,12,19,0
1987-12-20,1987,12,20,0
1987-12-21,1987,12,21,0
1987-12-22,1987,12,22,0
1987-12-23,1987,12,23,0
1987-12-24,1987,12,24,0
1987-12-25,1987,12,25,0
1987-12-26,1987,12,26,0
1987-12-27,1987,12,27,0
1987-12-28,1987,12,28,0
1987-12-29,1987,12,29,0.0131156
1987-12-30,1987,12,30,0.0088326033
1987-12-31,1987,12,31,0
1988-01-01,1988,1,1,0
1988-01-02,1988,1,2,0
1988-01-03,1988,1,3,0
1988-01-04,1988,1,4,0
1988-01-05,1988,1,5,0
1988-01-06,1988,1,6,0
1988-01-07,1988,1,7,0
1988-01-08,1988,1,8,0
1988-01-09,1988,1,9,0
1988-01-10,1988,1,10,0
1988-01-11,1988,1,11,0
1988-01-12,1988,1,12,0
1988-01-13,1988,1,13,0
1988-01-14,1988,1,14,0
1988-01-15,1988,1,15,0
1988-01-16,1988,1,16,0
1988-01-17,1988,1,17,0.00014606553
1988-01-18,1988,1,18,0
1988-01-19,1988,1,19,0
1988-01-20,1988,1,20,0
1988-01-21,1988,1,21,0
1988-01-22,1988,1,22,0
1988-01-23,1988,1,23,0.0029487063
1988-01-24,1988,1,24,0.00169066
1988-01-25,1988,1,25,0
1988-01-26,1988,1,26,0
1988-01-27,1988,1,27,0
1988-01-28,1988,1,28,0
1988-01-29,1988,1,29,0
1988-01-30,1988,1,30,0.013255495
1988-01-31,1988,1,31,0.56521062
1988-02-01,1988,2,1,0
1988-02-02,1988,2,2,0
1988-02-03,1988,2,3,0
1988-02-04,1988,2,4,0.10188132
1988-02-05,1988,2,5,0.086085446
1988-02-06,1988,2,6,0.073470742
1988-02-07,1988,2,7,0.43226992
1988-02-08,1988,2,8,0.022784692
1988-02-09,1988,2,9,0.01276325
1988-02-10,1988,2,10,1.7957817
1988-02-11,1988,2,11,0.24558732
1988-02-12,1988,2,12,0
1988-02-13,1988,2,13,0
1988-02-14,1988,2,14,0
1988-02-15,1988,2,15,0
1988-02-16,1988,2,16,0
1988-02-17,1988,2,17,0
1988-02-18,1988,2,18,0
1988-02-19,1988,2,19,0
1988-02-20,1988,2,20,0
1988-02-21,1988,2,21,0
1988-02-22,1988,2,22,0
1988-02-23,1988,2,23,0.57817565
1988-02-24,1988,2,24,0.25707818
1988-02-25,1988,2,25,0.033353271
1988-02-26,1988,2,26,0.0030790599
1988-02-27,1988,2,27,0
1988-02-28,1988,2,28,0
1988-02-29,1988,2,29,0
1988-03-01,1988,3,1,0
1988-03-02,1988,3,2,0
1988-03-03,1988,3,3,0
1988-03-04,1988,3,4,0
1988-03-05,1988,3,5,0
1988-03-06,1988,3,6,0
1988-03-07,1988,3,7,0
1988-03-08,1988,3,8,0
1988-03-09,1988,3,9,0.012690561
1988-03-10,1988,3,10,2.715076
1988-03-11,1988,3,11,0
1988-03-12,1988,3,12,0
1988-03-13,1988,3,13,0
1988-03-14,1988,3,14,0
1988-03-15,1988,3,15,0
1988-03-16,1988,3,16,0
1988-03-17,1988,3,17,0
1988-03-18,1988,3,18,0
1988-03-19,1988,3,19,0
1988-03-20,1988,3,20,0
1988-03-21,1988,3,21,0
1988-03-22,1988,3,22,0
1988-03-23,1988,3,23,0
1988-03-24,1988,3,24,0
1988-03-25,1988,3,25,0
1988-03-26,1988,3,26,0
1988-03-27,1988,3,27,0
1988-03-28,1988,3,28,0
1988-03-29,1988,3,29,0
1988-03-30,1988,3,30,0
1988-03-31,1988,3,31,0
1988-04-01,1988,4,1,0
1988-04-02,1988,4,2,0
1988-04-03,1988,4,3,0
1988-04-04,1988,4,4,0
1988-04-05,1988,4,5,0
1988-04-06,1988,4,6,0
1988-04-07,1988,4,7,0
1988-04-08,1988,4,8,0
1988-04-09,1988,4,9,0
1988-04-10,1988,4,10,0
1988-04-11,1988,4,11,0
1988-04-12,1988,4,12,0
1988-04-13,1988,4,13,0
1988-04-14,1988,4,14,7.462727
1988-04-15,1988,4,15,0.0015493131
1988-04-16,1988,4,16,0
1988-04-17,1988,4,17,0
1988-04-18,1988,4,18,0
1988-04-19,1988,4,19,0
1988-04-20,1988,4,20,0.968939
1988-04-21,1988,4,21,0
1988-04-22,1988,4,22,0
1988-04-23,1988,4,23,0
1988-04-24,1988,4,24,0
1988-04-25,1988,4,25,0
1988-04-26,1988,4,26,0
1988-04-27,1988,4,27,0
1988-04-28,1988,4,28,0
1988-04-29,1988,4,29,0
1988-04-30,1988,4,30,0
1988-05-01,1988,5,1,0
1988-05-02,1988,5,2,0
1988-05-03,1988,5,3,0.0061321205
1988-05-04,1988,5,4,0
1988-05-05,1988,5,5,0
1988-05-06,1988,5,6,0.001518232
1988-05-07,1988,5,7,0
1988-05-08,1988,5,8,0
1988-05-09,1988,5,9,0
1988-05-10,1988,5,10,0
1988-05-11,1988,5,11,1.4777723
1988-05-12,1988,5,12,0
1988-05-13,1988,5,13,0
1988-05-14,1988,5,14,0
1988-05-15,1988,5,15,12.856209
1988-05-16,1988,5,16,0
1988-05-17,1988,5,17,0
1988-05-18,1988,5,18,0
1988-05-19,1988,5,19,0
1988-05-20,1988,5,20,0
1988-05-21,1988,5,21,0
1988-05-22,1988,5,22,0.00026569667
1988-05-23,1988,5,23,0
1988-05-24,1988,5,24,0
1988-05-25,1988,5,25,0
1988-05-26,1988,5,26,0
1988-05-27,1988,5,27,0
1988-05-28,1988,5,28,0
1988-05-29,1988,5,29,0.00033551637
1988-05-30,1988,5,30,0.0037648129
1988-05-31,1988,5,31,0
1988-06-01,1988,6,1,0
1988-06-02,1988,6,2,0.027223485
1988-06-03,1988,6,3,0
1988-06-04,1988,6,4,0
1988-06-05,1988,6,5,0
1988-06-06,1988,6,6,0
1988-06-07,1988,6,7,0
1988-06-08,1988,6,8,0.0015176457
1988-06-09,1988,6,9,0
1988-06-10,1988,6,10,0
1988-06-11,1988,6,11,0
1988-06-12,1988,6,12,0
1988-06-13,1988,6,13,0
1988-06-14,1988,6,14,0
1988-06-15,1988,6,15,0
1988-06-16,1988,6,16,0.69114362
1988-06-17,1988,6,17,0.041970302
1988-06-18,1988,6,18,0.0004141008
1988-06-19,1988,6,19,3.5940499
1988-06-20,1988,6,20,6.4549001
1988-06-21,1988,6,21,0
1988-06-22,1988,6,22,0.0068246623
1988-06-23,1988,6,23,0.0053146772
1988-06-24,1988,6,24,0
1988-06-25,1988,6,25,0
1988-06-26,1988,6,26,0
1988-06-27,1988,6,27,0
1988-06-28,1988,6,28,1.0525444
1988-06-29,1988,6,29,0
1988-06-30,1988,6,30,0
1988-07-01,1988,7,1,3.0049177
1988-07-02,1988,7,2,0.34998524
1988-07-03,1988,7,3,0.043793306
1988-07-04,1988,7,4,0.071606959
1988-07-05,1988,7,5,0.11753934
1988-07-06,1988,7,6,0
1988-07-07,1988,7,7,0
1988-07-08,1988,7,8,0
1988-07-09,1988,7,9,0
1988-07-10,1988,7,10,0
1988-07-11,1988,7,11,0
1988-07-12,1988,7,12,0
1988-07-13,1988,7,13,0
1988-07-14,1988,7,14,0
1988-07-15,1988,7,15,0
1988-07-16,1988,7,16,4.8239488
1988-07-17,1988,7,17,1.2921737
1988-07-18,1988,7,18,2.5304444e-05
1988-07-19,1988,7,19,0
1988-07-20,1988,7,20,0
1988-07-21,1988,7,21,0
1988-07-22,1988,7,22,0
1988-07-23,1988,7,23,0
1988-07-24,1988,7,24,0
1988-07-25,1988,7,25,0
1988-07-26,1988,7,26,0
1988-07-27,1988,7,27,16.557594
1988-07-28,1988,7,28,39.814559
1988-07-29,1988,7,29,16.972522
1988-07-30,1988,7,30,0.23415513
1988-07-31,1988,7,31,0
1988-08-01,1988,8,1,0
1988-08-02,1988,8,2,0
1988-08-03,1988,8,3,0
1988-08-04,1988,8,4,0
1988-08-05,1988,8,5,0
1988-08-06,1988,8,6,0
1988-08-07,1988,8,7,0
1988-08-08,1988,8,8,0
1988-08-09,1988,8,9,0
1988-08-10,1988,8,10,0.24132087
1988-08-11,1988,8,11,0
1988-08-12,1988,8,12,0.79713699
1988-08-13,1988,8,13,8.7478966
1988-08-14,1988,8,14,3.6697815
1988-08-15,1988,8,15,0
1988-08-16,1988,8,16,0
1988-08-17,1988,8,17,8.1109143
1988-08-18,1988,8,18,57.227088
1988-08-19,1988,8,19,5.7486885
1988-08-20,1988,8,20,0
1988-08-21,1988,8,21,0
1988-08-22,1988,8,22,0
1988-08-23,1988,8,23,17.361035
1988-08-24,1988,8,24,1.1759392
1988-08-25,1988,8,25,0
1988-08-26,1988,8,26,0
1988-08-27,1988,8,27,0
1988-08-28,1988,8,28,0
1988-08-29,1988,8,29,0
1988-08-30,1988,8,30,0
1988-08-31,1988,8,31,0.0020941752
1988-09-01,1988,9,1,0
1988-09-02,1988,9,2,0
1988-09-03,1988,9,3,0
1988-09-04,1988,9,4,9.0673661
1988-09-05,1988,9,5,0.021743985
1988-09-06,1988,9,6,0
1988-09-07,1988,9,7,0
1988-09-08,1988,9,8,0
1988-09-09,1988,9,9,0
1988-09-10,1988,9,10,0
1988-09-11,1988,9,11,0
1988-09-12,1988,9,12,0
1988-09-13,1988,9,13,0
1988-09-14,1988,9,14,0
1988-09-15,1988,9,15,0
1988-09-16,1988,9,16,2.0748188
1988-09-17,1988,9,17,0
1988-09-18,1988,9,18,0
1988-09-19,1988,9,19,0
1988-09-20,1988,9,20,0.28466708
1988-09-21,1988,9,21,4.299741
1988-09-22,1988,9,22,1.7049378
1988-09-23,1988,9,23,0
1988-09-24,1988,9,24,0
1988-09-25,1988,9,25,0
1988-09-26,1988,9,26,0
1988-09-27,1988,9,27,0
1988-09-28,1988,9,28,0
1988-09-29,1988,9,29,0
1988-09-30,1988,9,30,0
1988-10-01,1988,10,1,0.68255004
1988-10-02,1988,10,2,0
1988-10-03,1988,10,3,0
1988-10-04,1988,10,4,0
1988-10-05,1988,10,5,0
1988-10-06,1988,10,6,0
1988-10-07,1988,10,7,0
1988-10-08,1988,10,8,0
1988-10-09,1988,10,9,0
1988-10-10,1988,10,10,0
1988-10-11,1988,10,11,0
1988-10-12,1988,10,12,0
1988-10-13,1988,10,13,0
1988-10-14,1988,10,14,0
1988-10-15,1988,10,15,0
1988-10-16,1988,10,16,0.022962244
1988-10-17,1988,10,17,0.80218082
1988-10-18,1988,10,18,0
1988-10-19,1988,10,19,0
1988-10-20,1988,10,20,0
1988-10-21,1988,10,21,0
1988-10-22,1988,10,22,0
1988-10-23,1988,10,23,0
1988-10-24,1988,10,24,3.6935136
1988-10-25,1988,10,25,0
1988-10-26,1988,10,26,0
1988-10-27,1988,10,27,0
1988-10-28,1988,10,28,0
1988-10-29,1988,10,29,0.26364365
1988-10-30,1988,10,30,0
1988-10-31,1988,10,31,0
1988-11-01,1988,11,1,0
1988-11-02,1988,11,2,0
1988-11-03,1988,11,3,0
1988-11-04,1988,11,4,0
1988-11-05,1988,11,5,0
1988-11-06,1988,11,6,0
1988-11-07,1988,11,7,0
1988-11-08,1988,11,8,0
1988-11-09,1988,11,9,0
1988-11-10,1988,11,10,0
1988-11-11,1988,11,11,0
1988-11-12,1988,11,12,0
1988-11-13,1988,11,13,0
1988-11-14,1988,11,14,0
1988-11-15,1988,11,15,0
1988-11-16,1988,11,16,0
1988-11-17,1988,11,17,0
1988-11-18,1988,11,18,0
1988-11-19,1988,11,19,13.530619
1988-11-20,1988,11,20,1.937334
1988-11-21,1988,11,21,0
1988-11-22,1988,11,22,0
1988-11-23,1988,11,23,0
1988-11-24,1988,11,24,0
1988-11-25,1988,11,25,0
1988-11-26,1988,11,26,0
1988-11-27,1988,11,27,0
1988-11-28,1988,11,28,0
1988-11-29,1988,11,29,0.089083711
1988-11-30,1988,11,30,0.41983251
1988-12-01,1988,12,1,0.12834733
1988-12-02,1988,12,2,0.0097613259
1988-12-03,1988,12,3,0.005342761
1988-12-04,1988,12,4,0.055765446
1988-12-05,1988,12,5,5.7397144
1988-12-06,1988,12,6,3.5683403
1988-12-07,1988,12,7,0.027591208
1988-12-08,1988,12,8,0
1988-12-09,1988,12,9,0
1988-12-10,1988,12,10,0
1988-12-11,1988,12,11,0.00084954803
1988-12-12,1988,12,12,0.53082098
1988-12-13,1988,12,13,0
1988-12-14,1988,12,14,0
1988-12-15,1988,12,15,0
1988-12-16,1988,12,16,0
1988-12-17,1988,12,17,0
1988-12-18,1988,12,18,0
1988-12-19,1988,12,19,0
1988-12-20,1988,12,20,0
1988-12-21,1988,12,21,0
1988-12-22,1988,12,22,0.0028639801
1988-12-23,1988,12,23,1.8783339
1988-12-24,1988,12,24,0.23502904
1988-12-25,1988,12,25,0.10598547
1988-12-26,1988,12,26,0.078785573
1988-12-27,1988,12,27,0.0043659474
1988-12-28,1988,12,28,0.014402734
1988-12-29,1988,12,29,0.0085217857
1988-12-30,1988,12,30,0.0032076402
1988-12-31,1988,12,31,0
1989-01-01,1989,1,1,0
1989-01-02,1989,1,2,0
1989-01-03,1989,1,3,2.5850227
1989-01-04,1989,1,4,10.492889
1989-01-05,1989,1,5,3.5941366
1989-01-06,1989,1,6,0.085882861
1989-01-07,1989,1,7,0.0017061656
1989-01-08,1989,1,8,0.015603539
1989-01-09,1989,1,9,1.4933413
1989-01-10,1989,1,10,2.0800258
1989-01-11,1989,1,11,0.4603056
1989-01-12,1989,1,12,0.1412978
1989-01-13,1989,1,13,0.019148962
1989-01-14,1989,1,14,0
1989-01-15,1989,1,15,0
1989-01-16,1989,1,16,0
1989-01-17,1989,1,17,0
1989-01-18,1989,1,18,0.10195869
1989-01-19,1989,1,19,0.013711486
1989-01-20,1989,1,20,0
1989-01-21,1989,1,21,0
1989-01-22,1989,1,22,0.059761746
1989-01-23,1989,1,23,0.49558353
1989-01-24,1989,1,24,0.006887623
1989-01-25,1989,1,25,0
1989-01-26,1989,1,26,0
1989-01-27,1989,1,27,0
1989-01-28,1989,1,28,0
1989-01-29,1989,1,29,0
1989-01-30,1989,1,30,0
1989-01-31,1989,1,31,0
1989-02-01,1989,2,1,0
1989-02-02,1989,2,2,0
1989-02-03,1989,2,3,0.00045287524
1989-02-04,1989,2,4,0
1989-02-05,1989,2,5,0
1989-02-06,1989,2,6,0
1989-02-07,1989,2,7,0
1989-02-08,1989,2,8,0
1989-02-09,1989,2,9,0
1989-02-10,1989,2,10,0.06456173
1989-02-11,1989,2,11,0.0077068734
1989-02-12,1989,2,12,0
1989-02-13,1989,2,13,0
1989-02-14,1989,2,14,0
1989-02-15,1989,2,15,0
1989-02-16,1989,2,16,0
1989-02-17,1989,2,17,0
1989-02-18,1989,2,18,0
1989-02-19,1989,2,19,0
1989-02-20,1989,2,20,0
1989-02-21,1989,2,21,0
1989-02-22,1989,2,22,0
1989-02-23,1989,2,23,0
1989-02-24,1989,2,24,0.037895855
1989-02-25,1989,2,25,0.14675739
1989-02-26,1989,2,26,0
1989-02-27,1989,2,27,0
1989-02-28,1989,2,28,0
1989-03-01,1989,3,1,0
1989-03-02,1989,3,2,0
1989-03-03,1989,3,3,0
1989-03-04,1989,3,4,0
1989-03-05,1989,3,5,0
1989-03-06,1989,3,6,0
1989-03-07,1989,3,7,0
1989-03-08,1989,3,8,0
1989-03-09,1989,3,9,0.00015510596
1989-03-10,1989,3,10,2.0118153e-05
1989-03-11,1989,3,11,0
1989-03-12,1989,3,12,0
1989-03-13,1989,3,13,0
1989-03-14,1989,3,14,0
1989-03-15,1989,3,15,0
1989-03-16,1989,3,16,0
1989-03-17,1989,3,17,0
1989-03-18,1989,3,18,0
1989-03-19,1989,3,19,0
1989-03-20,1989,3,20,0
1989-03-21,1989,3,21,0
1989-03-22,1989,3,22,0
1989-03-23,1989,3,23,0
1989-03-24,1989,3,24,0
1989-03-25,1989,3,25,0
1989-03-26,1989,3,26,0
1989-03-27,1989,3,27,0
1989-03-28,1989,3,28,0
1989-03-29,1989,3,29,0
1989-03-30,1989,3,30,0
1989-03-31,1989,3,31,0
1989-04-01,1989,4,1,0
1989-04-02,1989,4,2,0
1989-04-03,1989,4,3,0
1989-04-04,1989,4,4,0
1989-04-05,1989,4,5,0
1989-04-06,1989,4,6,0
1989-04-07,1989,4,7,0
1989-04-08,1989,4,8,0
1989-04-09,1989,4,9,0
1989-04-10,1989,4,10,0
1989-04-11,1989,4,11,0
1989-04-12,1989,4,12,0
1989-04-13,1989,4,13,0
1989-04-14,1989,4,14,0
1989-04-15,1989,4,15,0
1989-04-16,1989,4,16,0
1989-04-17,1989,4,17,0
1989-04-18,1989,4,18,0
1989-04-19,1989,4,19,0
1989-04-20,1989,4,20,0
1989-04-21,1989,4,21,0
1989-04-22,1989,4,22,0
1989-04-23,1989,4,23,0
1989-04-24,1989,4,24,0
1989-04-25,1989,4,25,0.0043589242
1989-04-26,1989,4,26,0
1989-04-27,1989,4,27,0
1989-04-28,1989,4,28,1.6665299
1989-04-29,1989,4,29,15.01682
1989-04-30,1989,4,30,0.041951775
1989-05-01,1989,5,1,0
1989-05-02,1989,5,2,5.2425657
1989-05-03,1989,5,3,24.013171
1989-05-04,1989,5,4,1.1550828
1989-05-05,1989,5,5,0.00523802
1989-05-06,1989,5,6,0.00012652222
1989-05-07,1989,5,7,0
1989-05-08,1989,5,8,0
1989-05-09,1989,5,9,0
1989-05-10,1989,5,10,0
1989-05-11,1989,5,11,0
1989-05-12,1989,5,12,0
1989-05-13,1989,5,13,0.49997413
1989-05-14,1989,5,14,5.35033
1989-05-15,1989,5,15,0
1989-05-16,1989,5,16,0
1989-05-17,1989,5,17,0
1989-05-18,1989,5,18,0
1989-05-19,1989,5,19,0
1989-05-20,1989,5,20,0
1989-05-21,1989,5,21,0
1989-05-22,1989,5,22,0
1989-05-23,1989,5,23,0
1989-05-24,1989,5,24,0
1989-05-25,1989,5,25,0
1989-05-26,1989,5,26,0
1989-05-27,1989,5,27,0
1989-05-28,1989,5,28,0
1989-05-29,1989,5,29,0
1989-05-30,1989,5,30,0.011399468
1989-05-31,1989,5,31,0.00014839552
1989-06-01,1989,6,1,0
1989-06-02,1989,6,2,0
1989-06-03,1989,6,3,0
1989-06-04,1989,6,4,0
1989-06-05,1989,6,5,0
1989-06-06,1989,6,6,0
1989-06-07,1989,6,7,8.1785592
1989-06-08,1989,6,8,0
1989-06-09,1989,6,9,0
1989-06-10,1989,6,10,0
1989-06-11,1989,6,11,0
1989-06-12,1989,6,12,0
1989-06-13,1989,6,13,0
1989-06-14,1989,6,14,0
1989-06-15,1989,6,15,0
1989-06-16,1989,6,16,0
1989-06-17,1989,6,17,0
1989-06-18,1989,6,18,0
1989-06-19,1989,6,19,0
1989-06-20,1989,6,20,0
1989-06-21,1989,6,21,0.00010121778
1989-06-22,1989,6,22,0
1989-06-23,1989,6,23,0
1989-06-24,1989,6,24,0
1989-06-25,1989,6,25,4.1937057
1989-06-26,1989,6,26,7.1046372
1989-06-27,1989,6,27,0
1989-06-28,1989,6,28,0
1989-06-29,1989,6,29,13.834865
1989-06-30,1989,6,30,0.29974757
1989-07-01,1989,7,1,0.00148031
1989-07-02,1989,7,2,0
1989-07-03,1989,7,3,0
1989-07-04,1989,7,4,0
1989-07-05,1989,7,5,0
1989-07-06,1989,7,6,0
1989-07-07,1989,7,7,0
1989-07-08,1989,7,8,0
1989-07-09,1989,7,9,0
1989-07-10,1989,7,10,0
1989-07-11,1989,7,11,0
1989-07-12,1989,7,12,0
1989-07-13,1989,7,13,0
1989-07-14,1989,7,14,0
1989-07-15,1989,7,15,0
1989-07-16,1989,7,16,0
1989-07-17,1989,7,17,0
1989-07-18,1989,7,18,0
1989-07-19,1989,7,19,8.4884956
1989-07-20,1989,7,20,0
1989-07-21,1989,7,21,0
1989-07-22,1989,7,22,5.8712619
1989-07-23,1989,7,23,3.408342
1989-07-24,1989,7,24,0
1989-07-25,1989,7,25,31.488966
1989-07-26,1989,7,26,47.52212
1989-07-27,1989,7,27,3.8249056
1989-07-28,1989,7,28,15.108103
1989-07-29,1989,7,29,0.43959196
1989-07-30,1989,7,30,0
1989-07-31,1989,7,31,0
1989-08-01,1989,8,1,0
1989-08-02,1989,8,2,5.337547
1989-08-03,1989,8,3,0.73287871
1989-08-04,1989,8,4,0
1989-08-05,1989,8,5,0
1989-08-06,1989,8,6,0
1989-08-07,1989,8,7,0
1989-08-08,1989,8,8,0
1989-08-09,1989,8,9,0
1989-08-10,1989,8,10,0
1989-08-11,1989,8,11,0
1989-08-12,1989,8,12,0
1989-08-13,1989,8,13,0
1989-08-14,1989,8,14,0
1989-08-15,1989,8,15,0
1989-08-16,1989,8,16,0
1989-08-17,1989,8,17,2.6077289
1989-08-18,1989,8,18,37.0827
1989-08-19,1989,8,19,27.258857
1989-08-20,1989,8,20,5.5145838
1989-08-21,1989,8,21,1.0579702
1989-08-22,1989,8,22,52.593978
1989-08-23,1989,8,23,69.477207
1989-08-24,1989,8,24,6.9476101
1989-08-25,1989,8,25,6.7834702
1989-08-26,1989,8,26,0.025561409
1989-08-27,1989,8,27,0
1989-08-28,1989,8,28,0
1989-08-29,1989,8,29,2.0817099
1989-08-30,1989,8,30,1.2305181
1989-08-31,1989,8,31,0
1989-09-01,1989,9,1,0
1989-09-02,1989,9,2,0
1989-09-03,1989,9,3,5.7466991
1989-09-04,1989,9,4,60.503488
1989-09-05,1989,9,5,18.126738
1989-09-06,1989,9,6,0
1989-09-07,1989,9,7,0
1989-09-08,1989,9,8,0
1989-09-09,1989,9,9,0
1989-09-10,1989,9,10,0.00012378435
1989-09-11,1989,9,11,0
1989-09-12,1989,9,12,0
1989-09-13,1989,9,13,0
1989-09-14,1989,9,14,0
1989-09-15,1989,9,15,0
1989-09-16,1989,9,16,0
1989-09-17,1989,9,17,0
1989-09-18,1989,9,18,0
1989-09-19,1989,9,19,0
1989-09-20,1989,9,20,0
1989-09-21,1989,9,21,0.76057651
1989-09-22,1989,9,22,0
1989-09-23,1989,9,23,0
1989-09-24,1989,9,24,0
1989-09-25,1989,9,25,0
1989-09-26,1989,9,26,0
1989-09-27,1989,9,27,0
1989-09-28,1989,9,28,0
1989-09-29,1989,9,29,0
1989-09-30,1989,9,30,0
1989-10-01,1989,10,1,0
1989-10-02,1989,10,2,0
1989-10-03,1989,10,3,0
1989-10-04,1989,10,4,0
1989-10-05,1989,10,5,0
1989-10-06,1989,10,6,0
1989-10-07,1989,10,7,0
1989-10-08,1989,10,8,0
1989-10-09,1989,10,9,0
1989-10-10,1989,10,10,0
1989-10-11,1989,10,11,0
1989-10-12,1989,10,12,0
1989-10-13,1989,10,13,0
1989-10-14,1989,10,14,0
1989-10-15,1989,10,15,0
1989-10-16,1989,10,16,0
1989-10-17,1989,10,17,0
1989-10-18,1989,10,18,0
1989-10-19,1989,10,19,0.20699867
1989-10-20,1989,10,20,0
1989-10-21,1989,10,21,0
1989-10-22,1989,10,22,0
1989-10-23,1989,10,23,0
1989-10-24,1989,10,24,1.2631313
1989-10-25,1989,10,25,2.7130692
1989-10-26,1989,10,26,0
1989-10-27,1989,10,27,0
1989-10-28,1989,10,28,0.2010602
1989-10-29,1989,10,29,0
1989-10-30,1989,10,30,0
1989-10-31,1989,10,31,0
1989-11-01,1989,11,1,1.8910234
1989-11-02,1989,11,2,0
1989-11-03,1989,11,3,0
1989-11-04,1989,11,4,0
1989-11-05,1989,11,5,0.00026733745
1989-11-06,1989,11,6,0
1989-11-07,1989,11,7,0
1989-11-08,1989,11,8,0
1989-11-09,1989,11,9,0
1989-11-10,1989,11,10,0.27646377
1989-11-11,1989,11,11,0
1989-11-12,1989,11,12,0
1989-11-13,1989,11,13,0
1989-11-14,1989,11,14,0
1989-11-15,1989,11,15,0
1989-11-16,1989,11,16,0
1989-11-17,1989,11,17,0
1989-11-18,1989,11,18,0
1989-11-19,1989,11,19,0
1989-11-20,1989,11,20,0
1989-11-21,1989,11,21,0
1989-11-22,1989,11,22,0
1989-11-23,1989,11,23,0
1989-11-24,1989,11,24,0
1989-11-25,1989,11,25,0
1989-11-26,1989,11,26,0
1989-11-27,1989,11,27,0
1989-11-28,1989,11,28,0
1989-11-29,1989,11,29,0
1989-11-30,1989,11,30,0
1989-12-01,1989,12,1,0
1989-12-02,1989,12,2,0.0013661506
1989-12-03,1989,12,3,0
1989-12-04,1989,12,4,0.3912488
1989-12-05,1989,12,5,0.0032567815
1989-12-06,1989,12,6,0
1989-12-07,1989,12,7,0
1989-12-08,1989,12,8,0
1989-12-09,1989,12,9,0
1989-12-10,1989,12,10,0
1989-12-11,1989,12,11,0
1989-12-12,1989,12,12,0
1989-12-13,1989,12,13,0
1989-12-14,1989,12,14,0
1989-12-15,1989,12,15,0.00048324031
1989-12-16,1989,12,16,3.8304209
1989-12-17,1989,12,17,0.0080816329
1989-12-18,1989,12,18,0
1989-12-19,1989,12,19,9.3884714e-05
1989-12-20,1989,12,20,0.023904654
1989-12-21,1989,12,21,0.054544508
1989-12-22,1989,12,22,0.015340871
1989-12-23,1989,12,23,0.023175361
1989-12-24,1989,12,24,0.028267819
1989-12-25,1989,12,25,0.0065287566
1989-12-26,1989,12,26,0.18363341
1989-12-27,1989,12,27,0.071319903
1989-12-28,1989,12,28,0.014756277
1989-12-29,1989,12,29,0.24116605
1989-12-30,1989,12,30,0.015019159
1989-12-31,1989,12,31,0.003194708
1990-01-01,1990,1,1,0
1990-01-02,1990,1,2,0
1990-01-03,1990,1,3,0
1990-01-04,1990,1,4,0
1990-01-05,1990,1,5,0
1990-01-06,1990,1,6,0
1990-01-07,1990,1,7,0
1990-01-08,1990,1,8,0
1990-01-09,1990,1,9,0
1990-01-10,1990,1,10,0
1990-01-11,1990,1,11,0.56760385
1990-01-12,1990,1,12,2.9850371
1990-01-13,1990,1,13,0.51270268
1990-01-14,1990,1,14,0.014220285
1990-01-15,1990,1,15,0
1990-01-16,1990,1,16,2.0635385
1990-01-17,1990,1,17,0
1990-01-18,1990,1,18,0
1990-01-19,1990,1,19,0
1990-01-20,1990,1,20,0
1990-01-21,1990,1,21,0
1990-01-22,1990,1,22,0
1990-01-23,1990,1,23,0
1990-01-24,1990,1,24,0
1990-01-25,1990,1,25,0
1990-01-26,1990,1,26,0
1990-01-27,1990,1,27,0
1990-01-28,1990,1,28,0
1990-01-29,1990,1,29,0
1990-01-30,1990,1,30,0
1990-01-31,1990,1,31,0
1990-02-01,1990,2,1,0
1990-02-02,1990,2,2,0
1990-02-03,1990,2,3,0
1990-02-04,1990,2,4,0
1990-02-05,1990,2,5,0
1990-02-06,1990,2,6,3.6799418
1990-02-07,1990,2,7,0.83166814
1990-02-08,1990,2,8,0.0013967556
1990-02-09,1990,2,9,0
1990-02-10,1990,2,10,0.15238392
1990-02-11,1990,2,11,0.092583672
1990-02-12,1990,2,12,0.21596037
1990-02-13,1990,2,13,0.25442169
1990-02-14,1990,2,14,0.061519561
1990-02-15,1990,2,15,0
1990-02-16,1990,2,16,0.029282881
1990-02-17,1990,2,17,0.032304649
1990-02-18,1990,2,18,2.6752902e-05
1990-02-19,1990,2,19,0
1990-02-20,1990,2,20,0
1990-02-21,1990,2,21,0
1990-02-22,1990,2,22,0
1990-02-23,1990,2,23,0.48906214
1990-02-24,1990,2,24,0.016318196
1990-02-25,1990,2,25,0
1990-02-26,1990,2,26,0
1990-02-27,1990,2,27,0
1990-02-28,1990,2,28,0.05751511
1990-03-01,1990,3,1,0
1990-03-02,1990,3,2,0
1990-03-03,1990,3,3,0
1990-03-04,1990,3,4,0
1990-03-05,1990,3,5,0
1990-03-06,1990,3,6,0
1990-03-07,1990,3,7,0
1990-03-08,1990,3,8,0
1990-03-09,1990,3,9,0
1990-03-10,1990,3,10,0
1990-03-11,1990,3,11,0
1990-03-12,1990,3,12,0
1990-03-13,1990,3,13,0
1990-03-14,1990,3,14,0
1990-03-15,1990,3,15,0
1990-03-16,1990,3,16,0
1990-03-17,1990,3,17,0
1990-03-18,1990,3,18,0
1990-03-19,1990,3,19,0
1990-03-20,1990,3,20,0
1990-03-21,1990,3,21,0
1990-03-22,1990,3,22,0.8840505
1990-03-23,1990,3,23,0
1990-03-24,1990,3,24,0
1990-03-25,1990,3,25,0
1990-03-26,1990,3,26,0
1990-03-27,1990,3,27,0
1990-03-28,1990,3,28,7.7097721
1990-03-29,1990,3,29,27.210476
1990-03-30,1990,3,30,0.19505983
1990-03-31,1990,3,31,0
1990-04-01,1990,4,1,0
1990-04-02,1990,4,2,0
1990-04-03,1990,4,3,0
1990-04-04,1990,4,4,0
1990-04-05,1990,4,5,0
1990-04-06,1990,4,6,0
1990-04-07,1990,4,7,0
1990-04-08,1990,4,8,0
1990-04-09,1990,4,9,0
1990-04-10,1990,4,10,0
1990-04-11,1990,4,11,0
1990-04-12,1990,4,12,0
1990-04-13,1990,4,13,0
1990-04-14,1990,4,14,0
1990-04-15,1990,4,15,0.36960146
1990-04-16,1990,4,16,2.0404405
1990-04-17,1990,4,17,0
1990-04-18,1990,4,18,0
1990-04-19,1990,4,19,0
1990-04-20,1990,4,20,0
1990-04-21,1990,4,21,0
1990-04-22,1990,4,22,0
1990-04-23,1990,4,23,2.114426
1990-04-24,1990,4,24,2.757939
1990-04-25,1990,4,25,0.54778435
1990-04-26,1990,4,26,0
1990-04-27,1990,4,27,0
1990-04-28,1990,4,28,0
1990-04-29,1990,4,29,0
1990-04-30,1990,4,30,0
1990-05-01,1990,5,1,0
1990-05-02,1990,5,2,2.8719779
1990-05-03,1990,5,3,0
1990-05-04,1990,5,4,0
1990-05-05,1990,5,5,0
1990-05-06,1990,5,6,0
1990-05-07,1990,5,7,0
1990-05-08,1990,5,8,0.71194303
1990-05-09,1990,5,9,21.599479
1990-05-10,1990,5,10,0.032732169
1990-05-11,1990,5,11,0
1990-05-12,1990,5,12,0.14424451
1990-05-13,1990,5,13,0.0141075
1990-05-14,1990,5,14,0.0065144503
1990-05-15,1990,5,15,0
1990-05-16,1990,5,16,0.027863623
1990-05-17,1990,5,17,0
1990-05-18,1990,5,18,0
1990-05-19,1990,5,19,0
1990-05-20,1990,5,20,5.9512712e-06
1990-05-21,1990,5,21,0
1990-05-22,1990,5,22,0
1990-05-23,1990,5,23,0
1990-05-24,1990,5,24,0
1990-05-25,1990,5,25,0
1990-05-26,1990,5,26,0
1990-05-27,1990,5,27,0
1990-05-28,1990,5,28,0
1990-05-29,1990,5,29,2.3326877
1990-05-30,1990,5,30,0.0018591287
1990-05-31,1990,5,31,0
1990-06-01,1990,6,1,0
1990-06-02,1990,6,2,6.4384979
1990-06-03,1990,6,3,25.816568
1990-06-04,1990,6,4,1.4497778
1990-06-05,1990,6,5,5.455332e-06
1990-06-06,1990,6,6,0
1990-06-07,1990,6,7,0
1990-06-08,1990,6,8,0
1990-06-09,1990,6,9,0
1990-06-10,1990,6,10,0.00015875828
1990-06-11,1990,6,11,0
1990-06-12,1990,6,12,1.1902542e-05
1990-06-13,1990,6,13,0
1990-06-14,1990,6,14,0
1990-06-15,1990,6,15,0
1990-06-16,1990,6,16,0
1990-06-17,1990,6,17,0
1990-06-18,1990,6,18,0.0035653849
1990-06-19,1990,6,19,0
1990-06-20,1990,6,20,0
1990-06-21,1990,6,21,0.061268924
1990-06-22,1990,6,22,22.032993
1990-06-23,1990,6,23,0.18349892
1990-06-24,1990,6,24,0
1990-06-25,1990,6,25,0
1990-06-26,1990,6,26,0
1990-06-27,1990,6,27,0
1990-06-28,1990,6,28,0
1990-06-29,1990,6,29,0
1990-06-30,1990,6,30,0
1990-07-01,1990,7,1,0
1990-07-02,1990,7,2,0
1990-07-03,1990,7,3,0
1990-07-04,1990,7,4,0
1990-07-05,1990,7,5,0
1990-07-06,1990,7,6,0
1990-07-07,1990,7,7,5.1538184
1990-07-08,1990,7,8,0.07393553
1990-07-09,1990,7,9,0
1990-07-10,1990,7,10,0
1990-07-11,1990,7,11,0
1990-07-12,1990,7,12,0
1990-07-13,1990,7,13,0.0041835029
1990-07-14,1990,7,14,0.61840219
1990-07-15,1990,7,15,0
1990-07-16,1990,7,16,15.187502
1990-07-17,1990,7,17,1.1811601
1990-07-18,1990,7,18,0
1990-07-19,1990,7,19,0
1990-07-20,1990,7,20,0.0052567728
1990-07-21,1990,7,21,0
1990-07-22,1990,7,22,0
1990-07-23,1990,7,23,0
1990-07-24,1990,7,24,2.2034405
1990-07-25,1990,7,25,0.0032447516
1990-07-26,1990,7,26,0.0015688756
1990-07-27,1990,7,27,0
1990-07-28,1990,7,28,0
1990-07-29,1990,7,29,0
1990-07-30,1990,7,30,0
1990-07-31,1990,7,31,0
1990-08-01,1990,8,1,0
1990-08-02,1990,8,2,0
1990-08-03,1990,8,3,0
1990-08-04,1990,8,4,0
1990-08-05,1990,8,5,0
1990-08-06,1990,8,6,9.9522123
1990-08-07,1990,8,7,0
1990-08-08,1990,8,8,0
1990-08-09,1990,8,9,0
1990-08-10,1990,8,10,0
1990-08-11,1990,8,11,0
1990-08-12,1990,8,12,1.0301447
1990-08-13,1990,8,13,9.063699
1990-08-14,1990,8,14,0.05555734
1990-08-15,1990,8,15,0
1990-08-16,1990,8,16,0
1990-08-17,1990,8,17,0
1990-08-18,1990,8,18,0
1990-08-19,1990,8,19,0
1990-08-20,1990,8,20,0
1990-08-21,1990,8,21,0
1990-08-22,1990,8,22,0
1990-08-23,1990,8,23,0
1990-08-24,1990,8,24,0
1990-08-25,1990,8,25,0
1990-08-26,1990,8,26,0.61385069
1990-08-27,1990,8,27,0
1990-08-28,1990,8,28,0
1990-08-29,1990,8,29,0
1990-08-30,1990,8,30,56.754296
1990-08-31,1990,8,31,4.5500561
1990-09-01,1990,9,1,0.81647541
1990-09-02,1990,9,2,10.663522
1990-09-03,1990,9,3,0.22149116
1990-09-04,1990,9,4,2.106922
1990-09-05,1990,9,5,0
1990-09-06,1990,9,6,0
1990-09-07,1990,9,7,0
1990-09-08,1990,9,8,0
1990-09-09,1990,9,9,0
1990-09-10,1990,9,10,7.1903382
1990-09-11,1990,9,11,4.3027818
1990-09-12,1990,9,12,0.0036014688
1990-09-13,1990,9,13,0
1990-09-14,1990,9,14,0
1990-09-15,1990,9,15,0
1990-09-16,1990,9,16,0.32497759
1990-09-17,1990,9,17,0
1990-09-18,1990,9,18,29.643687
1990-09-19,1990,9,19,28.913963
1990-09-20,1990,9,20,4.8513843
1990-09-21,1990,9,21,0.0063080273
1990-09-22,1990,9,22,0
1990-09-23,1990,9,23,0
1990-09-24,1990,9,24,0
1990-09-25,1990,9,25,0
1990-09-26,1990,9,26,0
1990-09-27,1990,9,27,0
1990-09-28,1990,9,28,0
1990-09-29,1990,9,29,0
1990-09-30,1990,9,30,0
1990-10-01,1990,10,1,0
1990-10-02,1990,10,2,0
1990-10-03,1990,10,3,0
1990-10-04,1990,10,4,2.3304985
1990-10-05,1990,10,5,0.085214666
1990-10-06,1990,10,6,0.36523859
1990-10-07,1990,10,7,0
1990-10-08,1990,10,8,0
1990-10-09,1990,10,9,0
1990-10-10,1990,10,10,13.227486
1990-10-11,1990,10,11,1.4368516
1990-10-12,1990,10,12,0
1990-10-13,1990,10,13,0
1990-10-14,1990,10,14,0
1990-10-15,1990,10,15,0
1990-10-16,1990,10,16,2.0558027
1990-10-17,1990,10,17,0.0049329044
1990-10-18,1990,10,18,0
1990-10-19,1990,10,19,0
1990-10-20,1990,10,20,0
1990-10-21,1990,10,21,0
1990-10-22,1990,10,22,0.59621325
1990-10-23,1990,10,23,0.35990915
1990-10-24,1990,10,24,0
1990-10-25,1990,10,25,0
1990-10-26,1990,10,26,0
1990-10-27,1990,10,27,0
1990-10-28,1990,10,28,0
1990-10-29,1990,10,29,0
1990-10-30,1990,10,30,0
1990-10-31,1990,10,31,0
1990-11-01,1990,11,1,0
1990-11-02,1990,11,2,0.83087637
1990-11-03,1990,11,3,3.2789149
1990-11-04,1990,11,4,0
1990-11-05,1990,11,5,0
1990-11-06,1990,11,6,0
1990-11-07,1990,11,7,0
1990-11-08,1990,11,8,0
1990-11-09,1990,11,9,0
1990-11-10,1990,11,10,0
1990-11-11,1990,11,11,0
1990-11-12,1990,11,12,0.15045437
1990-11-13,1990,11,13,0.54510877
1990-11-14,1990,11,14,0
1990-11-15,1990,11,15,0
1990-11-16,1990,11,16,0
1990-11-17,1990,11,17,0
1990-11-18,1990,11,18,0
1990-11-19,1990,11,19,0
1990-11-20,1990,11,20,0
1990-11-21,1990,11,21,0
1990-11-22,1990,11,22,0
1990-11-23,1990,11,23,0
1990-11-24,1990,11,24,0
1990-11-25,1990,11,25,0
1990-11-26,1990,11,26,0
1990-11-27,1990,11,27,0
1990-11-28,1990,11,28,0
1990-11-29,1990,11,29,0.0038731848
1990-11-30,1990,11,30,0
1990-12-01,1990,12,1,0
1990-12-02,1990,12,2,0.0087032372
1990-12-03,1990,12,3,0
1990-12-04,1990,12,4,0
1990-12-05,1990,12,5,5.8304305
1990-12-06,1990,12,6,1.2821411
1990-12-07,1990,12,7,0
1990-12-08,1990,12,8,0
1990-12-09,1990,12,9,0
1990-12-10,1990,12,10,2.2391882
1990-12-11,1990,12,11,13.382256
1990-12-12,1990,12,12,4.4324191
1990-12-13,1990,12,13,0
1990-12-14,1990,12,14,0
1990-12-15,1990,12,15,0
1990-12-16,1990,12,16,0.019979633
1990-12-17,1990,12,17,0
1990-12-18,1990,12,18,0
1990-12-19,1990,12,19,0
1990-12-20,1990,12,20,0
1990-12-21,1990,12,21,0
1990-12-22,1990,12,22,0
1990-12-23,1990,12,23,0.0044472887
1990-12-24,1990,12,24,0.0010189693
1990-12-25,1990,12,25,0
1990-12-26,1990,12,26,0
1990-12-27,1990,12,27,0
1990-12-28,1990,12,28,0
1990-12-29,1990,12,29,0
1990-12-30,1990,12,30,0
1990-12-31,1990,12,31,0.97263102
1991-01-01,1991,1,1,0.01419996
1991-01-02,1991,1,2,0
1991-01-03,1991,1,3,0
1991-01-04,1991,1,4,0
1991-01-05,1991,1,5,0
1991-01-06,1991,1,6,0
1991-01-07,1991,1,7,0
1991-01-08,1991,1,8,0
1991-01-09,1991,1,9,0
1991-01-10,1991,1,10,0
1991-01-11,1991,1,11,0
1991-01-12,1991,1,12,0.00013005077
1991-01-13,1991,1,13,0.01375375
1991-01-14,1991,1,14,0.073130958
1991-01-15,1991,1,15,0.60601976
1991-01-16,1991,1,16,0.0047902049
1991-01-17,1991,1,17,0
1991-01-18,1991,1,18,0
1991-01-19,1991,1,19,0
1991-01-20,1991,1,20,0.91019579
1991-01-21,1991,1,21,3.5670536e-05
1991-01-22,1991,1,22,0
1991-01-23,1991,1,23,0
1991-01-24,1991,1,24,0
1991-01-25,1991,1,25,0
1991-01-26,1991,1,26,0
1991-01-27,1991,1,27,0
1991-01-28,1991,1,28,1.391058
1991-01-29,1991,1,29,0.00093282697
1991-01-30,1991,1,30,0
1991-01-31,1991,1,31,0.27186167
1991-02-01,1991,2,1,0.050779262
1991-02-02,1991,2,2,0.0063514498
1991-02-03,1991,2,3,0
1991-02-04,1991,2,4,0
1991-02-05,1991,2,5,0
1991-02-06,1991,2,6,0
1991-02-07,1991,2,7,0.70982292
1991-02-08,1991,2,8,0.0047851416
1991-02-09,1991,2,9,0
1991-02-10,1991,2,10,0
1991-02-11,1991,2,11,0
1991-02-12,1991,2,12,0.0058045908
1991-02-13,1991,2,13,3.4529471
1991-02-14,1991,2,14,0.24595229
1991-02-15,1991,2,15,0
1991-02-16,1991,2,16,0
1991-02-17,1991,2,17,0
1991-02-18,1991,2,18,0
1991-02-19,1991,2,19,0.0024778671
1991-02-20,1991,2,20,0
1991-02-21,1991,2,21,0
1991-02-22,1991,2,22,0
1991-02-23,1991,2,23,0
1991-02-24,1991,2,24,0
1991-02-25,1991,2,25,0
1991-02-26,1991,2,26,0
1991-02-27,1991,2,27,0
1991-02-28,1991,2,28,0
1991-03-01,1991,3,1,0
1991-03-02,1991,3,2,0
1991-03-03,1991,3,3,0
1991-03-04,1991,3,4,0
1991-03-05,1991,3,5,0
1991-03-06,1991,3,6,0
1991-03-07,1991,3,7,0
1991-03-08,1991,3,8,0
1991-03-09,1991,3,9,0
1991-03-10,1991,3,10,0
1991-03-11,1991,3,11,0
1991-03-12,1991,3,12,0
1991-03-13,1991,3,13,0
1991-03-14,1991,3,14,0
1991-03-15,1991,3,15,0
1991-03-16,1991,3,16,0
1991-03-17,1991,3,17,0
1991-03-18,1991,3,18,0
1991-03-19,1991,3,19,0
1991-03-20,1991,3,20,0
1991-03-21,1991,3,21,0
1991-03-22,1991,3,22,0
1991-03-23,1991,3,23,0
1991-03-24,1991,3,24,0
1991-03-25,1991,3,25,0
1991-03-26,1991,3,26,0
1991-03-27,1991,3,27,0
1991-03-28,1991,3,28,0
1991-03-29,1991,3,29,0
1991-03-30,1991,3,30,0
1991-03-31,1991,3,31,0
1991-04-01,1991,4,1,0
1991-04-02,1991,4,2,0
1991-04-03,1991,4,3,0
1991-04-04,1991,4,4,0
1991-04-05,1991,4,5,3.6258333
1991-04-06,1991,4,6,0
1991-04-07,1991,4,7,0
1991-04-08,1991,4,8,0
1991-04-09,1991,4,9,0
1991-04-10,1991,4,10,0
1991-04-11,1991,4,11,3.2600603
1991-04-12,1991,4,12,22.351388
1991-04-13,1991,4,13,23.994416
1991-04-14,1991,4,14,19.012517
1991-04-15,1991,4,15,3.1889395
1991-04-16,1991,4,16,5.6120987
1991-04-17,1991,4,17,0
1991-04-18,1991,4,18,0
1991-04-19,1991,4,19,0
1991-04-20,1991,4,20,0
1991-04-21,1991,4,21,0
1991-04-22,1991,4,22,0
1991-04-23,1991,4,23,0
1991-04-24,1991,4,24,0
1991-04-25,1991,4,25,0
1991-04-26,1991,4,26,0
1991-04-27,1991,4,27,0
1991-04-28,1991,4,28,0
1991-04-29,1991,4,29,0
1991-04-30,1991,4,30,0.59357738
1991-05-01,1991,5,1,0
1991-05-02,1991,5,2,1.7139266
1991-05-03,1991,5,3,0.051478385
1991-05-04,1991,5,4,0.00031630556
1991-05-05,1991,5,5,0
1991-05-06,1991,5,6,0.0021129211
1991-05-07,1991,5,7,0
1991-05-08,1991,5,8,0
1991-05-09,1991,5,9,0.0036222501
1991-05-10,1991,5,10,0
1991-05-11,1991,5,11,2.0451241
1991-05-12,1991,5,12,0
1991-05-13,1991,5,13,0
1991-05-14,1991,5,14,0
1991-05-15,1991,5,15,5.7300365
1991-05-16,1991,5,16,0.27690727
1991-05-17,1991,5,17,0
1991-05-18,1991,5,18,1.216379
1991-05-19,1991,5,19,4.7461651
1991-05-20,1991,5,20,0
1991-05-21,1991,5,21,0
1991-05-22,1991,5,22,0
1991-05-23,1991,5,23,0
1991-05-24,1991,5,24,0.68882
1991-05-25,1991,5,25,13.815812
1991-05-26,1991,5,26,83.563909
1991-05-27,1991,5,27,51.052003
1991-05-28,1991,5,28,72.105681
1991-05-29,1991,5,29,5.3559627
1991-05-30,1991,5,30,0
1991-05-31,1991,5,31,0
1991-06-01,1991,6,1,0.022227663
1991-06-02,1991,6,2,3.9210009
1991-06-03,1991,6,3,7.579283
1991-06-04,1991,6,4,0.21862098
1991-06-05,1991,6,5,0.0068850326
1991-06-06,1991,6,6,0.00077399997
1991-06-07,1991,6,7,0
1991-06-08,1991,6,8,0
1991-06-09,1991,6,9,0
1991-06-10,1991,6,10,0
1991-06-11,1991,6,11,0
1991-06-12,1991,6,12,0
1991-06-13,1991,6,13,0
1991-06-14,1991,6,14,0
1991-06-15,1991,6,15,0
1991-06-16,1991,6,16,6.7143979
1991-06-17,1991,6,17,4.3538164
1991-06-18,1991,6,18,32.091762
1991-06-19,1991,6,19,40.8189
1991-06-20,1991,6,20,5.1142106
1991-06-21,1991,6,21,2.9139544
1991-06-22,1991,6,22,0.17065309
1991-06-23,1991,6,23,0
1991-06-24,1991,6,24,0
1991-06-25,1991,6,25,3.6668134
1991-06-26,1991,6,26,0.10033642
1991-06-27,1991,6,27,0
1991-06-28,1991,6,28,0
1991-06-29,1991,6,29,0
1991-06-30,1991,6,30,0
1991-07-01,1991,7,1,0
1991-07-02,1991,7,2,0
1991-07-03,1991,7,3,0
1991-07-04,1991,7,4,0
1991-07-05,1991,7,5,0
1991-07-06,1991,7,6,0
1991-07-07,1991,7,7,9.7488035
1991-07-08,1991,7,8,64.522541
1991-07-09,1991,7,9,7.2414596
1991-07-10,1991,7,10,0
1991-07-11,1991,7,11,0
1991-07-12,1991,7,12,0
1991-07-13,1991,7,13,0
1991-07-14,1991,7,14,0
1991-07-15,1991,7,15,0
1991-07-16,1991,7,16,0.81826992
1991-07-17,1991,7,17,0.19418142
1991-07-18,1991,7,18,37.908175
1991-07-19,1991,7,19,70.285334
1991-07-20,1991,7,20,10.247674
1991-07-21,1991,7,21,0.0013917444
1991-07-22,1991,7,22,0
1991-07-23,1991,7,23,0
1991-07-24,1991,7,24,0
1991-07-25,1991,7,25,0
1991-07-26,1991,7,26,0
1991-07-27,1991,7,27,1.0337773
1991-07-28,1991,7,28,11.15461
1991-07-29,1991,7,29,3.9605239
1991-07-30,1991,7,30,0.7205336
1991-07-31,1991,7,31,0
1991-08-01,1991,8,1,0
1991-08-02,1991,8,2,0
1991-08-03,1991,8,3,0
1991-08-04,1991,8,4,0
1991-08-05,1991,8,5,0.25064495
1991-08-06,1991,8,6,0.014296295
1991-08-07,1991,8,7,1.6947154
1991-08-08,1991,8,8,0.54127893
1991-08-09,1991,8,9,0
1991-08-10,1991,8,10,0
1991-08-11,1991,8,11,0
1991-08-12,1991,8,12,0
1991-08-13,1991,8,13,0
1991-08-14,1991,8,14,0
1991-08-15,1991,8,15,0
1991-08-16,1991,8,16,0
1991-08-17,1991,8,17,0
1991-08-18,1991,8,18,0
1991-08-19,1991,8,19,0
1991-08-20,1991,8,20,0
1991-08-21,1991,8,21,0.82899501
1991-08-22,1991,8,22,0
1991-08-23,1991,8,23,0
1991-08-24,1991,8,24,0
1991-08-25,1991,8,25,0
1991-08-26,1991,8,26,0
1991-08-27,1991,8,27,0
1991-08-28,1991,8,28,0
1991-08-29,1991,8,29,0
1991-08-30,1991,8,30,0
1991-08-31,1991,8,31,0
1991-09-01,1991,9,1,5.9188134
1991-09-02,1991,9,2,0
1991-09-03,1991,9,3,0
1991-09-04,1991,9,4,0.79011673
1991-09-05,1991,9,5,0.92131889
1991-09-06,1991,9,6,0
1991-09-07,1991,9,7,0
1991-09-08,1991,9,8,0
1991-09-09,1991,9,9,0
1991-09-10,1991,9,10,0
1991-09-11,1991,9,11,0
1991-09-12,1991,9,12,0
1991-09-13,1991,9,13,0
1991-09-14,1991,9,14,9.9296091
1991-09-15,1991,9,15,49.545883
1991-09-16,1991,9,16,49.286258
1991-09-17,1991,9,17,7.6504454
1991-09-18,1991,9,18,0
1991-09-19,1991,9,19,0
1991-09-20,1991,9,20,0.00092956436
1991-09-21,1991,9,21,0
1991-09-22,1991,9,22,0
1991-09-23,1991,9,23,0
1991-09-24,1991,9,24,0
1991-09-25,1991,9,25,0
1991-09-26,1991,9,26,0.1787681
1991-09-27,1991,9,27,0.13977893
1991-09-28,1991,9,28,0
1991-09-29,1991,9,29,0
1991-09-30,1991,9,30,0
1991-10-01,1991,10,1,0
1991-10-02,1991,10,2,0
1991-10-03,1991,10,3,0
1991-10-04,1991,10,4,0
1991-10-05,1991,10,5,0
1991-10-06,1991,10,6,0
1991-10-07,1991,10,7,0
1991-10-08,1991,10,8,0
1991-10-09,1991,10,9,0
1991-10-10,1991,10,10,0
1991-10-11,1991,10,11,1.2170589
1991-10-12,1991,10,12,0.76021096
1991-10-13,1991,10,13,13.506397
1991-10-14,1991,10,14,7.8256985
1991-10-15,1991,10,15,2.2036678
1991-10-16,1991,10,16,0
1991-10-17,1991,10,17,0
1991-10-18,1991,10,18,0
1991-10-19,1991,10,19,0
1991-10-20,1991,10,20,0
1991-10-21,1991,10,21,0
1991-10-22,1991,10,22,0
1991-10-23,1991,10,23,0
1991-10-24,1991,10,24,0
1991-10-25,1991,10,25,0
1991-10-26,1991,10,26,0
1991-10-27,1991,10,27,0
1991-10-28,1991,10,28,0
1991-10-29,1991,10,29,0
1991-10-30,1991,10,30,0
1991-10-31,1991,10,31,0
1991-11-01,1991,11,1,0
1991-11-02,1991,11,2,0
1991-11-03,1991,11,3,0
1991-11-04,1991,11,4,2.4555166
1991-11-05,1991,11,5,0.51217472
1991-11-06,1991,11,6,0
1991-11-07,1991,11,7,0
1991-11-08,1991,11,8,0
1991-11-09,1991,11,9,0
1991-11-10,1991,11,10,0
1991-11-11,1991,11,11,0
1991-11-12,1991,11,12,0
1991-11-13,1991,11,13,0
1991-11-14,1991,11,14,0
1991-11-15,1991,11,15,0
1991-11-16,1991,11,16,0
1991-11-17,1991,11,17,0
1991-11-18,1991,11,18,0
1991-11-19,1991,11,19,0
1991-11-20,1991,11,20,0
1991-11-21,1991,11,21,0
1991-11-22,1991,11,22,0
1991-11-23,1991,11,23,5.9189205
1991-11-24,1991,11,24,0.0038798767
1991-11-25,1991,11,25,0
1991-11-26,1991,11,26,0
1991-11-27,1991,11,27,0
1991-11-28,1991,11,28,0
1991-11-29,1991,11,29,0
1991-11-30,1991,11,30,0
1991-12-01,1991,12,1,0
1991-12-02,1991,12,2,0
1991-12-03,1991,12,3,0
1991-12-04,1991,12,4,0
1991-12-05,1991,12,5,0
1991-12-06,1991,12,6,0
1991-12-07,1991,12,7,0
1991-12-08,1991,12,8,0
1991-12-09,1991,12,9,3.8239506
1991-12-10,1991,12,10,17.742632
1991-12-11,1991,12,11,4.2183382
1991-12-12,1991,12,12,0.010211178
1991-12-13,1991,12,13,0.0010755787
1991-12-14,1991,12,14,0
1991-12-15,1991,12,15,0
1991-12-16,1991,12,16,0
1991-12-17,1991,12,17,0
1991-12-18,1991,12,18,0
1991-12-19,1991,12,19,0
1991-12-20,1991,12,20,0.082650152
1991-12-21,1991,12,21,3.6958536
1991-12-22,1991,12,22,0.0096026379
1991-12-23,1991,12,23,0
1991-12-24,1991,12,24,0
1991-12-25,1991,12,25,18.34487
1991-12-26,1991,12,26,0.392447
1991-12-27,1991,12,27,0
1991-12-28,1991,12,28,3.7298751
1991-12-29,1991,12,29,1.1707145
1991-12-30,1991,12,30,2.5381573
1991-12-31,1991,12,31,2.8699189
1992-01-01,1992,1,1,0.051406277
1992-01-02,1992,1,2,0
1992-01-03,1992,1,3,0
1992-01-04,1992,1,4,0
1992-01-05,1992,1,5,0
1992-01-06,1992,1,6,0
1992-01-07,1992,1,7,2.6824204e-05
1992-01-08,1992,1,8,0
1992-01-09,1992,1,9,0
1992-01-10,1992,1,10,0
1992-01-11,1992,1,11,0
1992-01-12,1992,1,12,0
1992-01-13,1992,1,13,0
1992-01-14,1992,1,14,0
1992-01-15,1992,1,15,0
1992-01-16,1992,1,16,0
1992-01-17,1992,1,17,0
1992-01-18,1992,1,18,0
1992-01-19,1992,1,19,0
1992-01-20,1992,1,20,0
1992-01-21,1992,1,21,0
1992-01-22,1992,1,22,0
1992-01-23,1992,1,23,0
1992-01-24,1992,1,24,0
1992-01-25,1992,1,25,0
1992-01-26,1992,1,26,0
1992-01-27,1992,1,27,0.013444077
1992-01-28,1992,1,28,1.3384874
1992-01-29,1992,1,29,0.040433657
1992-01-30,1992,1,30,0
1992-01-31,1992,1,31,1.9837571e-06
1992-02-01,1992,2,1,1.9498216
1992-02-02,1992,2,2,0.015616899
1992-02-03,1992,2,3,0
1992-02-04,1992,2,4,0
1992-02-05,1992,2,5,0
1992-02-06,1992,2,6,0
1992-02-07,1992,2,7,0.055492368
1992-02-08,1992,2,8,2.5701467
1992-02-09,1992,2,9,1.5386128
1992-02-10,1992,2,10,2.2180566
1992-02-11,1992,2,11,0.53037274
1992-02-12,1992,2,12,1.1510955
1992-02-13,1992,2,13,0.001840448
1992-02-14,1992,2,14,0
1992-02-15,1992,2,15,0
1992-02-16,1992,2,16,0
1992-02-17,1992,2,17,0
1992-02-18,1992,2,18,0
1992-02-19,1992,2,19,0
1992-02-20,1992,2,20,0
1992-02-21,1992,2,21,0
1992-02-22,1992,2,22,0
1992-02-23,1992,2,23,0
1992-02-24,1992,2,24,0.00036640179
1992-02-25,1992,2,25,0.011716498
1992-02-26,1992,2,26,0
1992-02-27,1992,2,27,0
1992-02-28,1992,2,28,0
1992-02-29,1992,2,29,0
1992-03-01,1992,3,1,0
1992-03-02,1992,3,2,0
1992-03-03,1992,3,3,0
1992-03-04,1992,3,4,0
1992-03-05,1992,3,5,0
1992-03-06,1992,3,6,0
1992-03-07,1992,3,7,0
1992-03-08,1992,3,8,0
1992-03-09,1992,3,9,0
1992-03-10,1992,3,10,0
1992-03-11,1992,3,11,0
1992-03-12,1992,3,12,0.67274389
1992-03-13,1992,3,13,0
1992-03-14,1992,3,14,0
1992-03-15,1992,3,15,0
1992-03-16,1992,3,16,0
1992-03-17,1992,3,17,0
1992-03-18,1992,3,18,0
1992-03-19,1992,3,19,0
1992-03-20,1992,3,20,0
1992-03-21,1992,3,21,0
1992-03-22,1992,3,22,0
1992-03-23,1992,3,23,0
1992-03-24,1992,3,24,0
1992-03-25,1992,3,25,0.015112644
1992-03-26,1992,3,26,4.4489104
1992-03-27,1992,3,27,0.53583484
1992-03-28,1992,3,28,0
1992-03-29,1992,3,29,0
1992-03-30,1992,3,30,0
1992-03-31,1992,3,31,0.019430918
1992-04-01,1992,4,1,17.078739
1992-04-02,1992,4,2,0.67198262
1992-04-03,1992,4,3,0
1992-04-04,1992,4,4,0
1992-04-05,1992,4,5,5.7605891
1992-04-06,1992,4,6,0.0051680165
1992-04-07,1992,4,7,0
1992-04-08,1992,4,8,0
1992-04-09,1992,4,9,0
1992-04-10,1992,4,10,0
1992-04-11,1992,4,11,0
1992-04-12,1992,4,12,0
1992-04-13,1992,4,13,0
1992-04-14,1992,4,14,0
1992-04-15,1992,4,15,0
1992-04-16,1992,4,16,0
1992-04-17,1992,4,17,0
1992-04-18,1992,4,18,0.83197587
1992-04-19,1992,4,19,0
1992-04-20,1992,4,20,0
1992-04-21,1992,4,21,14.773069
1992-04-22,1992,4,22,0.29606392
1992-04-23,1992,4,23,0
1992-04-24,1992,4,24,0
1992-04-25,1992,4,25,0
1992-04-26,1992,4,26,0
1992-04-27,1992,4,27,0
1992-04-28,1992,4,28,25.181455
1992-04-29,1992,4,29,28.436293
1992-04-30,1992,4,30,3.3438434
1992-05-01,1992,5,1,0.048047045
1992-05-02,1992,5,2,0
1992-05-03,1992,5,3,0
1992-05-04,1992,5,4,1.5120227
1992-05-05,1992,5,5,0.8255417
1992-05-06,1992,5,6,3.2297474
1992-05-07,1992,5,7,0
1992-05-08,1992,5,8,2.0204112
1992-05-09,1992,5,9,2.1795415
1992-05-10,1992,5,10,24.760652
1992-05-11,1992,5,11,0.28744284
1992-05-12,1992,5,12,0
1992-05-13,1992,5,13,0
1992-05-14,1992,5,14,0
1992-05-15,1992,5,15,0
1992-05-16,1992,5,16,0
1992-05-17,1992,5,17,0
1992-05-18,1992,5,18,0
1992-05-19,1992,5,19,0
1992-05-20,1992,5,20,0.40036219
1992-05-21,1992,5,21,14.62333
1992-05-22,1992,5,22,0.065009173
1992-05-23,1992,5,23,11.948636
1992-05-24,1992,5,24,9.1284415
1992-05-25,1992,5,25,43.167634
1992-05-26,1992,5,26,53.266712
1992-05-27,1992,5,27,1.8883141
1992-05-28,1992,5,28,0.2885467
1992-05-29,1992,5,29,0.14422836
1992-05-30,1992,5,30,0.22282215
1992-05-31,1992,5,31,0
1992-06-01,1992,6,1,0
1992-06-02,1992,6,2,0.0012146133
1992-06-03,1992,6,3,0
1992-06-04,1992,6,4,23.254419
1992-06-05,1992,6,5,55.814592
1992-06-06,1992,6,6,30.688348
1992-06-07,1992,6,7,14.09561
1992-06-08,1992,6,8,1.532523
1992-06-09,1992,6,9,0.58776415
1992-06-10,1992,6,10,0
1992-06-11,1992,6,11,0
1992-06-12,1992,6,12,0
1992-06-13,1992,6,13,0
1992-06-14,1992,6,14,0.022173859
1992-06-15,1992,6,15,0.00086035111
1992-06-16,1992,6,16,0
1992-06-17,1992,6,17,0
1992-06-18,1992,6,18,0
1992-06-19,1992,6,19,0
1992-06-20,1992,6,20,1.2365331
1992-06-21,1992,6,21,11.982059
1992-06-22,1992,6,22,0.06433898
1992-06-23,1992,6,23,0
1992-06-24,1992,6,24,19.320896
1992-06-25,1992,6,25,24.757344
1992-06-26,1992,6,26,1.5118734
1992-06-27,1992,6,27,0.078464596
1992-06-28,1992,6,28,0
1992-06-29,1992,6,29,0
1992-06-30,1992,6,30,0.51248691
1992-07-01,1992,7,1,3.9585508
1992-07-02,1992,7,2,8.3733632
1992-07-03,1992,7,3,1.1641959
1992-07-04,1992,7,4,0
1992-07-05,1992,7,5,0
1992-07-06,1992,7,6,0
1992-07-07,1992,7,7,0
1992-07-08,1992,7,8,0
1992-07-09,1992,7,9,0
1992-07-10,1992,7,10,0
1992-07-11,1992,7,11,0.0027151893
1992-07-12,1992,7,12,5.6194736
1992-07-13,1992,7,13,1.5677179
1992-07-14,1992,7,14,0
1992-07-15,1992,7,15,0.15238857
1992-07-16,1992,7,16,1.9586671
1992-07-17,1992,7,17,0.035835141
1992-07-18,1992,7,18,0
1992-07-19,1992,7,19,0
1992-07-20,1992,7,20,0
1992-07-21,1992,7,21,0
1992-07-22,1992,7,22,0
1992-07-23,1992,7,23,0
1992-07-24,1992,7,24,0
1992-07-25,1992,7,25,0
1992-07-26,1992,7,26,0
1992-07-27,1992,7,27,0
1992-07-28,1992,7,28,0
1992-07-29,1992,7,29,1.5067716
1992-07-30,1992,7,30,6.8149662
1992-07-31,1992,7,31,3.8587449
1992-08-01,1992,8,1,0
1992-08-02,1992,8,2,0
1992-08-03,1992,8,3,0
1992-08-04,1992,8,4,0
1992-08-05,1992,8,5,0
1992-08-06,1992,8,6,9.7829482
1992-08-07,1992,8,7,0.25739185
1992-08-08,1992,8,8,0
1992-08-09,1992,8,9,0
1992-08-10,1992,8,10,0
1992-08-11,1992,8,11,0
1992-08-12,1992,8,12,0
1992-08-13,1992,8,13,0
1992-08-14,1992,8,14,0
1992-08-15,1992,8,15,0
1992-08-16,1992,8,16,0
1992-08-17,1992,8,17,0
1992-08-18,1992,8,18,0
1992-08-19,1992,8,19,0
1992-08-20,1992,8,20,0
1992-08-21,1992,8,21,17.892694
1992-08-22,1992,8,22,1.816061
1992-08-23,1992,8,23,0
1992-08-24,1992,8,24,0
1992-08-25,1992,8,25,0
1992-08-26,1992,8,26,0
1992-08-27,1992,8,27,0
1992-08-28,1992,8,28,0.04279159
1992-08-29,1992,8,29,8.7928075
1992-08-30,1992,8,30,15.062477
1992-08-31,1992,8,31,0.30763208
1992-09-01,1992,9,1,0
1992-09-02,1992,9,2,0
1992-09-03,1992,9,3,0
1992-09-04,1992,9,4,0
1992-09-05,1992,9,5,0
1992-09-06,1992,9,6,0
1992-09-07,1992,9,7,0
1992-09-08,1992,9,8,0
1992-09-09,1992,9,9,0
1992-09-10,1992,9,10,0
1992-09-11,1992,9,11,0
1992-09-12,1992,9,12,0
1992-09-13,1992,9,13,0
1992-09-14,1992,9,14,0
1992-09-15,1992,9,15,0
1992-09-16,1992,9,16,32.434821
1992-09-17,1992,9,17,6.5793593
1992-09-18,1992,9,18,0
1992-09-19,1992,9,19,0
1992-09-20,1992,9,20,7.6113235
1992-09-21,1992,9,21,5.5339436
1992-09-22,1992,9,22,0
1992-09-23,1992,9,23,0
1992-09-24,1992,9,24,0
1992-09-25,1992,9,25,0
1992-09-26,1992,9,26,0
1992-09-27,1992,9,27,0
1992-09-28,1992,9,28,0
1992-09-29,1992,9,29,0
1992-09-30,1992,9,30,0
1992-10-01,1992,10,1,0
1992-10-02,1992,10,2,0
1992-10-03,1992,10,3,0
1992-10-04,1992,10,4,0.7158764
1992-10-05,1992,10,5,0.059450342
1992-10-06,1992,10,6,0
1992-10-07,1992,10,7,0
1992-10-08,1992,10,8,0
1992-10-09,1992,10,9,0
1992-10-10,1992,10,10,0
1992-10-11,1992,10,11,0
1992-10-12,1992,10,12,0
1992-10-13,1992,10,13,0
1992-10-14,1992,10,14,0
1992-10-15,1992,10,15,3.2008783
1992-10-16,1992,10,16,0
1992-10-17,1992,10,17,0
1992-10-18,1992,10,18,0.51519643
1992-10-19,1992,10,19,0
1992-10-20,1992,10,20,0
1992-10-21,1992,10,21,0
1992-10-22,1992,10,22,0
1992-10-23,1992,10,23,0
1992-10-24,1992,10,24,0
1992-10-25,1992,10,25,0
1992-10-26,1992,10,26,0
1992-10-27,1992,10,27,0
1992-10-28,1992,10,28,0
1992-10-29,1992,10,29,0
1992-10-30,1992,10,30,0
1992-10-31,1992,10,31,0
1992-11-01,1992,11,1,1.5728818
1992-11-02,1992,11,2,1.7643534
1992-11-03,1992,11,3,0
1992-11-04,1992,11,4,0
1992-11-05,1992,11,5,0
1992-11-06,1992,11,6,0
1992-11-07,1992,11,7,0
1992-11-08,1992,11,8,2.6861115
1992-11-09,1992,11,9,10.654717
1992-11-10,1992,11,10,1.9865704
1992-11-11,1992,11,11,0.11842368
1992-11-12,1992,11,12,0
1992-11-13,1992,11,13,0
1992-11-14,1992,11,14,0
1992-11-15,1992,11,15,0
1992-11-16,1992,11,16,0
1992-11-17,1992,11,17,0
1992-11-18,1992,11,18,0
1992-11-19,1992,11,19,0.011043821
1992-11-20,1992,11,20,0
1992-11-21,1992,11,21,0
1992-11-22,1992,11,22,0
1992-11-23,1992,11,23,0
1992-11-24,1992,11,24,0
1992-11-25,1992,11,25,0.10508807
1992-11-26,1992,11,26,0.3242468
1992-11-27,1992,11,27,3.9212008
1992-11-28,1992,11,28,2.1064851
1992-11-29,1992,11,29,0
1992-11-30,1992,11,30,0
1992-12-01,1992,12,1,0
1992-12-02,1992,12,2,0
1992-12-03,1992,12,3,0
1992-12-04,1992,12,4,0.047520576
1992-12-05,1992,12,5,0.13406714
1992-12-06,1992,12,6,0
1992-12-07,1992,12,7,0
1992-12-08,1992,12,8,0
1992-12-09,1992,12,9,0
1992-12-10,1992,12,10,0
1992-12-11,1992,12,11,0.00045638686
1992-12-12,1992,12,12,0
1992-12-13,1992,12,13,0.0045903077
1992-12-14,1992,12,14,0
1992-12-15,1992,12,15,0.18197194
1992-12-16,1992,12,16,0
1992-12-17,1992,12,17,0
1992-12-18,1992,12,18,0
1992-12-19,1992,12,19,0
1992-12-20,1992,12,20,0
1992-12-21,1992,12,21,0
1992-12-22,1992,12,22,0
1992-12-23,1992,12,23,0
1992-12-24,1992,12,24,0
1992-12-25,1992,12,25,0
1992-12-26,1992,12,26,0
1992-12-27,1992,12,27,0
1992-12-28,1992,12,28,0
1992-12-29,1992,12,29,0
1992-12-30,1992,12,30,0.032993184
1992-12-31,1992,12,31,0.50667066
1993-01-01,1993,1,1,0.037099296
1993-01-02,1993,1,2,0
1993-01-03,1993,1,3,0
1993-01-04,1993,1,4,0
1993-01-05,1993,1,5,0
1993-01-06,1993,1,6,0.01480182
1993-01-07,1993,1,7,15.203324
1993-01-08,1993,1,8,1.9336848
1993-01-09,1993,1,9,0
1993-01-10,1993,1,10,0
1993-01-11,1993,1,11,0
1993-01-12,1993,1,12,0
1993-01-13,1993,1,13,0.0048110471
1993-01-14,1993,1,14,0
1993-01-15,1993,1,15,0
1993-01-16,1993,1,16,0
1993-01-17,1993,1,17,0
1993-01-18,1993,1,18,0
1993-01-19,1993,1,19,0
1993-01-20,1993,1,20,0
1993-01-21,1993,1,21,0
1993-01-22,1993,1,22,0
1993-01-23,1993,1,23,0
1993-01-24,1993,1,24,0
1993-01-25,1993,1,25,0
1993-01-26,1993,1,26,0
1993-01-27,1993,1,27,0
1993-01-28,1993,1,28,0
1993-01-29,1993,1,29,0
1993-01-30,1993,1,30,0
1993-01-31,1993,1,31,0.013939457
1993-02-01,1993,2,1,0
1993-02-02,1993,2,2,0.1947419
1993-02-03,1993,2,3,0.2932666
1993-02-04,1993,2,4,0.014547589
1993-02-05,1993,2,5,0.55353589
1993-02-06,1993,2,6,0.11136529
1993-02-07,1993,2,7,0
1993-02-08,1993,2,8,0
1993-02-09,1993,2,9,0
1993-02-10,1993,2,10,0
1993-02-11,1993,2,11,0.010373283
1993-02-12,1993,2,12,0
1993-02-13,1993,2,13,0
1993-02-14,1993,2,14,0
1993-02-15,1993,2,15,0.39599789
1993-02-16,1993,2,16,1.7595664
1993-02-17,1993,2,17,2.674629
1993-02-18,1993,2,18,4.0551879
1993-02-19,1993,2,19,4.5493936
1993-02-20,1993,2,20,0.040208722
1993-02-21,1993,2,21,0
1993-02-22,1993,2,22,0
1993-02-23,1993,2,23,0
1993-02-24,1993,2,24,0
1993-02-25,1993,2,25,0
1993-02-26,1993,2,26,0
1993-02-27,1993,2,27,0
1993-02-28,1993,2,28,0
1993-03-01,1993,3,1,0
1993-03-02,1993,3,2,0
1993-03-03,1993,3,3,0
1993-03-04,1993,3,4,0
1993-03-05,1993,3,5,0
1993-03-06,1993,3,6,0
1993-03-07,1993,3,7,0
1993-03-08,1993,3,8,0
1993-03-09,1993,3,9,0
1993-03-10,1993,3,10,0
1993-03-11,1993,3,11,0
1993-03-12,1993,3,12,0
1993-03-13,1993,3,13,0
1993-03-14,1993,3,14,0
1993-03-15,1993,3,15,0
1993-03-16,1993,3,16,0
1993-03-17,1993,3,17,0
1993-03-18,1993,3,18,0
1993-03-19,1993,3,19,0
1993-03-20,1993,3,20,0
1993-03-21,1993,3,21,0
1993-03-22,1993,3,22,0
1993-03-23,1993,3,23,0
1993-03-24,1993,3,24,0
1993-03-25,1993,3,25,0
1993-03-26,1993,3,26,0
1993-03-27,1993,3,27,0
1993-03-28,1993,3,28,0
1993-03-29,1993,3,29,0
1993-03-30,1993,3,30,0
1993-03-31,1993,3,31,0
1993-04-01,1993,4,1,0
1993-04-02,1993,4,2,0.56828461
1993-04-03,1993,4,3,0
1993-04-04,1993,4,4,0
1993-04-05,1993,4,5,0
1993-04-06,1993,4,6,0
1993-04-07,1993,4,7,0
1993-04-08,1993,4,8,0
1993-04-09,1993,4,9,0
1993-04-10,1993,4,10,0
1993-04-11,1993,4,11,0
1993-04-12,1993,4,12,0
1993-04-13,1993,4,13,25.430305
1993-04-14,1993,4,14,19.114578
1993-04-15,1993,4,15,10.273442
1993-04-16,1993,4,16,9.676153
1993-04-17,1993,4,17,6.1575348
1993-04-18,1993,4,18,9.1209442
1993-04-19,1993,4,19,10.741461
1993-04-20,1993,4,20,0.17463822
1993-04-21,1993,4,21,0
1993-04-22,1993,4,22,0
1993-04-23,1993,4,23,0
1993-04-24,1993,4,24,2.1100032
1993-04-25,1993,4,25,0
1993-04-26,1993,4,26,0
1993-04-27,1993,4,27,0
1993-04-28,1993,4,28,0
1993-04-29,1993,4,29,0
1993-04-30,1993,4,30,0.0027204805
1993-05-01,1993,5,1,0
1993-05-02,1993,5,2,15.637328
1993-05-03,1993,5,3,52.588485
1993-05-04,1993,5,4,1.8446035
1993-05-05,1993,5,5,68.511208
1993-05-06,1993,5,6,41.670783
1993-05-07,1993,5,7,4.2098015
1993-05-08,1993,5,8,0
1993-05-09,1993,5,9,0.036128344
1993-05-10,1993,5,10,7.7602241
1993-05-11,1993,5,11,0.024075363
1993-05-12,1993,5,12,0.068718547
1993-05-13,1993,5,13,0
1993-05-14,1993,5,14,0
1993-05-15,1993,5,15,0
1993-05-16,1993,5,16,0
1993-05-17,1993,5,17,0
1993-05-18,1993,5,18,0
1993-05-19,1993,5,19,1.1530609
1993-05-20,1993,5,20,0
1993-05-21,1993,5,21,3.8042883
1993-05-22,1993,5,22,0
1993-05-23,1993,5,23,0.64615831
1993-05-24,1993,5,24,0.22169
1993-05-25,1993,5,25,0
1993-05-26,1993,5,26,0
1993-05-27,1993,5,27,0
1993-05-28,1993,5,28,11.324302
1993-05-29,1993,5,29,4.8716799
1993-05-30,1993,5,30,2.7681365
1993-05-31,1993,5,31,0
1993-06-01,1993,6,1,0.12371346
1993-06-02,1993,6,2,7.9424738
1993-06-03,1993,6,3,35.619444
1993-06-04,1993,6,4,2.5446898
1993-06-05,1993,6,5,0
1993-06-06,1993,6,6,0
1993-06-07,1993,6,7,0
1993-06-08,1993,6,8,0
1993-06-09,1993,6,9,0
1993-06-10,1993,6,10,0
1993-06-11,1993,6,11,0
1993-06-12,1993,6,12,0
1993-06-13,1993,6,13,7.0972537
1993-06-14,1993,6,14,0.06440194
1993-06-15,1993,6,15,0
1993-06-16,1993,6,16,0
1993-06-17,1993,6,17,0
1993-06-18,1993,6,18,0
1993-06-19,1993,6,19,0
1993-06-20,1993,6,20,0
1993-06-21,1993,6,21,0
1993-06-22,1993,6,22,0
1993-06-23,1993,6,23,3.6555946
1993-06-24,1993,6,24,0.010919049
1993-06-25,1993,6,25,0
1993-06-26,1993,6,26,30.940318
1993-06-27,1993,6,27,14.563901
1993-06-28,1993,6,28,0
1993-06-29,1993,6,29,0
1993-06-30,1993,6,30,2.0242786
1993-07-01,1993,7,1,16.589464
1993-07-02,1993,7,2,25.26703
1993-07-03,1993,7,3,3.3507963
1993-07-04,1993,7,4,0
1993-07-05,1993,7,5,0.0002239676
1993-07-06,1993,7,6,0
1993-07-07,1993,7,7,0
1993-07-08,1993,7,8,0.19251067
1993-07-09,1993,7,9,0
1993-07-10,1993,7,10,0
1993-07-11,1993,7,11,0
1993-07-12,1993,7,12,0
1993-07-13,1993,7,13,0
1993-07-14,1993,7,14,0
1993-07-15,1993,7,15,0
1993-07-16,1993,7,16,0
1993-07-17,1993,7,17,0
1993-07-18,1993,7,18,1.2455005
1993-07-19,1993,7,19,0
1993-07-20,1993,7,20,0
1993-07-21,1993,7,21,0
1993-07-22,1993,7,22,0
1993-07-23,1993,7,23,0
1993-07-24,1993,7,24,0
1993-07-25,1993,7,25,0
1993-07-26,1993,7,26,11.577248
1993-07-27,1993,7,27,4.462414
1993-07-28,1993,7,28,0.44464058
1993-07-29,1993,7,29,0.0064411846
1993-07-30,1993,7,30,0
1993-07-31,1993,7,31,0
1993-08-01,1993,8,1,0
1993-08-02,1993,8,2,0
1993-08-03,1993,8,3,0
1993-08-04,1993,8,4,0
1993-08-05,1993,8,5,0
1993-08-06,1993,8,6,0
1993-08-07,1993,8,7,0
1993-08-08,1993,8,8,0
1993-08-09,1993,8,9,0
1993-08-10,1993,8,10,0
1993-08-11,1993,8,11,0
1993-08-12,1993,8,12,0
1993-08-13,1993,8,13,0
1993-08-14,1993,8,14,0
1993-08-15,1993,8,15,0
1993-08-16,1993,8,16,0
1993-08-17,1993,8,17,0
1993-08-18,1993,8,18,0
1993-08-19,1993,8,19,0
1993-08-20,1993,8,20,0
1993-08-21,1993,8,21,0
1993-08-22,1993,8,22,0
1993-08-23,1993,8,23,0
1993-08-24,1993,8,24,0
1993-08-25,1993,8,25,0
1993-08-26,1993,8,26,0
1993-08-27,1993,8,27,0
1993-08-28,1993,8,28,0.80806399
1993-08-29,1993,8,29,17.634226
1993-08-30,1993,8,30,1.5841519
1993-08-31,1993,8,31,0
1993-09-01,1993,9,1,0
1993-09-02,1993,9,2,0
1993-09-03,1993,9,3,0
1993-09-04,1993,9,4,0
1993-09-05,1993,9,5,3.5920535
1993-09-06,1993,9,6,1.4931451
1993-09-07,1993,9,7,0
1993-09-08,1993,9,8,0
1993-09-09,1993,9,9,0
1993-09-10,1993,9,10,0
1993-09-11,1993,9,11,0
1993-09-12,1993,9,12,0
1993-09-13,1993,9,13,0
1993-09-14,1993,9,14,0
1993-09-15,1993,9,15,0
1993-09-16,1993,9,16,0
1993-09-17,1993,9,17,0.090840877
1993-09-18,1993,9,18,0
1993-09-19,1993,9,19,1.04925
1993-09-20,1993,9,20,0.019056069
1993-09-21,1993,9,21,9.0947977
1993-09-22,1993,9,22,6.6349712
1993-09-23,1993,9,23,0.54974336
1993-09-24,1993,9,24,0
1993-09-25,1993,9,25,0
1993-09-26,1993,9,26,0
1993-09-27,1993,9,27,0
1993-09-28,1993,9,28,0.013943465
1993-09-29,1993,9,29,2.922373
1993-09-30,1993,9,30,1.1038536
1993-10-01,1993,10,1,0
1993-10-02,1993,10,2,0
1993-10-03,1993,10,3,0
1993-10-04,1993,10,4,0
1993-10-05,1993,10,5,0
1993-10-06,1993,10,6,0
1993-10-07,1993,10,7,0
1993-10-08,1993,10,8,0
1993-10-09,1993,10,9,0
1993-10-10,1993,10,10,0
1993-10-11,1993,10,11,0
1993-10-12,1993,10,12,0
1993-10-13,1993,10,13,0
1993-10-14,1993,10,14,0
1993-10-15,1993,10,15,0.61449182
1993-10-16,1993,10,16,11.946061
1993-10-17,1993,10,17,0
1993-10-18,1993,10,18,0
1993-10-19,1993,10,19,0
1993-10-20,1993,10,20,0.55115919
1993-10-21,1993,10,21,0.010071353
1993-10-22,1993,10,22,0
1993-10-23,1993,10,23,0
1993-10-24,1993,10,24,0
1993-10-25,1993,10,25,0.1829469
1993-10-26,1993,10,26,0
1993-10-27,1993,10,27,0
1993-10-28,1993,10,28,0
1993-10-29,1993,10,29,0
1993-10-30,1993,10,30,8.1194161
1993-10-31,1993,10,31,0.0034459001
1993-11-01,1993,11,1,0
1993-11-02,1993,11,2,0
1993-11-03,1993,11,3,0
1993-11-04,1993,11,4,3.5184257
1993-11-05,1993,11,5,0
1993-11-06,1993,11,6,0
1993-11-07,1993,11,7,0
1993-11-08,1993,11,8,0
1993-11-09,1993,11,9,0
1993-11-10,1993,11,10,0
1993-11-11,1993,11,11,0
1993-11-12,1993,11,12,0
1993-11-13,1993,11,13,0
1993-11-14,1993,11,14,0
1993-11-15,1993,11,15,0.070018312
1993-11-16,1993,11,16,0
1993-11-17,1993,11,17,0
1993-11-18,1993,11,18,0
1993-11-19,1993,11,19,0
1993-11-20,1993,11,20,0
1993-11-21,1993,11,21,0
1993-11-22,1993,11,22,0
1993-11-23,1993,11,23,0
1993-11-24,1993,11,24,0
1993-11-25,1993,11,25,0
1993-11-26,1993,11,26,0
1993-11-27,1993,11,27,0
1993-11-28,1993,11,28,0
1993-11-29,1993,11,29,8.1145111
1993-11-30,1993,11,30,0
1993-12-01,1993,12,1,0
1993-12-02,1993,12,2,0
1993-12-03,1993,12,3,9.9085562
1993-12-04,1993,12,4,0.35387373
1993-12-05,1993,12,5,0
1993-12-06,1993,12,6,0
1993-12-07,1993,12,7,0
1993-12-08,1993,12,8,0.0013691606
1993-12-09,1993,12,9,0
1993-12-10,1993,12,10,0
1993-12-11,1993,12,11,0
1993-12-12,1993,12,12,0
1993-12-13,1993,12,13,0
1993-12-14,1993,12,14,0.41947815
1993-12-15,1993,12,15,0.19095115
1993-12-16,1993,12,16,0.019024577
1993-12-17,1993,12,17,0
1993-12-18,1993,12,18,0.016988528
1993-12-19,1993,12,19,0.03889906
1993-12-20,1993,12,20,0.0015354772
1993-12-21,1993,12,21,2.0598098
1993-12-22,1993,12,22,0.014709805
1993-12-23,1993,12,23,0
1993-12-24,1993,12,24,0
1993-12-25,1993,12,25,0
1993-12-26,1993,12,26,0.0053316778
1993-12-27,1993,12,27,0
1993-12-28,1993,12,28,0
1993-12-29,1993,12,29,0
1993-12-30,1993,12,30,0.0011321881
1993-12-31,1993,12,31,0.010833551
1994-01-01,1994,1,1,0
1994-01-02,1994,1,2,0
1994-01-03,1994,1,3,0
1994-01-04,1994,1,4,0
1994-01-05,1994,1,5,0
1994-01-06,1994,1,6,0
1994-01-07,1994,1,7,0
1994-01-08,1994,1,8,0.0027711539
1994-01-09,1994,1,9,0
1994-01-10,1994,1,10,0
1994-01-11,1994,1,11,0
1994-01-12,1994,1,12,0
1994-01-13,1994,1,13,0
1994-01-14,1994,1,14,1.1044922
1994-01-15,1994,1,15,0.24770887
1994-01-16,1994,1,16,0
1994-01-17,1994,1,17,0
1994-01-18,1994,1,18,0
1994-01-19,1994,1,19,0
1994-01-20,1994,1,20,0
1994-01-21,1994,1,21,0
1994-01-22,1994,1,22,0
1994-01-23,1994,1,23,0
1994-01-24,1994,1,24,0.00011444297
1994-01-25,1994,1,25,0
1994-01-26,1994,1,26,0
1994-01-27,1994,1,27,0
1994-01-28,1994,1,28,0
1994-01-29,1994,1,29,0
1994-01-30,1994,1,30,0
1994-01-31,1994,1,31,0.076784296
1994-02-01,1994,2,1,0
1994-02-02,1994,2,2,0
1994-02-03,1994,2,3,0
1994-02-04,1994,2,4,0
1994-02-05,1994,2,5,0
1994-02-06,1994,2,6,0
1994-02-07,1994,2,7,0
1994-02-08,1994,2,8,0.014772787
1994-02-09,1994,2,9,0.6378543
1994-02-10,1994,2,10,0.06833472
1994-02-11,1994,2,11,0
1994-02-12,1994,2,12,0
1994-02-13,1994,2,13,0
1994-02-14,1994,2,14,0
1994-02-15,1994,2,15,0.13447844
1994-02-16,1994,2,16,0.058521174
1994-02-17,1994,2,17,0
1994-02-18,1994,2,18,0
1994-02-19,1994,2,19,0
1994-02-20,1994,2,20,0.0046677331
1994-02-21,1994,2,21,0.30807363
1994-02-22,1994,2,22,5.4119166
1994-02-23,1994,2,23,0.33319082
1994-02-24,1994,2,24,0
1994-02-25,1994,2,25,0
1994-02-26,1994,2,26,2.9511744
1994-02-27,1994,2,27,0.13927751
1994-02-28,1994,2,28,0
1994-03-01,1994,3,1,0
1994-03-02,1994,3,2,0
1994-03-03,1994,3,3,0
1994-03-04,1994,3,4,0
1994-03-05,1994,3,5,0
1994-03-06,1994,3,6,0
1994-03-07,1994,3,7,0
1994-03-08,1994,3,8,0
1994-03-09,1994,3,9,0
1994-03-10,1994,3,10,0
1994-03-11,1994,3,11,0
1994-03-12,1994,3,12,0
1994-03-13,1994,3,13,1.2702758
1994-03-14,1994,3,14,0.11443039
1994-03-15,1994,3,15,0
1994-03-16,1994,3,16,0
1994-03-17,1994,3,17,0
1994-03-18,1994,3,18,0
1994-03-19,1994,3,19,0
1994-03-20,1994,3,20,0
1994-03-21,1994,3,21,0
1994-03-22,1994,3,22,0
1994-03-23,1994,3,23,0.37207033
1994-03-24,1994,3,24,6.706051e-06
1994-03-25,1994,3,25,0
1994-03-26,1994,3,26,0
1994-03-27,1994,3,27,0
1994-03-28,1994,3,28,0
1994-03-29,1994,3,29,0
1994-03-30,1994,3,30,0
1994-03-31,1994,3,31,0
1994-04-01,1994,4,1,0
1994-04-02,1994,4,2,0
1994-04-03,1994,4,3,0
1994-04-04,1994,4,4,9.1358943
1994-04-05,1994,4,5,0
1994-04-06,1994,4,6,0
1994-04-07,1994,4,7,0
1994-04-08,1994,4,8,0.79642087
1994-04-09,1994,4,9,0
1994-04-10,1994,4,10,0
1994-04-11,1994,4,11,0
1994-04-12,1994,4,12,0
1994-04-13,1994,4,13,0
1994-04-14,1994,4,14,0
1994-04-15,1994,4,15,0
1994-04-16,1994,4,16,0
1994-04-17,1994,4,17,0
1994-04-18,1994,4,18,0
1994-04-19,1994,4,19,0.14981858
1994-04-20,1994,4,20,1.876417
1994-04-21,1994,4,21,0.0063689486
1994-04-22,1994,4,22,0
1994-04-23,1994,4,23,0
1994-04-24,1994,4,24,0
1994-04-25,1994,4,25,0
1994-04-26,1994,4,26,40.072752
1994-04-27,1994,4,27,15.597363
1994-04-28,1994,4,28,0
1994-04-29,1994,4,29,0
1994-04-30,1994,4,30,0.026893233
1994-05-01,1994,5,1,0.0018472244
1994-05-02,1994,5,2,0
1994-05-03,1994,5,3,0
1994-05-04,1994,5,4,0
1994-05-05,1994,5,5,0.48191665
1994-05-06,1994,5,6,0
1994-05-07,1994,5,7,0
1994-05-08,1994,5,8,0.0097716329
1994-05-09,1994,5,9,0.0019863874
1994-05-10,1994,5,10,0.0083143211
1994-05-11,1994,5,11,0
1994-05-12,1994,5,12,0
1994-05-13,1994,5,13,0
1994-05-14,1994,5,14,0
1994-05-15,1994,5,15,0
1994-05-16,1994,5,16,0
1994-05-17,1994,5,17,0
1994-05-18,1994,5,18,0
1994-05-19,1994,5,19,0
1994-05-20,1994,5,20,0
1994-05-21,1994,5,21,0
1994-05-22,1994,5,22,24.679177
1994-05-23,1994,5,23,29.041134
1994-05-24,1994,5,24,2.2347902
1994-05-25,1994,5,25,0
1994-05-26,1994,5,26,0
1994-05-27,1994,5,27,1.4790576
1994-05-28,1994,5,28,0
1994-05-29,1994,5,29,0
1994-05-30,1994,5,30,0
1994-05-31,1994,5,31,0.68553811
1994-06-01,1994,6,1,2.9230196
1994-06-02,1994,6,2,4.0075265
1994-06-03,1994,6,3,0.0012106112
1994-06-04,1994,6,4,0
1994-06-05,1994,6,5,0.002325251
1994-06-06,1994,6,6,0
1994-06-07,1994,6,7,0
1994-06-08,1994,6,8,0
1994-06-09,1994,6,9,0
1994-06-10,1994,6,10,0
1994-06-11,1994,6,11,0
1994-06-12,1994,6,12,0
1994-06-13,1994,6,13,0.94468467
1994-06-14,1994,6,14,10.841956
1994-06-15,1994,6,15,0.10188697
1994-06-16,1994,6,16,0
1994-06-17,1994,6,17,0.22516758
1994-06-18,1994,6,18,0
1994-06-19,1994,6,19,8.2388547
1994-06-20,1994,6,20,1.323135
1994-06-21,1994,6,21,6.9080488
1994-06-22,1994,6,22,0
1994-06-23,1994,6,23,3.4637125
1994-06-24,1994,6,24,0.10633478
1994-06-25,1994,6,25,0
1994-06-26,1994,6,26,0
1994-06-27,1994,6,27,0
1994-06-28,1994,6,28,0
1994-06-29,1994,6,29,8.6331643
1994-06-30,1994,6,30,0.042952537
1994-07-01,1994,7,1,0
1994-07-02,1994,7,2,0
1994-07-03,1994,7,3,0.03046152
1994-07-04,1994,7,4,0.045101319
1994-07-05,1994,7,5,0
1994-07-06,1994,7,6,0
1994-07-07,1994,7,7,0
1994-07-08,1994,7,8,0
1994-07-09,1994,7,9,0
1994-07-10,1994,7,10,0
1994-07-11,1994,7,11,0
1994-07-12,1994,7,12,0
1994-07-13,1994,7,13,0.025526594
1994-07-14,1994,7,14,0
1994-07-15,1994,7,15,0
1994-07-16,1994,7,16,0
1994-07-17,1994,7,17,0.40912926
1994-07-18,1994,7,18,35.776688
1994-07-19,1994,7,19,52.830569
1994-07-20,1994,7,20,59.624321
1994-07-21,1994,7,21,10.500367
1994-07-22,1994,7,22,3.4808165
1994-07-23,1994,7,23,0
1994-07-24,1994,7,24,19.428313
1994-07-25,1994,7,25,6.6443216
1994-07-26,1994,7,26,0
1994-07-27,1994,7,27,2.8170304
1994-07-28,1994,7,28,0
1994-07-29,1994,7,29,0.00053969975
1994-07-30,1994,7,30,0
1994-07-31,1994,7,31,0.00036342304
1994-08-01,1994,8,1,0
1994-08-02,1994,8,2,0
1994-08-03,1994,8,3,0
1994-08-04,1994,8,4,0
1994-08-05,1994,8,5,0
1994-08-06,1994,8,6,0
1994-08-07,1994,8,7,1.0507485
1994-08-08,1994,8,8,0.60812635
1994-08-09,1994,8,9,0
1994-08-10,1994,8,10,0
1994-08-11,1994,8,11,0
1994-08-12,1994,8,12,0
1994-08-13,1994,8,13,0
1994-08-14,1994,8,14,0
1994-08-15,1994,8,15,0
1994-08-16,1994,8,16,0
1994-08-17,1994,8,17,1.7637964
1994-08-18,1994,8,18,0.1051682
1994-08-19,1994,8,19,0
1994-08-20,1994,8,20,0
1994-08-21,1994,8,21,0
1994-08-22,1994,8,22,0
1994-08-23,1994,8,23,0
1994-08-24,1994,8,24,0.889688
1994-08-25,1994,8,25,0.00045517769
1994-08-26,1994,8,26,0
1994-08-27,1994,8,27,0
1994-08-28,1994,8,28,0
1994-08-29,1994,8,29,0
1994-08-30,1994,8,30,2.7360344
1994-08-31,1994,8,31,0
1994-09-01,1994,9,1,0
1994-09-02,1994,9,2,0
1994-09-03,1994,9,3,0
1994-09-04,1994,9,4,0
1994-09-05,1994,9,5,0
1994-09-06,1994,9,6,0
1994-09-07,1994,9,7,0
1994-09-08,1994,9,8,0
1994-09-09,1994,9,9,0
1994-09-10,1994,9,10,0
1994-09-11,1994,9,11,0
1994-09-12,1994,9,12,0.016130038
1994-09-13,1994,9,13,0.46533193
1994-09-14,1994,9,14,2.6588686
1994-09-15,1994,9,15,0
1994-09-16,1994,9,16,0
1994-09-17,1994,9,17,0
1994-09-18,1994,9,18,0
1994-09-19,1994,9,19,4.6843546
1994-09-20,1994,9,20,11.093784
1994-09-21,1994,9,21,7.0275577
1994-09-22,1994,9,22,13.235018
1994-09-23,1994,9,23,14.656036
1994-09-24,1994,9,24,0
1994-09-25,1994,9,25,0
1994-09-26,1994,9,26,0
1994-09-27,1994,9,27,0
1994-09-28,1994,9,28,0
1994-09-29,1994,9,29,0.051140481
1994-09-30,1994,9,30,0
1994-10-01,1994,10,1,0
1994-10-02,1994,10,2,0
1994-10-03,1994,10,3,2.0491268
1994-10-04,1994,10,4,0
1994-10-05,1994,10,5,0
1994-10-06,1994,10,6,0
1994-10-07,1994,10,7,0
1994-10-08,1994,10,8,0
1994-10-09,1994,10,9,0
1994-10-10,1994,10,10,0.51000836
1994-10-11,1994,10,11,6.8833687
1994-10-12,1994,10,12,0
1994-10-13,1994,10,13,0
1994-10-14,1994,10,14,0
1994-10-15,1994,10,15,3.0795527
1994-10-16,1994,10,16,7.7512648
1994-10-17,1994,10,17,0.21236584
1994-10-18,1994,10,18,0.0017042013
1994-10-19,1994,10,19,0
1994-10-20,1994,10,20,0
1994-10-21,1994,10,21,0
1994-10-22,1994,10,22,0
1994-10-23,1994,10,23,0
1994-10-24,1994,10,24,0
1994-10-25,1994,10,25,0
1994-10-26,1994,10,26,0
1994-10-27,1994,10,27,0
1994-10-28,1994,10,28,0
1994-10-29,1994,10,29,0
1994-10-30,1994,10,30,0.014437064
1994-10-31,1994,10,31,0.14703469
1994-11-01,1994,11,1,0
1994-11-02,1994,11,2,0
1994-11-03,1994,11,3,0
1994-11-04,1994,11,4,0
1994-11-05,1994,11,5,0
1994-11-06,1994,11,6,0
1994-11-07,1994,11,7,0
1994-11-08,1994,11,8,0
1994-11-09,1994,11,9,0
1994-11-10,1994,11,10,0
1994-11-11,1994,11,11,0
1994-11-12,1994,11,12,0
1994-11-13,1994,11,13,0
1994-11-14,1994,11,14,0
1994-11-15,1994,11,15,0
1994-11-16,1994,11,16,0
1994-11-17,1994,11,17,0
1994-11-18,1994,11,18,0
1994-11-19,1994,11,19,0
1994-11-20,1994,11,20,0
1994-11-21,1994,11,21,0
1994-11-22,1994,11,22,0
1994-11-23,1994,11,23,0
1994-11-24,1994,11,24,0
1994-11-25,1994,11,25,0
1994-11-26,1994,11,26,0
1994-11-27,1994,11,27,3.5323118
1994-11-28,1994,11,28,0
1994-11-29,1994,11,29,0
1994-11-30,1994,11,30,0
1994-12-01,1994,12,1,0
1994-12-02,1994,12,2,10.763265
1994-12-03,1994,12,3,0.30428645
1994-12-04,1994,12,4,0
1994-12-05,1994,12,5,0
1994-12-06,1994,12,6,0.0081146843
1994-12-07,1994,12,7,0
1994-12-08,1994,12,8,0
1994-12-09,1994,12,9,0
1994-12-10,1994,12,10,0
1994-12-11,1994,12,11,0
1994-12-12,1994,12,12,0
1994-12-13,1994,12,13,0
1994-12-14,1994,12,14,0
1994-12-15,1994,12,15,0
1994-12-16,1994,12,16,0
1994-12-17,1994,12,17,0
1994-12-18,1994,12,18,0
1994-12-19,1994,12,19,0
1994-12-20,1994,12,20,0
1994-12-21,1994,12,21,0
1994-12-22,1994,12,22,2.6824204e-05
1994-12-23,1994,12,23,0.35896061
1994-12-24,1994,12,24,0.012894212
1994-12-25,1994,12,25,0
1994-12-26,1994,12,26,0
1994-12-27,1994,12,27,0
1994-12-28,1994,12,28,0
1994-12-29,1994,12,29,0
1994-12-30,1994,12,30,0
1994-12-31,1994,12,31,0
1995-01-01,1995,1,1,0
1995-01-02,1995,1,2,0
1995-01-03,1995,1,3,0
1995-01-04,1995,1,4,0
1995-01-05,1995,1,5,0
1995-01-06,1995,1,6,0
1995-01-07,1995,1,7,0
1995-01-08,1995,1,8,0
1995-01-09,1995,1,9,0
1995-01-10,1995,1,10,10.369395
1995-01-11,1995,1,11,3.4344644
1995-01-12,1995,1,12,0.0012538229
1995-01-13,1995,1,13,0
1995-01-14,1995,1,14,3.9516019
1995-01-15,1995,1,15,1.8294904
1995-01-16,1995,1,16,0.0069333294
1995-01-17,1995,1,17,0
1995-01-18,1995,1,18,0
1995-01-19,1995,1,19,0
1995-01-20,1995,1,20,0
1995-01-21,1995,1,21,0
1995-01-22,1995,1,22,0
1995-01-23,1995,1,23,0
1995-01-24,1995,1,24,0
1995-01-25,1995,1,25,0
1995-01-26,1995,1,26,0
1995-01-27,1995,1,27,0
1995-01-28,1995,1,28,0
1995-01-29,1995,1,29,0
1995-01-30,1995,1,30,0
1995-01-31,1995,1,31,2.2277356
1995-02-01,1995,2,1,0.52895745
1995-02-02,1995,2,2,0.16093526
1995-02-03,1995,2,3,0.71621548
1995-02-04,1995,2,4,0.029461183
1995-02-05,1995,2,5,0
1995-02-06,1995,2,6,0.083243775
1995-02-07,1995,2,7,0.027064866
1995-02-08,1995,2,8,0.00544244
1995-02-09,1995,2,9,0.086447714
1995-02-10,1995,2,10,0.012175224
1995-02-11,1995,2,11,0
1995-02-12,1995,2,12,0
1995-02-13,1995,2,13,0.34256814
1995-02-14,1995,2,14,0.08009038
1995-02-15,1995,2,15,0
1995-02-16,1995,2,16,0
1995-02-17,1995,2,17,0
1995-02-18,1995,2,18,0
1995-02-19,1995,2,19,0
1995-02-20,1995,2,20,0
1995-02-21,1995,2,21,0.00046185898
1995-02-22,1995,2,22,7.388034
1995-02-23,1995,2,23,0.28849601
1995-02-24,1995,2,24,0
1995-02-25,1995,2,25,0
1995-02-26,1995,2,26,0
1995-02-27,1995,2,27,0
1995-02-28,1995,2,28,0.0052342297
1995-03-01,1995,3,1,0
1995-03-02,1995,3,2,0
1995-03-03,1995,3,3,0
1995-03-04,1995,3,4,0
1995-03-05,1995,3,5,0
1995-03-06,1995,3,6,0
1995-03-07,1995,3,7,0
1995-03-08,1995,3,8,0
1995-03-09,1995,3,9,0
1995-03-10,1995,3,10,0
1995-03-11,1995,3,11,0
1995-03-12,1995,3,12,0
1995-03-13,1995,3,13,0
1995-03-14,1995,3,14,0
1995-03-15,1995,3,15,0
1995-03-16,1995,3,16,0
1995-03-17,1995,3,17,0
1995-03-18,1995,3,18,0
1995-03-19,1995,3,19,0
1995-03-20,1995,3,20,0.024029637
1995-03-21,1995,3,21,0
1995-03-22,1995,3,22,0
1995-03-23,1995,3,23,0
1995-03-24,1995,3,24,0
1995-03-25,1995,3,25,0
1995-03-26,1995,3,26,0
1995-03-27,1995,3,27,0
1995-03-28,1995,3,28,0
1995-03-29,1995,3,29,0
1995-03-30,1995,3,30,0
1995-03-31,1995,3,31,0
1995-04-01,1995,4,1,0
1995-04-02,1995,4,2,0
1995-04-03,1995,4,3,0
1995-04-04,1995,4,4,0
1995-04-05,1995,4,5,0
1995-04-06,1995,4,6,0
1995-04-07,1995,4,7,0.75475975
1995-04-08,1995,4,8,0.57150679
1995-04-09,1995,4,9,0
1995-04-10,1995,4,10,0
1995-04-11,1995,4,11,0
1995-04-12,1995,4,12,0
1995-04-13,1995,4,13,0
1995-04-14,1995,4,14,0
1995-04-15,1995,4,15,0
1995-04-16,1995,4,16,0
1995-04-17,1995,4,17,0
1995-04-18,1995,4,18,0
1995-04-19,1995,4,19,0
1995-04-20,1995,4,20,0
1995-04-21,1995,4,21,0
1995-04-22,1995,4,22,0
1995-04-23,1995,4,23,0
1995-04-24,1995,4,24,0
1995-04-25,1995,4,25,0
1995-04-26,1995,4,26,0.061003291
1995-04-27,1995,4,27,44.463787
1995-04-28,1995,4,28,0.61301771
1995-04-29,1995,4,29,9.0544342
1995-04-30,1995,4,30,0.35577354
1995-05-01,1995,5,1,0
1995-05-02,1995,5,2,0
1995-05-03,1995,5,3,0
1995-05-04,1995,5,4,0
1995-05-05,1995,5,5,7.8711512
1995-05-06,1995,5,6,0
1995-05-07,1995,5,7,0
1995-05-08,1995,5,8,0
1995-05-09,1995,5,9,0
1995-05-10,1995,5,10,0
1995-05-11,1995,5,11,0
1995-05-12,1995,5,12,0
1995-05-13,1995,5,13,0.00027834889
1995-05-14,1995,5,14,0
1995-05-15,1995,5,15,0
1995-05-16,1995,5,16,0
1995-05-17,1995,5,17,0
1995-05-18,1995,5,18,0
1995-05-19,1995,5,19,0
1995-05-20,1995,5,20,0
1995-05-21,1995,5,21,0
1995-05-22,1995,5,22,0
1995-05-23,1995,5,23,0
1995-05-24,1995,5,24,0
1995-05-25,1995,5,25,0
1995-05-26,1995,5,26,0
1995-05-27,1995,5,27,0
1995-05-28,1995,5,28,0
1995-05-29,1995,5,29,0
1995-05-30,1995,5,30,2.8687342
1995-05-31,1995,5,31,1.9994021
1995-06-01,1995,6,1,0
1995-06-02,1995,6,2,0
1995-06-03,1995,6,3,0
1995-06-04,1995,6,4,0
1995-06-05,1995,6,5,33.802004
1995-06-06,1995,6,6,3.3898153
1995-06-07,1995,6,7,0.00022774
1995-06-08,1995,6,8,3.9393913
1995-06-09,1995,6,9,15.73636
1995-06-10,1995,6,10,11.870098
1995-06-11,1995,6,11,0
1995-06-12,1995,6,12,0
1995-06-13,1995,6,13,0
1995-06-14,1995,6,14,0
1995-06-15,1995,6,15,8.0714978
1995-06-16,1995,6,16,6.6907629
1995-06-17,1995,6,17,0.028789853
1995-06-18,1995,6,18,1.4878178e-06
1995-06-19,1995,6,19,0
1995-06-20,1995,6,20,0
1995-06-21,1995,6,21,0
1995-06-22,1995,6,22,0
1995-06-23,1995,6,23,34.532587
1995-06-24,1995,6,24,1.3434475
1995-06-25,1995,6,25,0
1995-06-26,1995,6,26,10.764518
1995-06-27,1995,6,27,3.0756629
1995-06-28,1995,6,28,0
1995-06-29,1995,6,29,0
1995-06-30,1995,6,30,0.0029413436
1995-07-01,1995,7,1,2.594238
1995-07-02,1995,7,2,0
1995-07-03,1995,7,3,0.034734996
1995-07-04,1995,7,4,18.93166
1995-07-05,1995,7,5,1.0432254
1995-07-06,1995,7,6,0
1995-07-07,1995,7,7,0
1995-07-08,1995,7,8,0
1995-07-09,1995,7,9,1.4135838
1995-07-10,1995,7,10,0
1995-07-11,1995,7,11,0
1995-07-12,1995,7,12,0.054872379
1995-07-13,1995,7,13,4.3633858
1995-07-14,1995,7,14,10.522279
1995-07-15,1995,7,15,0.70843674
1995-07-16,1995,7,16,0
1995-07-17,1995,7,17,4.3158669
1995-07-18,1995,7,18,7.8273368
1995-07-19,1995,7,19,0.22868027
1995-07-20,1995,7,20,0
1995-07-21,1995,7,21,0
1995-07-22,1995,7,22,0
1995-07-23,1995,7,23,8.9790823
1995-07-24,1995,7,24,0.060205391
1995-07-25,1995,7,25,0.53347366
1995-07-26,1995,7,26,5.0184643
1995-07-27,1995,7,27,0.35811325
1995-07-28,1995,7,28,10.233027
1995-07-29,1995,7,29,1.9595981
1995-07-30,1995,7,30,0
1995-07-31,1995,7,31,0.0030595558
1995-08-01,1995,8,1,0
1995-08-02,1995,8,2,0
1995-08-03,1995,8,3,0
1995-08-04,1995,8,4,0
1995-08-05,1995,8,5,0
1995-08-06,1995,8,6,0
1995-08-07,1995,8,7,0
1995-08-08,1995,8,8,0
1995-08-09,1995,8,9,0
1995-08-10,1995,8,10,0
1995-08-11,1995,8,11,0
1995-08-12,1995,8,12,6.0770977
1995-08-13,1995,8,13,37.980974
1995-08-14,1995,8,14,5.4039348
1995-08-15,1995,8,15,0
1995-08-16,1995,8,16,0
1995-08-17,1995,8,17,0
1995-08-18,1995,8,18,0
1995-08-19,1995,8,19,0
1995-08-20,1995,8,20,0
1995-08-21,1995,8,21,0
1995-08-22,1995,8,22,0
1995-08-23,1995,8,23,0
1995-08-24,1995,8,24,0
1995-08-25,1995,8,25,0
1995-08-26,1995,8,26,0
1995-08-27,1995,8,27,0
1995-08-28,1995,8,28,10.777335
1995-08-29,1995,8,29,0.040119041
1995-08-30,1995,8,30,0
1995-08-31,1995,8,31,0
1995-09-01,1995,9,1,0
1995-09-02,1995,9,2,0
1995-09-03,1995,9,3,0
1995-09-04,1995,9,4,0
1995-09-05,1995,9,5,0
1995-09-06,1995,9,6,0
1995-09-07,1995,9,7,0
1995-09-08,1995,9,8,9.8730497
1995-09-09,1995,9,9,7.5988227
1995-09-10,1995,9,10,0.56184477
1995-09-11,1995,9,11,0
1995-09-12,1995,9,12,7.7012999
1995-09-13,1995,9,13,0.68947589
1995-09-14,1995,9,14,0
1995-09-15,1995,9,15,0
1995-09-16,1995,9,16,0
1995-09-17,1995,9,17,6.2295538
1995-09-18,1995,9,18,1.36993
1995-09-19,1995,9,19,0
1995-09-20,1995,9,20,0
1995-09-21,1995,9,21,0
1995-09-22,1995,9,22,0
1995-09-23,1995,9,23,0
1995-09-24,1995,9,24,0
1995-09-25,1995,9,25,0
1995-09-26,1995,9,26,0.015182884
1995-09-27,1995,9,27,1.3255726
1995-09-28,1995,9,28,0
1995-09-29,1995,9,29,0
1995-09-30,1995,9,30,0
1995-10-01,1995,10,1,0
1995-10-02,1995,10,2,5.173632
1995-10-03,1995,10,3,0.22499377
1995-10-04,1995,10,4,0
1995-10-05,1995,10,5,2.2398685
1995-10-06,1995,10,6,0.26013656
1995-10-07,1995,10,7,0
1995-10-08,1995,10,8,0
1995-10-09,1995,10,9,0
1995-10-10,1995,10,10,0.013564136
1995-10-11,1995,10,11,2.971363
1995-10-12,1995,10,12,0.13358934
1995-10-13,1995,10,13,0
1995-10-14,1995,10,14,0
1995-10-15,1995,10,15,0
1995-10-16,1995,10,16,0
1995-10-17,1995,10,17,0
1995-10-18,1995,10,18,0
1995-10-19,1995,10,19,0
1995-10-20,1995,10,20,0
1995-10-21,1995,10,21,0
1995-10-22,1995,10,22,0
1995-10-23,1995,10,23,0
1995-10-24,1995,10,24,0
1995-10-25,1995,10,25,0
1995-10-26,1995,10,26,0.31314208
1995-10-27,1995,10,27,0
1995-10-28,1995,10,28,0
1995-10-29,1995,10,29,0
1995-10-30,1995,10,30,0
1995-10-31,1995,10,31,0
1995-11-01,1995,11,1,0
1995-11-02,1995,11,2,0
1995-11-03,1995,11,3,0
1995-11-04,1995,11,4,0
1995-11-05,1995,11,5,0
1995-11-06,1995,11,6,0
1995-11-07,1995,11,7,0.023265894
1995-11-08,1995,11,8,3.1892471
1995-11-09,1995,11,9,0
1995-11-10,1995,11,10,0
1995-11-11,1995,11,11,0
1995-11-12,1995,11,12,0
1995-11-13,1995,11,13,0
1995-11-14,1995,11,14,0
1995-11-15,1995,11,15,0
1995-11-16,1995,11,16,0
1995-11-17,1995,11,17,0
1995-11-18,1995,11,18,0
1995-11-19,1995,11,19,0
1995-11-20,1995,11,20,0
1995-11-21,1995,11,21,0
1995-11-22,1995,11,22,0
1995-11-23,1995,11,23,0
1995-11-24,1995,11,24,0
1995-11-25,1995,11,25,0
1995-11-26,1995,11,26,0
1995-11-27,1995,11,27,0
1995-11-28,1995,11,28,0
1995-11-29,1995,11,29,0
1995-11-30,1995,11,30,0.29195607
1995-12-01,1995,12,1,0.091852109
1995-12-02,1995,12,2,0.0092798662
1995-12-03,1995,12,3,0.0038020005
1995-12-04,1995,12,4,0.011632721
1995-12-05,1995,12,5,0.011215123
1995-12-06,1995,12,6,0.003691874
1995-12-07,1995,12,7,0.08921867
1995-12-08,1995,12,8,2.6078739
1995-12-09,1995,12,9,0.11355109
1995-12-10,1995,12,10,0
1995-12-11,1995,12,11,0.084505479
1995-12-12,1995,12,12,0.0019776764
1995-12-13,1995,12,13,0.14534829
1995-12-14,1995,12,14,0.026507281
1995-12-15,1995,12,15,0.034684877
1995-12-16,1995,12,16,0.014743592
1995-12-17,1995,12,17,0
1995-12-18,1995,12,18,0
1995-12-19,1995,12,19,0
1995-12-20,1995,12,20,0.31669459
1995-12-21,1995,12,21,0.032121966
1995-12-22,1995,12,22,0.028492954
1995-12-23,1995,12,23,1.4889361
1995-12-24,1995,12,24,2.4188923
1995-12-25,1995,12,25,1.967797
1995-12-26,1995,12,26,0.83469542
1995-12-27,1995,12,27,1.4782546
1995-12-28,1995,12,28,2.9195371
1995-12-29,1995,12,29,4.5734798
1995-12-30,1995,12,30,2.2685767
1995-12-31,1995,12,31,0.072608353
1996-01-01,1996,1,1,0
1996-01-02,1996,1,2,0
1996-01-03,1996,1,3,1.5166143
1996-01-04,1996,1,4,0.046438562
1996-01-05,1996,1,5,0
1996-01-06,1996,1,6,0
1996-01-07,1996,1,7,0
1996-01-08,1996,1,8,0.17003966
1996-01-09,1996,1,9,0.042216027
1996-01-10,1996,1,10,0.57830302
1996-01-11,1996,1,11,1.4745702
1996-01-12,1996,1,12,6.3286588
1996-01-13,1996,1,13,0.42461152
1996-01-14,1996,1,14,0
1996-01-15,1996,1,15,0
1996-01-16,1996,1,16,0
1996-01-17,1996,1,17,0
1996-01-18,1996,1,18,0
1996-01-19,1996,1,19,0
1996-01-20,1996,1,20,0.13759515
1996-01-21,1996,1,21,0.00046947938
1996-01-22,1996,1,22,0.019124683
1996-01-23,1996,1,23,0
1996-01-24,1996,1,24,0
1996-01-25,1996,1,25,0
1996-01-26,1996,1,26,0
1996-01-27,1996,1,27,0
1996-01-28,1996,1,28,0
1996-01-29,1996,1,29,0
1996-01-30,1996,1,30,0.00076976497
1996-01-31,1996,1,31,0
1996-02-01,1996,2,1,0
1996-02-02,1996,2,2,0
1996-02-03,1996,2,3,0.0015541491
1996-02-04,1996,2,4,0.20148554
1996-02-05,1996,2,5,0.013709887
1996-02-06,1996,2,6,0
1996-02-07,1996,2,7,0
1996-02-08,1996,2,8,0
1996-02-09,1996,2,9,0
1996-02-10,1996,2,10,0.0018474359
1996-02-11,1996,2,11,0
1996-02-12,1996,2,12,0
1996-02-13,1996,2,13,0
1996-02-14,1996,2,14,0
1996-02-15,1996,2,15,0
1996-02-16,1996,2,16,0
1996-02-17,1996,2,17,0
1996-02-18,1996,2,18,0
1996-02-19,1996,2,19,0
1996-02-20,1996,2,20,0
1996-02-21,1996,2,21,0
1996-02-22,1996,2,22,0
1996-02-23,1996,2,23,0
1996-02-24,1996,2,24,0
1996-02-25,1996,2,25,0
1996-02-26,1996,2,26,0
1996-02-27,1996,2,27,0
1996-02-28,1996,2,28,0
1996-02-29,1996,2,29,0.57751633
1996-03-01,1996,3,1,0
1996-03-02,1996,3,2,0
1996-03-03,1996,3,3,0
1996-03-04,1996,3,4,0
1996-03-05,1996,3,5,0
1996-03-06,1996,3,6,0
1996-03-07,1996,3,7,0
1996-03-08,1996,3,8,0
1996-03-09,1996,3,9,0
1996-03-10,1996,3,10,0
1996-03-11,1996,3,11,0
1996-03-12,1996,3,12,0
1996-03-13,1996,3,13,0
1996-03-14,1996,3,14,0
1996-03-15,1996,3,15,0
1996-03-16,1996,3,16,0
1996-03-17,1996,3,17,0
1996-03-18,1996,3,18,0
1996-03-19,1996,3,19,0
1996-03-20,1996,3,20,0
1996-03-21,1996,3,21,0.70211026
1996-03-22,1996,3,22,0.10139474
1996-03-23,1996,3,23,0
1996-03-24,1996,3,24,0
1996-03-25,1996,3,25,0
1996-03-26,1996,3,26,0
1996-03-27,1996,3,27,0
1996-03-28,1996,3,28,0
1996-03-29,1996,3,29,0
1996-03-30,1996,3,30,0
1996-03-31,1996,3,31,0
1996-04-01,1996,4,1,0
1996-04-02,1996,4,2,16.602744
1996-04-03,1996,4,3,1.5578475
1996-04-04,1996,4,4,3.3465533
1996-04-05,1996,4,5,1.193676
1996-04-06,1996,4,6,0
1996-04-07,1996,4,7,0
1996-04-08,1996,4,8,0
1996-04-09,1996,4,9,0
1996-04-10,1996,4,10,0
1996-04-11,1996,4,11,0
1996-04-12,1996,4,12,0
1996-04-13,1996,4,13,0
1996-04-14,1996,4,14,9.6161966
1996-04-15,1996,4,15,0.022545638
1996-04-16,1996,4,16,0
1996-04-17,1996,4,17,0
1996-04-18,1996,4,18,0
1996-04-19,1996,4,19,0
1996-04-20,1996,4,20,0
1996-04-21,1996,4,21,0
1996-04-22,1996,4,22,0
1996-04-23,1996,4,23,0
1996-04-24,1996,4,24,0
1996-04-25,1996,4,25,0
1996-04-26,1996,4,26,0
1996-04-27,1996,4,27,0
1996-04-28,1996,4,28,0
1996-04-29,1996,4,29,0
1996-04-30,1996,4,30,0.00346301
1996-05-01,1996,5,1,0
1996-05-02,1996,5,2,0
1996-05-03,1996,5,3,0
1996-05-04,1996,5,4,0
1996-05-05,1996,5,5,0
1996-05-06,1996,5,6,0
1996-05-07,1996,5,7,0
1996-05-08,1996,5,8,0
1996-05-09,1996,5,9,0
1996-05-10,1996,5,10,0
1996-05-11,1996,5,11,0
1996-05-12,1996,5,12,0
1996-05-13,1996,5,13,0
1996-05-14,1996,5,14,0
1996-05-15,1996,5,15,2.072455
1996-05-16,1996,5,16,1.0549223
1996-05-17,1996,5,17,0
1996-05-18,1996,5,18,0
1996-05-19,1996,5,19,0
1996-05-20,1996,5,20,0.00061995889
1996-05-21,1996,5,21,0
1996-05-22,1996,5,22,0.0014069564
1996-05-23,1996,5,23,0.00055893848
1996-05-24,1996,5,24,0.0063529165
1996-05-25,1996,5,25,0
1996-05-26,1996,5,26,0
1996-05-27,1996,5,27,0
1996-05-28,1996,5,28,0.00041752333
1996-05-29,1996,5,29,0
1996-05-30,1996,5,30,0.013874615
1996-05-31,1996,5,31,0
1996-06-01,1996,6,1,0
1996-06-02,1996,6,2,0.00020243556
1996-06-03,1996,6,3,0
1996-06-04,1996,6,4,0
1996-06-05,1996,6,5,0
1996-06-06,1996,6,6,0
1996-06-07,1996,6,7,0
1996-06-08,1996,6,8,0
1996-06-09,1996,6,9,0
1996-06-10,1996,6,10,0
1996-06-11,1996,6,11,0
1996-06-12,1996,6,12,0.038923243
1996-06-13,1996,6,13,23.397015
1996-06-14,1996,6,14,2.2475446
1996-06-15,1996,6,15,0.015102954
1996-06-16,1996,6,16,0.19668723
1996-06-17,1996,6,17,0.13616947
1996-06-18,1996,6,18,0.015931073
1996-06-19,1996,6,19,0
1996-06-20,1996,6,20,0
1996-06-21,1996,6,21,0
1996-06-22,1996,6,22,0
1996-06-23,1996,6,23,0
1996-06-24,1996,6,24,0
1996-06-25,1996,6,25,0
1996-06-26,1996,6,26,1.6246268
1996-06-27,1996,6,27,0
1996-06-28,1996,6,28,0
1996-06-29,1996,6,29,0
1996-06-30,1996,6,30,0.00015239056
1996-07-01,1996,7,1,0
1996-07-02,1996,7,2,0
1996-07-03,1996,7,3,0.025752716
1996-07-04,1996,7,4,5.6983396
1996-07-05,1996,7,5,0
1996-07-06,1996,7,6,0.29983861
1996-07-07,1996,7,7,0.11259942
1996-07-08,1996,7,8,0
1996-07-09,1996,7,9,0
1996-07-10,1996,7,10,0
1996-07-11,1996,7,11,0
1996-07-12,1996,7,12,0
1996-07-13,1996,7,13,0
1996-07-14,1996,7,14,0
1996-07-15,1996,7,15,0
1996-07-16,1996,7,16,0
1996-07-17,1996,7,17,0
1996-07-18,1996,7,18,0
1996-07-19,1996,7,19,0.00074648111
1996-07-20,1996,7,20,0.00043017556
1996-07-21,1996,7,21,0
1996-07-22,1996,7,22,0
1996-07-23,1996,7,23,0
1996-07-24,1996,7,24,0
1996-07-25,1996,7,25,0
1996-07-26,1996,7,26,0.34683267
1996-07-27,1996,7,27,0.033039067
1996-07-28,1996,7,28,0
1996-07-29,1996,7,29,0
1996-07-30,1996,7,30,0
1996-07-31,1996,7,31,0
1996-08-01,1996,8,1,0
1996-08-02,1996,8,2,0
1996-08-03,1996,8,3,11.003512
1996-08-04,1996,8,4,1.2050623
1996-08-05,1996,8,5,1.4380646
1996-08-06,1996,8,6,0
1996-08-07,1996,8,7,0
1996-08-08,1996,8,8,0.7255731
1996-08-09,1996,8,9,0
1996-08-10,1996,8,10,0
1996-08-11,1996,8,11,0
1996-08-12,1996,8,12,18.732559
1996-08-13,1996,8,13,2.2913353
1996-08-14,1996,8,14,0
1996-08-15,1996,8,15,0
1996-08-16,1996,8,16,0
1996-08-17,1996,8,17,0
1996-08-18,1996,8,18,0
1996-08-19,1996,8,19,0
1996-08-20,1996,8,20,0
1996-08-21,1996,8,21,0
1996-08-22,1996,8,22,0
1996-08-23,1996,8,23,9.2727623
1996-08-24,1996,8,24,12.558034
1996-08-25,1996,8,25,0.9288654
1996-08-26,1996,8,26,0
1996-08-27,1996,8,27,0
1996-08-28,1996,8,28,0
1996-08-29,1996,8,29,0
1996-08-30,1996,8,30,0
1996-08-31,1996,8,31,0
1996-09-01,1996,9,1,0
1996-09-02,1996,9,2,0
1996-09-03,1996,9,3,0.0010844917
1996-09-04,1996,9,4,0
1996-09-05,1996,9,5,0
1996-09-06,1996,9,6,0
1996-09-07,1996,9,7,0.12686902
1996-09-08,1996,9,8,0
1996-09-09,1996,9,9,0
1996-09-10,1996,9,10,0
1996-09-11,1996,9,11,0
1996-09-12,1996,9,12,0
1996-09-13,1996,9,13,0
1996-09-14,1996,9,14,0
1996-09-15,1996,9,15,0
1996-09-16,1996,9,16,0
1996-09-17,1996,9,17,2.4850379
1996-09-18,1996,9,18,0
1996-09-19,1996,9,19,0
1996-09-20,1996,9,20,0
1996-09-21,1996,9,21,0
1996-09-22,1996,9,22,0
1996-09-23,1996,9,23,0.55338814
1996-09-24,1996,9,24,1.9566897
1996-09-25,1996,9,25,0
1996-09-26,1996,9,26,0
1996-09-27,1996,9,27,0
1996-09-28,1996,9,28,0
1996-09-29,1996,9,29,0
1996-09-30,1996,9,30,0
1996-10-01,1996,10,1,0
1996-10-02,1996,10,2,0
1996-10-03,1996,10,3,4.0048955
1996-10-04,1996,10,4,2.6040648
1996-10-05,1996,10,5,0
1996-10-06,1996,10,6,0
1996-10-07,1996,10,7,0
1996-10-08,1996,10,8,0
1996-10-09,1996,10,9,0
1996-10-10,1996,10,10,2.0479313
1996-10-11,1996,10,11,0
1996-10-12,1996,10,12,0
1996-10-13,1996,10,13,0
1996-10-14,1996,10,14,0
1996-10-15,1996,10,15,0
1996-10-16,1996,10,16,0.090789878
1996-10-17,1996,10,17,0
1996-10-18,1996,10,18,0.017683773
1996-10-19,1996,10,19,0
1996-10-20,1996,10,20,0
1996-10-21,1996,10,21,0
1996-10-22,1996,10,22,0
1996-10-23,1996,10,23,0
1996-10-24,1996,10,24,0
1996-10-25,1996,10,25,0
1996-10-26,1996,10,26,0
1996-10-27,1996,10,27,0
1996-10-28,1996,10,28,0
1996-10-29,1996,10,29,0
1996-10-30,1996,10,30,0
1996-10-31,1996,10,31,0
1996-11-01,1996,11,1,0
1996-11-02,1996,11,2,0
1996-11-03,1996,11,3,0
1996-11-04,1996,11,4,0
1996-11-05,1996,11,5,0
1996-11-06,1996,11,6,0
1996-11-07,1996,11,7,0.63819675
1996-11-08,1996,11,8,0.38092936
1996-11-09,1996,11,9,0
1996-11-10,1996,11,10,0
1996-11-11,1996,11,11,0
1996-11-12,1996,11,12,0
1996-11-13,1996,11,13,0
1996-11-14,1996,11,14,0
1996-11-15,1996,11,15,0
1996-11-16,1996,11,16,0
1996-11-17,1996,11,17,0
1996-11-18,1996,11,18,0
1996-11-19,1996,11,19,0
1996-11-20,1996,11,20,0
1996-11-21,1996,11,21,0
1996-11-22,1996,11,22,0
1996-11-23,1996,11,23,0
1996-11-24,1996,11,24,0.18501646
1996-11-25,1996,11,25,0.47220959
1996-11-26,1996,11,26,0
1996-11-27,1996,11,27,0
1996-11-28,1996,11,28,0
1996-11-29,1996,11,29,0
1996-11-30,1996,11,30,0
1996-12-01,1996,12,1,0
1996-12-02,1996,12,2,0.0027960915
1996-12-03,1996,12,3,0.003745031
1996-12-04,1996,12,4,0.013165861
1996-12-05,1996,12,5,5.2202424
1996-12-06,1996,12,6,0.00048519222
1996-12-07,1996,12,7,0
1996-12-08,1996,12,8,10.711671
1996-12-09,1996,12,9,3.3874511
1996-12-10,1996,12,10,0.057906554
1996-12-11,1996,12,11,0.16000634
1996-12-12,1996,12,12,0.0046863269
1996-12-13,1996,12,13,0.020155713
1996-12-14,1996,12,14,0.0024516612
1996-12-15,1996,12,15,0
1996-12-16,1996,12,16,0
1996-12-17,1996,12,17,0
1996-12-18,1996,12,18,0
1996-12-19,1996,12,19,0
1996-12-20,1996,12,20,0
1996-12-21,1996,12,21,0
1996-12-22,1996,12,22,0
1996-12-23,1996,12,23,0
1996-12-24,1996,12,24,0
1996-12-25,1996,12,25,0
1996-12-26,1996,12,26,0
1996-12-27,1996,12,27,0
1996-12-28,1996,12,28,0
1996-12-29,1996,12,29,0
1996-12-30,1996,12,30,0
1996-12-31,1996,12,31,0
1997-01-01,1997,1,1,0
1997-01-02,1997,1,2,0
1997-01-03,1997,1,3,0
1997-01-04,1997,1,4,0
1997-01-05,1997,1,5,0
1997-01-06,1997,1,6,0
1997-01-07,1997,1,7,0
1997-01-08,1997,1,8,0
1997-01-09,1997,1,9,0
1997-01-10,1997,1,10,0
1997-01-11,1997,1,11,0
1997-01-12,1997,1,12,0
1997-01-13,1997,1,13,0
1997-01-14,1997,1,14,0
1997-01-15,1997,1,15,0
1997-01-16,1997,1,16,0
1997-01-17,1997,1,17,0
1997-01-18,1997,1,18,0
1997-01-19,1997,1,19,0
1997-01-20,1997,1,20,0
1997-01-21,1997,1,21,0
1997-01-22,1997,1,22,0.068659327
1997-01-23,1997,1,23,0
1997-01-24,1997,1,24,0
1997-01-25,1997,1,25,0
1997-01-26,1997,1,26,1.8923439
1997-01-27,1997,1,27,5.1885217
1997-01-28,1997,1,28,3.2580308
1997-01-29,1997,1,29,0.00092817678
1997-01-30,1997,1,30,0
1997-01-31,1997,1,31,0
1997-02-01,1997,2,1,3.1924487
1997-02-02,1997,2,2,0.060187418
1997-02-03,1997,2,3,0.035986077
1997-02-04,1997,2,4,0.054786754
1997-02-05,1997,2,5,0
1997-02-06,1997,2,6,0
1997-02-07,1997,2,7,0.0007809718
1997-02-08,1997,2,8,0
1997-02-09,1997,2,9,0
1997-02-10,1997,2,10,0
1997-02-11,1997,2,11,0
1997-02-12,1997,2,12,0
1997-02-13,1997,2,13,0
1997-02-14,1997,2,14,0
1997-02-15,1997,2,15,0.0081641844
1997-02-16,1997,2,16,0.00053003537
1997-02-17,1997,2,17,0
1997-02-18,1997,2,18,0
1997-02-19,1997,2,19,0
1997-02-20,1997,2,20,0
1997-02-21,1997,2,21,0
1997-02-22,1997,2,22,0
1997-02-23,1997,2,23,0
1997-02-24,1997,2,24,0
1997-02-25,1997,2,25,0
1997-02-26,1997,2,26,0
1997-02-27,1997,2,27,0
1997-02-28,1997,2,28,0
1997-03-01,1997,3,1,0
1997-03-02,1997,3,2,0
1997-03-03,1997,3,3,0
1997-03-04,1997,3,4,0
1997-03-05,1997,3,5,0
1997-03-06,1997,3,6,0
1997-03-07,1997,3,7,0
1997-03-08,1997,3,8,0
1997-03-09,1997,3,9,0
1997-03-10,1997,3,10,0
1997-03-11,1997,3,11,0
1997-03-12,1997,3,12,0
1997-03-13,1997,3,13,0
1997-03-14,1997,3,14,0
1997-03-15,1997,3,15,0
1997-03-16,1997,3,16,0
1997-03-17,1997,3,17,0
1997-03-18,1997,3,18,0
1997-03-19,1997,3,19,0
1997-03-20,1997,3,20,0
1997-03-21,1997,3,21,2.6971957
1997-03-22,1997,3,22,1.7419572
1997-03-23,1997,3,23,0
1997-03-24,1997,3,24,0
1997-03-25,1997,3,25,0
1997-03-26,1997,3,26,0.0043176818
1997-03-27,1997,3,27,0
1997-03-28,1997,3,28,0.00016765128
1997-03-29,1997,3,29,0
1997-03-30,1997,3,30,0.00012070892
1997-03-31,1997,3,31,0.037234561
1997-04-01,1997,4,1,0
1997-04-02,1997,4,2,0
1997-04-03,1997,4,3,0
1997-04-04,1997,4,4,0
1997-04-05,1997,4,5,0
1997-04-06,1997,4,6,0
1997-04-07,1997,4,7,0
1997-04-08,1997,4,8,0.0015850633
1997-04-09,1997,4,9,0
1997-04-10,1997,4,10,0
1997-04-11,1997,4,11,0
1997-04-12,1997,4,12,0
1997-04-13,1997,4,13,0
1997-04-14,1997,4,14,0
1997-04-15,1997,4,15,0
1997-04-16,1997,4,16,0
1997-04-17,1997,4,17,0
1997-04-18,1997,4,18,0
1997-04-19,1997,4,19,0
1997-04-20,1997,4,20,0
1997-04-21,1997,4,21,0
1997-04-22,1997,4,22,0.0030901331
1997-04-23,1997,4,23,3.1956765
1997-04-24,1997,4,24,0
1997-04-25,1997,4,25,0
1997-04-26,1997,4,26,0
1997-04-27,1997,4,27,0
1997-04-28,1997,4,28,0
1997-04-29,1997,4,29,0
1997-04-30,1997,4,30,0
1997-05-01,1997,5,1,0
1997-05-02,1997,5,2,0
1997-05-03,1997,5,3,0
1997-05-04,1997,5,4,0
1997-05-05,1997,5,5,0
1997-05-06,1997,5,6,0
1997-05-07,1997,5,7,0
1997-05-08,1997,5,8,0
1997-05-09,1997,5,9,0
1997-05-10,1997,5,10,0
1997-05-11,1997,5,11,0
1997-05-12,1997,5,12,0
1997-05-13,1997,5,13,0
1997-05-14,1997,5,14,0
1997-05-15,1997,5,15,0
1997-05-16,1997,5,16,0.019765305
1997-05-17,1997,5,17,9.9876705
1997-05-18,1997,5,18,19.807571
1997-05-19,1997,5,19,1.5332721
1997-05-20,1997,5,20,10.915047
1997-05-21,1997,5,21,0.097814042
1997-05-22,1997,5,22,0
1997-05-23,1997,5,23,0
1997-05-24,1997,5,24,0
1997-05-25,1997,5,25,0
1997-05-26,1997,5,26,0.0080562244
1997-05-27,1997,5,27,0
1997-05-28,1997,5,28,8.5254438
1997-05-29,1997,5,29,47.366371
1997-05-30,1997,5,30,6.684987
1997-05-31,1997,5,31,0.0012408477
1997-06-01,1997,6,1,0
1997-06-02,1997,6,2,0
1997-06-03,1997,6,3,43.119525
1997-06-04,1997,6,4,27.734463
1997-06-05,1997,6,5,1.0122068
1997-06-06,1997,6,6,0
1997-06-07,1997,6,7,0
1997-06-08,1997,6,8,0
1997-06-09,1997,6,9,0
1997-06-10,1997,6,10,0.23840723
1997-06-11,1997,6,11,47.94307
1997-06-12,1997,6,12,7.03023
1997-06-13,1997,6,13,2.1949146
1997-06-14,1997,6,14,10.067336
1997-06-15,1997,6,15,33.426683
1997-06-16,1997,6,16,2.0374754
1997-06-17,1997,6,17,11.747019
1997-06-18,1997,6,18,0.40020872
1997-06-19,1997,6,19,71.775171
1997-06-20,1997,6,20,82.095123
1997-06-21,1997,6,21,43.980999
1997-06-22,1997,6,22,38.971864
1997-06-23,1997,6,23,24.76963
1997-06-24,1997,6,24,1.4272406
1997-06-25,1997,6,25,9.1857474e-06
1997-06-26,1997,6,26,3.6215108e-05
1997-06-27,1997,6,27,0
1997-06-28,1997,6,28,0.0016601755
1997-06-29,1997,6,29,1.1902542e-05
1997-06-30,1997,6,30,0
1997-07-01,1997,7,1,0
1997-07-02,1997,7,2,0.37688748
1997-07-03,1997,7,3,3.0931454
1997-07-04,1997,7,4,0
1997-07-05,1997,7,5,0
1997-07-06,1997,7,6,0
1997-07-07,1997,7,7,0.00017824946
1997-07-08,1997,7,8,0
1997-07-09,1997,7,9,0
1997-07-10,1997,7,10,0.0029037329
1997-07-11,1997,7,11,1.8417403
1997-07-12,1997,7,12,0.038602846
1997-07-13,1997,7,13,0
1997-07-14,1997,7,14,0
1997-07-15,1997,7,15,0
1997-07-16,1997,7,16,0
1997-07-17,1997,7,17,0
1997-07-18,1997,7,18,0
1997-07-19,1997,7,19,0
1997-07-20,1997,7,20,0
1997-07-21,1997,7,21,0
1997-07-22,1997,7,22,0
1997-07-23,1997,7,23,0
1997-07-24,1997,7,24,0
1997-07-25,1997,7,25,0
1997-07-26,1997,7,26,0
1997-07-27,1997,7,27,0
1997-07-28,1997,7,28,0
1997-07-29,1997,7,29,5.5189741
1997-07-30,1997,7,30,24.750717
1997-07-31,1997,7,31,3.6622538
1997-08-01,1997,8,1,0.01270796
1997-08-02,1997,8,2,1.6834097e-05
1997-08-03,1997,8,3,0
1997-08-04,1997,8,4,0
1997-08-05,1997,8,5,0
1997-08-06,1997,8,6,0
1997-08-07,1997,8,7,0
1997-08-08,1997,8,8,0
1997-08-09,1997,8,9,0
1997-08-10,1997,8,10,0
1997-08-11,1997,8,11,0
1997-08-12,1997,8,12,0
1997-08-13,1997,8,13,0
1997-08-14,1997,8,14,0
1997-08-15,1997,8,15,14.879582
1997-08-16,1997,8,16,64.164338
1997-08-17,1997,8,17,21.464467
1997-08-18,1997,8,18,1.2502072
1997-08-19,1997,8,19,0.010260593
1997-08-20,1997,8,20,0
1997-08-21,1997,8,21,0
1997-08-22,1997,8,22,0
1997-08-23,1997,8,23,0
1997-08-24,1997,8,24,0
1997-08-25,1997,8,25,0
1997-08-26,1997,8,26,0
1997-08-27,1997,8,27,0
1997-08-28,1997,8,28,0
1997-08-29,1997,8,29,0
1997-08-30,1997,8,30,31.096766
1997-08-31,1997,8,31,37.623375
1997-09-01,1997,9,1,9.7219158
1997-09-02,1997,9,2,21.389189
1997-09-03,1997,9,3,53.498867
1997-09-04,1997,9,4,26.353618
1997-09-05,1997,9,5,0.96573543
1997-09-06,1997,9,6,22.804518
1997-09-07,1997,9,7,7.5925083
1997-09-08,1997,9,8,2.0908628
1997-09-09,1997,9,9,0
1997-09-10,1997,9,10,0
1997-09-11,1997,9,11,0
1997-09-12,1997,9,12,0
1997-09-13,1997,9,13,0
1997-09-14,1997,9,14,0
1997-09-15,1997,9,15,0
1997-09-16,1997,9,16,0
1997-09-17,1997,9,17,0
1997-09-18,1997,9,18,0.47264283
1997-09-19,1997,9,19,2.3626401e-05
1997-09-20,1997,9,20,0
1997-09-21,1997,9,21,3.456604
1997-09-22,1997,9,22,0
1997-09-23,1997,9,23,0
1997-09-24,1997,9,24,0
1997-09-25,1997,9,25,0
1997-09-26,1997,9,26,18.544499
1997-09-27,1997,9,27,4.5119261
1997-09-28,1997,9,28,0
1997-09-29,1997,9,29,0
1997-09-30,1997,9,30,0
1997-10-01,1997,10,1,1.7413598
1997-10-02,1997,10,2,18.92391
1997-10-03,1997,10,3,14.255629
1997-10-04,1997,10,4,10.366134
1997-10-05,1997,10,5,0
1997-10-06,1997,10,6,0
1997-10-07,1997,10,7,0
1997-10-08,1997,10,8,0
1997-10-09,1997,10,9,0.19066408
1997-10-10,1997,10,10,2.6421959
1997-10-11,1997,10,11,0.039858481
1997-10-12,1997,10,12,0
1997-10-13,1997,10,13,9.8078196
1997-10-14,1997,10,14,3.3239043
1997-10-15,1997,10,15,0
1997-10-16,1997,10,16,0
1997-10-17,1997,10,17,0
1997-10-18,1997,10,18,0
1997-10-19,1997,10,19,0
1997-10-20,1997,10,20,0
1997-10-21,1997,10,21,0
1997-10-22,1997,10,22,0
1997-10-23,1997,10,23,0
1997-10-24,1997,10,24,0
1997-10-25,1997,10,25,0.00061970957
1997-10-26,1997,10,26,0.18621093
1997-10-27,1997,10,27,0.35383621
1997-10-28,1997,10,28,3.811066
1997-10-29,1997,10,29,0.35035493
1997-10-30,1997,10,30,0.31700431
1997-10-31,1997,10,31,0
1997-11-01,1997,11,1,0
1997-11-02,1997,11,2,0.10631856
1997-11-03,1997,11,3,2.882836
1997-11-04,1997,11,4,1.016269
1997-11-05,1997,11,5,0.011322289
1997-11-06,1997,11,6,0.23987869
1997-11-07,1997,11,7,0
1997-11-08,1997,11,8,0.3707234
1997-11-09,1997,11,9,0.29649111
1997-11-10,1997,11,10,1.1062111
1997-11-11,1997,11,11,9.7318987
1997-11-12,1997,11,12,0.16552896
1997-11-13,1997,11,13,0
1997-11-14,1997,11,14,0
1997-11-15,1997,11,15,0
1997-11-16,1997,11,16,0
1997-11-17,1997,11,17,0
1997-11-18,1997,11,18,0
1997-11-19,1997,11,19,0
1997-11-20,1997,11,20,0
1997-11-21,1997,11,21,0
1997-11-22,1997,11,22,0
1997-11-23,1997,11,23,0
1997-11-24,1997,11,24,0
1997-11-25,1997,11,25,0
1997-11-26,1997,11,26,0
1997-11-27,1997,11,27,0
1997-11-28,1997,11,28,0
1997-11-29,1997,11,29,0
1997-11-30,1997,11,30,0
1997-12-01,1997,12,1,0
1997-12-02,1997,12,2,0
1997-12-03,1997,12,3,0
1997-12-04,1997,12,4,0
1997-12-05,1997,12,5,0
1997-12-06,1997,12,6,0
1997-12-07,1997,12,7,0.00015212895
1997-12-08,1997,12,8,0
1997-12-09,1997,12,9,0
1997-12-10,1997,12,10,0
1997-12-11,1997,12,11,0.40815299
1997-12-12,1997,12,12,6.9757757
1997-12-13,1997,12,13,0.10263808
1997-12-14,1997,12,14,0
1997-12-15,1997,12,15,0
1997-12-16,1997,12,16,0
1997-12-17,1997,12,17,0
1997-12-18,1997,12,18,0
1997-12-19,1997,12,19,0.069659702
1997-12-20,1997,12,20,0
1997-12-21,1997,12,21,9.2907444
1997-12-22,1997,12,22,0.073868749
1997-12-23,1997,12,23,0
1997-12-24,1997,12,24,0
1997-12-25,1997,12,25,0
1997-12-26,1997,12,26,0.18200615
1997-12-27,1997,12,27,0.00019848773
1997-12-28,1997,12,28,0
1997-12-29,1997,12,29,0
1997-12-30,1997,12,30,0
1997-12-31,1997,12,31,0.29165111
1998-01-01,1998,1,1,0
1998-01-02,1998,1,2,0
1998-01-03,1998,1,3,0
1998-01-04,1998,1,4,0
1998-01-05,1998,1,5,0
1998-01-06,1998,1,6,0
1998-01-07,1998,1,7,0
1998-01-08,1998,1,8,0
1998-01-09,1998,1,9,0
1998-01-10,1998,1,10,0
1998-01-11,1998,1,11,0
1998-01-12,1998,1,12,0
1998-01-13,1998,1,13,0
1998-01-14,1998,1,14,0
1998-01-15,1998,1,15,0
1998-01-16,1998,1,16,0
1998-01-17,1998,1,17,0
1998-01-18,1998,1,18,0
1998-01-19,1998,1,19,0
1998-01-20,1998,1,20,0
1998-01-21,1998,1,21,0
1998-01-22,1998,1,22,0
1998-01-23,1998,1,23,0
1998-01-24,1998,1,24,0
1998-01-25,1998,1,25,0
1998-01-26,1998,1,26,0
1998-01-27,1998,1,27,0
1998-01-28,1998,1,28,0
1998-01-29,1998,1,29,0
1998-01-30,1998,1,30,0
1998-01-31,1998,1,31,0.032813453
1998-02-01,1998,2,1,0
1998-02-02,1998,2,2,0.0084681717
1998-02-03,1998,2,3,0.054992491
1998-02-04,1998,2,4,0.00077597534
1998-02-05,1998,2,5,0
1998-02-06,1998,2,6,0.014163675
1998-02-07,1998,2,7,0.31470352
1998-02-08,1998,2,8,4.0803025
1998-02-09,1998,2,9,2.2600743
1998-02-10,1998,2,10,0.44580262
1998-02-11,1998,2,11,0.083187467
1998-02-12,1998,2,12,0.31868838
1998-02-13,1998,2,13,0.025255747
1998-02-14,1998,2,14,0
1998-02-15,1998,2,15,0
1998-02-16,1998,2,16,0
1998-02-17,1998,2,17,0
1998-02-18,1998,2,18,0.00092371796
1998-02-19,1998,2,19,0.97349005
1998-02-20,1998,2,20,1.2179474
1998-02-21,1998,2,21,0.99313511
1998-02-22,1998,2,22,10.43409
1998-02-23,1998,2,23,7.8710845
1998-02-24,1998,2,24,1.0425092
1998-02-25,1998,2,25,0.024236316
1998-02-26,1998,2,26,0.098881867
1998-02-27,1998,2,27,0.03142515
1998-02-28,1998,2,28,0
1998-03-01,1998,3,1,0
1998-03-02,1998,3,2,0
1998-03-03,1998,3,3,0
1998-03-04,1998,3,4,0
1998-03-05,1998,3,5,0.80559227
1998-03-06,1998,3,6,0.36601296
1998-03-07,1998,3,7,0.0026906751
1998-03-08,1998,3,8,0
1998-03-09,1998,3,9,0
1998-03-10,1998,3,10,14.71529
1998-03-11,1998,3,11,0.0050459713
1998-03-12,1998,3,12,0
1998-03-13,1998,3,13,0
1998-03-14,1998,3,14,0
1998-03-15,1998,3,15,0
1998-03-16,1998,3,16,0.3126942
1998-03-17,1998,3,17,0.0018608452
1998-03-18,1998,3,18,0
1998-03-19,1998,3,19,0
1998-03-20,1998,3,20,0
1998-03-21,1998,3,21,0
1998-03-22,1998,3,22,0
1998-03-23,1998,3,23,0
1998-03-24,1998,3,24,0
1998-03-25,1998,3,25,0
1998-03-26,1998,3,26,0
1998-03-27,1998,3,27,0
1998-03-28,1998,3,28,0
1998-03-29,1998,3,29,0
1998-03-30,1998,3,30,0
1998-03-31,1998,3,31,0
1998-04-01,1998,4,1,0
1998-04-02,1998,4,2,0.018374646
1998-04-03,1998,4,3,0.00083808114
1998-04-04,1998,4,4,0
1998-04-05,1998,4,5,0
1998-04-06,1998,4,6,0
1998-04-07,1998,4,7,0
1998-04-08,1998,4,8,10.96113
1998-04-09,1998,4,9,36.472548
1998-04-10,1998,4,10,13.975349
1998-04-11,1998,4,11,5.9663932
1998-04-12,1998,4,12,9.199311
1998-04-13,1998,4,13,1.9093341
1998-04-14,1998,4,14,0.54338278
1998-04-15,1998,4,15,0
1998-04-16,1998,4,16,0
1998-04-17,1998,4,17,0
1998-04-18,1998,4,18,0
1998-04-19,1998,4,19,0.93069741
1998-04-20,1998,4,20,3.0329428
1998-04-21,1998,4,21,0
1998-04-22,1998,4,22,0
1998-04-23,1998,4,23,0
1998-04-24,1998,4,24,0
1998-04-25,1998,4,25,0.0046289833
1998-04-26,1998,4,26,0.71497963
1998-04-27,1998,4,27,0
1998-04-28,1998,4,28,0
1998-04-29,1998,4,29,0
1998-04-30,1998,4,30,0
1998-05-01,1998,5,1,0
1998-05-02,1998,5,2,0
1998-05-03,1998,5,3,0.0029641163
1998-05-04,1998,5,4,0.00044282778
1998-05-05,1998,5,5,0.0010754389
1998-05-06,1998,5,6,1.0841127
1998-05-07,1998,5,7,0
1998-05-08,1998,5,8,0
1998-05-09,1998,5,9,0
1998-05-10,1998,5,10,12.670093
1998-05-11,1998,5,11,4.9716291
1998-05-12,1998,5,12,0.024128152
1998-05-13,1998,5,13,0.12721011
1998-05-14,1998,5,14,0.094065799
1998-05-15,1998,5,15,0
1998-05-16,1998,5,16,0
1998-05-17,1998,5,17,0
1998-05-18,1998,5,18,0
1998-05-19,1998,5,19,0
1998-05-20,1998,5,20,0
1998-05-21,1998,5,21,0
1998-05-22,1998,5,22,0.25225953
1998-05-23,1998,5,23,0
1998-05-24,1998,5,24,0.053522669
1998-05-25,1998,5,25,0
1998-05-26,1998,5,26,0
1998-05-27,1998,5,27,4.8219813
1998-05-28,1998,5,28,0.33816427
1998-05-29,1998,5,29,0.0041752333
1998-05-30,1998,5,30,0
1998-05-31,1998,5,31,0.032523024
1998-06-01,1998,6,1,0
1998-06-02,1998,6,2,0
1998-06-03,1998,6,3,0
1998-06-04,1998,6,4,0
1998-06-05,1998,6,5,7.5753093
1998-06-06,1998,6,6,0.023962583
1998-06-07,1998,6,7,0
1998-06-08,1998,6,8,0
1998-06-09,1998,6,9,1.9121714
1998-06-10,1998,6,10,0.22065611
1998-06-11,1998,6,11,0
1998-06-12,1998,6,12,0
1998-06-13,1998,6,13,2.0829786
1998-06-14,1998,6,14,0.41233989
1998-06-15,1998,6,15,4.8439675
1998-06-16,1998,6,16,5.700485
1998-06-17,1998,6,17,0.0035490913
1998-06-18,1998,6,18,0
1998-06-19,1998,6,19,0
1998-06-20,1998,6,20,0
1998-06-21,1998,6,21,0
1998-06-22,1998,6,22,7.5913333e-05
1998-06-23,1998,6,23,0
1998-06-24,1998,6,24,0
1998-06-25,1998,6,25,0
1998-06-26,1998,6,26,0
1998-06-27,1998,6,27,0
1998-06-28,1998,6,28,0
1998-06-29,1998,6,29,0.0018803447
1998-06-30,1998,6,30,0
1998-07-01,1998,7,1,0
1998-07-02,1998,7,2,0
1998-07-03,1998,7,3,0
1998-07-04,1998,7,4,0
1998-07-05,1998,7,5,0
1998-07-06,1998,7,6,0
1998-07-07,1998,7,7,0
1998-07-08,1998,7,8,0
1998-07-09,1998,7,9,0
1998-07-10,1998,7,10,0.00020243556
1998-07-11,1998,7,11,0
1998-07-12,1998,7,12,0
1998-07-13,1998,7,13,0
1998-07-14,1998,7,14,0
1998-07-15,1998,7,15,0
1998-07-16,1998,7,16,0.063969988
1998-07-17,1998,7,17,0
1998-07-18,1998,7,18,0
1998-07-19,1998,7,19,0
1998-07-20,1998,7,20,0
1998-07-21,1998,7,21,0
1998-07-22,1998,7,22,0
1998-07-23,1998,7,23,0
1998-07-24,1998,7,24,5.0608889e-05
1998-07-25,1998,7,25,0
1998-07-26,1998,7,26,0
1998-07-27,1998,7,27,0
1998-07-28,1998,7,28,0
1998-07-29,1998,7,29,0
1998-07-30,1998,7,30,0
1998-07-31,1998,7,31,0.0010754389
1998-08-01,1998,8,1,0
1998-08-02,1998,8,2,0
1998-08-03,1998,8,3,0
1998-08-04,1998,8,4,0
1998-08-05,1998,8,5,0
1998-08-06,1998,8,6,0
1998-08-07,1998,8,7,0
1998-08-08,1998,8,8,0
1998-08-09,1998,8,9,0
1998-08-10,1998,8,10,0
1998-08-11,1998,8,11,0
1998-08-12,1998,8,12,0
1998-08-13,1998,8,13,0
1998-08-14,1998,8,14,0
1998-08-15,1998,8,15,0
1998-08-16,1998,8,16,0
1998-08-17,1998,8,17,0
1998-08-18,1998,8,18,0
1998-08-19,1998,8,19,0
1998-08-20,1998,8,20,0
1998-08-21,1998,8,21,0
1998-08-22,1998,8,22,0
1998-08-23,1998,8,23,0.44532866
1998-08-24,1998,8,24,0
1998-08-25,1998,8,25,0
1998-08-26,1998,8,26,0
1998-08-27,1998,8,27,0
1998-08-28,1998,8,28,0
1998-08-29,1998,8,29,0
1998-08-30,1998,8,30,0
1998-08-31,1998,8,31,0
1998-09-01,1998,9,1,0
1998-09-02,1998,9,2,0
1998-09-03,1998,9,3,0
1998-09-04,1998,9,4,0
1998-09-05,1998,9,5,0
1998-09-06,1998,9,6,0
1998-09-07,1998,9,7,0
1998-09-08,1998,9,8,0
1998-09-09,1998,9,9,0
1998-09-10,1998,9,10,16.285551
1998-09-11,1998,9,11,17.608648
1998-09-12,1998,9,12,1.7708667
1998-09-13,1998,9,13,0
1998-09-14,1998,9,14,0
1998-09-15,1998,9,15,0
1998-09-16,1998,9,16,0
1998-09-17,1998,9,17,0
1998-09-18,1998,9,18,0
1998-09-19,1998,9,19,0
1998-09-20,1998,9,20,0
1998-09-21,1998,9,21,0
1998-09-22,1998,9,22,1.3836726
1998-09-23,1998,9,23,0
1998-09-24,1998,9,24,0
1998-09-25,1998,9,25,15.586306
1998-09-26,1998,9,26,2.8546309
1998-09-27,1998,9,27,0
1998-09-28,1998,9,28,0
1998-09-29,1998,9,29,0
1998-09-30,1998,9,30,0.14084648
1998-10-01,1998,10,1,0
1998-10-02,1998,10,2,0
1998-10-03,1998,10,3,0
1998-10-04,1998,10,4,0
1998-10-05,1998,10,5,0
1998-10-06,1998,10,6,0
1998-10-07,1998,10,7,0
1998-10-08,1998,10,8,0
1998-10-09,1998,10,9,0
1998-10-10,1998,10,10,0
1998-10-11,1998,10,11,0
1998-10-12,1998,10,12,0
1998-10-13,1998,10,13,0
1998-10-14,1998,10,14,0
1998-10-15,1998,10,15,0
1998-10-16,1998,10,16,0
1998-10-17,1998,10,17,0
1998-10-18,1998,10,18,0
1998-10-19,1998,10,19,0
1998-10-20,1998,10,20,0
1998-10-21,1998,10,21,0
1998-10-22,1998,10,22,0
1998-10-23,1998,10,23,0
1998-10-24,1998,10,24,0
1998-10-25,1998,10,25,0
1998-10-26,1998,10,26,0
1998-10-27,1998,10,27,0
1998-10-28,1998,10,28,0
1998-10-29,1998,10,29,0
1998-10-30,1998,10,30,0
1998-10-31,1998,10,31,0
1998-11-01,1998,11,1,0
1998-11-02,1998,11,2,0
1998-11-03,1998,11,3,0
1998-11-04,1998,11,4,0
1998-11-05,1998,11,5,0
1998-11-06,1998,11,6,0
1998-11-07,1998,11,7,0
1998-11-08,1998,11,8,0
1998-11-09,1998,11,9,0
1998-11-10,1998,11,10,0
1998-11-11,1998,11,11,0
1998-11-12,1998,11,12,0
1998-11-13,1998,11,13,0
1998-11-14,1998,11,14,0
1998-11-15,1998,11,15,0
1998-11-16,1998,11,16,0
1998-11-17,1998,11,17,0
1998-11-18,1998,11,18,0
1998-11-19,1998,11,19,0
1998-11-20,1998,11,20,0
1998-11-21,1998,11,21,0
1998-11-22,1998,11,22,0
1998-11-23,1998,11,23,0
1998-11-24,1998,11,24,0.0031021192
1998-11-25,1998,11,25,0
1998-11-26,1998,11,26,0
1998-11-27,1998,11,27,0
1998-11-28,1998,11,28,0
1998-11-29,1998,11,29,0
1998-11-30,1998,11,30,0
1998-12-01,1998,12,1,0.4124039
1998-12-02,1998,12,2,0.76926811
1998-12-03,1998,12,3,1.4614464
1998-12-04,1998,12,4,0.35061292
1998-12-05,1998,12,5,0.022195948
1998-12-06,1998,12,6,0.002331334
1998-12-07,1998,12,7,0
1998-12-08,1998,12,8,0.00077597534
1998-12-09,1998,12,9,0
1998-12-10,1998,12,10,0
1998-12-11,1998,12,11,0.040632513
1998-12-12,1998,12,12,0.075403004
1998-12-13,1998,12,13,0
1998-12-14,1998,12,14,0
1998-12-15,1998,12,15,0.16169346
1998-12-16,1998,12,16,0
1998-12-17,1998,12,17,0
1998-12-18,1998,12,18,0
1998-12-19,1998,12,19,3.0233673
1998-12-20,1998,12,20,2.2869895
1998-12-21,1998,12,21,0.078868118
1998-12-22,1998,12,22,0.00067931286
1998-12-23,1998,12,23,5.6609405e-05
1998-12-24,1998,12,24,0.024305931
1998-12-25,1998,12,25,0
1998-12-26,1998,12,26,0.0012454069
1998-12-27,1998,12,27,0
1998-12-28,1998,12,28,0
1998-12-29,1998,12,29,0
1998-12-30,1998,12,30,0.0072142392
1998-12-31,1998,12,31,0.12334246
1999-01-01,1999,1,1,0
1999-01-02,1999,1,2,0
1999-01-03,1999,1,3,0
1999-01-04,1999,1,4,0
1999-01-05,1999,1,5,0.036225506
1999-01-06,1999,1,6,0
1999-01-07,1999,1,7,0
1999-01-08,1999,1,8,0
1999-01-09,1999,1,9,0
1999-01-10,1999,1,10,0
1999-01-11,1999,1,11,0
1999-01-12,1999,1,12,0.012170981
1999-01-13,1999,1,13,0.10017959
1999-01-14,1999,1,14,0.24592725
1999-01-15,1999,1,15,0
1999-01-16,1999,1,16,0
1999-01-17,1999,1,17,2.3884722
1999-01-18,1999,1,18,1.2029857
1999-01-19,1999,1,19,1.391655
1999-01-20,1999,1,20,5.8945421
1999-01-21,1999,1,21,1.2302519
1999-01-22,1999,1,22,4.0034957
1999-01-23,1999,1,23,4.5623956
1999-01-24,1999,1,24,0.2085301
1999-01-25,1999,1,25,0
1999-01-26,1999,1,26,0
1999-01-27,1999,1,27,0
1999-01-28,1999,1,28,0
1999-01-29,1999,1,29,0
1999-01-30,1999,1,30,0
1999-01-31,1999,1,31,0.010311626
1999-02-01,1999,2,1,0
1999-02-02,1999,2,2,0
1999-02-03,1999,2,3,0
1999-02-04,1999,2,4,0
1999-02-05,1999,2,5,0
1999-02-06,1999,2,6,0
1999-02-07,1999,2,7,0
1999-02-08,1999,2,8,0
1999-02-09,1999,2,9,0
1999-02-10,1999,2,10,0
1999-02-11,1999,2,11,0
1999-02-12,1999,2,12,0
1999-02-13,1999,2,13,0
1999-02-14,1999,2,14,0
1999-02-15,1999,2,15,0
1999-02-16,1999,2,16,0
1999-02-17,1999,2,17,0
1999-02-18,1999,2,18,0
1999-02-19,1999,2,19,0.00049464507
1999-02-20,1999,2,20,0.00026827393
1999-02-21,1999,2,21,0
1999-02-22,1999,2,22,0
1999-02-23,1999,2,23,0
1999-02-24,1999,2,24,0
1999-02-25,1999,2,25,0
1999-02-26,1999,2,26,0
1999-02-27,1999,2,27,0
1999-02-28,1999,2,28,0.049227675
1999-03-01,1999,3,1,0
1999-03-02,1999,3,2,0
1999-03-03,1999,3,3,0
1999-03-04,1999,3,4,0
1999-03-05,1999,3,5,0
1999-03-06,1999,3,6,2.6855053
1999-03-07,1999,3,7,0
1999-03-08,1999,3,8,0
1999-03-09,1999,3,9,0
1999-03-10,1999,3,10,0
1999-03-11,1999,3,11,0
1999-03-12,1999,3,12,11.023719
1999-03-13,1999,3,13,1.8514106
1999-03-14,1999,3,14,0
1999-03-15,1999,3,15,0
1999-03-16,1999,3,16,0
1999-03-17,1999,3,17,0
1999-03-18,1999,3,18,0
1999-03-19,1999,3,19,0
1999-03-20,1999,3,20,0
1999-03-21,1999,3,21,0
1999-03-22,1999,3,22,0
1999-03-23,1999,3,23,0
1999-03-24,1999,3,24,0
1999-03-25,1999,3,25,0
1999-03-26,1999,3,26,0
1999-03-27,1999,3,27,3.2875898
1999-03-28,1999,3,28,0
1999-03-29,1999,3,29,0
1999-03-30,1999,3,30,0
1999-03-31,1999,3,31,0
1999-04-01,1999,4,1,4.7319004
1999-04-02,1999,4,2,0.014486812
1999-04-03,1999,4,3,0
1999-04-04,1999,4,4,0
1999-04-05,1999,4,5,0
1999-04-06,1999,4,6,0
1999-04-07,1999,4,7,0
1999-04-08,1999,4,8,0
1999-04-09,1999,4,9,0
1999-04-10,1999,4,10,0
1999-04-11,1999,4,11,0
1999-04-12,1999,4,12,0
1999-04-13,1999,4,13,0
1999-04-14,1999,4,14,0
1999-04-15,1999,4,15,0
1999-04-16,1999,4,16,0
1999-04-17,1999,4,17,0
1999-04-18,1999,4,18,0
1999-04-19,1999,4,19,0
1999-04-20,1999,4,20,0
1999-04-21,1999,4,21,0
1999-04-22,1999,4,22,0
1999-04-23,1999,4,23,0
1999-04-24,1999,4,24,1.3581145
1999-04-25,1999,4,25,6.4446817
1999-04-26,1999,4,26,0
1999-04-27,1999,4,27,0
1999-04-28,1999,4,28,0
1999-04-29,1999,4,29,0
1999-04-30,1999,4,30,0
1999-05-01,1999,5,1,0
1999-05-02,1999,5,2,0
1999-05-03,1999,5,3,0
1999-05-04,1999,5,4,0
1999-05-05,1999,5,5,0
1999-05-06,1999,5,6,0
1999-05-07,1999,5,7,0
1999-05-08,1999,5,8,0
1999-05-09,1999,5,9,0
1999-05-10,1999,5,10,0
1999-05-11,1999,5,11,0
1999-05-12,1999,5,12,0
1999-05-13,1999,5,13,0
1999-05-14,1999,5,14,0
1999-05-15,1999,5,15,0
1999-05-16,1999,5,16,0
1999-05-17,1999,5,17,0
1999-05-18,1999,5,18,0
1999-05-19,1999,5,19,0
1999-05-20,1999,5,20,0
1999-05-21,1999,5,21,0
1999-05-22,1999,5,22,0
1999-05-23,1999,5,23,0
1999-05-24,1999,5,24,0
1999-05-25,1999,5,25,0
1999-05-26,1999,5,26,10.912107
1999-05-27,1999,5,27,16.695305
1999-05-28,1999,5,28,0.29364929
1999-05-29,1999,5,29,0
1999-05-30,1999,5,30,0
1999-05-31,1999,5,31,0
1999-06-01,1999,6,1,0
1999-06-02,1999,6,2,0
1999-06-03,1999,6,3,0
1999-06-04,1999,6,4,0
1999-06-05,1999,6,5,0
1999-06-06,1999,6,6,0
1999-06-07,1999,6,7,0
1999-06-08,1999,6,8,0.07444291
1999-06-09,1999,6,9,0
1999-06-10,1999,6,10,0
1999-06-11,1999,6,11,0
1999-06-12,1999,6,12,0
1999-06-13,1999,6,13,0
1999-06-14,1999,6,14,0
1999-06-15,1999,6,15,0
1999-06-16,1999,6,16,0
1999-06-17,1999,6,17,0.27705008
1999-06-18,1999,6,18,0
1999-06-19,1999,6,19,0
1999-06-20,1999,6,20,0
1999-06-21,1999,6,21,2.0608279
1999-06-22,1999,6,22,5.1879915
1999-06-23,1999,6,23,12.541874
1999-06-24,1999,6,24,7.3902586
1999-06-25,1999,6,25,2.4438228
1999-06-26,1999,6,26,0
1999-06-27,1999,6,27,0.94156323
1999-06-28,1999,6,28,26.186345
1999-06-29,1999,6,29,3.9931362
1999-06-30,1999,6,30,2.1940963
1999-07-01,1999,7,1,3.1339712
1999-07-02,1999,7,2,0.0010589506
1999-07-03,1999,7,3,0
1999-07-04,1999,7,4,0
1999-07-05,1999,7,5,0
1999-07-06,1999,7,6,0
1999-07-07,1999,7,7,0
1999-07-08,1999,7,8,0
1999-07-09,1999,7,9,0
1999-07-10,1999,7,10,0.047309871
1999-07-11,1999,7,11,1.4107579
1999-07-12,1999,7,12,0
1999-07-13,1999,7,13,0.98154998
1999-07-14,1999,7,14,0.0018938055
1999-07-15,1999,7,15,0
1999-07-16,1999,7,16,0
1999-07-17,1999,7,17,0
1999-07-18,1999,7,18,0
1999-07-19,1999,7,19,0
1999-07-20,1999,7,20,0
1999-07-21,1999,7,21,0
1999-07-22,1999,7,22,0
1999-07-23,1999,7,23,0
1999-07-24,1999,7,24,0
1999-07-25,1999,7,25,0
1999-07-26,1999,7,26,0
1999-07-27,1999,7,27,0
1999-07-28,1999,7,28,12.958196
1999-07-29,1999,7,29,0.59436989
1999-07-30,1999,7,30,0
1999-07-31,1999,7,31,0
1999-08-01,1999,8,1,0
1999-08-02,1999,8,2,0
1999-08-03,1999,8,3,0
1999-08-04,1999,8,4,0.0043408255
1999-08-05,1999,8,5,31.906508
1999-08-06,1999,8,6,2.50794
1999-08-07,1999,8,7,0
1999-08-08,1999,8,8,0
1999-08-09,1999,8,9,0
1999-08-10,1999,8,10,0
1999-08-11,1999,8,11,0
1999-08-12,1999,8,12,0
1999-08-13,1999,8,13,0
1999-08-14,1999,8,14,0
1999-08-15,1999,8,15,0
1999-08-16,1999,8,16,0
1999-08-17,1999,8,17,0
1999-08-18,1999,8,18,0
1999-08-19,1999,8,19,0.63665855
1999-08-20,1999,8,20,23.848545
1999-08-21,1999,8,21,2.5744536
1999-08-22,1999,8,22,0
1999-08-23,1999,8,23,1.8810177
1999-08-24,1999,8,24,0.043433268
1999-08-25,1999,8,25,0
1999-08-26,1999,8,26,0
1999-08-27,1999,8,27,0
1999-08-28,1999,8,28,0
1999-08-29,1999,8,29,10.559597
1999-08-30,1999,8,30,30.027024
1999-08-31,1999,8,31,7.9063856
1999-09-01,1999,9,1,0.033516104
1999-09-02,1999,9,2,1.2231632
1999-09-03,1999,9,3,2.8717355
1999-09-04,1999,9,4,31.929066
1999-09-05,1999,9,5,27.048624
1999-09-06,1999,9,6,32.868066
1999-09-07,1999,9,7,27.596922
1999-09-08,1999,9,8,4.6530518
1999-09-09,1999,9,9,0
1999-09-10,1999,9,10,1.4106028
1999-09-11,1999,9,11,0
1999-09-12,1999,9,12,18.629499
1999-09-13,1999,9,13,3.4223465
1999-09-14,1999,9,14,0
1999-09-15,1999,9,15,0
1999-09-16,1999,9,16,0
1999-09-17,1999,9,17,0
1999-09-18,1999,9,18,0
1999-09-19,1999,9,19,0
1999-09-20,1999,9,20,0
1999-09-21,1999,9,21,0
1999-09-22,1999,9,22,0
1999-09-23,1999,9,23,0
1999-09-24,1999,9,24,0
1999-09-25,1999,9,25,0
1999-09-26,1999,9,26,0
1999-09-27,1999,9,27,0
1999-09-28,1999,9,28,0
1999-09-29,1999,9,29,0
1999-09-30,1999,9,30,0.90927905
1999-10-01,1999,10,1,1.8724076
1999-10-02,1999,10,2,0
1999-10-03,1999,10,3,0
1999-10-04,1999,10,4,0
1999-10-05,1999,10,5,2.6085113
1999-10-06,1999,10,6,0
1999-10-07,1999,10,7,0
1999-10-08,1999,10,8,0
1999-10-09,1999,10,9,0.63277267
1999-10-10,1999,10,10,0
1999-10-11,1999,10,11,0.0077463696
1999-10-12,1999,10,12,0
1999-10-13,1999,10,13,0
1999-10-14,1999,10,14,3.4001124
1999-10-15,1999,10,15,0.54493613
1999-10-16,1999,10,16,0
1999-10-17,1999,10,17,0
1999-10-18,1999,10,18,0
1999-10-19,1999,10,19,0
1999-10-20,1999,10,20,0
1999-10-21,1999,10,21,0.0041074817
1999-10-22,1999,10,22,0.011613343
1999-10-23,1999,10,23,0
1999-10-24,1999,10,24,0
1999-10-25,1999,10,25,0
1999-10-26,1999,10,26,0
1999-10-27,1999,10,27,0
1999-10-28,1999,10,28,0
1999-10-29,1999,10,29,0
1999-10-30,1999,10,30,2.7832886
1999-10-31,1999,10,31,13.896596
1999-11-01,1999,11,1,0
1999-11-02,1999,11,2,0
1999-11-03,1999,11,3,0
1999-11-04,1999,11,4,0
1999-11-05,1999,11,5,0
1999-11-06,1999,11,6,0
1999-11-07,1999,11,7,0
1999-11-08,1999,11,8,0
1999-11-09,1999,11,9,0
1999-11-10,1999,11,10,0
1999-11-11,1999,11,11,0
1999-11-12,1999,11,12,0
1999-11-13,1999,11,13,0
1999-11-14,1999,11,14,0
1999-11-15,1999,11,15,0
1999-11-16,1999,11,16,0
1999-11-17,1999,11,17,0
1999-11-18,1999,11,18,0
1999-11-19,1999,11,19,0
1999-11-20,1999,11,20,0
1999-11-21,1999,11,21,0
1999-11-22,1999,11,22,0
1999-11-23,1999,11,23,0
1999-11-24,1999,11,24,0
1999-11-25,1999,11,25,0
1999-11-26,1999,11,26,0
1999-11-27,1999,11,27,0
1999-11-28,1999,11,28,0
1999-11-29,1999,11,29,0
1999-11-30,1999,11,30,3.4700529
1999-12-01,1999,12,1,2.2781928
1999-12-02,1999,12,2,0.016089712
1999-12-03,1999,12,3,0
1999-12-04,1999,12,4,0
1999-12-05,1999,12,5,0
1999-12-06,1999,12,6,0
1999-12-07,1999,12,7,0
1999-12-08,1999,12,8,0
1999-12-09,1999,12,9,0.70354835
1999-12-10,1999,12,10,3.8882859
1999-12-11,1999,12,11,0.27578918
1999-12-12,1999,12,12,0.10339272
1999-12-13,1999,12,13,0.0065238095
1999-12-14,1999,12,14,0
1999-12-15,1999,12,15,0.0027172514
1999-12-16,1999,12,16,0
1999-12-17,1999,12,17,0.1572857
1999-12-18,1999,12,18,0
1999-12-19,1999,12,19,0
1999-12-20,1999,12,20,0
1999-12-21,1999,12,21,0
1999-12-22,1999,12,22,0
1999-12-23,1999,12,23,0
1999-12-24,1999,12,24,0
1999-12-25,1999,12,25,0
1999-12-26,1999,12,26,0
1999-12-27,1999,12,27,0
1999-12-28,1999,12,28,0.0084566137
1999-12-29,1999,12,29,0.0038032238
1999-12-30,1999,12,30,0
1999-12-31,1999,12,31,0
2000-01-01,2000,1,1,0
2000-01-02,2000,1,2,0
2000-01-03,2000,1,3,0
2000-01-04,2000,1,4,0
2000-01-05,2000,1,5,0
2000-01-06,2000,1,6,0
2000-01-07,2000,1,7,0
2000-01-08,2000,1,8,0
2000-01-09,2000,1,9,0
2000-01-10,2000,1,10,0
2000-01-11,2000,1,11,0
2000-01-12,2000,1,12,0
2000-01-13,2000,1,13,0
2000-01-14,2000,1,14,0
2000-01-15,2000,1,15,0
2000-01-16,2000,1,16,0
2000-01-17,2000,1,17,0
2000-01-18,2000,1,18,0
2000-01-19,2000,1,19,0
2000-01-20,2000,1,20,0
2000-01-21,2000,1,21,0
2000-01-22,2000,1,22,0
2000-01-23,2000,1,23,0
2000-01-24,2000,1,24,0
2000-01-25,2000,1,25,0
2000-01-26,2000,1,26,0
2000-01-27,2000,1,27,0
2000-01-28,2000,1,28,0
2000-01-29,2000,1,29,0
2000-01-30,2000,1,30,0
2000-01-31,2000,1,31,0.70880035
2000-02-01,2000,2,1,0.010192028
2000-02-02,2000,2,2,0.0052623476
2000-02-03,2000,2,3,0
2000-02-04,2000,2,4,0
2000-02-05,2000,2,5,0
2000-02-06,2000,2,6,0
2000-02-07,2000,2,7,0
2000-02-08,2000,2,8,0
2000-02-09,2000,2,9,0
2000-02-10,2000,2,10,0
2000-02-11,2000,2,11,0.00041096403
2000-02-12,2000,2,12,4.9118836
2000-02-13,2000,2,13,0.58597028
2000-02-14,2000,2,14,0
2000-02-15,2000,2,15,0
2000-02-16,2000,2,16,0
2000-02-17,2000,2,17,0
2000-02-18,2000,2,18,0
2000-02-19,2000,2,19,0
2000-02-20,2000,2,20,0
2000-02-21,2000,2,21,0
2000-02-22,2000,2,22,0.028072265
2000-02-23,2000,2,23,0.0017782738
2000-02-24,2000,2,24,0
2000-02-25,2000,2,25,0
2000-02-26,2000,2,26,11.105941
2000-02-27,2000,2,27,0.73442298
2000-02-28,2000,2,28,0
2000-02-29,2000,2,29,0
2000-03-01,2000,3,1,0
2000-03-02,2000,3,2,0
2000-03-03,2000,3,3,0
2000-03-04,2000,3,4,0
2000-03-05,2000,3,5,0
2000-03-06,2000,3,6,0
2000-03-07,2000,3,7,0
2000-03-08,2000,3,8,0
2000-03-09,2000,3,9,0
2000-03-10,2000,3,10,0
2000-03-11,2000,3,11,0
2000-03-12,2000,3,12,0
2000-03-13,2000,3,13,0
2000-03-14,2000,3,14,0
2000-03-15,2000,3,15,0
2000-03-16,2000,3,16,0
2000-03-17,2000,3,17,0
2000-03-18,2000,3,18,0
2000-03-19,2000,3,19,0
2000-03-20,2000,3,20,0
2000-03-21,2000,3,21,0
2000-03-22,2000,3,22,0
2000-03-23,2000,3,23,0
2000-03-24,2000,3,24,0
2000-03-25,2000,3,25,0
2000-03-26,2000,3,26,0
2000-03-27,2000,3,27,0
2000-03-28,2000,3,28,0
2000-03-29,2000,3,29,0
2000-03-30,2000,3,30,0
2000-03-31,2000,3,31,0.0075879836
2000-04-01,2000,4,1,0
2000-04-02,2000,4,2,1.7898233
2000-04-03,2000,4,3,0
2000-04-04,2000,4,4,0
2000-04-05,2000,4,5,0
2000-04-06,2000,4,6,0
2000-04-07,2000,4,7,0
2000-04-08,2000,4,8,0
2000-04-09,2000,4,9,0
2000-04-10,2000,4,10,0
2000-04-11,2000,4,11,0
2000-04-12,2000,4,12,0
2000-04-13,2000,4,13,11.179851
2000-04-14,2000,4,14,2.5877853
2000-04-15,2000,4,15,0.10652773
2000-04-16,2000,4,16,1.9134922
2000-04-17,2000,4,17,0.01711343
2000-04-18,2000,4,18,0
2000-04-19,2000,4,19,0
2000-04-20,2000,4,20,0
2000-04-21,2000,4,21,0
2000-04-22,2000,4,22,0
2000-04-23,2000,4,23,0
2000-04-24,2000,4,24,0
2000-04-25,2000,4,25,0
2000-04-26,2000,4,26,0
2000-04-27,2000,4,27,0
2000-04-28,2000,4,28,0
2000-04-29,2000,4,29,0
2000-04-30,2000,4,30,0
2000-05-01,2000,5,1,0
2000-05-02,2000,5,2,0.51488107
2000-05-03,2000,5,3,10.328156
2000-05-04,2000,5,4,0.41343472
2000-05-05,2000,5,5,0
2000-05-06,2000,5,6,0
2000-05-07,2000,5,7,0
2000-05-08,2000,5,8,0
2000-05-09,2000,5,9,0
2000-05-10,2000,5,10,0
2000-05-11,2000,5,11,0
2000-05-12,2000,5,12,0
2000-05-13,2000,5,13,0
2000-05-14,2000,5,14,4.3358436
2000-05-15,2000,5,15,0.10295256
2000-05-16,2000,5,16,3.7956667e-05
2000-05-17,2000,5,17,0
2000-05-18,2000,5,18,0
2000-05-19,2000,5,19,0
2000-05-20,2000,5,20,0
2000-05-21,2000,5,21,0
2000-05-22,2000,5,22,0
2000-05-23,2000,5,23,0
2000-05-24,2000,5,24,12.40099
2000-05-25,2000,5,25,0.052234194
2000-05-26,2000,5,26,0
2000-05-27,2000,5,27,0
2000-05-28,2000,5,28,0
2000-05-29,2000,5,29,0
2000-05-30,2000,5,30,0
2000-05-31,2000,5,31,0
2000-06-01,2000,6,1,0
2000-06-02,2000,6,2,0
2000-06-03,2000,6,3,0
2000-06-04,2000,6,4,0
2000-06-05,2000,6,5,0
2000-06-06,2000,6,6,0.0022773357
2000-06-07,2000,6,7,5.455332e-06
2000-06-08,2000,6,8,0
2000-06-09,2000,6,9,0.49667635
2000-06-10,2000,6,10,0
2000-06-11,2000,6,11,0
2000-06-12,2000,6,12,65.314899
2000-06-13,2000,6,13,82.592837
2000-06-14,2000,6,14,58.961847
2000-06-15,2000,6,15,8.3653531
2000-06-16,2000,6,16,0.005942412
2000-06-17,2000,6,17,0.0038942413
2000-06-18,2000,6,18,2.5304444e-05
2000-06-19,2000,6,19,0.71444577
2000-06-20,2000,6,20,24.859752
2000-06-21,2000,6,21,10.41676
2000-06-22,2000,6,22,0
2000-06-23,2000,6,23,23.706761
2000-06-24,2000,6,24,8.0762244
2000-06-25,2000,6,25,0.3272893
2000-06-26,2000,6,26,11.427832
2000-06-27,2000,6,27,28.03038
2000-06-28,2000,6,28,14.091128
2000-06-29,2000,6,29,46.60528
2000-06-30,2000,6,30,66.802063
2000-07-01,2000,7,1,13.400421
2000-07-02,2000,7,2,0
2000-07-03,2000,7,3,0
2000-07-04,2000,7,4,0
2000-07-05,2000,7,5,0
2000-07-06,2000,7,6,1.2077673
2000-07-07,2000,7,7,1.86182
2000-07-08,2000,7,8,2.2143514
2000-07-09,2000,7,9,0.93881648
2000-07-10,2000,7,10,0.47086947
2000-07-11,2000,7,11,0
2000-07-12,2000,7,12,0
2000-07-13,2000,7,13,0
2000-07-14,2000,7,14,0
2000-07-15,2000,7,15,0
2000-07-16,2000,7,16,0
2000-07-17,2000,7,17,0
2000-07-18,2000,7,18,0
2000-07-19,2000,7,19,0
2000-07-20,2000,7,20,23.501389
2000-07-21,2000,7,21,0.86372855
2000-07-22,2000,7,22,0
2000-07-23,2000,7,23,0
2000-07-24,2000,7,24,0
2000-07-25,2000,7,25,0
2000-07-26,2000,7,26,0
2000-07-27,2000,7,27,0
2000-07-28,2000,7,28,0
2000-07-29,2000,7,29,0
2000-07-30,2000,7,30,0
2000-07-31,2000,7,31,0
2000-08-01,2000,8,1,0
2000-08-02,2000,8,2,0
2000-08-03,2000,8,3,0
2000-08-04,2000,8,4,0
2000-08-05,2000,8,5,0
2000-08-06,2000,8,6,0
2000-08-07,2000,8,7,0
2000-08-08,2000,8,8,0
2000-08-09,2000,8,9,0
2000-08-10,2000,8,10,0
2000-08-11,2000,8,11,0
2000-08-12,2000,8,12,0
2000-08-13,2000,8,13,0.00063625154
2000-08-14,2000,8,14,0
2000-08-15,2000,8,15,0
2000-08-16,2000,8,16,0
2000-08-17,2000,8,17,0
2000-08-18,2000,8,18,0
2000-08-19,2000,8,19,0
2000-08-20,2000,8,20,0
2000-08-21,2000,8,21,7.2818403e-05
2000-08-22,2000,8,22,2.5347087
2000-08-23,2000,8,23,2.7387709
2000-08-24,2000,8,24,2.1548213
2000-08-25,2000,8,25,0
2000-08-26,2000,8,26,0
2000-08-27,2000,8,27,0
2000-08-28,2000,8,28,0
2000-08-29,2000,8,29,0.13680928
2000-08-30,2000,8,30,0.00043324521
2000-08-31,2000,8,31,0
2000-09-01,2000,9,1,0
2000-09-02,2000,9,2,0
2000-09-03,2000,9,3,0
2000-09-04,2000,9,4,0
2000-09-05,2000,9,5,0
2000-09-06,2000,9,6,0
2000-09-07,2000,9,7,0.29634141
2000-09-08,2000,9,8,5.5424324
2000-09-09,2000,9,9,32.107011
2000-09-10,2000,9,10,29.327193
2000-09-11,2000,9,11,14.807369
2000-09-12,2000,9,12,15.150966
2000-09-13,2000,9,13,5.5779084
2000-09-14,2000,9,14,0.052451103
2000-09-15,2000,9,15,0
2000-09-16,2000,9,16,0
2000-09-17,2000,9,17,0.97049906
2000-09-18,2000,9,18,0
2000-09-19,2000,9,19,7.9156553
2000-09-20,2000,9,20,3.5790943
2000-09-21,2000,9,21,0
2000-09-22,2000,9,22,1.5103283
2000-09-23,2000,9,23,0.72419952
2000-09-24,2000,9,24,0
2000-09-25,2000,9,25,0
2000-09-26,2000,9,26,0
2000-09-27,2000,9,27,0
2000-09-28,2000,9,28,0
2000-09-29,2000,9,29,0
2000-09-30,2000,9,30,0.00084532999
2000-10-01,2000,10,1,0
2000-10-02,2000,10,2,0
2000-10-03,2000,10,3,0
2000-10-04,2000,10,4,0
2000-10-05,2000,10,5,0
2000-10-06,2000,10,6,0
2000-10-07,2000,10,7,0
2000-10-08,2000,10,8,0.56987631
2000-10-09,2000,10,9,0
2000-10-10,2000,10,10,0
2000-10-11,2000,10,11,0
2000-10-12,2000,10,12,0
2000-10-13,2000,10,13,0
2000-10-14,2000,10,14,0
2000-10-15,2000,10,15,0
2000-10-16,2000,10,16,0
2000-10-17,2000,10,17,0
2000-10-18,2000,10,18,0
2000-10-19,2000,10,19,0
2000-10-20,2000,10,20,0
2000-10-21,2000,10,21,0
2000-10-22,2000,10,22,0
2000-10-23,2000,10,23,3.8609155
2000-10-24,2000,10,24,0.04590079
2000-10-25,2000,10,25,0
2000-10-26,2000,10,26,0
2000-10-27,2000,10,27,0
2000-10-28,2000,10,28,0
2000-10-29,2000,10,29,0
2000-10-30,2000,10,30,0
2000-10-31,2000,10,31,0.065553468
2000-11-01,2000,11,1,0
2000-11-02,2000,11,2,0
2000-11-03,2000,11,3,0
2000-11-04,2000,11,4,10.632775
2000-11-05,2000,11,5,2.6457865
2000-11-06,2000,11,6,1.3921791
2000-11-07,2000,11,7,17.107892
2000-11-08,2000,11,8,13.404063
2000-11-09,2000,11,9,3.2869558
2000-11-10,2000,11,10,3.4353589
2000-11-11,2000,11,11,0.010313204
2000-11-12,2000,11,12,0
2000-11-13,2000,11,13,0
2000-11-14,2000,11,14,0
2000-11-15,2000,11,15,0
2000-11-16,2000,11,16,0
2000-11-17,2000,11,17,0
2000-11-18,2000,11,18,0
2000-11-19,2000,11,19,0
2000-11-20,2000,11,20,0
2000-11-21,2000,11,21,0
2000-11-22,2000,11,22,0
2000-11-23,2000,11,23,0
2000-11-24,2000,11,24,0
2000-11-25,2000,11,25,0
2000-11-26,2000,11,26,0
2000-11-27,2000,11,27,0
2000-11-28,2000,11,28,0
2000-11-29,2000,11,29,0
2000-11-30,2000,11,30,0.00096916769
2000-12-01,2000,12,1,0
2000-12-02,2000,12,2,0
2000-12-03,2000,12,3,0
2000-12-04,2000,12,4,0
2000-12-05,2000,12,5,0
2000-12-06,2000,12,6,0.0025981002
2000-12-07,2000,12,7,0.13125595
2000-12-08,2000,12,8,0.023676477
2000-12-09,2000,12,9,0
2000-12-10,2000,12,10,0.0010992054
2000-12-11,2000,12,11,0
2000-12-12,2000,12,12,0
2000-12-13,2000,12,13,0.0021251304
2000-12-14,2000,12,14,0
2000-12-15,2000,12,15,0.00033965643
2000-12-16,2000,12,16,0.00059792781
2000-12-17,2000,12,17,0.12153345
2000-12-18,2000,12,18,1.0747266
2000-12-19,2000,12,19,0.096140388
2000-12-20,2000,12,20,0.024305082
2000-12-21,2000,12,21,0
2000-12-22,2000,12,22,0.00099066285
2000-12-23,2000,12,23,0
2000-12-24,2000,12,24,0
2000-12-25,2000,12,25,0
2000-12-26,2000,12,26,0.39799069
2000-12-27,2000,12,27,0
2000-12-28,2000,12,28,0.0008189961
2000-12-29,2000,12,29,0.0061245557
2000-12-30,2000,12,30,0.00067931286
2000-12-31,2000,12,31,0
2001-01-01,2001,1,1,0
2001-01-02,2001,1,2,0
2001-01-03,2001,1,3,0
2001-01-04,2001,1,4,0
2001-01-05,2001,1,5,0
2001-01-06,2001,1,6,0
2001-01-07,2001,1,7,1.7906865
2001-01-08,2001,1,8,0
2001-01-09,2001,1,9,0
2001-01-10,2001,1,10,0
2001-01-11,2001,1,11,0
2001-01-12,2001,1,12,0
2001-01-13,2001,1,13,0
2001-01-14,2001,1,14,0
2001-01-15,2001,1,15,0
2001-01-16,2001,1,16,0
2001-01-17,2001,1,17,0.23849758
2001-01-18,2001,1,18,0.16449338
2001-01-19,2001,1,19,0.00016982821
2001-01-20,2001,1,20,0
2001-01-21,2001,1,21,0
2001-01-22,2001,1,22,0
2001-01-23,2001,1,23,0
2001-01-24,2001,1,24,0
2001-01-25,2001,1,25,0
2001-01-26,2001,1,26,0
2001-01-27,2001,1,27,0.00041399292
2001-01-28,2001,1,28,0
2001-01-29,2001,1,29,0
2001-01-30,2001,1,30,0
2001-01-31,2001,1,31,0
2001-02-01,2001,2,1,0
2001-02-02,2001,2,2,0
2001-02-03,2001,2,3,0
2001-02-04,2001,2,4,0
2001-02-05,2001,2,5,0
2001-02-06,2001,2,6,0
2001-02-07,2001,2,7,0
2001-02-08,2001,2,8,0
2001-02-09,2001,2,9,0
2001-02-10,2001,2,10,0
2001-02-11,2001,2,11,0
2001-02-12,2001,2,12,0
2001-02-13,2001,2,13,0
2001-02-14,2001,2,14,0
2001-02-15,2001,2,15,0
2001-02-16,2001,2,16,0.0034521506
2001-02-17,2001,2,17,0.001425567
2001-02-18,2001,2,18,0
2001-02-19,2001,2,19,0
2001-02-20,2001,2,20,0
2001-02-21,2001,2,21,0
2001-02-22,2001,2,22,0
2001-02-23,2001,2,23,0
2001-02-24,2001,2,24,0
2001-02-25,2001,2,25,0
2001-02-26,2001,2,26,0
2001-02-27,2001,2,27,0
2001-02-28,2001,2,28,0
2001-03-01,2001,3,1,0
2001-03-02,2001,3,2,0
2001-03-03,2001,3,3,0
2001-03-04,2001,3,4,0
2001-03-05,2001,3,5,0
2001-03-06,2001,3,6,0
2001-03-07,2001,3,7,0
2001-03-08,2001,3,8,0
2001-03-09,2001,3,9,0
2001-03-10,2001,3,10,0
2001-03-11,2001,3,11,0
2001-03-12,2001,3,12,0
2001-03-13,2001,3,13,0
2001-03-14,2001,3,14,0
2001-03-15,2001,3,15,0
2001-03-16,2001,3,16,0
2001-03-17,2001,3,17,0
2001-03-18,2001,3,18,0
2001-03-19,2001,3,19,0
2001-03-20,2001,3,20,0.021816059
2001-03-21,2001,3,21,4.1715144
2001-03-22,2001,3,22,17.690861
2001-03-23,2001,3,23,0.014217648
2001-03-24,2001,3,24,0
2001-03-25,2001,3,25,0
2001-03-26,2001,3,26,0
2001-03-27,2001,3,27,0
2001-03-28,2001,3,28,0
2001-03-29,2001,3,29,0
2001-03-30,2001,3,30,0.72286827
2001-03-31,2001,3,31,0
2001-04-01,2001,4,1,0
2001-04-02,2001,4,2,0
2001-04-03,2001,4,3,0.00022643762
2001-04-04,2001,4,4,0
2001-04-05,2001,4,5,0.010044248
2001-04-06,2001,4,6,0.0081428713
2001-04-07,2001,4,7,0
2001-04-08,2001,4,8,0
2001-04-09,2001,4,9,0
2001-04-10,2001,4,10,0
2001-04-11,2001,4,11,0
2001-04-12,2001,4,12,0
2001-04-13,2001,4,13,5.7113104
2001-04-14,2001,4,14,0
2001-04-15,2001,4,15,0
2001-04-16,2001,4,16,0
2001-04-17,2001,4,17,0
2001-04-18,2001,4,18,0
2001-04-19,2001,4,19,0
2001-04-20,2001,4,20,0
2001-04-21,2001,4,21,0
2001-04-22,2001,4,22,16.664424
2001-04-23,2001,4,23,0.59906064
2001-04-24,2001,4,24,0
2001-04-25,2001,4,25,0
2001-04-26,2001,4,26,0
2001-04-27,2001,4,27,0.26055154
2001-04-28,2001,4,28,1.1727747
2001-04-29,2001,4,29,0.24974865
2001-04-30,2001,4,30,0
2001-05-01,2001,5,1,0
2001-05-02,2001,5,2,0
2001-05-03,2001,5,3,0
2001-05-04,2001,5,4,0
2001-05-05,2001,5,5,0
2001-05-06,2001,5,6,0.97412771
2001-05-07,2001,5,7,9.9027477e-06
2001-05-08,2001,5,8,0
2001-05-09,2001,5,9,0
2001-05-10,2001,5,10,0.064511601
2001-05-11,2001,5,11,0.0020971107
2001-05-12,2001,5,12,0
2001-05-13,2001,5,13,0.0083757219
2001-05-14,2001,5,14,11.746888
2001-05-15,2001,5,15,6.3063859
2001-05-16,2001,5,16,0
2001-05-17,2001,5,17,9.698532
2001-05-18,2001,5,18,0.029440155
2001-05-19,2001,5,19,0
2001-05-20,2001,5,20,0.11351223
2001-05-21,2001,5,21,0.38375576
2001-05-22,2001,5,22,0
2001-05-23,2001,5,23,0
2001-05-24,2001,5,24,0
2001-05-25,2001,5,25,1.9886981
2001-05-26,2001,5,26,0.32638789
2001-05-27,2001,5,27,0
2001-05-28,2001,5,28,28.289481
2001-05-29,2001,5,29,40.734415
2001-05-30,2001,5,30,20.196896
2001-05-31,2001,5,31,4.902628
2001-06-01,2001,6,1,2.4299479e-05
2001-06-02,2001,6,2,0
2001-06-03,2001,6,3,0
2001-06-04,2001,6,4,0
2001-06-05,2001,6,5,0.0031003347
2001-06-06,2001,6,6,0
2001-06-07,2001,6,7,0
2001-06-08,2001,6,8,0
2001-06-09,2001,6,9,0
2001-06-10,2001,6,10,0
2001-06-11,2001,6,11,0
2001-06-12,2001,6,12,0
2001-06-13,2001,6,13,7.4221824
2001-06-14,2001,6,14,5.2545583
2001-06-15,2001,6,15,0.055958439
2001-06-16,2001,6,16,0.35392157
2001-06-17,2001,6,17,0.47384028
2001-06-18,2001,6,18,0.0011764879
2001-06-19,2001,6,19,0
2001-06-20,2001,6,20,0
2001-06-21,2001,6,21,0
2001-06-22,2001,6,22,0
2001-06-23,2001,6,23,0.3929715
2001-06-24,2001,6,24,0
2001-06-25,2001,6,25,0
2001-06-26,2001,6,26,0
2001-06-27,2001,6,27,0
2001-06-28,2001,6,28,0
2001-06-29,2001,6,29,0
2001-06-30,2001,6,30,0.011663658
2001-07-01,2001,7,1,0
2001-07-02,2001,7,2,7.4781809
2001-07-03,2001,7,3,0
2001-07-04,2001,7,4,0
2001-07-05,2001,7,5,0
2001-07-06,2001,7,6,0
2001-07-07,2001,7,7,0
2001-07-08,2001,7,8,24.784013
2001-07-09,2001,7,9,3.4955278
2001-07-10,2001,7,10,0.21301714
2001-07-11,2001,7,11,13.638493
2001-07-12,2001,7,12,14.217667
2001-07-13,2001,7,13,18.45082
2001-07-14,2001,7,14,0.0052749393
2001-07-15,2001,7,15,0
2001-07-16,2001,7,16,0.65987853
2001-07-17,2001,7,17,28.885903
2001-07-18,2001,7,18,85.214088
2001-07-19,2001,7,19,30.517134
2001-07-20,2001,7,20,3.7272045
2001-07-21,2001,7,21,0
2001-07-22,2001,7,22,0
2001-07-23,2001,7,23,0
2001-07-24,2001,7,24,0
2001-07-25,2001,7,25,0
2001-07-26,2001,7,26,0
2001-07-27,2001,7,27,0
2001-07-28,2001,7,28,0.26631125
2001-07-29,2001,7,29,55.241123
2001-07-30,2001,7,30,55.527362
2001-07-31,2001,7,31,6.4662684
2001-08-01,2001,8,1,0
2001-08-02,2001,8,2,0
2001-08-03,2001,8,3,0
2001-08-04,2001,8,4,0.49018691
2001-08-05,2001,8,5,0.00273692
2001-08-06,2001,8,6,0
2001-08-07,2001,8,7,0
2001-08-08,2001,8,8,0
2001-08-09,2001,8,9,0
2001-08-10,2001,8,10,0
2001-08-11,2001,8,11,0
2001-08-12,2001,8,12,0
2001-08-13,2001,8,13,0
2001-08-14,2001,8,14,0
2001-08-15,2001,8,15,9.559559
2001-08-16,2001,8,16,3.6394645
2001-08-17,2001,8,17,0.12111973
2001-08-18,2001,8,18,0
2001-08-19,2001,8,19,0
2001-08-20,2001,8,20,0
2001-08-21,2001,8,21,0
2001-08-22,2001,8,22,0
2001-08-23,2001,8,23,0
2001-08-24,2001,8,24,0.029448826
2001-08-25,2001,8,25,38.474672
2001-08-26,2001,8,26,7.6556605
2001-08-27,2001,8,27,2.6629513
2001-08-28,2001,8,28,42.30169
2001-08-29,2001,8,29,26.566574
2001-08-30,2001,8,30,3.440569
2001-08-31,2001,8,31,0.52966036
2001-09-01,2001,9,1,1.6614258
2001-09-02,2001,9,2,0.46495984
2001-09-03,2001,9,3,0
2001-09-04,2001,9,4,0
2001-09-05,2001,9,5,0
2001-09-06,2001,9,6,0
2001-09-07,2001,9,7,0
2001-09-08,2001,9,8,0
2001-09-09,2001,9,9,0
2001-09-10,2001,9,10,0
2001-09-11,2001,9,11,0
2001-09-12,2001,9,12,0
2001-09-13,2001,9,13,0
2001-09-14,2001,9,14,0
2001-09-15,2001,9,15,0
2001-09-16,2001,9,16,0
2001-09-17,2001,9,17,0
2001-09-18,2001,9,18,0
2001-09-19,2001,9,19,0
2001-09-20,2001,9,20,0
2001-09-21,2001,9,21,0
2001-09-22,2001,9,22,0
2001-09-23,2001,9,23,0
2001-09-24,2001,9,24,0
2001-09-25,2001,9,25,0
2001-09-26,2001,9,26,2.0731321
2001-09-27,2001,9,27,0.14348257
2001-09-28,2001,9,28,0
2001-09-29,2001,9,29,0.36933237
2001-09-30,2001,9,30,0
2001-10-01,2001,10,1,0
2001-10-02,2001,10,2,0
2001-10-03,2001,10,3,0
2001-10-04,2001,10,4,0
2001-10-05,2001,10,5,0
2001-10-06,2001,10,6,0.39262107
2001-10-07,2001,10,7,0
2001-10-08,2001,10,8,0
2001-10-09,2001,10,9,0
2001-10-10,2001,10,10,0
2001-10-11,2001,10,11,0
2001-10-12,2001,10,12,0
2001-10-13,2001,10,13,0
2001-10-14,2001,10,14,0
2001-10-15,2001,10,15,0
2001-10-16,2001,10,16,0
2001-10-17,2001,10,17,0
2001-10-18,2001,10,18,0
2001-10-19,2001,10,19,0.76381023
2001-10-20,2001,10,20,0.023922953
2001-10-21,2001,10,21,0
2001-10-22,2001,10,22,0
2001-10-23,2001,10,23,0
2001-10-24,2001,10,24,0
2001-10-25,2001,10,25,0
2001-10-26,2001,10,26,0
2001-10-27,2001,10,27,10.191054
2001-10-28,2001,10,28,0.75965799
2001-10-29,2001,10,29,0
2001-10-30,2001,10,30,0
2001-10-31,2001,10,31,0.014583107
2001-11-01,2001,11,1,0
2001-11-02,2001,11,2,0
2001-11-03,2001,11,3,0
2001-11-04,2001,11,4,0.7692071
2001-11-05,2001,11,5,0.47721737
2001-11-06,2001,11,6,0.013391892
2001-11-07,2001,11,7,0
2001-11-08,2001,11,8,0.36103465
2001-11-09,2001,11,9,2.7078093
2001-11-10,2001,11,10,0
2001-11-11,2001,11,11,0
2001-11-12,2001,11,12,0.86363309
2001-11-13,2001,11,13,0
2001-11-14,2001,11,14,0
2001-11-15,2001,11,15,0
2001-11-16,2001,11,16,0
2001-11-17,2001,11,17,0
2001-11-18,2001,11,18,0
2001-11-19,2001,11,19,0
2001-11-20,2001,11,20,0
2001-11-21,2001,11,21,0
2001-11-22,2001,11,22,0
2001-11-23,2001,11,23,0
2001-11-24,2001,11,24,0
2001-11-25,2001,11,25,0
2001-11-26,2001,11,26,0
2001-11-27,2001,11,27,0
2001-11-28,2001,11,28,0
2001-11-29,2001,11,29,0
2001-11-30,2001,11,30,0
2001-12-01,2001,12,1,0.0016761186
2001-12-02,2001,12,2,3.7817016
2001-12-03,2001,12,3,0.12791372
2001-12-04,2001,12,4,0
2001-12-05,2001,12,5,0.00011321881
2001-12-06,2001,12,6,0
2001-12-07,2001,12,7,0.0025968682
2001-12-08,2001,12,8,0
2001-12-09,2001,12,9,0
2001-12-10,2001,12,10,0.00094466062
2001-12-11,2001,12,11,0.0077474665
2001-12-12,2001,12,12,0.011823859
2001-12-13,2001,12,13,0.11843381
2001-12-14,2001,12,14,0.51088404
2001-12-15,2001,12,15,0.21530454
2001-12-16,2001,12,16,0.069923385
2001-12-17,2001,12,17,0
2001-12-18,2001,12,18,0
2001-12-19,2001,12,19,0
2001-12-20,2001,12,20,0
2001-12-21,2001,12,21,0.5358888
2001-12-22,2001,12,22,0.021629467
2001-12-23,2001,12,23,0.72022524
2001-12-24,2001,12,24,0.14391035
2001-12-25,2001,12,25,0.040658834
2001-12-26,2001,12,26,0.85800755
2001-12-27,2001,12,27,0.0025704961
2001-12-28,2001,12,28,0.00056609405
2001-12-29,2001,12,29,0
2001-12-30,2001,12,30,0.018975244
2001-12-31,2001,12,31,0
2002-01-01,2002,1,1,0
2002-01-02,2002,1,2,0
2002-01-03,2002,1,3,2.430929
2002-01-04,2002,1,4,7.0711365
2002-01-05,2002,1,5,0.55324502
2002-01-06,2002,1,6,0
2002-01-07,2002,1,7,0
2002-01-08,2002,1,8,0.0095733509
2002-01-09,2002,1,9,0
2002-01-10,2002,1,10,0
2002-01-11,2002,1,11,0
2002-01-12,2002,1,12,0
2002-01-13,2002,1,13,0
2002-01-14,2002,1,14,0
2002-01-15,2002,1,15,0.37256953
2002-01-16,2002,1,16,1.5950464
2002-01-17,2002,1,17,0.086189882
2002-01-18,2002,1,18,0.0018096596
2002-01-19,2002,1,19,0
2002-01-20,2002,1,20,0
2002-01-21,2002,1,21,0
2002-01-22,2002,1,22,0
2002-01-23,2002,1,23,0
2002-01-24,2002,1,24,0
2002-01-25,2002,1,25,0
2002-01-26,2002,1,26,0
2002-01-27,2002,1,27,0
2002-01-28,2002,1,28,0
2002-01-29,2002,1,29,0
2002-01-30,2002,1,30,0
2002-01-31,2002,1,31,0.027691367
2002-02-01,2002,2,1,0
2002-02-02,2002,2,2,0
2002-02-03,2002,2,3,0
2002-02-04,2002,2,4,0
2002-02-05,2002,2,5,0.13017741
2002-02-06,2002,2,6,0.0074274381
2002-02-07,2002,2,7,0.045725472
2002-02-08,2002,2,8,0
2002-02-09,2002,2,9,0
2002-02-10,2002,2,10,0.0062503541
2002-02-11,2002,2,11,0
2002-02-12,2002,2,12,0.00044844585
2002-02-13,2002,2,13,0
2002-02-14,2002,2,14,0
2002-02-15,2002,2,15,0
2002-02-16,2002,2,16,0
2002-02-17,2002,2,17,0
2002-02-18,2002,2,18,0
2002-02-19,2002,2,19,0.11574329
2002-02-20,2002,2,20,0.59257338
2002-02-21,2002,2,21,0
2002-02-22,2002,2,22,0
2002-02-23,2002,2,23,0
2002-02-24,2002,2,24,0
2002-02-25,2002,2,25,0
2002-02-26,2002,2,26,0
2002-02-27,2002,2,27,0
2002-02-28,2002,2,28,0
2002-03-01,2002,3,1,0
2002-03-02,2002,3,2,0
2002-03-03,2002,3,3,0
2002-03-04,2002,3,4,0
2002-03-05,2002,3,5,0
2002-03-06,2002,3,6,0
2002-03-07,2002,3,7,0
2002-03-08,2002,3,8,0
2002-03-09,2002,3,9,0
2002-03-10,2002,3,10,0
2002-03-11,2002,3,11,0
2002-03-12,2002,3,12,0
2002-03-13,2002,3,13,0
2002-03-14,2002,3,14,0
2002-03-15,2002,3,15,0
2002-03-16,2002,3,16,0
2002-03-17,2002,3,17,0
2002-03-18,2002,3,18,0
2002-03-19,2002,3,19,0
2002-03-20,2002,3,20,0
2002-03-21,2002,3,21,0
2002-03-22,2002,3,22,0
2002-03-23,2002,3,23,0
2002-03-24,2002,3,24,0
2002-03-25,2002,3,25,0
2002-03-26,2002,3,26,0
2002-03-27,2002,3,27,0
2002-03-28,2002,3,28,2.0437049
2002-03-29,2002,3,29,4.0492132
2002-03-30,2002,3,30,0
2002-03-31,2002,3,31,0
2002-04-01,2002,4,1,0
2002-04-02,2002,4,2,0
2002-04-03,2002,4,3,0
2002-04-04,2002,4,4,0
2002-04-05,2002,4,5,0
2002-04-06,2002,4,6,0
2002-04-07,2002,4,7,0
2002-04-08,2002,4,8,0
2002-04-09,2002,4,9,0.10782285
2002-04-10,2002,4,10,0.96815409
2002-04-11,2002,4,11,0
2002-04-12,2002,4,12,5.3208618
2002-04-13,2002,4,13,0.023428199
2002-04-14,2002,4,14,0
2002-04-15,2002,4,15,1.9740879
2002-04-16,2002,4,16,0
2002-04-17,2002,4,17,0
2002-04-18,2002,4,18,0
2002-04-19,2002,4,19,0
2002-04-20,2002,4,20,0
2002-04-21,2002,4,21,0
2002-04-22,2002,4,22,0
2002-04-23,2002,4,23,0
2002-04-24,2002,4,24,0.60688301
2002-04-25,2002,4,25,0.0012679464
2002-04-26,2002,4,26,0
2002-04-27,2002,4,27,0
2002-04-28,2002,4,28,0.028014222
2002-04-29,2002,4,29,0.0095071009
2002-04-30,2002,4,30,0
2002-05-01,2002,5,1,0
2002-05-02,2002,5,2,0
2002-05-03,2002,5,3,0
2002-05-04,2002,5,4,0
2002-05-05,2002,5,5,0.0021891002
2002-05-06,2002,5,6,0
2002-05-07,2002,5,7,0.0012905267
2002-05-08,2002,5,8,0
2002-05-09,2002,5,9,0
2002-05-10,2002,5,10,0
2002-05-11,2002,5,11,0
2002-05-12,2002,5,12,0
2002-05-13,2002,5,13,17.841325
2002-05-14,2002,5,14,6.8402821
2002-05-15,2002,5,15,5.2030714
2002-05-16,2002,5,16,0.53892223
2002-05-17,2002,5,17,0
2002-05-18,2002,5,18,0.0020128931
2002-05-19,2002,5,19,2.9641524
2002-05-20,2002,5,20,0.0007755298
2002-05-21,2002,5,21,0
2002-05-22,2002,5,22,0
2002-05-23,2002,5,23,0
2002-05-24,2002,5,24,5.4526495
2002-05-25,2002,5,25,71.16975
2002-05-26,2002,5,26,49.066668
2002-05-27,2002,5,27,11.623268
2002-05-28,2002,5,28,0.041232587
2002-05-29,2002,5,29,0.029139342
2002-05-30,2002,5,30,0.29075065
2002-05-31,2002,5,31,33.542033
2002-06-01,2002,6,1,27.232294
2002-06-02,2002,6,2,33.314588
2002-06-03,2002,6,3,67.669708
2002-06-04,2002,6,4,59.080188
2002-06-05,2002,6,5,8.9430677
2002-06-06,2002,6,6,0.2573825
2002-06-07,2002,6,7,0
2002-06-08,2002,6,8,0
2002-06-09,2002,6,9,0
2002-06-10,2002,6,10,0
2002-06-11,2002,6,11,0
2002-06-12,2002,6,12,0
2002-06-13,2002,6,13,0.0016968284
2002-06-14,2002,6,14,0.00039221889
2002-06-15,2002,6,15,0
2002-06-16,2002,6,16,0
2002-06-17,2002,6,17,0
2002-06-18,2002,6,18,0
2002-06-19,2002,6,19,0
2002-06-20,2002,6,20,0
2002-06-21,2002,6,21,0
2002-06-22,2002,6,22,0
2002-06-23,2002,6,23,0
2002-06-24,2002,6,24,0
2002-06-25,2002,6,25,0
2002-06-26,2002,6,26,6.1617984
2002-06-27,2002,6,27,0.00011400287
2002-06-28,2002,6,28,1.803682
2002-06-29,2002,6,29,0
2002-06-30,2002,6,30,1.9861898
2002-07-01,2002,7,1,0
2002-07-02,2002,7,2,0
2002-07-03,2002,7,3,0.0051968262
2002-07-04,2002,7,4,0
2002-07-05,2002,7,5,0
2002-07-06,2002,7,6,0
2002-07-07,2002,7,7,0
2002-07-08,2002,7,8,0
2002-07-09,2002,7,9,0
2002-07-10,2002,7,10,0
2002-07-11,2002,7,11,0
2002-07-12,2002,7,12,0
2002-07-13,2002,7,13,0
2002-07-14,2002,7,14,0
2002-07-15,2002,7,15,0
2002-07-16,2002,7,16,0
2002-07-17,2002,7,17,0
2002-07-18,2002,7,18,0
2002-07-19,2002,7,19,13.997185
2002-07-20,2002,7,20,29.722962
2002-07-21,2002,7,21,2.486517
2002-07-22,2002,7,22,29.969995
2002-07-23,2002,7,23,32.023465
2002-07-24,2002,7,24,4.7843442
2002-07-25,2002,7,25,0
2002-07-26,2002,7,26,0
2002-07-27,2002,7,27,0
2002-07-28,2002,7,28,0
2002-07-29,2002,7,29,0.13252344
2002-07-30,2002,7,30,0.05411628
2002-07-31,2002,7,31,0.20745265
2002-08-01,2002,8,1,0
2002-08-02,2002,8,2,0
2002-08-03,2002,8,3,0
2002-08-04,2002,8,4,0
2002-08-05,2002,8,5,39.274035
2002-08-06,2002,8,6,10.581908
2002-08-07,2002,8,7,25.832729
2002-08-08,2002,8,8,1.8829229
2002-08-09,2002,8,9,0
2002-08-10,2002,8,10,0
2002-08-11,2002,8,11,0
2002-08-12,2002,8,12,0
2002-08-13,2002,8,13,0
2002-08-14,2002,8,14,0
2002-08-15,2002,8,15,0
2002-08-16,2002,8,16,0
2002-08-17,2002,8,17,0.99708232
2002-08-18,2002,8,18,2.0102761
2002-08-19,2002,8,19,0.2341102
2002-08-20,2002,8,20,0
2002-08-21,2002,8,21,0
2002-08-22,2002,8,22,2.9312052
2002-08-23,2002,8,23,43.837571
2002-08-24,2002,8,24,41.459341
2002-08-25,2002,8,25,1.9908848
2002-08-26,2002,8,26,0
2002-08-27,2002,8,27,4.8808858
2002-08-28,2002,8,28,0.40073964
2002-08-29,2002,8,29,0.012239264
2002-08-30,2002,8,30,0
2002-08-31,2002,8,31,0
2002-09-01,2002,9,1,0
2002-09-02,2002,9,2,1.0469478
2002-09-03,2002,9,3,0.17227657
2002-09-04,2002,9,4,16.747977
2002-09-05,2002,9,5,12.616466
2002-09-06,2002,9,6,0.079482032
2002-09-07,2002,9,7,3.1873296
2002-09-08,2002,9,8,1.8307971
2002-09-09,2002,9,9,1.6700712
2002-09-10,2002,9,10,0.074863894
2002-09-11,2002,9,11,0
2002-09-12,2002,9,12,0
2002-09-13,2002,9,13,0
2002-09-14,2002,9,14,3.2394901
2002-09-15,2002,9,15,0.21995708
2002-09-16,2002,9,16,6.3061121
2002-09-17,2002,9,17,0
2002-09-18,2002,9,18,1.0232581
2002-09-19,2002,9,19,0
2002-09-20,2002,9,20,0
2002-09-21,2002,9,21,0
2002-09-22,2002,9,22,0
2002-09-23,2002,9,23,0
2002-09-24,2002,9,24,0
2002-09-25,2002,9,25,0
2002-09-26,2002,9,26,0
2002-09-27,2002,9,27,0
2002-09-28,2002,9,28,0
2002-09-29,2002,9,29,0
2002-09-30,2002,9,30,0
2002-10-01,2002,10,1,0.22407876
2002-10-02,2002,10,2,0
2002-10-03,2002,10,3,0.011884362
2002-10-04,2002,10,4,0
2002-10-05,2002,10,5,0.38442112
2002-10-06,2002,10,6,0.13802511
2002-10-07,2002,10,7,0
2002-10-08,2002,10,8,0
2002-10-09,2002,10,9,0
2002-10-10,2002,10,10,0
2002-10-11,2002,10,11,0
2002-10-12,2002,10,12,0
2002-10-13,2002,10,13,0
2002-10-14,2002,10,14,1.7496443
2002-10-15,2002,10,15,3.7572552
2002-10-16,2002,10,16,0
2002-10-17,2002,10,17,0
2002-10-18,2002,10,18,0
2002-10-19,2002,10,19,13.192343
2002-10-20,2002,10,20,0.31817161
2002-10-21,2002,10,21,0
2002-10-22,2002,10,22,0.0099784672
2002-10-23,2002,10,23,0
2002-10-24,2002,10,24,0
2002-10-25,2002,10,25,0.24096195
2002-10-26,2002,10,26,3.2781777
2002-10-27,2002,10,27,1.5397126
2002-10-28,2002,10,28,0
2002-10-29,2002,10,29,0
2002-10-30,2002,10,30,0
2002-10-31,2002,10,31,0
2002-11-01,2002,11,1,0
2002-11-02,2002,11,2,4.4894321
2002-11-03,2002,11,3,0.00037492126
2002-11-04,2002,11,4,0
2002-11-05,2002,11,5,0
2002-11-06,2002,11,6,0
2002-11-07,2002,11,7,0
2002-11-08,2002,11,8,1.2648887
2002-11-09,2002,11,9,0
2002-11-10,2002,11,10,0
2002-11-11,2002,11,11,0
2002-11-12,2002,11,12,0
2002-11-13,2002,11,13,0
2002-11-14,2002,11,14,0
2002-11-15,2002,11,15,0
2002-11-16,2002,11,16,0
2002-11-17,2002,11,17,0.1998264
2002-11-18,2002,11,18,0
2002-11-19,2002,11,19,0
2002-11-20,2002,11,20,0
2002-11-21,2002,11,21,0
2002-11-22,2002,11,22,0
2002-11-23,2002,11,23,0
2002-11-24,2002,11,24,0
2002-11-25,2002,11,25,0
2002-11-26,2002,11,26,0
2002-11-27,2002,11,27,0
2002-11-28,2002,11,28,0
2002-11-29,2002,11,29,0
2002-11-30,2002,11,30,0.0033315344
2002-12-01,2002,12,1,0.0085576649
2002-12-02,2002,12,2,0.013055471
2002-12-03,2002,12,3,12.974906
2002-12-04,2002,12,4,1.3429088
2002-12-05,2002,12,5,0
2002-12-06,2002,12,6,0
2002-12-07,2002,12,7,0.021611067
2002-12-08,2002,12,8,0.47329451
2002-12-09,2002,12,9,0.1889875
2002-12-10,2002,12,10,0.0076235795
2002-12-11,2002,12,11,0.0002989639
2002-12-12,2002,12,12,0
2002-12-13,2002,12,13,0.00060789197
2002-12-14,2002,12,14,0
2002-12-15,2002,12,15,1.5771695
2002-12-16,2002,12,16,0
2002-12-17,2002,12,17,0
2002-12-18,2002,12,18,2.9727998
2002-12-19,2002,12,19,0.057202803
2002-12-20,2002,12,20,0
2002-12-21,2002,12,21,0
2002-12-22,2002,12,22,0.25407206
2002-12-23,2002,12,23,0
2002-12-24,2002,12,24,0
2002-12-25,2002,12,25,0
2002-12-26,2002,12,26,0
2002-12-27,2002,12,27,0
2002-12-28,2002,12,28,0.048122467
2002-12-29,2002,12,29,0.016819925
2002-12-30,2002,12,30,0
2002-12-31,2002,12,31,0
2003-01-01,2003,1,1,0
2003-01-02,2003,1,2,0
2003-01-03,2003,1,3,0
2003-01-04,2003,1,4,0
2003-01-05,2003,1,5,0
2003-01-06,2003,1,6,0
2003-01-07,2003,1,7,0
2003-01-08,2003,1,8,0
2003-01-09,2003,1,9,0
2003-01-10,2003,1,10,0
2003-01-11,2003,1,11,0
2003-01-12,2003,1,12,0
2003-01-13,2003,1,13,0.00031039013
2003-01-14,2003,1,14,0.38199447
2003-01-15,2003,1,15,0.019329576
2003-01-16,2003,1,16,0
2003-01-17,2003,1,17,0
2003-01-18,2003,1,18,0
2003-01-19,2003,1,19,0
2003-01-20,2003,1,20,2.9234892
2003-01-21,2003,1,21,10.423562
2003-01-22,2003,1,22,14.201143
2003-01-23,2003,1,23,1.1448869
2003-01-24,2003,1,24,0
2003-01-25,2003,1,25,0
2003-01-26,2003,1,26,0
2003-01-27,2003,1,27,0
2003-01-28,2003,1,28,0
2003-01-29,2003,1,29,0
2003-01-30,2003,1,30,0
2003-01-31,2003,1,31,0
2003-02-01,2003,2,1,0
2003-02-02,2003,2,2,0
2003-02-03,2003,2,3,0
2003-02-04,2003,2,4,0
2003-02-05,2003,2,5,0
2003-02-06,2003,2,6,0
2003-02-07,2003,2,7,0
2003-02-08,2003,2,8,0
2003-02-09,2003,2,9,0
2003-02-10,2003,2,10,0
2003-02-11,2003,2,11,0
2003-02-12,2003,2,12,0
2003-02-13,2003,2,13,0
2003-02-14,2003,2,14,0
2003-02-15,2003,2,15,0
2003-02-16,2003,2,16,0
2003-02-17,2003,2,17,0
2003-02-18,2003,2,18,0
2003-02-19,2003,2,19,1.1580723
2003-02-20,2003,2,20,0.31255621
2003-02-21,2003,2,21,0
2003-02-22,2003,2,22,0
2003-02-23,2003,2,23,0
2003-02-24,2003,2,24,0
2003-02-25,2003,2,25,0
2003-02-26,2003,2,26,0
2003-02-27,2003,2,27,0
2003-02-28,2003,2,28,0
2003-03-01,2003,3,1,0
2003-03-02,2003,3,2,0
2003-03-03,2003,3,3,0
2003-03-04,2003,3,4,0.095418504
2003-03-05,2003,3,5,6.6050941
2003-03-06,2003,3,6,0.092000892
2003-03-07,2003,3,7,0
2003-03-08,2003,3,8,0
2003-03-09,2003,3,9,0
2003-03-10,2003,3,10,0
2003-03-11,2003,3,11,0
2003-03-12,2003,3,12,0
2003-03-13,2003,3,13,0
2003-03-14,2003,3,14,0
2003-03-15,2003,3,15,0
2003-03-16,2003,3,16,0
2003-03-17,2003,3,17,0
2003-03-18,2003,3,18,0
2003-03-19,2003,3,19,0
2003-03-20,2003,3,20,0
2003-03-21,2003,3,21,0
2003-03-22,2003,3,22,0.0090718261
2003-03-23,2003,3,23,0
2003-03-24,2003,3,24,0
2003-03-25,2003,3,25,0
2003-03-26,2003,3,26,0
2003-03-27,2003,3,27,0
2003-03-28,2003,3,28,0
2003-03-29,2003,3,29,0
2003-03-30,2003,3,30,0
2003-03-31,2003,3,31,0
2003-04-01,2003,4,1,0
2003-04-02,2003,4,2,0
2003-04-03,2003,4,3,0
2003-04-04,2003,4,4,0
2003-04-05,2003,4,5,0
2003-04-06,2003,4,6,0
2003-04-07,2003,4,7,0
2003-04-08,2003,4,8,0
2003-04-09,2003,4,9,0
2003-04-10,2003,4,10,0
2003-04-11,2003,4,11,0
2003-04-12,2003,4,12,0
2003-04-13,2003,4,13,0
2003-04-14,2003,4,14,0
2003-04-15,2003,4,15,0
2003-04-16,2003,4,16,0
2003-04-17,2003,4,17,0.28989144
2003-04-18,2003,4,18,0
2003-04-19,2003,4,19,0
2003-04-20,2003,4,20,0
2003-04-21,2003,4,21,0
2003-04-22,2003,4,22,0
2003-04-23,2003,4,23,0
2003-04-24,2003,4,24,0
2003-04-25,2003,4,25,0
2003-04-26,2003,4,26,0
2003-04-27,2003,4,27,0
2003-04-28,2003,4,28,0
2003-04-29,2003,4,29,0
2003-04-30,2003,4,30,0
2003-05-01,2003,5,1,0.0010511263
2003-05-02,2003,5,2,0
2003-05-03,2003,5,3,0
2003-05-04,2003,5,4,0.00011387
2003-05-05,2003,5,5,0
2003-05-06,2003,5,6,0
2003-05-07,2003,5,7,0
2003-05-08,2003,5,8,0
2003-05-09,2003,5,9,0
2003-05-10,2003,5,10,0
2003-05-11,2003,5,11,0
2003-05-12,2003,5,12,0
2003-05-13,2003,5,13,0
2003-05-14,2003,5,14,0
2003-05-15,2003,5,15,0
2003-05-16,2003,5,16,0
2003-05-17,2003,5,17,0
2003-05-18,2003,5,18,0
2003-05-19,2003,5,19,1.02327
2003-05-20,2003,5,20,60.47522
2003-05-21,2003,5,21,34.240576
2003-05-22,2003,5,22,0.47163116
2003-05-23,2003,5,23,0
2003-05-24,2003,5,24,0
2003-05-25,2003,5,25,0
2003-05-26,2003,5,26,0
2003-05-27,2003,5,27,0
2003-05-28,2003,5,28,0
2003-05-29,2003,5,29,0
2003-05-30,2003,5,30,0
2003-05-31,2003,5,31,0
2003-06-01,2003,6,1,0
2003-06-02,2003,6,2,0
2003-06-03,2003,6,3,0
2003-06-04,2003,6,4,9.9761772
2003-06-05,2003,6,5,18.970145
2003-06-06,2003,6,6,0.0017424204
2003-06-07,2003,6,7,0
2003-06-08,2003,6,8,1.9236172
2003-06-09,2003,6,9,20.125001
2003-06-10,2003,6,10,10.047705
2003-06-11,2003,6,11,7.0169824
2003-06-12,2003,6,12,2.5921144
2003-06-13,2003,6,13,11.517566
2003-06-14,2003,6,14,22.577416
2003-06-15,2003,6,15,1.0841663
2003-06-16,2003,6,16,0
2003-06-17,2003,6,17,0
2003-06-18,2003,6,18,0
2003-06-19,2003,6,19,0
2003-06-20,2003,6,20,6.1060986
2003-06-21,2003,6,21,0
2003-06-22,2003,6,22,0
2003-06-23,2003,6,23,0
2003-06-24,2003,6,24,0
2003-06-25,2003,6,25,0
2003-06-26,2003,6,26,0
2003-06-27,2003,6,27,0
2003-06-28,2003,6,28,0
2003-06-29,2003,6,29,0
2003-06-30,2003,6,30,0
2003-07-01,2003,7,1,0
2003-07-02,2003,7,2,0
2003-07-03,2003,7,3,0.37440879
2003-07-04,2003,7,4,0.0029399075
2003-07-05,2003,7,5,1.7343749
2003-07-06,2003,7,6,1.1593674
2003-07-07,2003,7,7,50.857964
2003-07-08,2003,7,8,6.8944212
2003-07-09,2003,7,9,0
2003-07-10,2003,7,10,0
2003-07-11,2003,7,11,0
2003-07-12,2003,7,12,0
2003-07-13,2003,7,13,0
2003-07-14,2003,7,14,0
2003-07-15,2003,7,15,0
2003-07-16,2003,7,16,0
2003-07-17,2003,7,17,0
2003-07-18,2003,7,18,0
2003-07-19,2003,7,19,0
2003-07-20,2003,7,20,0
2003-07-21,2003,7,21,0
2003-07-22,2003,7,22,0
2003-07-23,2003,7,23,0
2003-07-24,2003,7,24,0
2003-07-25,2003,7,25,0.0083063711
2003-07-26,2003,7,26,0
2003-07-27,2003,7,27,0
2003-07-28,2003,7,28,0
2003-07-29,2003,7,29,0
2003-07-30,2003,7,30,0
2003-07-31,2003,7,31,6.6843547e-05
2003-08-01,2003,8,1,0
2003-08-02,2003,8,2,0
2003-08-03,2003,8,3,0
2003-08-04,2003,8,4,4.0671006
2003-08-05,2003,8,5,0.1383981
2003-08-06,2003,8,6,0
2003-08-07,2003,8,7,0
2003-08-08,2003,8,8,0
2003-08-09,2003,8,9,0
2003-08-10,2003,8,10,0
2003-08-11,2003,8,11,0
2003-08-12,2003,8,12,0
2003-08-13,2003,8,13,1.2892719
2003-08-14,2003,8,14,0
2003-08-15,2003,8,15,0
2003-08-16,2003,8,16,0
2003-08-17,2003,8,17,0
2003-08-18,2003,8,18,0
2003-08-19,2003,8,19,0
2003-08-20,2003,8,20,0
2003-08-21,2003,8,21,0
2003-08-22,2003,8,22,0
2003-08-23,2003,8,23,0
2003-08-24,2003,8,24,0
2003-08-25,2003,8,25,0
2003-08-26,2003,8,26,0
2003-08-27,2003,8,27,0
2003-08-28,2003,8,28,0
2003-08-29,2003,8,29,0
2003-08-30,2003,8,30,0
2003-08-31,2003,8,31,0
2003-09-01,2003,9,1,0
2003-09-02,2003,9,2,0
2003-09-03,2003,9,3,0
2003-09-04,2003,9,4,0
2003-09-05,2003,9,5,0.93088294
2003-09-06,2003,9,6,16.877439
2003-09-07,2003,9,7,4.3410885
2003-09-08,2003,9,8,0.0049645839
2003-09-09,2003,9,9,0
2003-09-10,2003,9,10,0
2003-09-11,2003,9,11,0
2003-09-12,2003,9,12,0
2003-09-13,2003,9,13,0
2003-09-14,2003,9,14,0
2003-09-15,2003,9,15,0
2003-09-16,2003,9,16,0
2003-09-17,2003,9,17,0
2003-09-18,2003,9,18,7.321065
2003-09-19,2003,9,19,0.0072302793
2003-09-20,2003,9,20,0
2003-09-21,2003,9,21,0
2003-09-22,2003,9,22,1.9926679
2003-09-23,2003,9,23,0
2003-09-24,2003,9,24,0
2003-09-25,2003,9,25,0
2003-09-26,2003,9,26,15.256901
2003-09-27,2003,9,27,14.426081
2003-09-28,2003,9,28,0.01414125
2003-09-29,2003,9,29,0
2003-09-30,2003,9,30,0.11135767
2003-10-01,2003,10,1,0
2003-10-02,2003,10,2,0
2003-10-03,2003,10,3,0
2003-10-04,2003,10,4,0
2003-10-05,2003,10,5,0
2003-10-06,2003,10,6,0
2003-10-07,2003,10,7,2.0711098
2003-10-08,2003,10,8,0.00023852642
2003-10-09,2003,10,9,0
2003-10-10,2003,10,10,0
2003-10-11,2003,10,11,0
2003-10-12,2003,10,12,0
2003-10-13,2003,10,13,0
2003-10-14,2003,10,14,0
2003-10-15,2003,10,15,0
2003-10-16,2003,10,16,0
2003-10-17,2003,10,17,0
2003-10-18,2003,10,18,0
2003-10-19,2003,10,19,0
2003-10-20,2003,10,20,0
2003-10-21,2003,10,21,0
2003-10-22,2003,10,22,0
2003-10-23,2003,10,23,0.0015492739
2003-10-24,2003,10,24,0
2003-10-25,2003,10,25,1.8473987
2003-10-26,2003,10,26,0
2003-10-27,2003,10,27,0
2003-10-28,2003,10,28,0
2003-10-29,2003,10,29,0
2003-10-30,2003,10,30,0
2003-10-31,2003,10,31,0
2003-11-01,2003,11,1,0
2003-11-02,2003,11,2,0.11646786
2003-11-03,2003,11,3,0
2003-11-04,2003,11,4,0
2003-11-05,2003,11,5,0
2003-11-06,2003,11,6,0
2003-11-07,2003,11,7,0
2003-11-08,2003,11,8,0
2003-11-09,2003,11,9,0
2003-11-10,2003,11,10,0
2003-11-11,2003,11,11,2.6109514
2003-11-12,2003,11,12,0
2003-11-13,2003,11,13,0
2003-11-14,2003,11,14,0
2003-11-15,2003,11,15,2.6353917
2003-11-16,2003,11,16,39.870607
2003-11-17,2003,11,17,5.4024476
2003-11-18,2003,11,18,0
2003-11-19,2003,11,19,0
2003-11-20,2003,11,20,0
2003-11-21,2003,11,21,0
2003-11-22,2003,11,22,0
2003-11-23,2003,11,23,0
2003-11-24,2003,11,24,0
2003-11-25,2003,11,25,0
2003-11-26,2003,11,26,0
2003-11-27,2003,11,27,0
2003-11-28,2003,11,28,0
2003-11-29,2003,11,29,0
2003-11-30,2003,11,30,0
2003-12-01,2003,12,1,0
2003-12-02,2003,12,2,0
2003-12-03,2003,12,3,0.080814348
2003-12-04,2003,12,4,0
2003-12-05,2003,12,5,0
2003-12-06,2003,12,6,0
2003-12-07,2003,12,7,4.7918313
2003-12-08,2003,12,8,0
2003-12-09,2003,12,9,0
2003-12-10,2003,12,10,1.7144655
2003-12-11,2003,12,11,0.0008579096
2003-12-12,2003,12,12,0
2003-12-13,2003,12,13,0
2003-12-14,2003,12,14,0.038142826
2003-12-15,2003,12,15,0.0044509538
2003-12-16,2003,12,16,0
2003-12-17,2003,12,17,0.0015284539
2003-12-18,2003,12,18,0
2003-12-19,2003,12,19,0.00269196
2003-12-20,2003,12,20,0
2003-12-21,2003,12,21,0
2003-12-22,2003,12,22,0
2003-12-23,2003,12,23,0
2003-12-24,2003,12,24,0
2003-12-25,2003,12,25,0
2003-12-26,2003,12,26,0
2003-12-27,2003,12,27,0
2003-12-28,2003,12,28,0
2003-12-29,2003,12,29,0
2003-12-30,2003,12,30,0
2003-12-31,2003,12,31,0.012909586
2004-01-01,2004,1,1,0
2004-01-02,2004,1,2,0
2004-01-03,2004,1,3,0
2004-01-04,2004,1,4,0
2004-01-05,2004,1,5,0
2004-01-06,2004,1,6,0
2004-01-07,2004,1,7,0
2004-01-08,2004,1,8,0
2004-01-09,2004,1,9,0
2004-01-10,2004,1,10,0
2004-01-11,2004,1,11,0
2004-01-12,2004,1,12,0.00061581198
2004-01-13,2004,1,13,0.17678193
2004-01-14,2004,1,14,0.30158292
2004-01-15,2004,1,15,2.4335779
2004-01-16,2004,1,16,3.2201386
2004-01-17,2004,1,17,2.4075894
2004-01-18,2004,1,18,0.20049269
2004-01-19,2004,1,19,0
2004-01-20,2004,1,20,0
2004-01-21,2004,1,21,0
2004-01-22,2004,1,22,0
2004-01-23,2004,1,23,0
2004-01-24,2004,1,24,0
2004-01-25,2004,1,25,0
2004-01-26,2004,1,26,0
2004-01-27,2004,1,27,0
2004-01-28,2004,1,28,0
2004-01-29,2004,1,29,0
2004-01-30,2004,1,30,0
2004-01-31,2004,1,31,0
2004-02-01,2004,2,1,0
2004-02-02,2004,2,2,0
2004-02-03,2004,2,3,0
2004-02-04,2004,2,4,0
2004-02-05,2004,2,5,0
2004-02-06,2004,2,6,0
2004-02-07,2004,2,7,0
2004-02-08,2004,2,8,0
2004-02-09,2004,2,9,0
2004-02-10,2004,2,10,5.3341858
2004-02-11,2004,2,11,3.164937
2004-02-12,2004,2,12,0.007586341
2004-02-13,2004,2,13,0
2004-02-14,2004,2,14,0
2004-02-15,2004,2,15,0
2004-02-16,2004,2,16,0
2004-02-17,2004,2,17,0
2004-02-18,2004,2,18,0
2004-02-19,2004,2,19,0
2004-02-20,2004,2,20,0.35480452
2004-02-21,2004,2,21,0.70492984
2004-02-22,2004,2,22,0.062087544
2004-02-23,2004,2,23,10.735656
2004-02-24,2004,2,24,4.0115872
2004-02-25,2004,2,25,0.051245185
2004-02-26,2004,2,26,0
2004-02-27,2004,2,27,0
2004-02-28,2004,2,28,0
2004-02-29,2004,2,29,0
2004-03-01,2004,3,1,5.4117681
2004-03-02,2004,3,2,0.00014753312
2004-03-03,2004,3,3,0
2004-03-04,2004,3,4,0
2004-03-05,2004,3,5,0
2004-03-06,2004,3,6,0
2004-03-07,2004,3,7,0
2004-03-08,2004,3,8,0
2004-03-09,2004,3,9,0
2004-03-10,2004,3,10,0.33081384
2004-03-11,2004,3,11,0
2004-03-12,2004,3,12,0
2004-03-13,2004,3,13,0
2004-03-14,2004,3,14,0
2004-03-15,2004,3,15,0
2004-03-16,2004,3,16,0
2004-03-17,2004,3,17,0
2004-03-18,2004,3,18,0
2004-03-19,2004,3,19,0
2004-03-20,2004,3,20,0
2004-03-21,2004,3,21,0
2004-03-22,2004,3,22,0
2004-03-23,2004,3,23,0
2004-03-24,2004,3,24,0
2004-03-25,2004,3,25,0
2004-03-26,2004,3,26,0
2004-03-27,2004,3,27,0
2004-03-28,2004,3,28,0.0023524039
2004-03-29,2004,3,29,0
2004-03-30,2004,3,30,8.923054
2004-03-31,2004,3,31,6.9726867
2004-04-01,2004,4,1,0
2004-04-02,2004,4,2,0
2004-04-03,2004,4,3,0
2004-04-04,2004,4,4,0
2004-04-05,2004,4,5,0
2004-04-06,2004,4,6,0
2004-04-07,2004,4,7,0
2004-04-08,2004,4,8,0
2004-04-09,2004,4,9,0
2004-04-10,2004,4,10,0
2004-04-11,2004,4,11,0
2004-04-12,2004,4,12,0
2004-04-13,2004,4,13,0.2528875
2004-04-14,2004,4,14,3.4289728
2004-04-15,2004,4,15,12.099682
2004-04-16,2004,4,16,0.14192495
2004-04-17,2004,4,17,0
2004-04-18,2004,4,18,0
2004-04-19,2004,4,19,0
2004-04-20,2004,4,20,7.5303919
2004-04-21,2004,4,21,18.694497
2004-04-22,2004,4,22,0.71435236
2004-04-23,2004,4,23,0
2004-04-24,2004,4,24,0.0010891785
2004-04-25,2004,4,25,0
2004-04-26,2004,4,26,0
2004-04-27,2004,4,27,0
2004-04-28,2004,4,28,0
2004-04-29,2004,4,29,0
2004-04-30,2004,4,30,0
2004-05-01,2004,5,1,0
2004-05-02,2004,5,2,0
2004-05-03,2004,5,3,0.0022774
2004-05-04,2004,5,4,0
2004-05-05,2004,5,5,0
2004-05-06,2004,5,6,0
2004-05-07,2004,5,7,0
2004-05-08,2004,5,8,0
2004-05-09,2004,5,9,0
2004-05-10,2004,5,10,0
2004-05-11,2004,5,11,0
2004-05-12,2004,5,12,0.12428458
2004-05-13,2004,5,13,0.0016281345
2004-05-14,2004,5,14,0
2004-05-15,2004,5,15,0
2004-05-16,2004,5,16,0
2004-05-17,2004,5,17,0
2004-05-18,2004,5,18,0
2004-05-19,2004,5,19,0
2004-05-20,2004,5,20,5.5356877
2004-05-21,2004,5,21,5.271929
2004-05-22,2004,5,22,0.045922345
2004-05-23,2004,5,23,0.030229555
2004-05-24,2004,5,24,0.00058398598
2004-05-25,2004,5,25,0
2004-05-26,2004,5,26,0
2004-05-27,2004,5,27,0
2004-05-28,2004,5,28,0
2004-05-29,2004,5,29,0
2004-05-30,2004,5,30,0
2004-05-31,2004,5,31,0.015095812
2004-06-01,2004,6,1,0
2004-06-02,2004,6,2,0
2004-06-03,2004,6,3,0
2004-06-04,2004,6,4,0
2004-06-05,2004,6,5,0
2004-06-06,2004,6,6,0
2004-06-07,2004,6,7,0
2004-06-08,2004,6,8,5.6562673
2004-06-09,2004,6,9,21.390302
2004-06-10,2004,6,10,4.3407797
2004-06-11,2004,6,11,0
2004-06-12,2004,6,12,0
2004-06-13,2004,6,13,0
2004-06-14,2004,6,14,0
2004-06-15,2004,6,15,7.3252208
2004-06-16,2004,6,16,3.1643276
2004-06-17,2004,6,17,0
2004-06-18,2004,6,18,0
2004-06-19,2004,6,19,9.0370581
2004-06-20,2004,6,20,0.021156654
2004-06-21,2004,6,21,0
2004-06-22,2004,6,22,0
2004-06-23,2004,6,23,0
2004-06-24,2004,6,24,0
2004-06-25,2004,6,25,0.00035919224
2004-06-26,2004,6,26,0
2004-06-27,2004,6,27,0
2004-06-28,2004,6,28,0
2004-06-29,2004,6,29,0
2004-06-30,2004,6,30,0
2004-07-01,2004,7,1,0
2004-07-02,2004,7,2,0
2004-07-03,2004,7,3,0
2004-07-04,2004,7,4,0
2004-07-05,2004,7,5,0
2004-07-06,2004,7,6,0
2004-07-07,2004,7,7,0
2004-07-08,2004,7,8,0
2004-07-09,2004,7,9,0
2004-07-10,2004,7,10,0
2004-07-11,2004,7,11,0
2004-07-12,2004,7,12,4.8819695
2004-07-13,2004,7,13,27.899546
2004-07-14,2004,7,14,1.3006482
2004-07-15,2004,7,15,0
2004-07-16,2004,7,16,0
2004-07-17,2004,7,17,0
2004-07-18,2004,7,18,0.22724836
2004-07-19,2004,7,19,0
2004-07-20,2004,7,20,2.0737228
2004-07-21,2004,7,21,0.76888096
2004-07-22,2004,7,22,0.84240739
2004-07-23,2004,7,23,0
2004-07-24,2004,7,24,0
2004-07-25,2004,7,25,0
2004-07-26,2004,7,26,0.34342927
2004-07-27,2004,7,27,5.5542283
2004-07-28,2004,7,28,0.32819249
2004-07-29,2004,7,29,0
2004-07-30,2004,7,30,0
2004-07-31,2004,7,31,0
2004-08-01,2004,8,1,0
2004-08-02,2004,8,2,17.826588
2004-08-03,2004,8,3,11.238845
2004-08-04,2004,8,4,3.1148545
2004-08-05,2004,8,5,0.062506278
2004-08-06,2004,8,6,0
2004-08-07,2004,8,7,0
2004-08-08,2004,8,8,0
2004-08-09,2004,8,9,0.00029100111
2004-08-10,2004,8,10,0
2004-08-11,2004,8,11,0
2004-08-12,2004,8,12,0
2004-08-13,2004,8,13,0
2004-08-14,2004,8,14,0.47023451
2004-08-15,2004,8,15,0.15311807
2004-08-16,2004,8,16,0.095571929
2004-08-17,2004,8,17,0.049337042
2004-08-18,2004,8,18,0.00072537627
2004-08-19,2004,8,19,0.37935948
2004-08-20,2004,8,20,0
2004-08-21,2004,8,21,0
2004-08-22,2004,8,22,0
2004-08-23,2004,8,23,0
2004-08-24,2004,8,24,0
2004-08-25,2004,8,25,0
2004-08-26,2004,8,26,0
2004-08-27,2004,8,27,0
2004-08-28,2004,8,28,0
2004-08-29,2004,8,29,0
2004-08-30,2004,8,30,0
2004-08-31,2004,8,31,0
2004-09-01,2004,9,1,0
2004-09-02,2004,9,2,0
2004-09-03,2004,9,3,0.011421831
2004-09-04,2004,9,4,5.2923261
2004-09-05,2004,9,5,19.299506
2004-09-06,2004,9,6,42.007316
2004-09-07,2004,9,7,11.104858
2004-09-08,2004,9,8,0
2004-09-09,2004,9,9,0
2004-09-10,2004,9,10,0
2004-09-11,2004,9,11,0.015501223
2004-09-12,2004,9,12,0
2004-09-13,2004,9,13,0
2004-09-14,2004,9,14,0
2004-09-15,2004,9,15,0
2004-09-16,2004,9,16,0
2004-09-17,2004,9,17,0
2004-09-18,2004,9,18,0.30059424
2004-09-19,2004,9,19,0
2004-09-20,2004,9,20,0.36299958
2004-09-21,2004,9,21,0.04873462
2004-09-22,2004,9,22,0
2004-09-23,2004,9,23,0
2004-09-24,2004,9,24,0
2004-09-25,2004,9,25,0
2004-09-26,2004,9,26,0
2004-09-27,2004,9,27,0
2004-09-28,2004,9,28,0
2004-09-29,2004,9,29,0
2004-09-30,2004,9,30,0.0025141779
2004-10-01,2004,10,1,0
2004-10-02,2004,10,2,0
2004-10-03,2004,10,3,0
2004-10-04,2004,10,4,0
2004-10-05,2004,10,5,0
2004-10-06,2004,10,6,0
2004-10-07,2004,10,7,13.976885
2004-10-08,2004,10,8,0.1139224
2004-10-09,2004,10,9,0.24991687
2004-10-10,2004,10,10,0.8302609
2004-10-11,2004,10,11,4.8835187
2004-10-12,2004,10,12,0
2004-10-13,2004,10,13,0
2004-10-14,2004,10,14,0.0064062267
2004-10-15,2004,10,15,2.6153417
2004-10-16,2004,10,16,0
2004-10-17,2004,10,17,0
2004-10-18,2004,10,18,0
2004-10-19,2004,10,19,0
2004-10-20,2004,10,20,0
2004-10-21,2004,10,21,0
2004-10-22,2004,10,22,1.6542504
2004-10-23,2004,10,23,3.7897182
2004-10-24,2004,10,24,0
2004-10-25,2004,10,25,10.852122
2004-10-26,2004,10,26,0
2004-10-27,2004,10,27,0
2004-10-28,2004,10,28,0
2004-10-29,2004,10,29,0
2004-10-30,2004,10,30,0
2004-10-31,2004,10,31,0
2004-11-01,2004,11,1,0
2004-11-02,2004,11,2,0
2004-11-03,2004,11,3,0.8513124
2004-11-04,2004,11,4,1.2639222
2004-11-05,2004,11,5,0
2004-11-06,2004,11,6,0
2004-11-07,2004,11,7,0
2004-11-08,2004,11,8,0
2004-11-09,2004,11,9,0
2004-11-10,2004,11,10,0
2004-11-11,2004,11,11,3.1243843
2004-11-12,2004,11,12,44.714702
2004-11-13,2004,11,13,9.3519174
2004-11-14,2004,11,14,1.3518185
2004-11-15,2004,11,15,0.22651018
2004-11-16,2004,11,16,0
2004-11-17,2004,11,17,0
2004-11-18,2004,11,18,0
2004-11-19,2004,11,19,0
2004-11-20,2004,11,20,0
2004-11-21,2004,11,21,0
2004-11-22,2004,11,22,0
2004-11-23,2004,11,23,0.26107641
2004-11-24,2004,11,24,1.1612658
2004-11-25,2004,11,25,0
2004-11-26,2004,11,26,0
2004-11-27,2004,11,27,0
2004-11-28,2004,11,28,0
2004-11-29,2004,11,29,0
2004-11-30,2004,11,30,0
2004-12-01,2004,12,1,0
2004-12-02,2004,12,2,1.7948247
2004-12-03,2004,12,3,1.5795749
2004-12-04,2004,12,4,0
2004-12-05,2004,12,5,0
2004-12-06,2004,12,6,0
2004-12-07,2004,12,7,0
2004-12-08,2004,12,8,0
2004-12-09,2004,12,9,0
2004-12-10,2004,12,10,0
2004-12-11,2004,12,11,0
2004-12-12,2004,12,12,0
2004-12-13,2004,12,13,0
2004-12-14,2004,12,14,0
2004-12-15,2004,12,15,0.04940054
2004-12-16,2004,12,16,0
2004-12-17,2004,12,17,0
2004-12-18,2004,12,18,0
2004-12-19,2004,12,19,0
2004-12-20,2004,12,20,0
2004-12-21,2004,12,21,0
2004-12-22,2004,12,22,0
2004-12-23,2004,12,23,0.45551702
2004-12-24,2004,12,24,0.00030365333
2004-12-25,2004,12,25,0
2004-12-26,2004,12,26,0
2004-12-27,2004,12,27,0
2004-12-28,2004,12,28,0.32984813
2004-12-29,2004,12,29,0.021640744
2004-12-30,2004,12,30,0.008373944
2004-12-31,2004,12,31,0.62788186
2005-01-01,2005,1,1,0.33247791
2005-01-02,2005,1,2,0
2005-01-03,2005,1,3,0
2005-01-04,2005,1,4,0
2005-01-05,2005,1,5,0
2005-01-06,2005,1,6,0
2005-01-07,2005,1,7,0
2005-01-08,2005,1,8,0
2005-01-09,2005,1,9,0
2005-01-10,2005,1,10,0
2005-01-11,2005,1,11,0
2005-01-12,2005,1,12,0
2005-01-13,2005,1,13,0
2005-01-14,2005,1,14,0
2005-01-15,2005,1,15,0
2005-01-16,2005,1,16,0
2005-01-17,2005,1,17,3.3423063
2005-01-18,2005,1,18,1.5568304
2005-01-19,2005,1,19,0.1110021
2005-01-20,2005,1,20,0.39066319
2005-01-21,2005,1,21,0.10558926
2005-01-22,2005,1,22,0.0012096518
2005-01-23,2005,1,23,0.0081967709
2005-01-24,2005,1,24,0
2005-01-25,2005,1,25,0
2005-01-26,2005,1,26,0.35776582
2005-01-27,2005,1,27,0
2005-01-28,2005,1,28,0
2005-01-29,2005,1,29,17.899968
2005-01-30,2005,1,30,9.5592011
2005-01-31,2005,1,31,0.66845909
2005-02-01,2005,2,1,0
2005-02-02,2005,2,2,0
2005-02-03,2005,2,3,0
2005-02-04,2005,2,4,0
2005-02-05,2005,2,5,2.7087166
2005-02-06,2005,2,6,0.42108715
2005-02-07,2005,2,7,0
2005-02-08,2005,2,8,0
2005-02-09,2005,2,9,0
2005-02-10,2005,2,10,0
2005-02-11,2005,2,11,0
2005-02-12,2005,2,12,0
2005-02-13,2005,2,13,0
2005-02-14,2005,2,14,0
2005-02-15,2005,2,15,0
2005-02-16,2005,2,16,0
2005-02-17,2005,2,17,0
2005-02-18,2005,2,18,0
2005-02-19,2005,2,19,0
2005-02-20,2005,2,20,0
2005-02-21,2005,2,21,0
2005-02-22,2005,2,22,0
2005-02-23,2005,2,23,0
2005-02-24,2005,2,24,0
2005-02-25,2005,2,25,0
2005-02-26,2005,2,26,0
2005-02-27,2005,2,27,0
2005-02-28,2005,2,28,0.00015546168
2005-03-01,2005,3,1,0
2005-03-02,2005,3,2,0
2005-03-03,2005,3,3,0
2005-03-04,2005,3,4,0
2005-03-05,2005,3,5,0
2005-03-06,2005,3,6,0
2005-03-07,2005,3,7,8.2789711
2005-03-08,2005,3,8,0.044362094
2005-03-09,2005,3,9,0
2005-03-10,2005,3,10,0
2005-03-11,2005,3,11,39.304587
2005-03-12,2005,3,12,5.4657859
2005-03-13,2005,3,13,0
2005-03-14,2005,3,14,0
2005-03-15,2005,3,15,0
2005-03-16,2005,3,16,0
2005-03-17,2005,3,17,0
2005-03-18,2005,3,18,0
2005-03-19,2005,3,19,0
2005-03-20,2005,3,20,1.4165702
2005-03-21,2005,3,21,0.94917414
2005-03-22,2005,3,22,0.001080679
2005-03-23,2005,3,23,0
2005-03-24,2005,3,24,0
2005-03-25,2005,3,25,0
2005-03-26,2005,3,26,0
2005-03-27,2005,3,27,0
2005-03-28,2005,3,28,0
2005-03-29,2005,3,29,0
2005-03-30,2005,3,30,0
2005-03-31,2005,3,31,0.0053492753
2005-04-01,2005,4,1,5.7783093
2005-04-02,2005,4,2,0.013385622
2005-04-03,2005,4,3,0
2005-04-04,2005,4,4,0
2005-04-05,2005,4,5,0
2005-04-06,2005,4,6,0
2005-04-07,2005,4,7,0
2005-04-08,2005,4,8,0
2005-04-09,2005,4,9,0
2005-04-10,2005,4,10,0
2005-04-11,2005,4,11,0
2005-04-12,2005,4,12,0.0015191371
2005-04-13,2005,4,13,0
2005-04-14,2005,4,14,0
2005-04-15,2005,4,15,0
2005-04-16,2005,4,16,0
2005-04-17,2005,4,17,0
2005-04-18,2005,4,18,0
2005-04-19,2005,4,19,0
2005-04-20,2005,4,20,0
2005-04-21,2005,4,21,0
2005-04-22,2005,4,22,0
2005-04-23,2005,4,23,5.9409466
2005-04-24,2005,4,24,13.010348
2005-04-25,2005,4,25,0.59305382
2005-04-26,2005,4,26,7.8704212e-05
2005-04-27,2005,4,27,0.42957353
2005-04-28,2005,4,28,0.065379356
2005-04-29,2005,4,29,0.0025314981
2005-04-30,2005,4,30,0.27544911
2005-05-01,2005,5,1,0
2005-05-02,2005,5,2,0
2005-05-03,2005,5,3,8.2680706
2005-05-04,2005,5,4,0.29423361
2005-05-05,2005,5,5,0
2005-05-06,2005,5,6,0.0193724
2005-05-07,2005,5,7,1.3614248
2005-05-08,2005,5,8,0
2005-05-09,2005,5,9,23.835606
2005-05-10,2005,5,10,0.22155812
2005-05-11,2005,5,11,0
2005-05-12,2005,5,12,0
2005-05-13,2005,5,13,14.047575
2005-05-14,2005,5,14,1.5571758
2005-05-15,2005,5,15,0.07794253
2005-05-16,2005,5,16,0
2005-05-17,2005,5,17,7.0155414
2005-05-18,2005,5,18,28.588857
2005-05-19,2005,5,19,3.7687281
2005-05-20,2005,5,20,0.12487276
2005-05-21,2005,5,21,0
2005-05-22,2005,5,22,2.8073851
2005-05-23,2005,5,23,20.026881
2005-05-24,2005,5,24,0.16833247
2005-05-25,2005,5,25,4.0965264
2005-05-26,2005,5,26,11.431798
2005-05-27,2005,5,27,1.2762548
2005-05-28,2005,5,28,0.99345449
2005-05-29,2005,5,29,0
2005-05-30,2005,5,30,0
2005-05-31,2005,5,31,0
2005-06-01,2005,6,1,0
2005-06-02,2005,6,2,1.1757198
2005-06-03,2005,6,3,0
2005-06-04,2005,6,4,0.00093626445
2005-06-05,2005,6,5,0
2005-06-06,2005,6,6,0
2005-06-07,2005,6,7,1.2353107
2005-06-08,2005,6,8,0
2005-06-09,2005,6,9,5.9906001
2005-06-10,2005,6,10,49.493811
2005-06-11,2005,6,11,3.5209896
2005-06-12,2005,6,12,12.147133
2005-06-13,2005,6,13,18.304781
2005-06-14,2005,6,14,28.634189
2005-06-15,2005,6,15,27.930332
2005-06-16,2005,6,16,0.38421067
2005-06-17,2005,6,17,22.927354
2005-06-18,2005,6,18,39.766774
2005-06-19,2005,6,19,0.038489212
2005-06-20,2005,6,20,0
2005-06-21,2005,6,21,2.9250489
2005-06-22,2005,6,22,0
2005-06-23,2005,6,23,0
2005-06-24,2005,6,24,0
2005-06-25,2005,6,25,0
2005-06-26,2005,6,26,12.824452
2005-06-27,2005,6,27,68.727175
2005-06-28,2005,6,28,30.710228
2005-06-29,2005,6,29,0.40771738
2005-06-30,2005,6,30,0
2005-07-01,2005,7,1,2.2690916
2005-07-02,2005,7,2,11.935511
2005-07-03,2005,7,3,1.8451407
2005-07-04,2005,7,4,0
2005-07-05,2005,7,5,0
2005-07-06,2005,7,6,0
2005-07-07,2005,7,7,0
2005-07-08,2005,7,8,0
2005-07-09,2005,7,9,0
2005-07-10,2005,7,10,0
2005-07-11,2005,7,11,0
2005-07-12,2005,7,12,0.00030698518
2005-07-13,2005,7,13,0.75945871
2005-07-14,2005,7,14,1.8559847
2005-07-15,2005,7,15,0
2005-07-16,2005,7,16,0
2005-07-17,2005,7,17,0
2005-07-18,2005,7,18,0
2005-07-19,2005,7,19,0
2005-07-20,2005,7,20,0
2005-07-21,2005,7,21,0.0040259272
2005-07-22,2005,7,22,0
2005-07-23,2005,7,23,0
2005-07-24,2005,7,24,0
2005-07-25,2005,7,25,0
2005-07-26,2005,7,26,0
2005-07-27,2005,7,27,0
2005-07-28,2005,7,28,0
2005-07-29,2005,7,29,0
2005-07-30,2005,7,30,0
2005-07-31,2005,7,31,4.8100983
2005-08-01,2005,8,1,39.364525
2005-08-02,2005,8,2,28.930538
2005-08-03,2005,8,3,1.0622227
2005-08-04,2005,8,4,16.494154
2005-08-05,2005,8,5,1.625434
2005-08-06,2005,8,6,0
2005-08-07,2005,8,7,0
2005-08-08,2005,8,8,0
2005-08-09,2005,8,9,0
2005-08-10,2005,8,10,0
2005-08-11,2005,8,11,0
2005-08-12,2005,8,12,0
2005-08-13,2005,8,13,18.109812
2005-08-14,2005,8,14,2.1525977
2005-08-15,2005,8,15,25.402516
2005-08-16,2005,8,16,18.041376
2005-08-17,2005,8,17,0.08318682
2005-08-18,2005,8,18,0
2005-08-19,2005,8,19,0
2005-08-20,2005,8,20,0
2005-08-21,2005,8,21,0
2005-08-22,2005,8,22,3.256445
2005-08-23,2005,8,23,0.068710718
2005-08-24,2005,8,24,0
2005-08-25,2005,8,25,0.0182704
2005-08-26,2005,8,26,48.821964
2005-08-27,2005,8,27,68.002734
2005-08-28,2005,8,28,41.477889
2005-08-29,2005,8,29,2.7200853
2005-08-30,2005,8,30,0.091201709
2005-08-31,2005,8,31,0.41454511
2005-09-01,2005,9,1,0
2005-09-02,2005,9,2,2.5735109
2005-09-03,2005,9,3,4.5540865
2005-09-04,2005,9,4,3.1061144
2005-09-05,2005,9,5,3.2997012
2005-09-06,2005,9,6,0
2005-09-07,2005,9,7,0
2005-09-08,2005,9,8,0
2005-09-09,2005,9,9,20.659116
2005-09-10,2005,9,10,4.7486944
2005-09-11,2005,9,11,0.0053885709
2005-09-12,2005,9,12,0
2005-09-13,2005,9,13,0
2005-09-14,2005,9,14,0
2005-09-15,2005,9,15,0
2005-09-16,2005,9,16,0
2005-09-17,2005,9,17,0
2005-09-18,2005,9,18,0
2005-09-19,2005,9,19,0
2005-09-20,2005,9,20,0
2005-09-21,2005,9,21,0
2005-09-22,2005,9,22,0
2005-09-23,2005,9,23,0
2005-09-24,2005,9,24,0
2005-09-25,2005,9,25,0
2005-09-26,2005,9,26,0
2005-09-27,2005,9,27,0
2005-09-28,2005,9,28,2.2859949
2005-09-29,2005,9,29,0
2005-09-30,2005,9,30,0
2005-10-01,2005,10,1,0
2005-10-02,2005,10,2,1.9444569
2005-10-03,2005,10,3,0.29644267
2005-10-04,2005,10,4,0
2005-10-05,2005,10,5,0
2005-10-06,2005,10,6,0
2005-10-07,2005,10,7,0
2005-10-08,2005,10,8,0
2005-10-09,2005,10,9,0
2005-10-10,2005,10,10,0
2005-10-11,2005,10,11,0
2005-10-12,2005,10,12,0
2005-10-13,2005,10,13,0
2005-10-14,2005,10,14,0
2005-10-15,2005,10,15,0.04399938
2005-10-16,2005,10,16,0
2005-10-17,2005,10,17,0
2005-10-18,2005,10,18,0
2005-10-19,2005,10,19,0
2005-10-20,2005,10,20,0
2005-10-21,2005,10,21,0
2005-10-22,2005,10,22,0
2005-10-23,2005,10,23,3.3473882
2005-10-24,2005,10,24,0.58742696
2005-10-25,2005,10,25,1.5449835
2005-10-26,2005,10,26,0.27902369
2005-10-27,2005,10,27,2.6194206
2005-10-28,2005,10,28,1.3224529
2005-10-29,2005,10,29,0
2005-10-30,2005,10,30,0
2005-10-31,2005,10,31,0
2005-11-01,2005,11,1,0
2005-11-02,2005,11,2,0
2005-11-03,2005,11,3,0
2005-11-04,2005,11,4,0
2005-11-05,2005,11,5,0
2005-11-06,2005,11,6,0
2005-11-07,2005,11,7,0
2005-11-08,2005,11,8,0
2005-11-09,2005,11,9,0
2005-11-10,2005,11,10,0
2005-11-11,2005,11,11,0
2005-11-12,2005,11,12,0
2005-11-13,2005,11,13,0
2005-11-14,2005,11,14,0
2005-11-15,2005,11,15,0
2005-11-16,2005,11,16,0
2005-11-17,2005,11,17,0
2005-11-18,2005,11,18,0
2005-11-19,2005,11,19,0
2005-11-20,2005,11,20,0
2005-11-21,2005,11,21,0
2005-11-22,2005,11,22,2.4191667
2005-11-23,2005,11,23,11.431448
2005-11-24,2005,11,24,0
2005-11-25,2005,11,25,0
2005-11-26,2005,11,26,0
2005-11-27,2005,11,27,0
2005-11-28,2005,11,28,0.32937568
2005-11-29,2005,11,29,0.021030376
2005-11-30,2005,11,30,0
2005-12-01,2005,12,1,0
2005-12-02,2005,12,2,0.48376897
2005-12-03,2005,12,3,0
2005-12-04,2005,12,4,0.11640461
2005-12-05,2005,12,5,0.0058669995
2005-12-06,2005,12,6,0
2005-12-07,2005,12,7,0.27038482
2005-12-08,2005,12,8,1.6761431
2005-12-09,2005,12,9,0.13501187
2005-12-10,2005,12,10,0
2005-12-11,2005,12,11,0
2005-12-12,2005,12,12,1.2563779
2005-12-13,2005,12,13,0.023187388
2005-12-14,2005,12,14,0
2005-12-15,2005,12,15,0
2005-12-16,2005,12,16,0
2005-12-17,2005,12,17,0
2005-12-18,2005,12,18,0
2005-12-19,2005,12,19,0
2005-12-20,2005,12,20,0
2005-12-21,2005,12,21,0
2005-12-22,2005,12,22,0
2005-12-23,2005,12,23,0
2005-12-24,2005,12,24,0
2005-12-25,2005,12,25,0
2005-12-26,2005,12,26,0
2005-12-27,2005,12,27,0
2005-12-28,2005,12,28,0
2005-12-29,2005,12,29,0.0099118285
2005-12-30,2005,12,30,0
2005-12-31,2005,12,31,0.15611572
2006-01-01,2006,1,1,0.10713412
2006-01-02,2006,1,2,0
2006-01-03,2006,1,3,0
2006-01-04,2006,1,4,0
2006-01-05,2006,1,5,0
2006-01-06,2006,1,6,0
2006-01-07,2006,1,7,0
2006-01-08,2006,1,8,0
2006-01-09,2006,1,9,0
2006-01-10,2006,1,10,0
2006-01-11,2006,1,11,0
2006-01-12,2006,1,12,0
2006-01-13,2006,1,13,0
2006-01-14,2006,1,14,0
2006-01-15,2006,1,15,0
2006-01-16,2006,1,16,0
2006-01-17,2006,1,17,0.079173039
2006-01-18,2006,1,18,0
2006-01-19,2006,1,19,0
2006-01-20,2006,1,20,0.007721171
2006-01-21,2006,1,21,10.239265
2006-01-22,2006,1,22,11.171871
2006-01-23,2006,1,23,1.7148932
2006-01-24,2006,1,24,0
2006-01-25,2006,1,25,0.0017071457
2006-01-26,2006,1,26,0
2006-01-27,2006,1,27,0
2006-01-28,2006,1,28,0
2006-01-29,2006,1,29,0
2006-01-30,2006,1,30,0
2006-01-31,2006,1,31,0
2006-02-01,2006,2,1,0
2006-02-02,2006,2,2,0
2006-02-03,2006,2,3,0
2006-02-04,2006,2,4,0
2006-02-05,2006,2,5,0
2006-02-06,2006,2,6,0
2006-02-07,2006,2,7,0
2006-02-08,2006,2,8,0
2006-02-09,2006,2,9,0
2006-02-10,2006,2,10,0
2006-02-11,2006,2,11,0
2006-02-12,2006,2,12,0.70983809
2006-02-13,2006,2,13,0.11327261
2006-02-14,2006,2,14,5.2774153
2006-02-15,2006,2,15,2.8679192
2006-02-16,2006,2,16,0.18544848
2006-02-17,2006,2,17,0.00038102205
2006-02-18,2006,2,18,0.4080745
2006-02-19,2006,2,19,4.1735982
2006-02-20,2006,2,20,0.022245325
2006-02-21,2006,2,21,0
2006-02-22,2006,2,22,0
2006-02-23,2006,2,23,0
2006-02-24,2006,2,24,0
2006-02-25,2006,2,25,0
2006-02-26,2006,2,26,1.4071017
2006-02-27,2006,2,27,0.33375423
2006-02-28,2006,2,28,0.53357976
2006-03-01,2006,3,1,0
2006-03-02,2006,3,2,0.21618274
2006-03-03,2006,3,3,0
2006-03-04,2006,3,4,0
2006-03-05,2006,3,5,0
2006-03-06,2006,3,6,0
2006-03-07,2006,3,7,0
2006-03-08,2006,3,8,0
2006-03-09,2006,3,9,0
2006-03-10,2006,3,10,0
2006-03-11,2006,3,11,0
2006-03-12,2006,3,12,0
2006-03-13,2006,3,13,0
2006-03-14,2006,3,14,0
2006-03-15,2006,3,15,0
2006-03-16,2006,3,16,0
2006-03-17,2006,3,17,0
2006-03-18,2006,3,18,0
2006-03-19,2006,3,19,0
2006-03-20,2006,3,20,0
2006-03-21,2006,3,21,0
2006-03-22,2006,3,22,0
2006-03-23,2006,3,23,0
2006-03-24,2006,3,24,0
2006-03-25,2006,3,25,0
2006-03-26,2006,3,26,0
2006-03-27,2006,3,27,0
2006-03-28,2006,3,28,0
2006-03-29,2006,3,29,0
2006-03-30,2006,3,30,0
2006-03-31,2006,3,31,0
2006-04-01,2006,4,1,0.0018255474
2006-04-02,2006,4,2,4.2548413
2006-04-03,2006,4,3,0.0035840183
2006-04-04,2006,4,4,0
2006-04-05,2006,4,5,0
2006-04-06,2006,4,6,0
2006-04-07,2006,4,7,0
2006-04-08,2006,4,8,0
2006-04-09,2006,4,9,0
2006-04-10,2006,4,10,0
2006-04-11,2006,4,11,0
2006-04-12,2006,4,12,0.31122223
2006-04-13,2006,4,13,6.0141994
2006-04-14,2006,4,14,0
2006-04-15,2006,4,15,0.0011368848
2006-04-16,2006,4,16,0
2006-04-17,2006,4,17,0
2006-04-18,2006,4,18,0
2006-04-19,2006,4,19,0.46361172
2006-04-20,2006,4,20,0
2006-04-21,2006,4,21,0
2006-04-22,2006,4,22,0
2006-04-23,2006,4,23,0
2006-04-24,2006,4,24,0
2006-04-25,2006,4,25,0
2006-04-26,2006,4,26,0.0024998239
2006-04-27,2006,4,27,0
2006-04-28,2006,4,28,0
2006-04-29,2006,4,29,0
2006-04-30,2006,4,30,0
2006-05-01,2006,5,1,0
2006-05-02,2006,5,2,0
2006-05-03,2006,5,3,0
2006-05-04,2006,5,4,0
2006-05-05,2006,5,5,0
2006-05-06,2006,5,6,0
2006-05-07,2006,5,7,0
2006-05-08,2006,5,8,0
2006-05-09,2006,5,9,0
2006-05-10,2006,5,10,0
2006-05-11,2006,5,11,0
2006-05-12,2006,5,12,0
2006-05-13,2006,5,13,0
2006-05-14,2006,5,14,0
2006-05-15,2006,5,15,2.7047936
2006-05-16,2006,5,16,0.028975085
2006-05-17,2006,5,17,0
2006-05-18,2006,5,18,0
2006-05-19,2006,5,19,0.63327484
2006-05-20,2006,5,20,0.44839887
2006-05-21,2006,5,21,0
2006-05-22,2006,5,22,0
2006-05-23,2006,5,23,6.9730657
2006-05-24,2006,5,24,2.491294
2006-05-25,2006,5,25,4.6395151
2006-05-26,2006,5,26,0
2006-05-27,2006,5,27,0
2006-05-28,2006,5,28,0.087531214
2006-05-29,2006,5,29,0.010516834
2006-05-30,2006,5,30,0
2006-05-31,2006,5,31,0
2006-06-01,2006,6,1,1.2316687
2006-06-02,2006,6,2,0.50672954
2006-06-03,2006,6,3,0
2006-06-04,2006,6,4,0
2006-06-05,2006,6,5,25.097406
2006-06-06,2006,6,6,3.752226
2006-06-07,2006,6,7,39.43119
2006-06-08,2006,6,8,17.572302
2006-06-09,2006,6,9,2.2733708
2006-06-10,2006,6,10,0
2006-06-11,2006,6,11,0
2006-06-12,2006,6,12,7.1611477
2006-06-13,2006,6,13,0.073126293
2006-06-14,2006,6,14,0.00027834889
2006-06-15,2006,6,15,0
2006-06-16,2006,6,16,0
2006-06-17,2006,6,17,0
2006-06-18,2006,6,18,0
2006-06-19,2006,6,19,0
2006-06-20,2006,6,20,0
2006-06-21,2006,6,21,0
2006-06-22,2006,6,22,0
2006-06-23,2006,6,23,0
2006-06-24,2006,6,24,6.0656174
2006-06-25,2006,6,25,0
2006-06-26,2006,6,26,0
2006-06-27,2006,6,27,0
2006-06-28,2006,6,28,5.455332e-06
2006-06-29,2006,6,29,0
2006-06-30,2006,6,30,0
2006-07-01,2006,7,1,0
2006-07-02,2006,7,2,0
2006-07-03,2006,7,3,0
2006-07-04,2006,7,4,0
2006-07-05,2006,7,5,0
2006-07-06,2006,7,6,27.517246
2006-07-07,2006,7,7,21.749865
2006-07-08,2006,7,8,4.9305696
2006-07-09,2006,7,9,18.452299
2006-07-10,2006,7,10,19.497693
2006-07-11,2006,7,11,82.272754
2006-07-12,2006,7,12,84.670774
2006-07-13,2006,7,13,5.7710068
2006-07-14,2006,7,14,0
2006-07-15,2006,7,15,0
2006-07-16,2006,7,16,0
2006-07-17,2006,7,17,0
2006-07-18,2006,7,18,0
2006-07-19,2006,7,19,0
2006-07-20,2006,7,20,0
2006-07-21,2006,7,21,30.185155
2006-07-22,2006,7,22,34.895446
2006-07-23,2006,7,23,11.762088
2006-07-24,2006,7,24,9.8766125
2006-07-25,2006,7,25,24.058358
2006-07-26,2006,7,26,16.943338
2006-07-27,2006,7,27,0.4877497
2006-07-28,2006,7,28,0.00037956667
2006-07-29,2006,7,29,0
2006-07-30,2006,7,30,0
2006-07-31,2006,7,31,0
2006-08-01,2006,8,1,0
2006-08-02,2006,8,2,0
2006-08-03,2006,8,3,0
2006-08-04,2006,8,4,0
2006-08-05,2006,8,5,1.6041109
2006-08-06,2006,8,6,7.8343257
2006-08-07,2006,8,7,0.26067829
2006-08-08,2006,8,8,13.785529
2006-08-09,2006,8,9,2.2613623
2006-08-10,2006,8,10,28.952102
2006-08-11,2006,8,11,6.2378842
2006-08-12,2006,8,12,0
2006-08-13,2006,8,13,0.82383796
2006-08-14,2006,8,14,0
2006-08-15,2006,8,15,0
2006-08-16,2006,8,16,0
2006-08-17,2006,8,17,0
2006-08-18,2006,8,18,0
2006-08-19,2006,8,19,0
2006-08-20,2006,8,20,0
2006-08-21,2006,8,21,0
2006-08-22,2006,8,22,0
2006-08-23,2006,8,23,0
2006-08-24,2006,8,24,0
2006-08-25,2006,8,25,0
2006-08-26,2006,8,26,0.0027185537
2006-08-27,2006,8,27,0
2006-08-28,2006,8,28,0
2006-08-29,2006,8,29,0
2006-08-30,2006,8,30,0.12949036
2006-08-31,2006,8,31,11.434691
2006-09-01,2006,9,1,1.2229917
2006-09-02,2006,9,2,0
2006-09-03,2006,9,3,0
2006-09-04,2006,9,4,0
2006-09-05,2006,9,5,0
2006-09-06,2006,9,6,0.01209764
2006-09-07,2006,9,7,1.2816662
2006-09-08,2006,9,8,0
2006-09-09,2006,9,9,0
2006-09-10,2006,9,10,12.11872
2006-09-11,2006,9,11,4.0028979
2006-09-12,2006,9,12,0
2006-09-13,2006,9,13,0
2006-09-14,2006,9,14,0
2006-09-15,2006,9,15,0
2006-09-16,2006,9,16,0
2006-09-17,2006,9,17,0
2006-09-18,2006,9,18,5.6125314
2006-09-19,2006,9,19,1.2476444
2006-09-20,2006,9,20,0
2006-09-21,2006,9,21,9.3552395
2006-09-22,2006,9,22,0.29310142
2006-09-23,2006,9,23,0
2006-09-24,2006,9,24,0
2006-09-25,2006,9,25,0
2006-09-26,2006,9,26,0.0012401339
2006-09-27,2006,9,27,0.0015606092
2006-09-28,2006,9,28,0
2006-09-29,2006,9,29,0
2006-09-30,2006,9,30,0
2006-10-01,2006,10,1,0
2006-10-02,2006,10,2,0
2006-10-03,2006,10,3,7.9567896
2006-10-04,2006,10,4,0.89694795
2006-10-05,2006,10,5,0
2006-10-06,2006,10,6,0
2006-10-07,2006,10,7,0
2006-10-08,2006,10,8,0
2006-10-09,2006,10,9,0
2006-10-10,2006,10,10,0
2006-10-11,2006,10,11,3.00079
2006-10-12,2006,10,12,34.940117
2006-10-13,2006,10,13,41.886989
2006-10-14,2006,10,14,2.406978
2006-10-15,2006,10,15,0
2006-10-16,2006,10,16,0
2006-10-17,2006,10,17,0
2006-10-18,2006,10,18,0
2006-10-19,2006,10,19,0
2006-10-20,2006,10,20,0
2006-10-21,2006,10,21,0
2006-10-22,2006,10,22,0
2006-10-23,2006,10,23,0
2006-10-24,2006,10,24,0.020591938
2006-10-25,2006,10,25,0
2006-10-26,2006,10,26,8.8340586
2006-10-27,2006,10,27,0
2006-10-28,2006,10,28,0
2006-10-29,2006,10,29,0
2006-10-30,2006,10,30,0
2006-10-31,2006,10,31,0
2006-11-01,2006,11,1,0
2006-11-02,2006,11,2,0
2006-11-03,2006,11,3,0
2006-11-04,2006,11,4,0
2006-11-05,2006,11,5,0
2006-11-06,2006,11,6,0
2006-11-07,2006,11,7,0
2006-11-08,2006,11,8,0
2006-11-09,2006,11,9,0
2006-11-10,2006,11,10,0
2006-11-11,2006,11,11,0
2006-11-12,2006,11,12,0
2006-11-13,2006,11,13,0
2006-11-14,2006,11,14,0
2006-11-15,2006,11,15,0
2006-11-16,2006,11,16,0
2006-11-17,2006,11,17,2.24461
2006-11-18,2006,11,18,0.30205673
2006-11-19,2006,11,19,0
2006-11-20,2006,11,20,0
2006-11-21,2006,11,21,0
2006-11-22,2006,11,22,0
2006-11-23,2006,11,23,0
2006-11-24,2006,11,24,0
2006-11-25,2006,11,25,0
2006-11-26,2006,11,26,0
2006-11-27,2006,11,27,0
2006-11-28,2006,11,28,0
2006-11-29,2006,11,29,0
2006-11-30,2006,11,30,0
2006-12-01,2006,12,1,0
2006-12-02,2006,12,2,0
2006-12-03,2006,12,3,0
2006-12-04,2006,12,4,0
2006-12-05,2006,12,5,0
2006-12-06,2006,12,6,0
2006-12-07,2006,12,7,0
2006-12-08,2006,12,8,0
2006-12-09,2006,12,9,0.048178859
2006-12-10,2006,12,10,0.21355528
2006-12-11,2006,12,11,0.11638075
2006-12-12,2006,12,12,0.02136571
2006-12-13,2006,12,13,2.5617675
2006-12-14,2006,12,14,0.00017643354
2006-12-15,2006,12,15,0
2006-12-16,2006,12,16,0
2006-12-17,2006,12,17,0
2006-12-18,2006,12,18,0
2006-12-19,2006,12,19,0
2006-12-20,2006,12,20,0
2006-12-21,2006,12,21,0
2006-12-22,2006,12,22,0
2006-12-23,2006,12,23,0
2006-12-24,2006,12,24,1.185206
2006-12-25,2006,12,25,0.0044893266
2006-12-26,2006,12,26,0
2006-12-27,2006,12,27,0
2006-12-28,2006,12,28,0
2006-12-29,2006,12,29,0.0015703727
2006-12-30,2006,12,30,0
2006-12-31,2006,12,31,0
2007-01-01,2007,1,1,0
2007-01-02,2007,1,2,0
2007-01-03,2007,1,3,0
2007-01-04,2007,1,4,0
2007-01-05,2007,1,5,0
2007-01-06,2007,1,6,0
2007-01-07,2007,1,7,0
2007-01-08,2007,1,8,0
2007-01-09,2007,1,9,0
2007-01-10,2007,1,10,0
2007-01-11,2007,1,11,0
2007-01-12,2007,1,12,0
2007-01-13,2007,1,13,0
2007-01-14,2007,1,14,0
2007-01-15,2007,1,15,0
2007-01-16,2007,1,16,0.23038586
2007-01-17,2007,1,17,0.71521094
2007-01-18,2007,1,18,0.15815346
2007-01-19,2007,1,19,0
2007-01-20,2007,1,20,0
2007-01-21,2007,1,21,0
2007-01-22,2007,1,22,0
2007-01-23,2007,1,23,0
2007-01-24,2007,1,24,0
2007-01-25,2007,1,25,0
2007-01-26,2007,1,26,0.00015395299
2007-01-27,2007,1,27,0.0030790599
2007-01-28,2007,1,28,0
2007-01-29,2007,1,29,0.019245392
2007-01-30,2007,1,30,0.062206862
2007-01-31,2007,1,31,0.32742187
2007-02-01,2007,2,1,0.39982702
2007-02-02,2007,2,2,0.75509145
2007-02-03,2007,2,3,0.029153142
2007-02-04,2007,2,4,0
2007-02-05,2007,2,5,0
2007-02-06,2007,2,6,0
2007-02-07,2007,2,7,0
2007-02-08,2007,2,8,0.00062078027
2007-02-09,2007,2,9,0
2007-02-10,2007,2,10,0
2007-02-11,2007,2,11,0
2007-02-12,2007,2,12,0
2007-02-13,2007,2,13,0
2007-02-14,2007,2,14,0
2007-02-15,2007,2,15,3.072069
2007-02-16,2007,2,16,7.6165096
2007-02-17,2007,2,17,0.71359475
2007-02-18,2007,2,18,0.039503631
2007-02-19,2007,2,19,0.0064660257
2007-02-20,2007,2,20,5.4503409
2007-02-21,2007,2,21,0.28391439
2007-02-22,2007,2,22,1.7835268e-05
2007-02-23,2007,2,23,0
2007-02-24,2007,2,24,0
2007-02-25,2007,2,25,0
2007-02-26,2007,2,26,0
2007-02-27,2007,2,27,0
2007-02-28,2007,2,28,0.45687116
2007-03-01,2007,3,1,0
2007-03-02,2007,3,2,0
2007-03-03,2007,3,3,0
2007-03-04,2007,3,4,0
2007-03-05,2007,3,5,0
2007-03-06,2007,3,6,0
2007-03-07,2007,3,7,0
2007-03-08,2007,3,8,0
2007-03-09,2007,3,9,0
2007-03-10,2007,3,10,0
2007-03-11,2007,3,11,0
2007-03-12,2007,3,12,0
2007-03-13,2007,3,13,0
2007-03-14,2007,3,14,0
2007-03-15,2007,3,15,0
2007-03-16,2007,3,16,0
2007-03-17,2007,3,17,0
2007-03-18,2007,3,18,0
2007-03-19,2007,3,19,0
2007-03-20,2007,3,20,0
2007-03-21,2007,3,21,0
2007-03-22,2007,3,22,0
2007-03-23,2007,3,23,0
2007-03-24,2007,3,24,0
2007-03-25,2007,3,25,0
2007-03-26,2007,3,26,0
2007-03-27,2007,3,27,7.7101707
2007-03-28,2007,3,28,0.96782492
2007-03-29,2007,3,29,8.0771853
2007-03-30,2007,3,30,0.27125996
2007-03-31,2007,3,31,0
2007-04-01,2007,4,1,0
2007-04-02,2007,4,2,0
2007-04-03,2007,4,3,0
2007-04-04,2007,4,4,0
2007-04-05,2007,4,5,0.00059356944
2007-04-06,2007,4,6,0
2007-04-07,2007,4,7,0
2007-04-08,2007,4,8,0
2007-04-09,2007,4,9,1.5959026
2007-04-10,2007,4,10,4.7960459
2007-04-11,2007,4,11,0
2007-04-12,2007,4,12,0
2007-04-13,2007,4,13,0
2007-04-14,2007,4,14,0
2007-04-15,2007,4,15,0
2007-04-16,2007,4,16,0
2007-04-17,2007,4,17,0
2007-04-18,2007,4,18,0
2007-04-19,2007,4,19,0
2007-04-20,2007,4,20,0
2007-04-21,2007,4,21,0
2007-04-22,2007,4,22,0.01991159
2007-04-23,2007,4,23,5.3121519
2007-04-24,2007,4,24,0.69602063
2007-04-25,2007,4,25,0.0003285965
2007-04-26,2007,4,26,0
2007-04-27,2007,4,27,0
2007-04-28,2007,4,28,0
2007-04-29,2007,4,29,0
2007-04-30,2007,4,30,9.5775184
2007-05-01,2007,5,1,0.81044465
2007-05-02,2007,5,2,0
2007-05-03,2007,5,3,0
2007-05-04,2007,5,4,0
2007-05-05,2007,5,5,0
2007-05-06,2007,5,6,0
2007-05-07,2007,5,7,0.00087646337
2007-05-08,2007,5,8,0.0015309189
2007-05-09,2007,5,9,0
2007-05-10,2007,5,10,0
2007-05-11,2007,5,11,0
2007-05-12,2007,5,12,0
2007-05-13,2007,5,13,0
2007-05-14,2007,5,14,0.040469536
2007-05-15,2007,5,15,14.579849
2007-05-16,2007,5,16,0
2007-05-17,2007,5,17,0
2007-05-18,2007,5,18,0
2007-05-19,2007,5,19,0
2007-05-20,2007,5,20,0
2007-05-21,2007,5,21,0.00954449
2007-05-22,2007,5,22,0
2007-05-23,2007,5,23,0
2007-05-24,2007,5,24,0
2007-05-25,2007,5,25,0
2007-05-26,2007,5,26,0
2007-05-27,2007,5,27,0
2007-05-28,2007,5,28,0
2007-05-29,2007,5,29,0.29784133
2007-05-30,2007,5,30,5.4894375
2007-05-31,2007,5,31,2.5700884
2007-06-01,2007,6,1,0.00054998529
2007-06-02,2007,6,2,0
2007-06-03,2007,6,3,0
2007-06-04,2007,6,4,0
2007-06-05,2007,6,5,0
2007-06-06,2007,6,6,5.0608889e-05
2007-06-07,2007,6,7,0
2007-06-08,2007,6,8,0
2007-06-09,2007,6,9,0
2007-06-10,2007,6,10,0
2007-06-11,2007,6,11,5.1701086
2007-06-12,2007,6,12,41.532315
2007-06-13,2007,6,13,66.461187
2007-06-14,2007,6,14,20.644926
2007-06-15,2007,6,15,0
2007-06-16,2007,6,16,0.35809531
2007-06-17,2007,6,17,0.00035426222
2007-06-18,2007,6,18,1.0909801
2007-06-19,2007,6,19,20.352557
2007-06-20,2007,6,20,4.1853968
2007-06-21,2007,6,21,0
2007-06-22,2007,6,22,5.8583463
2007-06-23,2007,6,23,0.20914381
2007-06-24,2007,6,24,0
2007-06-25,2007,6,25,0
2007-06-26,2007,6,26,0
2007-06-27,2007,6,27,0
2007-06-28,2007,6,28,0
2007-06-29,2007,6,29,0
2007-06-30,2007,6,30,0
2007-07-01,2007,7,1,0
2007-07-02,2007,7,2,0
2007-07-03,2007,7,3,0
2007-07-04,2007,7,4,23.238288
2007-07-05,2007,7,5,49.14619
2007-07-06,2007,7,6,6.9629472
2007-07-07,2007,7,7,10.168784
2007-07-08,2007,7,8,0.58457561
2007-07-09,2007,7,9,0.01834259
2007-07-10,2007,7,10,0
2007-07-11,2007,7,11,0
2007-07-12,2007,7,12,8.5876242
2007-07-13,2007,7,13,4.9178972
2007-07-14,2007,7,14,0
2007-07-15,2007,7,15,0
2007-07-16,2007,7,16,12.624817
2007-07-17,2007,7,17,0.001978008
2007-07-18,2007,7,18,0
2007-07-19,2007,7,19,0
2007-07-20,2007,7,20,0
2007-07-21,2007,7,21,6.7992788
2007-07-22,2007,7,22,1.7414419
2007-07-23,2007,7,23,15.603675
2007-07-24,2007,7,24,1.0001629
2007-07-25,2007,7,25,0
2007-07-26,2007,7,26,0
2007-07-27,2007,7,27,0
2007-07-28,2007,7,28,0
2007-07-29,2007,7,29,0
2007-07-30,2007,7,30,0.014111378
2007-07-31,2007,7,31,0.1866571
2007-08-01,2007,8,1,7.1550496
2007-08-02,2007,8,2,0.10558727
2007-08-03,2007,8,3,0
2007-08-04,2007,8,4,0
2007-08-05,2007,8,5,0.001857161
2007-08-06,2007,8,6,0
2007-08-07,2007,8,7,0
2007-08-08,2007,8,8,8.3259232
2007-08-09,2007,8,9,0.9597272
2007-08-10,2007,8,10,0
2007-08-11,2007,8,11,0
2007-08-12,2007,8,12,0
2007-08-13,2007,8,13,5.2813014
2007-08-14,2007,8,14,1.1895803
2007-08-15,2007,8,15,0.1557421
2007-08-16,2007,8,16,0.003746359
2007-08-17,2007,8,17,0
2007-08-18,2007,8,18,0
2007-08-19,2007,8,19,0
2007-08-20,2007,8,20,0
2007-08-21,2007,8,21,0
2007-08-22,2007,8,22,0
2007-08-23,2007,8,23,0.0023310285
2007-08-24,2007,8,24,0.09806214
2007-08-25,2007,8,25,0
2007-08-26,2007,8,26,0
2007-08-27,2007,8,27,0
2007-08-28,2007,8,28,0
2007-08-29,2007,8,29,0
2007-08-30,2007,8,30,0
2007-08-31,2007,8,31,0
2007-09-01,2007,9,1,0
2007-09-02,2007,9,2,0
2007-09-03,2007,9,3,0
2007-09-04,2007,9,4,0
2007-09-05,2007,9,5,0
2007-09-06,2007,9,6,0
2007-09-07,2007,9,7,0
2007-09-08,2007,9,8,0
2007-09-09,2007,9,9,0
2007-09-10,2007,9,10,0
2007-09-11,2007,9,11,0
2007-09-12,2007,9,12,0
2007-09-13,2007,9,13,0
2007-09-14,2007,9,14,0
2007-09-15,2007,9,15,0
2007-09-16,2007,9,16,0
2007-09-17,2007,9,17,0
2007-09-18,2007,9,18,0
2007-09-19,2007,9,19,0
2007-09-20,2007,9,20,0
2007-09-21,2007,9,21,0
2007-09-22,2007,9,22,0
2007-09-23,2007,9,23,0
2007-09-24,2007,9,24,0
2007-09-25,2007,9,25,0
2007-09-26,2007,9,26,0
2007-09-27,2007,9,27,0
2007-09-28,2007,9,28,0
2007-09-29,2007,9,29,0
2007-09-30,2007,9,30,0
2007-10-01,2007,10,1,0
2007-10-02,2007,10,2,0
2007-10-03,2007,10,3,0
2007-10-04,2007,10,4,0
2007-10-05,2007,10,5,2.518006
2007-10-06,2007,10,6,0
2007-10-07,2007,10,7,0
2007-10-08,2007,10,8,0
2007-10-09,2007,10,9,0
2007-10-10,2007,10,10,0
2007-10-11,2007,10,11,0.11111249
2007-10-12,2007,10,12,0
2007-10-13,2007,10,13,0.0069717327
2007-10-14,2007,10,14,0.11862114
2007-10-15,2007,10,15,0
2007-10-16,2007,10,16,0
2007-10-17,2007,10,17,0
2007-10-18,2007,10,18,0
2007-10-19,2007,10,19,0
2007-10-20,2007,10,20,0
2007-10-21,2007,10,21,0
2007-10-22,2007,10,22,0
2007-10-23,2007,10,23,0
2007-10-24,2007,10,24,0
2007-10-25,2007,10,25,0
2007-10-26,2007,10,26,0
2007-10-27,2007,10,27,0
2007-10-28,2007,10,28,0
2007-10-29,2007,10,29,0
2007-10-30,2007,10,30,0.39257271
2007-10-31,2007,10,31,0.49909991
2007-11-01,2007,11,1,0
2007-11-02,2007,11,2,0
2007-11-03,2007,11,3,0
2007-11-04,2007,11,4,0
2007-11-05,2007,11,5,0
2007-11-06,2007,11,6,0
2007-11-07,2007,11,7,0
2007-11-08,2007,11,8,0.34929976
2007-11-09,2007,11,9,8.7374305
2007-11-10,2007,11,10,0
2007-11-11,2007,11,11,0
2007-11-12,2007,11,12,0
2007-11-13,2007,11,13,0
2007-11-14,2007,11,14,0
2007-11-15,2007,11,15,0
2007-11-16,2007,11,16,0
2007-11-17,2007,11,17,0
2007-11-18,2007,11,18,0
2007-11-19,2007,11,19,0
2007-11-20,2007,11,20,0
2007-11-21,2007,11,21,0
2007-11-22,2007,11,22,0
2007-11-23,2007,11,23,0
2007-11-24,2007,11,24,0
2007-11-25,2007,11,25,0
2007-11-26,2007,11,26,0
2007-11-27,2007,11,27,0
2007-11-28,2007,11,28,0
2007-11-29,2007,11,29,0
2007-11-30,2007,11,30,0
2007-12-01,2007,12,1,0.0093357338
2007-12-02,2007,12,2,0.00045638686
2007-12-03,2007,12,3,0
2007-12-04,2007,12,4,0.0010431013
2007-12-05,2007,12,5,0
2007-12-06,2007,12,6,0.00015072138
2007-12-07,2007,12,7,0.0058640057
2007-12-08,2007,12,8,0.0014382677
2007-12-09,2007,12,9,0.0073929718
2007-12-10,2007,12,10,0.00045638686
2007-12-11,2007,12,11,0
2007-12-12,2007,12,12,0
2007-12-13,2007,12,13,0.0039134948
2007-12-14,2007,12,14,0.0072701098
2007-12-15,2007,12,15,0.075703888
2007-12-16,2007,12,16,9.4804214
2007-12-17,2007,12,17,3.5942418
2007-12-18,2007,12,18,0.21889365
2007-12-19,2007,12,19,0
2007-12-20,2007,12,20,0
2007-12-21,2007,12,21,0
2007-12-22,2007,12,22,0
2007-12-23,2007,12,23,0.014710716
2007-12-24,2007,12,24,0.35220414
2007-12-25,2007,12,25,5.185708
2007-12-26,2007,12,26,1.0309641
2007-12-27,2007,12,27,0.099783112
2007-12-28,2007,12,28,0
2007-12-29,2007,12,29,0
2007-12-30,2007,12,30,0
2007-12-31,2007,12,31,0
2008-01-01,2008,1,1,0
2008-01-02,2008,1,2,0
2008-01-03,2008,1,3,0
2008-01-04,2008,1,4,0
2008-01-05,2008,1,5,0
2008-01-06,2008,1,6,0
2008-01-07,2008,1,7,0
2008-01-08,2008,1,8,0
2008-01-09,2008,1,9,0
2008-01-10,2008,1,10,0.082910009
2008-01-11,2008,1,11,0
2008-01-12,2008,1,12,0
2008-01-13,2008,1,13,0
2008-01-14,2008,1,14,0
2008-01-15,2008,1,15,0
2008-01-16,2008,1,16,0
2008-01-17,2008,1,17,0
2008-01-18,2008,1,18,0
2008-01-19,2008,1,19,0
2008-01-20,2008,1,20,0
2008-01-21,2008,1,21,0
2008-01-22,2008,1,22,0
2008-01-23,2008,1,23,0
2008-01-24,2008,1,24,2.3271788
2008-01-25,2008,1,25,3.3406842
2008-01-26,2008,1,26,0.95773737
2008-01-27,2008,1,27,0
2008-01-28,2008,1,28,0
2008-01-29,2008,1,29,0
2008-01-30,2008,1,30,0.0093199654
2008-01-31,2008,1,31,1.1640466
2008-02-01,2008,2,1,0.40707538
2008-02-02,2008,2,2,0.00026966418
2008-02-03,2008,2,3,0
2008-02-04,2008,2,4,6.6585859
2008-02-05,2008,2,5,0.090501047
2008-02-06,2008,2,6,0.57973149
2008-02-07,2008,2,7,4.3110783
2008-02-08,2008,2,8,0.14080464
2008-02-09,2008,2,9,0
2008-02-10,2008,2,10,0
2008-02-11,2008,2,11,0
2008-02-12,2008,2,12,0
2008-02-13,2008,2,13,0.013362768
2008-02-14,2008,2,14,0.012496448
2008-02-15,2008,2,15,0
2008-02-16,2008,2,16,0
2008-02-17,2008,2,17,0
2008-02-18,2008,2,18,0
2008-02-19,2008,2,19,0
2008-02-20,2008,2,20,0
2008-02-21,2008,2,21,0.005598832
2008-02-22,2008,2,22,0.21434889
2008-02-23,2008,2,23,0.35684527
2008-02-24,2008,2,24,0.17339602
2008-02-25,2008,2,25,1.1760716
2008-02-26,2008,2,26,0.3444694
2008-02-27,2008,2,27,0.0010193872
2008-02-28,2008,2,28,0
2008-02-29,2008,2,29,0.0089442622
2008-03-01,2008,3,1,0
2008-03-02,2008,3,2,0
2008-03-03,2008,3,3,0
2008-03-04,2008,3,4,0
2008-03-05,2008,3,5,0
2008-03-06,2008,3,6,1.2416886
2008-03-07,2008,3,7,10.97244
2008-03-08,2008,3,8,0.12967928
2008-03-09,2008,3,9,0
2008-03-10,2008,3,10,0.027048769
2008-03-11,2008,3,11,0
2008-03-12,2008,3,12,0.00010059077
2008-03-13,2008,3,13,0
2008-03-14,2008,3,14,0
2008-03-15,2008,3,15,0
2008-03-16,2008,3,16,0
2008-03-17,2008,3,17,0
2008-03-18,2008,3,18,0
2008-03-19,2008,3,19,0
2008-03-20,2008,3,20,0
2008-03-21,2008,3,21,0
2008-03-22,2008,3,22,0
2008-03-23,2008,3,23,0
2008-03-24,2008,3,24,0
2008-03-25,2008,3,25,0
2008-03-26,2008,3,26,0
2008-03-27,2008,3,27,0
2008-03-28,2008,3,28,0
2008-03-29,2008,3,29,0
2008-03-30,2008,3,30,0
2008-03-31,2008,3,31,0
2008-04-01,2008,4,1,0
2008-04-02,2008,4,2,0
2008-04-03,2008,4,3,0
2008-04-04,2008,4,4,0
2008-04-05,2008,4,5,0
2008-04-06,2008,4,6,0
2008-04-07,2008,4,7,0
2008-04-08,2008,4,8,0
2008-04-09,2008,4,9,0
2008-04-10,2008,4,10,0
2008-04-11,2008,4,11,0
2008-04-12,2008,4,12,0.15796479
2008-04-13,2008,4,13,0
2008-04-14,2008,4,14,0
2008-04-15,2008,4,15,0
2008-04-16,2008,4,16,0
2008-04-17,2008,4,17,0
2008-04-18,2008,4,18,0
2008-04-19,2008,4,19,0
2008-04-20,2008,4,20,0
2008-04-21,2008,4,21,0
2008-04-22,2008,4,22,0
2008-04-23,2008,4,23,0
2008-04-24,2008,4,24,0
2008-04-25,2008,4,25,0
2008-04-26,2008,4,26,0
2008-04-27,2008,4,27,15.220708
2008-04-28,2008,4,28,9.5776258
2008-04-29,2008,4,29,1.6367446
2008-04-30,2008,4,30,0.00058580661
2008-05-01,2008,5,1,0
2008-05-02,2008,5,2,0.0033148822
2008-05-03,2008,5,3,0
2008-05-04,2008,5,4,0
2008-05-05,2008,5,5,0
2008-05-06,2008,5,6,0
2008-05-07,2008,5,7,0.00044406186
2008-05-08,2008,5,8,0
2008-05-09,2008,5,9,0
2008-05-10,2008,5,10,0
2008-05-11,2008,5,11,0
2008-05-12,2008,5,12,0
2008-05-13,2008,5,13,0
2008-05-14,2008,5,14,0
2008-05-15,2008,5,15,0
2008-05-16,2008,5,16,0
2008-05-17,2008,5,17,1.4379601
2008-05-18,2008,5,18,41.815689
2008-05-19,2008,5,19,57.893681
2008-05-20,2008,5,20,51.102519
2008-05-21,2008,5,21,29.711977
2008-05-22,2008,5,22,41.782492
2008-05-23,2008,5,23,1.7285246
2008-05-24,2008,5,24,0
2008-05-25,2008,5,25,0.25944377
2008-05-26,2008,5,26,50.195561
2008-05-27,2008,5,27,44.396944
2008-05-28,2008,5,28,2.9230738
2008-05-29,2008,5,29,0.0054681077
2008-05-30,2008,5,30,0
2008-05-31,2008,5,31,0
2008-06-01,2008,6,1,0
2008-06-02,2008,6,2,0
2008-06-03,2008,6,3,28.196125
2008-06-04,2008,6,4,61.759988
2008-06-05,2008,6,5,4.7664633
2008-06-06,2008,6,6,0
2008-06-07,2008,6,7,0.0024013168
2008-06-08,2008,6,8,0.0054174951
2008-06-09,2008,6,9,0
2008-06-10,2008,6,10,0
2008-06-11,2008,6,11,0
2008-06-12,2008,6,12,0
2008-06-13,2008,6,13,0
2008-06-14,2008,6,14,0
2008-06-15,2008,6,15,0
2008-06-16,2008,6,16,0
2008-06-17,2008,6,17,0
2008-06-18,2008,6,18,33.932892
2008-06-19,2008,6,19,10.4319
2008-06-20,2008,6,20,0
2008-06-21,2008,6,21,0
2008-06-22,2008,6,22,0
2008-06-23,2008,6,23,0
2008-06-24,2008,6,24,0
2008-06-25,2008,6,25,0
2008-06-26,2008,6,26,0
2008-06-27,2008,6,27,0
2008-06-28,2008,6,28,0
2008-06-29,2008,6,29,0
2008-06-30,2008,6,30,0
2008-07-01,2008,7,1,0
2008-07-02,2008,7,2,0
2008-07-03,2008,7,3,0
2008-07-04,2008,7,4,0
2008-07-05,2008,7,5,0
2008-07-06,2008,7,6,0
2008-07-07,2008,7,7,0
2008-07-08,2008,7,8,0
2008-07-09,2008,7,9,0
2008-07-10,2008,7,10,0
2008-07-11,2008,7,11,0
2008-07-12,2008,7,12,11.781699
2008-07-13,2008,7,13,0
2008-07-14,2008,7,14,0
2008-07-15,2008,7,15,0
2008-07-16,2008,7,16,3.0287619
2008-07-17,2008,7,17,0
2008-07-18,2008,7,18,0
2008-07-19,2008,7,19,0
2008-07-20,2008,7,20,0.063921928
2008-07-21,2008,7,21,0
2008-07-22,2008,7,22,9.1322951
2008-07-23,2008,7,23,0.23219837
2008-07-24,2008,7,24,0
2008-07-25,2008,7,25,0
2008-07-26,2008,7,26,0
2008-07-27,2008,7,27,0
2008-07-28,2008,7,28,0
2008-07-29,2008,7,29,0
2008-07-30,2008,7,30,6.0019425
2008-07-31,2008,7,31,6.9136778
2008-08-01,2008,8,1,33.346859
2008-08-02,2008,8,2,3.1026745
2008-08-03,2008,8,3,0
2008-08-04,2008,8,4,2.8746501
2008-08-05,2008,8,5,0
2008-08-06,2008,8,6,0
2008-08-07,2008,8,7,0
2008-08-08,2008,8,8,0
2008-08-09,2008,8,9,0
2008-08-10,2008,8,10,5.1786139
2008-08-11,2008,8,11,2.6115228
2008-08-12,2008,8,12,0
2008-08-13,2008,8,13,0
2008-08-14,2008,8,14,10.50691
2008-08-15,2008,8,15,100.5661
2008-08-16,2008,8,16,16.491597
2008-08-17,2008,8,17,0.017242769
2008-08-18,2008,8,18,0
2008-08-19,2008,8,19,0.40459082
2008-08-20,2008,8,20,0.00068367995
2008-08-21,2008,8,21,0
2008-08-22,2008,8,22,0
2008-08-23,2008,8,23,0
2008-08-24,2008,8,24,0
2008-08-25,2008,8,25,0
2008-08-26,2008,8,26,2.0576491
2008-08-27,2008,8,27,8.734635
2008-08-28,2008,8,28,0.071703223
2008-08-29,2008,8,29,0
2008-08-30,2008,8,30,0
2008-08-31,2008,8,31,0
2008-09-01,2008,9,1,0
2008-09-02,2008,9,2,2.7779525
2008-09-03,2008,9,3,1.6979658
2008-09-04,2008,9,4,0.16850851
2008-09-05,2008,9,5,0
2008-09-06,2008,9,6,0
2008-09-07,2008,9,7,0
2008-09-08,2008,9,8,0
2008-09-09,2008,9,9,0.78037558
2008-09-10,2008,9,10,2.1609093
2008-09-11,2008,9,11,0
2008-09-12,2008,9,12,0
2008-09-13,2008,9,13,0
2008-09-14,2008,9,14,0
2008-09-15,2008,9,15,0
2008-09-16,2008,9,16,0
2008-09-17,2008,9,17,0
2008-09-18,2008,9,18,0
2008-09-19,2008,9,19,0
2008-09-20,2008,9,20,0
2008-09-21,2008,9,21,0
2008-09-22,2008,9,22,0
2008-09-23,2008,9,23,0
2008-09-24,2008,9,24,0
2008-09-25,2008,9,25,0
2008-09-26,2008,9,26,0
2008-09-27,2008,9,27,0
2008-09-28,2008,9,28,0
2008-09-29,2008,9,29,0
2008-09-30,2008,9,30,0.28541186
2008-10-01,2008,10,1,0
2008-10-02,2008,10,2,0
2008-10-03,2008,10,3,0
2008-10-04,2008,10,4,0
2008-10-05,2008,10,5,0
2008-10-06,2008,10,6,0
2008-10-07,2008,10,7,0
2008-10-08,2008,10,8,0
2008-10-09,2008,10,9,0
2008-10-10,2008,10,10,0
2008-10-11,2008,10,11,0.042403532
2008-10-12,2008,10,12,1.4513169
2008-10-13,2008,10,13,0
2008-10-14,2008,10,14,0.26709874
2008-10-15,2008,10,15,0
2008-10-16,2008,10,16,0
2008-10-17,2008,10,17,0
2008-10-18,2008,10,18,0
2008-10-19,2008,10,19,0
2008-10-20,2008,10,20,0.29335289
2008-10-21,2008,10,21,0
2008-10-22,2008,10,22,0
2008-10-23,2008,10,23,0
2008-10-24,2008,10,24,0.0021298053
2008-10-25,2008,10,25,0
2008-10-26,2008,10,26,0
2008-10-27,2008,10,27,0.081892661
2008-10-28,2008,10,28,0
2008-10-29,2008,10,29,0
2008-10-30,2008,10,30,0
2008-10-31,2008,10,31,0
2008-11-01,2008,11,1,0
2008-11-02,2008,11,2,0
2008-11-03,2008,11,3,0
2008-11-04,2008,11,4,0
2008-11-05,2008,11,5,0
2008-11-06,2008,11,6,0
2008-11-07,2008,11,7,0
2008-11-08,2008,11,8,0
2008-11-09,2008,11,9,0
2008-11-10,2008,11,10,0
2008-11-11,2008,11,11,0
2008-11-12,2008,11,12,0
2008-11-13,2008,11,13,0
2008-11-14,2008,11,14,0
2008-11-15,2008,11,15,0
2008-11-16,2008,11,16,0
2008-11-17,2008,11,17,0
2008-11-18,2008,11,18,0
2008-11-19,2008,11,19,0
2008-11-20,2008,11,20,0
2008-11-21,2008,11,21,0
2008-11-22,2008,11,22,0
2008-11-23,2008,11,23,0
2008-11-24,2008,11,24,0
2008-11-25,2008,11,25,0.098583325
2008-11-26,2008,11,26,0
2008-11-27,2008,11,27,0
2008-11-28,2008,11,28,0
2008-11-29,2008,11,29,0
2008-11-30,2008,11,30,0
2008-12-01,2008,12,1,1.7794053
2008-12-02,2008,12,2,0.39398125
2008-12-03,2008,12,3,1.7754705
2008-12-04,2008,12,4,0.21472111
2008-12-05,2008,12,5,0.0015142663
2008-12-06,2008,12,6,0.00045638686
2008-12-07,2008,12,7,0.0011704569
2008-12-08,2008,12,8,0
2008-12-09,2008,12,9,0
2008-12-10,2008,12,10,0
2008-12-11,2008,12,11,0.032234628
2008-12-12,2008,12,12,0.041242835
2008-12-13,2008,12,13,0.023728308
2008-12-14,2008,12,14,0
2008-12-15,2008,12,15,0.003748085
2008-12-16,2008,12,16,0
2008-12-17,2008,12,17,0
2008-12-18,2008,12,18,0
2008-12-19,2008,12,19,0
2008-12-20,2008,12,20,0
2008-12-21,2008,12,21,0
2008-12-22,2008,12,22,0
2008-12-23,2008,12,23,0
2008-12-24,2008,12,24,0.00016982821
2008-12-25,2008,12,25,0.013474805
2008-12-26,2008,12,26,0.2076832
2008-12-27,2008,12,27,0.077814325
2008-12-28,2008,12,28,0.024333486
2008-12-29,2008,12,29,0.14639137
2008-12-30,2008,12,30,0.010303492
2008-12-31,2008,12,31,0.071714801
2009-01-01,2009,1,1,0
2009-01-02,2009,1,2,0
2009-01-03,2009,1,3,0
2009-01-04,2009,1,4,0
2009-01-05,2009,1,5,0
2009-01-06,2009,1,6,0
2009-01-07,2009,1,7,0.099737389
2009-01-08,2009,1,8,0.048888472
2009-01-09,2009,1,9,0.028196974
2009-01-10,2009,1,10,0
2009-01-11,2009,1,11,0
2009-01-12,2009,1,12,0
2009-01-13,2009,1,13,0
2009-01-14,2009,1,14,0
2009-01-15,2009,1,15,0
2009-01-16,2009,1,16,0
2009-01-17,2009,1,17,0.74371699
2009-01-18,2009,1,18,0.5825135
2009-01-19,2009,1,19,0.17513184
2009-01-20,2009,1,20,0.73977481
2009-01-21,2009,1,21,11.557561
2009-01-22,2009,1,22,3.9778523
2009-01-23,2009,1,23,1.4506558
2009-01-24,2009,1,24,0.044540462
2009-01-25,2009,1,25,0
2009-01-26,2009,1,26,0
2009-01-27,2009,1,27,0
2009-01-28,2009,1,28,0
2009-01-29,2009,1,29,0
2009-01-30,2009,1,30,0
2009-01-31,2009,1,31,0
2009-02-01,2009,2,1,0
2009-02-02,2009,2,2,0
2009-02-03,2009,2,3,0
2009-02-04,2009,2,4,0
2009-02-05,2009,2,5,0
2009-02-06,2009,2,6,0
2009-02-07,2009,2,7,0
2009-02-08,2009,2,8,0
2009-02-09,2009,2,9,6.2726365
2009-02-10,2009,2,10,0.14643359
2009-02-11,2009,2,11,0
2009-02-12,2009,2,12,0
2009-02-13,2009,2,13,0
2009-02-14,2009,2,14,0
2009-02-15,2009,2,15,0.51523296
2009-02-16,2009,2,16,0
2009-02-17,2009,2,17,0
2009-02-18,2009,2,18,0.76799761
2009-02-19,2009,2,19,0.1597493
2009-02-20,2009,2,20,1.2758276
2009-02-21,2009,2,21,4.5618514
2009-02-22,2009,2,22,0.0097660543
2009-02-23,2009,2,23,0
2009-02-24,2009,2,24,0.00076064477
2009-02-25,2009,2,25,0.0027720849
2009-02-26,2009,2,26,0.018268835
2009-02-27,2009,2,27,2.0210658
2009-02-28,2009,2,28,3.0661337
2009-03-01,2009,3,1,0
2009-03-02,2009,3,2,0
2009-03-03,2009,3,3,4.5570524
2009-03-04,2009,3,4,0.00018270133
2009-03-05,2009,3,5,0
2009-03-06,2009,3,6,0
2009-03-07,2009,3,7,1.8450771
2009-03-08,2009,3,8,4.2517887
2009-03-09,2009,3,9,0.040867597
2009-03-10,2009,3,10,0
2009-03-11,2009,3,11,0
2009-03-12,2009,3,12,0
2009-03-13,2009,3,13,0
2009-03-14,2009,3,14,0
2009-03-15,2009,3,15,0
2009-03-16,2009,3,16,0
2009-03-17,2009,3,17,0
2009-03-18,2009,3,18,0
2009-03-19,2009,3,19,0
2009-03-20,2009,3,20,0
2009-03-21,2009,3,21,0
2009-03-22,2009,3,22,0
2009-03-23,2009,3,23,0
2009-03-24,2009,3,24,0
2009-03-25,2009,3,25,0
2009-03-26,2009,3,26,0
2009-03-27,2009,3,27,0
2009-03-28,2009,3,28,0
2009-03-29,2009,3,29,0
2009-03-30,2009,3,30,0
2009-03-31,2009,3,31,0
2009-04-01,2009,4,1,0
2009-04-02,2009,4,2,0
2009-04-03,2009,4,3,0
2009-04-04,2009,4,4,0
2009-04-05,2009,4,5,0
2009-04-06,2009,4,6,0
2009-04-07,2009,4,7,0.0062240173
2009-04-08,2009,4,8,0.00096235988
2009-04-09,2009,4,9,0.036421156
2009-04-10,2009,4,10,0
2009-04-11,2009,4,11,0
2009-04-12,2009,4,12,0
2009-04-13,2009,4,13,0
2009-04-14,2009,4,14,0.0023087585
2009-04-15,2009,4,15,0
2009-04-16,2009,4,16,0
2009-04-17,2009,4,17,0
2009-04-18,2009,4,18,0
2009-04-19,2009,4,19,0
2009-04-20,2009,4,20,0
2009-04-21,2009,4,21,0
2009-04-22,2009,4,22,0
2009-04-23,2009,4,23,0
2009-04-24,2009,4,24,0
2009-04-25,2009,4,25,0
2009-04-26,2009,4,26,0
2009-04-27,2009,4,27,0
2009-04-28,2009,4,28,0
2009-04-29,2009,4,29,0.012210522
2009-04-30,2009,4,30,0.090420225
2009-05-01,2009,5,1,0
2009-05-02,2009,5,2,0
2009-05-03,2009,5,3,0.23314076
2009-05-04,2009,5,4,0
2009-05-05,2009,5,5,0
2009-05-06,2009,5,6,0
2009-05-07,2009,5,7,0
2009-05-08,2009,5,8,0
2009-05-09,2009,5,9,0
2009-05-10,2009,5,10,0
2009-05-11,2009,5,11,0
2009-05-12,2009,5,12,35.227517
2009-05-13,2009,5,13,1.8707729
2009-05-14,2009,5,14,0
2009-05-15,2009,5,15,0
2009-05-16,2009,5,16,0
2009-05-17,2009,5,17,0
2009-05-18,2009,5,18,0
2009-05-19,2009,5,19,0
2009-05-20,2009,5,20,0
2009-05-21,2009,5,21,0
2009-05-22,2009,5,22,0
2009-05-23,2009,5,23,0
2009-05-24,2009,5,24,0
2009-05-25,2009,5,25,1.9691576
2009-05-26,2009,5,26,0
2009-05-27,2009,5,27,0
2009-05-28,2009,5,28,0
2009-05-29,2009,5,29,0.35545712
2009-05-30,2009,5,30,0.012133901
2009-05-31,2009,5,31,0
2009-06-01,2009,6,1,0
2009-06-02,2009,6,2,0
2009-06-03,2009,6,3,0
2009-06-04,2009,6,4,0
2009-06-05,2009,6,5,0
2009-06-06,2009,6,6,0
2009-06-07,2009,6,7,0
2009-06-08,2009,6,8,8.9269069e-06
2009-06-09,2009,6,9,0
2009-06-10,2009,6,10,0
2009-06-11,2009,6,11,0
2009-06-12,2009,6,12,0
2009-06-13,2009,6,13,0
2009-06-14,2009,6,14,10.787351
2009-06-15,2009,6,15,0.10421857
2009-06-16,2009,6,16,0.49324135
2009-06-17,2009,6,17,13.341193
2009-06-18,2009,6,18,6.1339821
2009-06-19,2009,6,19,40.501141
2009-06-20,2009,6,20,12.64426
2009-06-21,2009,6,21,0.029467991
2009-06-22,2009,6,22,0
2009-06-23,2009,6,23,0.00012230097
2009-06-24,2009,6,24,0
2009-06-25,2009,6,25,0.0023912254
2009-06-26,2009,6,26,0
2009-06-27,2009,6,27,20.265091
2009-06-28,2009,6,28,20.086653
2009-06-29,2009,6,29,0.52692578
2009-06-30,2009,6,30,4.5479674
2009-07-01,2009,7,1,5.7931074e-05
2009-07-02,2009,7,2,0
2009-07-03,2009,7,3,0
2009-07-04,2009,7,4,1.2843255
2009-07-05,2009,7,5,0.49052867
2009-07-06,2009,7,6,0
2009-07-07,2009,7,7,0
2009-07-08,2009,7,8,0
2009-07-09,2009,7,9,0
2009-07-10,2009,7,10,0
2009-07-11,2009,7,11,0
2009-07-12,2009,7,12,0
2009-07-13,2009,7,13,0
2009-07-14,2009,7,14,0
2009-07-15,2009,7,15,0
2009-07-16,2009,7,16,0
2009-07-17,2009,7,17,0
2009-07-18,2009,7,18,0
2009-07-19,2009,7,19,0
2009-07-20,2009,7,20,2.3971574
2009-07-21,2009,7,21,14.555842
2009-07-22,2009,7,22,1.9943955
2009-07-23,2009,7,23,0
2009-07-24,2009,7,24,0
2009-07-25,2009,7,25,0
2009-07-26,2009,7,26,0
2009-07-27,2009,7,27,0
2009-07-28,2009,7,28,0
2009-07-29,2009,7,29,0
2009-07-30,2009,7,30,0
2009-07-31,2009,7,31,0.0013577507
2009-08-01,2009,8,1,0
2009-08-02,2009,8,2,0
2009-08-03,2009,8,3,0
2009-08-04,2009,8,4,0.94075023
2009-08-05,2009,8,5,0
2009-08-06,2009,8,6,6.1690862
2009-08-07,2009,8,7,0.40351417
2009-08-08,2009,8,8,0
2009-08-09,2009,8,9,0
2009-08-10,2009,8,10,0
2009-08-11,2009,8,11,0
2009-08-12,2009,8,12,5.6669656
2009-08-13,2009,8,13,0.83082029
2009-08-14,2009,8,14,34.75264
2009-08-15,2009,8,15,26.071249
2009-08-16,2009,8,16,1.6137767
2009-08-17,2009,8,17,11.740701
2009-08-18,2009,8,18,37.061792
2009-08-19,2009,8,19,3.2494338
2009-08-20,2009,8,20,0
2009-08-21,2009,8,21,8.1275023
2009-08-22,2009,8,22,0.018243135
2009-08-23,2009,8,23,0
2009-08-24,2009,8,24,0
2009-08-25,2009,8,25,0
2009-08-26,2009,8,26,0
2009-08-27,2009,8,27,0
2009-08-28,2009,8,28,0
2009-08-29,2009,8,29,0
2009-08-30,2009,8,30,0
2009-08-31,2009,8,31,3.8258649
2009-09-01,2009,9,1,7.7558047
2009-09-02,2009,9,2,8.0132617
2009-09-03,2009,9,3,0.079876082
2009-09-04,2009,9,4,5.1680757
2009-09-05,2009,9,5,90.565178
2009-09-06,2009,9,6,55.277706
2009-09-07,2009,9,7,6.0469748
2009-09-08,2009,9,8,0
2009-09-09,2009,9,9,0
2009-09-10,2009,9,10,0
2009-09-11,2009,9,11,0
2009-09-12,2009,9,12,0
2009-09-13,2009,9,13,0
2009-09-14,2009,9,14,0
2009-09-15,2009,9,15,0
2009-09-16,2009,9,16,0
2009-09-17,2009,9,17,0
2009-09-18,2009,9,18,0
2009-09-19,2009,9,19,0
2009-09-20,2009,9,20,0
2009-09-21,2009,9,21,1.8108887
2009-09-22,2009,9,22,0
2009-09-23,2009,9,23,0
2009-09-24,2009,9,24,0
2009-09-25,2009,9,25,0
2009-09-26,2009,9,26,5.844772
2009-09-27,2009,9,27,1.4937414
2009-09-28,2009,9,28,0.023270189
2009-09-29,2009,9,29,0
2009-09-30,2009,9,30,0
2009-10-01,2009,10,1,0
2009-10-02,2009,10,2,0
2009-10-03,2009,10,3,0
2009-10-04,2009,10,4,0.0095227695
2009-10-05,2009,10,5,0
2009-10-06,2009,10,6,0
2009-10-07,2009,10,7,0
2009-10-08,2009,10,8,0
2009-10-09,2009,10,9,0.19105796
2009-10-10,2009,10,10,8.5801474
2009-10-11,2009,10,11,0
2009-10-12,2009,10,12,0
2009-10-13,2009,10,13,0
2009-10-14,2009,10,14,0
2009-10-15,2009,10,15,0
2009-10-16,2009,10,16,0
2009-10-17,2009,10,17,0
2009-10-18,2009,10,18,0
2009-10-19,2009,10,19,0
2009-10-20,2009,10,20,0.71670229
2009-10-21,2009,10,21,0
2009-10-22,2009,10,22,0
2009-10-23,2009,10,23,4.9520757
2009-10-24,2009,10,24,0
2009-10-25,2009,10,25,0
2009-10-26,2009,10,26,0
2009-10-27,2009,10,27,0
2009-10-28,2009,10,28,0
2009-10-29,2009,10,29,0
2009-10-30,2009,10,30,0
2009-10-31,2009,10,31,0
2009-11-01,2009,11,1,0.76386894
2009-11-02,2009,11,2,10.37667
2009-11-03,2009,11,3,3.7661945
2009-11-04,2009,11,4,0
2009-11-05,2009,11,5,0
2009-11-06,2009,11,6,0
2009-11-07,2009,11,7,0
2009-11-08,2009,11,8,0.0013943465
2009-11-09,2009,11,9,0
2009-11-10,2009,11,10,0
2009-11-11,2009,11,11,0
2009-11-12,2009,11,12,0
2009-11-13,2009,11,13,0
2009-11-14,2009,11,14,0
2009-11-15,2009,11,15,0
2009-11-16,2009,11,16,0
2009-11-17,2009,11,17,0.50843024
2009-11-18,2009,11,18,2.4058024
2009-11-19,2009,11,19,0
2009-11-20,2009,11,20,0
2009-11-21,2009,11,21,0
2009-11-22,2009,11,22,0
2009-11-23,2009,11,23,0
2009-11-24,2009,11,24,0
2009-11-25,2009,11,25,0
2009-11-26,2009,11,26,0
2009-11-27,2009,11,27,0
2009-11-28,2009,11,28,0
2009-11-29,2009,11,29,0.58429114
2009-11-30,2009,11,30,0
2009-12-01,2009,12,1,0
2009-12-02,2009,12,2,0.0015778989
2009-12-03,2009,12,3,0
2009-12-04,2009,12,4,0
2009-12-05,2009,12,5,0
2009-12-06,2009,12,6,0.0464504
2009-12-07,2009,12,7,0.0030875869
2009-12-08,2009,12,8,0.0020721069
2009-12-09,2009,12,9,0
2009-12-10,2009,12,10,0.0023449714
2009-12-11,2009,12,11,0.0163677
2009-12-12,2009,12,12,0
2009-12-13,2009,12,13,0
2009-12-14,2009,12,14,0
2009-12-15,2009,12,15,0
2009-12-16,2009,12,16,0
2009-12-17,2009,12,17,0
2009-12-18,2009,12,18,0
2009-12-19,2009,12,19,0
2009-12-20,2009,12,20,6.3261111e-05
2009-12-21,2009,12,21,0
2009-12-22,2009,12,22,0
2009-12-23,2009,12,23,0
2009-12-24,2009,12,24,0
2009-12-25,2009,12,25,0
2009-12-26,2009,12,26,0
2009-12-27,2009,12,27,0
2009-12-28,2009,12,28,0
2009-12-29,2009,12,29,0
2009-12-30,2009,12,30,0
2009-12-31,2009,12,31,0.26659296
2010-01-01,2010,1,1,0
2010-01-02,2010,1,2,0
2010-01-03,2010,1,3,0
2010-01-04,2010,1,4,0
2010-01-05,2010,1,5,0
2010-01-06,2010,1,6,0
2010-01-07,2010,1,7,0
2010-01-08,2010,1,8,0
2010-01-09,2010,1,9,0
2010-01-10,2010,1,10,0
2010-01-11,2010,1,11,0
2010-01-12,2010,1,12,0
2010-01-13,2010,1,13,0
2010-01-14,2010,1,14,0.28721004
2010-01-15,2010,1,15,0.42488896
2010-01-16,2010,1,16,0.00077597534
2010-01-17,2010,1,17,0
2010-01-18,2010,1,18,0
2010-01-19,2010,1,19,0.001077671
2010-01-20,2010,1,20,0
2010-01-21,2010,1,21,0
2010-01-22,2010,1,22,0
2010-01-23,2010,1,23,0.0070778469
2010-01-24,2010,1,24,2.1738671
2010-01-25,2010,1,25,2.3110037
2010-01-26,2010,1,26,1.0192951
2010-01-27,2010,1,27,0.19006633
2010-01-28,2010,1,28,0.13719343
2010-01-29,2010,1,29,0
2010-01-30,2010,1,30,0
2010-01-31,2010,1,31,0
2010-02-01,2010,2,1,0
2010-02-02,2010,2,2,0
2010-02-03,2010,2,3,0.00063011348
2010-02-04,2010,2,4,0
2010-02-05,2010,2,5,0.18458125
2010-02-06,2010,2,6,0.0093911326
2010-02-07,2010,2,7,0
2010-02-08,2010,2,8,0
2010-02-09,2010,2,9,0
2010-02-10,2010,2,10,0
2010-02-11,2010,2,11,0
2010-02-12,2010,2,12,0
2010-02-13,2010,2,13,0
2010-02-14,2010,2,14,0
2010-02-15,2010,2,15,0
2010-02-16,2010,2,16,0
2010-02-17,2010,2,17,0
2010-02-18,2010,2,18,0
2010-02-19,2010,2,19,0
2010-02-20,2010,2,20,0
2010-02-21,2010,2,21,0
2010-02-22,2010,2,22,0
2010-02-23,2010,2,23,0
2010-02-24,2010,2,24,0
2010-02-25,2010,2,25,0.26343564
2010-02-26,2010,2,26,0.015451072
2010-02-27,2010,2,27,0
2010-02-28,2010,2,28,1.6449968
2010-03-01,2010,3,1,0
2010-03-02,2010,3,2,0
2010-03-03,2010,3,3,0
2010-03-04,2010,3,4,0
2010-03-05,2010,3,5,0
2010-03-06,2010,3,6,0
2010-03-07,2010,3,7,0
2010-03-08,2010,3,8,0
2010-03-09,2010,3,9,0
2010-03-10,2010,3,10,0
2010-03-11,2010,3,11,0
2010-03-12,2010,3,12,0
2010-03-13,2010,3,13,0
2010-03-14,2010,3,14,0
2010-03-15,2010,3,15,0
2010-03-16,2010,3,16,0
2010-03-17,2010,3,17,0
2010-03-18,2010,3,18,0
2010-03-19,2010,3,19,0
2010-03-20,2010,3,20,0
2010-03-21,2010,3,21,0
2010-03-22,2010,3,22,0
2010-03-23,2010,3,23,0
2010-03-24,2010,3,24,0
2010-03-25,2010,3,25,0
2010-03-26,2010,3,26,0
2010-03-27,2010,3,27,0
2010-03-28,2010,3,28,0
2010-03-29,2010,3,29,0
2010-03-30,2010,3,30,0
2010-03-31,2010,3,31,0
2010-04-01,2010,4,1,0
2010-04-02,2010,4,2,0
2010-04-03,2010,4,3,0
2010-04-04,2010,4,4,0
2010-04-05,2010,4,5,0
2010-04-06,2010,4,6,0
2010-04-07,2010,4,7,0
2010-04-08,2010,4,8,0
2010-04-09,2010,4,9,0
2010-04-10,2010,4,10,0
2010-04-11,2010,4,11,0
2010-04-12,2010,4,12,0
2010-04-13,2010,4,13,0
2010-04-14,2010,4,14,0
2010-04-15,2010,4,15,0
2010-04-16,2010,4,16,2.8157341
2010-04-17,2010,4,17,0
2010-04-18,2010,4,18,0
2010-04-19,2010,4,19,0
2010-04-20,2010,4,20,0
2010-04-21,2010,4,21,0
2010-04-22,2010,4,22,0
2010-04-23,2010,4,23,0
2010-04-24,2010,4,24,0
2010-04-25,2010,4,25,0
2010-04-26,2010,4,26,0
2010-04-27,2010,4,27,0
2010-04-28,2010,4,28,0
2010-04-29,2010,4,29,0
2010-04-30,2010,4,30,0
2010-05-01,2010,5,1,0
2010-05-02,2010,5,2,0
2010-05-03,2010,5,3,0
2010-05-04,2010,5,4,0
2010-05-05,2010,5,5,9.4983592
2010-05-06,2010,5,6,0.1012035
2010-05-07,2010,5,7,0.0018851811
2010-05-08,2010,5,8,0
2010-05-09,2010,5,9,0
2010-05-10,2010,5,10,0
2010-05-11,2010,5,11,0
2010-05-12,2010,5,12,0
2010-05-13,2010,5,13,0
2010-05-14,2010,5,14,7.1561667
2010-05-15,2010,5,15,0
2010-05-16,2010,5,16,0
2010-05-17,2010,5,17,0
2010-05-18,2010,5,18,0
2010-05-19,2010,5,19,0
2010-05-20,2010,5,20,0
2010-05-21,2010,5,21,0
2010-05-22,2010,5,22,10.147045
2010-05-23,2010,5,23,0
2010-05-24,2010,5,24,0
2010-05-25,2010,5,25,0
2010-05-26,2010,5,26,0
2010-05-27,2010,5,27,0
2010-05-28,2010,5,28,8.247741
2010-05-29,2010,5,29,1.0379914
2010-05-30,2010,5,30,0.0028812236
2010-05-31,2010,5,31,0.0021382256
2010-06-01,2010,6,1,0
2010-06-02,2010,6,2,0
2010-06-03,2010,6,3,0.013333301
2010-06-04,2010,6,4,0.0030790599
2010-06-05,2010,6,5,0
2010-06-06,2010,6,6,0
2010-06-07,2010,6,7,0
2010-06-08,2010,6,8,0
2010-06-09,2010,6,9,0
2010-06-10,2010,6,10,0
2010-06-11,2010,6,11,0.0019059774
2010-06-12,2010,6,12,0
2010-06-13,2010,6,13,8.26137
2010-06-14,2010,6,14,5.9019816
2010-06-15,2010,6,15,3.2570711
2010-06-16,2010,6,16,1.2901952
2010-06-17,2010,6,17,17.027975
2010-06-18,2010,6,18,18.746783
2010-06-19,2010,6,19,2.5611445
2010-06-20,2010,6,20,0
2010-06-21,2010,6,21,0
2010-06-22,2010,6,22,0
2010-06-23,2010,6,23,44.72484
2010-06-24,2010,6,24,4.2044084
2010-06-25,2010,6,25,0
2010-06-26,2010,6,26,0.3104523
2010-06-27,2010,6,27,0
2010-06-28,2010,6,28,0
2010-06-29,2010,6,29,0
2010-06-30,2010,6,30,0
2010-07-01,2010,7,1,0
2010-07-02,2010,7,2,0
2010-07-03,2010,7,3,0
2010-07-04,2010,7,4,0
2010-07-05,2010,7,5,0.0016640437
2010-07-06,2010,7,6,19.915643
2010-07-07,2010,7,7,0.47388096
2010-07-08,2010,7,8,0
2010-07-09,2010,7,9,0
2010-07-10,2010,7,10,0
2010-07-11,2010,7,11,0
2010-07-12,2010,7,12,0
2010-07-13,2010,7,13,0
2010-07-14,2010,7,14,0
2010-07-15,2010,7,15,0.18038184
2010-07-16,2010,7,16,0.16566684
2010-07-17,2010,7,17,0.001262349
2010-07-18,2010,7,18,0
2010-07-19,2010,7,19,0
2010-07-20,2010,7,20,0.57479491
2010-07-21,2010,7,21,1.2527123
2010-07-22,2010,7,22,0
2010-07-23,2010,7,23,2.7416046
2010-07-24,2010,7,24,0.79833822
2010-07-25,2010,7,25,0
2010-07-26,2010,7,26,0
2010-07-27,2010,7,27,0
2010-07-28,2010,7,28,0
2010-07-29,2010,7,29,0
2010-07-30,2010,7,30,0.70357551
2010-07-31,2010,7,31,0.20153766
2010-08-01,2010,8,1,1.6864096
2010-08-02,2010,8,2,0
2010-08-03,2010,8,3,0
2010-08-04,2010,8,4,0
2010-08-05,2010,8,5,0
2010-08-06,2010,8,6,0
2010-08-07,2010,8,7,1.4732148
2010-08-08,2010,8,8,0
2010-08-09,2010,8,9,0
2010-08-10,2010,8,10,0
2010-08-11,2010,8,11,0.3866349
2010-08-12,2010,8,12,0.0011937167
2010-08-13,2010,8,13,0
2010-08-14,2010,8,14,0
2010-08-15,2010,8,15,0
2010-08-16,2010,8,16,0
2010-08-17,2010,8,17,0
2010-08-18,2010,8,18,0
2010-08-19,2010,8,19,0
2010-08-20,2010,8,20,0
2010-08-21,2010,8,21,0
2010-08-22,2010,8,22,0
2010-08-23,2010,8,23,0
2010-08-24,2010,8,24,0
2010-08-25,2010,8,25,0
2010-08-26,2010,8,26,0
2010-08-27,2010,8,27,0
2010-08-28,2010,8,28,0
2010-08-29,2010,8,29,0
2010-08-30,2010,8,30,0
2010-08-31,2010,8,31,2.3622446
2010-09-01,2010,9,1,1.2283692
2010-09-02,2010,9,2,0.23247731
2010-09-03,2010,9,3,0
2010-09-04,2010,9,4,0
2010-09-05,2010,9,5,0
2010-09-06,2010,9,6,0
2010-09-07,2010,9,7,0
2010-09-08,2010,9,8,0
2010-09-09,2010,9,9,0
2010-09-10,2010,9,10,0
2010-09-11,2010,9,11,0
2010-09-12,2010,9,12,0.55787907
2010-09-13,2010,9,13,0
2010-09-14,2010,9,14,0
2010-09-15,2010,9,15,0
2010-09-16,2010,9,16,0
2010-09-17,2010,9,17,0
2010-09-18,2010,9,18,0
2010-09-19,2010,9,19,0
2010-09-20,2010,9,20,0
2010-09-21,2010,9,21,0
2010-09-22,2010,9,22,0
2010-09-23,2010,9,23,0
2010-09-24,2010,9,24,0
2010-09-25,2010,9,25,0
2010-09-26,2010,9,26,1.6846296
2010-09-27,2010,9,27,0.00019574162
2010-09-28,2010,9,28,0
2010-09-29,2010,9,29,0
2010-09-30,2010,9,30,0
2010-10-01,2010,10,1,0
2010-10-02,2010,10,2,0
2010-10-03,2010,10,3,0
2010-10-04,2010,10,4,0
2010-10-05,2010,10,5,0
2010-10-06,2010,10,6,0
2010-10-07,2010,10,7,0
2010-10-08,2010,10,8,0
2010-10-09,2010,10,9,0
2010-10-10,2010,10,10,0
2010-10-11,2010,10,11,0
2010-10-12,2010,10,12,0
2010-10-13,2010,10,13,0
2010-10-14,2010,10,14,0
2010-10-15,2010,10,15,0
2010-10-16,2010,10,16,0
2010-10-17,2010,10,17,0
2010-10-18,2010,10,18,0
2010-10-19,2010,10,19,0
2010-10-20,2010,10,20,0
2010-10-21,2010,10,21,0
2010-10-22,2010,10,22,0
2010-10-23,2010,10,23,0
2010-10-24,2010,10,24,0
2010-10-25,2010,10,25,0
2010-10-26,2010,10,26,0.42203673
2010-10-27,2010,10,27,0
2010-10-28,2010,10,28,15.72564
2010-10-29,2010,10,29,0.46343414
2010-10-30,2010,10,30,0
2010-10-31,2010,10,31,0
2010-11-01,2010,11,1,0
2010-11-02,2010,11,2,0
2010-11-03,2010,11,3,0
2010-11-04,2010,11,4,0
2010-11-05,2010,11,5,0
2010-11-06,2010,11,6,0.0058127437
2010-11-07,2010,11,7,34.956538
2010-11-08,2010,11,8,5.4069195
2010-11-09,2010,11,9,0
2010-11-10,2010,11,10,0
2010-11-11,2010,11,11,0
2010-11-12,2010,11,12,0
2010-11-13,2010,11,13,0
2010-11-14,2010,11,14,0
2010-11-15,2010,11,15,0
2010-11-16,2010,11,16,0
2010-11-17,2010,11,17,0
2010-11-18,2010,11,18,0.0036180389
2010-11-19,2010,11,19,0
2010-11-20,2010,11,20,0
2010-11-21,2010,11,21,0
2010-11-22,2010,11,22,0
2010-11-23,2010,11,23,0
2010-11-24,2010,11,24,0
2010-11-25,2010,11,25,0
2010-11-26,2010,11,26,0
2010-11-27,2010,11,27,0
2010-11-28,2010,11,28,0
2010-11-29,2010,11,29,0
2010-11-30,2010,11,30,0
2010-12-01,2010,12,1,0
2010-12-02,2010,12,2,0
2010-12-03,2010,12,3,0
2010-12-04,2010,12,4,0
2010-12-05,2010,12,5,0.0019247198
2010-12-06,2010,12,6,0.18906751
2010-12-07,2010,12,7,0
2010-12-08,2010,12,8,0
2010-12-09,2010,12,9,0
2010-12-10,2010,12,10,0
2010-12-11,2010,12,11,6.839228
2010-12-12,2010,12,12,0.33212909
2010-12-13,2010,12,13,0
2010-12-14,2010,12,14,0.012773246
2010-12-15,2010,12,15,0.44017646
2010-12-16,2010,12,16,0.06973298
2010-12-17,2010,12,17,0.010297434
2010-12-18,2010,12,18,0
2010-12-19,2010,12,19,0
2010-12-20,2010,12,20,0.0060650647
2010-12-21,2010,12,21,0.38147912
2010-12-22,2010,12,22,1.1601486
2010-12-23,2010,12,23,0.9407942
2010-12-24,2010,12,24,0
2010-12-25,2010,12,25,0
2010-12-26,2010,12,26,0.039283702
2010-12-27,2010,12,27,0.35626134
2010-12-28,2010,12,28,7.9231219
2010-12-29,2010,12,29,6.8915367
2010-12-30,2010,12,30,0.44826017
2010-12-31,2010,12,31,0
2011-01-01,2011,1,1,0.34687107
2011-01-02,2011,1,2,6.2818629
2011-01-03,2011,1,3,3.2973764
2011-01-04,2011,1,4,2.0485181
2011-01-05,2011,1,5,0
2011-01-06,2011,1,6,0
2011-01-07,2011,1,7,0
2011-01-08,2011,1,8,0
2011-01-09,2011,1,9,3.4991694
2011-01-10,2011,1,10,0.46704017
2011-01-11,2011,1,11,0
2011-01-12,2011,1,12,0
2011-01-13,2011,1,13,0
2011-01-14,2011,1,14,0
2011-01-15,2011,1,15,0
2011-01-16,2011,1,16,0
2011-01-17,2011,1,17,0
2011-01-18,2011,1,18,0
2011-01-19,2011,1,19,0
2011-01-20,2011,1,20,0
2011-01-21,2011,1,21,0
2011-01-22,2011,1,22,0.75848728
2011-01-23,2011,1,23,5.984383
2011-01-24,2011,1,24,1.7896768
2011-01-25,2011,1,25,0.081901797
2011-01-26,2011,1,26,0.00077597534
2011-01-27,2011,1,27,0
2011-01-28,2011,1,28,0
2011-01-29,2011,1,29,0.056248161
2011-01-30,2011,1,30,0.061827255
2011-01-31,2011,1,31,0.53200732
2011-02-01,2011,2,1,0
2011-02-02,2011,2,2,0
2011-02-03,2011,2,3,0
2011-02-04,2011,2,4,0
2011-02-05,2011,2,5,0
2011-02-06,2011,2,6,0
2011-02-07,2011,2,7,0.016595339
2011-02-08,2011,2,8,7.2012649
2011-02-09,2011,2,9,4.4229954
2011-02-10,2011,2,10,6.4967232
2011-02-11,2011,2,11,3.7914366
2011-02-12,2011,2,12,0.32267447
2011-02-13,2011,2,13,0.00022054192
2011-02-14,2011,2,14,0
2011-02-15,2011,2,15,0
2011-02-16,2011,2,16,0
2011-02-17,2011,2,17,0.00014769169
2011-02-18,2011,2,18,2.1649114
2011-02-19,2011,2,19,3.5640617
2011-02-20,2011,2,20,0.1708599
2011-02-21,2011,2,21,0
2011-02-22,2011,2,22,0
2011-02-23,2011,2,23,0
2011-02-24,2011,2,24,0.11707967
2011-02-25,2011,2,25,0
2011-02-26,2011,2,26,0
2011-02-27,2011,2,27,0
2011-02-28,2011,2,28,0.0046534426
2011-03-01,2011,3,1,0
2011-03-02,2011,3,2,0
2011-03-03,2011,3,3,0
2011-03-04,2011,3,4,0
2011-03-05,2011,3,5,0
2011-03-06,2011,3,6,0
2011-03-07,2011,3,7,0
2011-03-08,2011,3,8,0
2011-03-09,2011,3,9,0
2011-03-10,2011,3,10,0
2011-03-11,2011,3,11,2.9886457
2011-03-12,2011,3,12,0.64193112
2011-03-13,2011,3,13,0
2011-03-14,2011,3,14,0
2011-03-15,2011,3,15,1.4545749
2011-03-16,2011,3,16,0
2011-03-17,2011,3,17,0
2011-03-18,2011,3,18,0
2011-03-19,2011,3,19,0
2011-03-20,2011,3,20,0
2011-03-21,2011,3,21,0
2011-03-22,2011,3,22,0
2011-03-23,2011,3,23,0
2011-03-24,2011,3,24,0
2011-03-25,2011,3,25,0
2011-03-26,2011,3,26,0
2011-03-27,2011,3,27,0
2011-03-28,2011,3,28,0
2011-03-29,2011,3,29,0
2011-03-30,2011,3,30,0
2011-03-31,2011,3,31,0
2011-04-01,2011,4,1,0
2011-04-02,2011,4,2,0
2011-04-03,2011,4,3,0
2011-04-04,2011,4,4,0
2011-04-05,2011,4,5,0
2011-04-06,2011,4,6,0
2011-04-07,2011,4,7,0.043198587
2011-04-08,2011,4,8,0.083189026
2011-04-09,2011,4,9,4.4457893
2011-04-10,2011,4,10,0
2011-04-11,2011,4,11,0
2011-04-12,2011,4,12,0
2011-04-13,2011,4,13,3.7085063
2011-04-14,2011,4,14,1.4491249
2011-04-15,2011,4,15,0
2011-04-16,2011,4,16,0
2011-04-17,2011,4,17,0
2011-04-18,2011,4,18,0
2011-04-19,2011,4,19,0
2011-04-20,2011,4,20,0
2011-04-21,2011,4,21,0
2011-04-22,2011,4,22,1.7249235
2011-04-23,2011,4,23,0
2011-04-24,2011,4,24,0
2011-04-25,2011,4,25,0
2011-04-26,2011,4,26,0
2011-04-27,2011,4,27,0
2011-04-28,2011,4,28,0
2011-04-29,2011,4,29,0
2011-04-30,2011,4,30,0
2011-05-01,2011,5,1,0
2011-05-02,2011,5,2,0
2011-05-03,2011,5,3,0
2011-05-04,2011,5,4,0
2011-05-05,2011,5,5,0
2011-05-06,2011,5,6,0
2011-05-07,2011,5,7,0
2011-05-08,2011,5,8,0
2011-05-09,2011,5,9,0
2011-05-10,2011,5,10,0
2011-05-11,2011,5,11,0
2011-05-12,2011,5,12,0
2011-05-13,2011,5,13,0
2011-05-14,2011,5,14,0
2011-05-15,2011,5,15,0
2011-05-16,2011,5,16,0
2011-05-17,2011,5,17,0
2011-05-18,2011,5,18,0
2011-05-19,2011,5,19,0
2011-05-20,2011,5,20,0
2011-05-21,2011,5,21,0.24880319
2011-05-22,2011,5,22,0
2011-05-23,2011,5,23,0.051461601
2011-05-24,2011,5,24,0
2011-05-25,2011,5,25,0
2011-05-26,2011,5,26,0
2011-05-27,2011,5,27,0
2011-05-28,2011,5,28,0
2011-05-29,2011,5,29,0
2011-05-30,2011,5,30,0
2011-05-31,2011,5,31,0
2011-06-01,2011,6,1,0
2011-06-02,2011,6,2,0
2011-06-03,2011,6,3,0
2011-06-04,2011,6,4,0
2011-06-05,2011,6,5,17.428011
2011-06-06,2011,6,6,0
2011-06-07,2011,6,7,1.5497887
2011-06-08,2011,6,8,0
2011-06-09,2011,6,9,0
2011-06-10,2011,6,10,0
2011-06-11,2011,6,11,0
2011-06-12,2011,6,12,0
2011-06-13,2011,6,13,0
2011-06-14,2011,6,14,0
2011-06-15,2011,6,15,0
2011-06-16,2011,6,16,0
2011-06-17,2011,6,17,0
2011-06-18,2011,6,18,26.637525
2011-06-19,2011,6,19,8.8604275
2011-06-20,2011,6,20,0.051708159
2011-06-21,2011,6,21,0
2011-06-22,2011,6,22,0.0016363622
2011-06-23,2011,6,23,0
2011-06-24,2011,6,24,5.9512712e-06
2011-06-25,2011,6,25,0
2011-06-26,2011,6,26,0
2011-06-27,2011,6,27,0
2011-06-28,2011,6,28,0
2011-06-29,2011,6,29,23.63982
2011-06-30,2011,6,30,0.58333634
2011-07-01,2011,7,1,0
2011-07-02,2011,7,2,0.00057827691
2011-07-03,2011,7,3,0
2011-07-04,2011,7,4,0
2011-07-05,2011,7,5,0
2011-07-06,2011,7,6,0
2011-07-07,2011,7,7,0
2011-07-08,2011,7,8,0
2011-07-09,2011,7,9,0
2011-07-10,2011,7,10,0
2011-07-11,2011,7,11,0.0010924049
2011-07-12,2011,7,12,0
2011-07-13,2011,7,13,0
2011-07-14,2011,7,14,23.866976
2011-07-15,2011,7,15,18.126114
2011-07-16,2011,7,16,1.7896911
2011-07-17,2011,7,17,0.00035933182
2011-07-18,2011,7,18,0
2011-07-19,2011,7,19,0
2011-07-20,2011,7,20,0
2011-07-21,2011,7,21,0
2011-07-22,2011,7,22,0
2011-07-23,2011,7,23,0
2011-07-24,2011,7,24,4.3489818
2011-07-25,2011,7,25,0.011189965
2011-07-26,2011,7,26,0
2011-07-27,2011,7,27,0
2011-07-28,2011,7,28,0.00023519026
2011-07-29,2011,7,29,0.17437519
2011-07-30,2011,7,30,1.7912954
2011-07-31,2011,7,31,0
2011-08-01,2011,8,1,0.77233223
2011-08-02,2011,8,2,0.019564904
2011-08-03,2011,8,3,0
2011-08-04,2011,8,4,0.24402199
2011-08-05,2011,8,5,16.242202
2011-08-06,2011,8,6,15.49737
2011-08-07,2011,8,7,9.326626
2011-08-08,2011,8,8,0.0072899801
2011-08-09,2011,8,9,0
2011-08-10,2011,8,10,0
2011-08-11,2011,8,11,0
2011-08-12,2011,8,12,0
2011-08-13,2011,8,13,0
2011-08-14,2011,8,14,0
2011-08-15,2011,8,15,13.918715
2011-08-16,2011,8,16,8.713988
2011-08-17,2011,8,17,13.912139
2011-08-18,2011,8,18,5.6616207
2011-08-19,2011,8,19,0.24290983
2011-08-20,2011,8,20,8.8216768e-05
2011-08-21,2011,8,21,0
2011-08-22,2011,8,22,0
2011-08-23,2011,8,23,0
2011-08-24,2011,8,24,0
2011-08-25,2011,8,25,0
2011-08-26,2011,8,26,4.5614362
2011-08-27,2011,8,27,0.95395046
2011-08-28,2011,8,28,6.975706
2011-08-29,2011,8,29,0.55361739
2011-08-30,2011,8,30,0
2011-08-31,2011,8,31,0.12076633
2011-09-01,2011,9,1,0
2011-09-02,2011,9,2,0
2011-09-03,2011,9,3,2.501664
2011-09-04,2011,9,4,0.086233239
2011-09-05,2011,9,5,0
2011-09-06,2011,9,6,0
2011-09-07,2011,9,7,0
2011-09-08,2011,9,8,2.9208987
2011-09-09,2011,9,9,4.0170695
2011-09-10,2011,9,10,0.034997506
2011-09-11,2011,9,11,0
2011-09-12,2011,9,12,0
2011-09-13,2011,9,13,0
2011-09-14,2011,9,14,0
2011-09-15,2011,9,15,0
2011-09-16,2011,9,16,0
2011-09-17,2011,9,17,0
2011-09-18,2011,9,18,0
2011-09-19,2011,9,19,0
2011-09-20,2011,9,20,0
2011-09-21,2011,9,21,0
2011-09-22,2011,9,22,0
2011-09-23,2011,9,23,0
2011-09-24,2011,9,24,0
2011-09-25,2011,9,25,0
2011-09-26,2011,9,26,0
2011-09-27,2011,9,27,0
2011-09-28,2011,9,28,0
2011-09-29,2011,9,29,0
2011-09-30,2011,9,30,0
2011-10-01,2011,10,1,0
2011-10-02,2011,10,2,0
2011-10-03,2011,10,3,0
2011-10-04,2011,10,4,0
2011-10-05,2011,10,5,0
2011-10-06,2011,10,6,0
2011-10-07,2011,10,7,7.2724178
2011-10-08,2011,10,8,0.014633475
2011-10-09,2011,10,9,0
2011-10-10,2011,10,10,0
2011-10-11,2011,10,11,0.11067596
2011-10-12,2011,10,12,0.73266185
2011-10-13,2011,10,13,0.70189001
2011-10-14,2011,10,14,0
2011-10-15,2011,10,15,0
2011-10-16,2011,10,16,0
2011-10-17,2011,10,17,0
2011-10-18,2011,10,18,0
2011-10-19,2011,10,19,0
2011-10-20,2011,10,20,0
2011-10-21,2011,10,21,0
2011-10-22,2011,10,22,0
2011-10-23,2011,10,23,0
2011-10-24,2011,10,24,0
2011-10-25,2011,10,25,0
2011-10-26,2011,10,26,0
2011-10-27,2011,10,27,0
2011-10-28,2011,10,28,0
2011-10-29,2011,10,29,0
2011-10-30,2011,10,30,0
2011-10-31,2011,10,31,0
2011-11-01,2011,11,1,0
2011-11-02,2011,11,2,0
2011-11-03,2011,11,3,0
2011-11-04,2011,11,4,0
2011-11-05,2011,11,5,0
2011-11-06,2011,11,6,0
2011-11-07,2011,11,7,0
2011-11-08,2011,11,8,1.3298614
2011-11-09,2011,11,9,0
2011-11-10,2011,11,10,0
2011-11-11,2011,11,11,0
2011-11-12,2011,11,12,5.3203287
2011-11-13,2011,11,13,1.4387088
2011-11-14,2011,11,14,0
2011-11-15,2011,11,15,0
2011-11-16,2011,11,16,0
2011-11-17,2011,11,17,0
2011-11-18,2011,11,18,0
2011-11-19,2011,11,19,0
2011-11-20,2011,11,20,0.85621101
2011-11-21,2011,11,21,0
2011-11-22,2011,11,22,0
2011-11-23,2011,11,23,0
2011-11-24,2011,11,24,0
2011-11-25,2011,11,25,0
2011-11-26,2011,11,26,0
2011-11-27,2011,11,27,0
2011-11-28,2011,11,28,0
2011-11-29,2011,11,29,0
2011-11-30,2011,11,30,6.0354459e-05
2011-12-01,2011,12,1,0
2011-12-02,2011,12,2,0
2011-12-03,2011,12,3,0
2011-12-04,2011,12,4,0
2011-12-05,2011,12,5,0.16095359
2011-12-06,2011,12,6,0.5208341
2011-12-07,2011,12,7,0.94955789
2011-12-08,2011,12,8,0.20975648
2011-12-09,2011,12,9,0
2011-12-10,2011,12,10,0
2011-12-11,2011,12,11,0
2011-12-12,2011,12,12,0.0016416727
2011-12-13,2011,12,13,0
2011-12-14,2011,12,14,0
2011-12-15,2011,12,15,0.0096922543
2011-12-16,2011,12,16,0.0516968
2011-12-17,2011,12,17,0.72038003
2011-12-18,2011,12,18,0.092196863
2011-12-19,2011,12,19,0
2011-12-20,2011,12,20,0
2011-12-21,2011,12,21,0
2011-12-22,2011,12,22,0
2011-12-23,2011,12,23,0
2011-12-24,2011,12,24,0
2011-12-25,2011,12,25,0
2011-12-26,2011,12,26,0
2011-12-27,2011,12,27,0
2011-12-28,2011,12,28,0
2011-12-29,2011,12,29,0
2011-12-30,2011,12,30,0.00076064477
2011-12-31,2011,12,31,0
2012-01-01,2012,1,1,0.013998485
2012-01-02,2012,1,2,0
2012-01-03,2012,1,3,0
2012-01-04,2012,1,4,1.1242423
2012-01-05,2012,1,5,11.36389
2012-01-06,2012,1,6,5.3184854
2012-01-07,2012,1,7,0
2012-01-08,2012,1,8,0
2012-01-09,2012,1,9,0
2012-01-10,2012,1,10,0
2012-01-11,2012,1,11,0
2012-01-12,2012,1,12,0
2012-01-13,2012,1,13,2.4643876
2012-01-14,2012,1,14,6.5153622
2012-01-15,2012,1,15,1.1781585
2012-01-16,2012,1,16,0.010909366
2012-01-17,2012,1,17,0
2012-01-18,2012,1,18,0
2012-01-19,2012,1,19,0
2012-01-20,2012,1,20,0
2012-01-21,2012,1,21,0
2012-01-22,2012,1,22,0
2012-01-23,2012,1,23,0.31023242
2012-01-24,2012,1,24,0
2012-01-25,2012,1,25,0
2012-01-26,2012,1,26,0
2012-01-27,2012,1,27,0
2012-01-28,2012,1,28,0
2012-01-29,2012,1,29,0
2012-01-30,2012,1,30,0
2012-01-31,2012,1,31,0
2012-02-01,2012,2,1,0
2012-02-02,2012,2,2,0
2012-02-03,2012,2,3,0
2012-02-04,2012,2,4,0
2012-02-05,2012,2,5,0
2012-02-06,2012,2,6,0
2012-02-07,2012,2,7,0
2012-02-08,2012,2,8,0
2012-02-09,2012,2,9,0
2012-02-10,2012,2,10,0
2012-02-11,2012,2,11,0.022479541
2012-02-12,2012,2,12,1.882263
2012-02-13,2012,2,13,0.29229581
2012-02-14,2012,2,14,0
2012-02-15,2012,2,15,0
2012-02-16,2012,2,16,0
2012-02-17,2012,2,17,5.2014717e-05
2012-02-18,2012,2,18,0
2012-02-19,2012,2,19,0
2012-02-20,2012,2,20,0
2012-02-21,2012,2,21,0
2012-02-22,2012,2,22,0
2012-02-23,2012,2,23,0.9602195
2012-02-24,2012,2,24,0.048203763
2012-02-25,2012,2,25,0.032340563
2012-02-26,2012,2,26,0
2012-02-27,2012,2,27,0
2012-02-28,2012,2,28,0.15505438
2012-02-29,2012,2,29,0
2012-03-01,2012,3,1,0
2012-03-02,2012,3,2,0
2012-03-03,2012,3,3,0
2012-03-04,2012,3,4,0
2012-03-05,2012,3,5,0
2012-03-06,2012,3,6,0
2012-03-07,2012,3,7,0
2012-03-08,2012,3,8,0
2012-03-09,2012,3,9,0
2012-03-10,2012,3,10,5.2108951
2012-03-11,2012,3,11,0
2012-03-12,2012,3,12,0
2012-03-13,2012,3,13,0
2012-03-14,2012,3,14,0
2012-03-15,2012,3,15,0
2012-03-16,2012,3,16,0
2012-03-17,2012,3,17,0
2012-03-18,2012,3,18,0
2012-03-19,2012,3,19,0
2012-03-20,2012,3,20,0
2012-03-21,2012,3,21,0
2012-03-22,2012,3,22,0
2012-03-23,2012,3,23,0
2012-03-24,2012,3,24,0
2012-03-25,2012,3,25,0
2012-03-26,2012,3,26,0
2012-03-27,2012,3,27,0
2012-03-28,2012,3,28,0
2012-03-29,2012,3,29,0
2012-03-30,2012,3,30,0
2012-03-31,2012,3,31,0.0013453376
2012-04-01,2012,4,1,0
2012-04-02,2012,4,2,0
2012-04-03,2012,4,3,0
2012-04-04,2012,4,4,0
2012-04-05,2012,4,5,0
2012-04-06,2012,4,6,0
2012-04-07,2012,4,7,0
2012-04-08,2012,4,8,0
2012-04-09,2012,4,9,0
2012-04-10,2012,4,10,0
2012-04-11,2012,4,11,0.00059465445
2012-04-12,2012,4,12,0
2012-04-13,2012,4,13,13.668145
2012-04-14,2012,4,14,0.00072067722
2012-04-15,2012,4,15,0
2012-04-16,2012,4,16,0
2012-04-17,2012,4,17,0
2012-04-18,2012,4,18,0
2012-04-19,2012,4,19,0
2012-04-20,2012,4,20,0
2012-04-21,2012,4,21,0
2012-04-22,2012,4,22,0
2012-04-23,2012,4,23,0
2012-04-24,2012,4,24,0
2012-04-25,2012,4,25,0
2012-04-26,2012,4,26,7.2583778
2012-04-27,2012,4,27,4.0170645
2012-04-28,2012,4,28,0.030689397
2012-04-29,2012,4,29,0
2012-04-30,2012,4,30,0
2012-05-01,2012,5,1,0
2012-05-02,2012,5,2,0
2012-05-03,2012,5,3,0
2012-05-04,2012,5,4,0
2012-05-05,2012,5,5,0
2012-05-06,2012,5,6,0
2012-05-07,2012,5,7,0
2012-05-08,2012,5,8,0
2012-05-09,2012,5,9,0
2012-05-10,2012,5,10,0
2012-05-11,2012,5,11,0
2012-05-12,2012,5,12,0
2012-05-13,2012,5,13,0
2012-05-14,2012,5,14,0
2012-05-15,2012,5,15,0
2012-05-16,2012,5,16,0
2012-05-17,2012,5,17,5.9055803
2012-05-18,2012,5,18,0
2012-05-19,2012,5,19,0
2012-05-20,2012,5,20,0
2012-05-21,2012,5,21,0
2012-05-22,2012,5,22,0
2012-05-23,2012,5,23,0
2012-05-24,2012,5,24,0
2012-05-25,2012,5,25,8.8558472
2012-05-26,2012,5,26,58.116842
2012-05-27,2012,5,27,26.695827
2012-05-28,2012,5,28,0
2012-05-29,2012,5,29,0
2012-05-30,2012,5,30,0
2012-05-31,2012,5,31,0
2012-06-01,2012,6,1,0.87628673
2012-06-02,2012,6,2,0
2012-06-03,2012,6,3,0
2012-06-04,2012,6,4,0
2012-06-05,2012,6,5,0
2012-06-06,2012,6,6,0
2012-06-07,2012,6,7,0
2012-06-08,2012,6,8,0
2012-06-09,2012,6,9,0
2012-06-10,2012,6,10,0
2012-06-11,2012,6,11,0
2012-06-12,2012,6,12,18.035337
2012-06-13,2012,6,13,11.560253
2012-06-14,2012,6,14,0.019639847
2012-06-15,2012,6,15,4.4733857
2012-06-16,2012,6,16,12.639237
2012-06-17,2012,6,17,4.4756108
2012-06-18,2012,6,18,0
2012-06-19,2012,6,19,0.00013917444
2012-06-20,2012,6,20,9.1177409
2012-06-21,2012,6,21,0
2012-06-22,2012,6,22,0
2012-06-23,2012,6,23,0
2012-06-24,2012,6,24,0
2012-06-25,2012,6,25,0
2012-06-26,2012,6,26,0
2012-06-27,2012,6,27,0
2012-06-28,2012,6,28,35.878656
2012-06-29,2012,6,29,11.159896
2012-06-30,2012,6,30,25.367501
2012-07-01,2012,7,1,14.887474
2012-07-02,2012,7,2,4.4562365e-06
2012-07-03,2012,7,3,0
2012-07-04,2012,7,4,0.75484414
2012-07-05,2012,7,5,0
2012-07-06,2012,7,6,0
2012-07-07,2012,7,7,0
2012-07-08,2012,7,8,0
2012-07-09,2012,7,9,0
2012-07-10,2012,7,10,0
2012-07-11,2012,7,11,0
2012-07-12,2012,7,12,0
2012-07-13,2012,7,13,0
2012-07-14,2012,7,14,0
2012-07-15,2012,7,15,0.00035426222
2012-07-16,2012,7,16,0
2012-07-17,2012,7,17,0
2012-07-18,2012,7,18,0
2012-07-19,2012,7,19,0
2012-07-20,2012,7,20,0
2012-07-21,2012,7,21,0.1945341
2012-07-22,2012,7,22,0
2012-07-23,2012,7,23,0
2012-07-24,2012,7,24,0
2012-07-25,2012,7,25,0
2012-07-26,2012,7,26,0
2012-07-27,2012,7,27,0
2012-07-28,2012,7,28,0
2012-07-29,2012,7,29,0
2012-07-30,2012,7,30,0
2012-07-31,2012,7,31,0
2012-08-01,2012,8,1,0
2012-08-02,2012,8,2,0.86055285
2012-08-03,2012,8,3,0
2012-08-04,2012,8,4,0
2012-08-05,2012,8,5,0
2012-08-06,2012,8,6,0.004319118
2012-08-07,2012,8,7,0
2012-08-08,2012,8,8,0
2012-08-09,2012,8,9,0
2012-08-10,2012,8,10,0
2012-08-11,2012,8,11,0.0070804479
2012-08-12,2012,8,12,0
2012-08-13,2012,8,13,0
2012-08-14,2012,8,14,1.8957342
2012-08-15,2012,8,15,8.8548526
2012-08-16,2012,8,16,0.94204808
2012-08-17,2012,8,17,0.82400406
2012-08-18,2012,8,18,0
2012-08-19,2012,8,19,0.0098729502
2012-08-20,2012,8,20,0
2012-08-21,2012,8,21,0
2012-08-22,2012,8,22,8.6069232
2012-08-23,2012,8,23,2.0835468
2012-08-24,2012,8,24,0
2012-08-25,2012,8,25,0
2012-08-26,2012,8,26,0
2012-08-27,2012,8,27,0
2012-08-28,2012,8,28,0
2012-08-29,2012,8,29,0
2012-08-30,2012,8,30,0
2012-08-31,2012,8,31,0
2012-09-01,2012,9,1,0
2012-09-02,2012,9,2,0
2012-09-03,2012,9,3,0
2012-09-04,2012,9,4,0
2012-09-05,2012,9,5,0.0013950733
2012-09-06,2012,9,6,0
2012-09-07,2012,9,7,0
2012-09-08,2012,9,8,0
2012-09-09,2012,9,9,0
2012-09-10,2012,9,10,0
2012-09-11,2012,9,11,0
2012-09-12,2012,9,12,0
2012-09-13,2012,9,13,0
2012-09-14,2012,9,14,0
2012-09-15,2012,9,15,0
2012-09-16,2012,9,16,0.027119116
2012-09-17,2012,9,17,2.6230036
2012-09-18,2012,9,18,0.21078758
2012-09-19,2012,9,19,0.82487096
2012-09-20,2012,9,20,0
2012-09-21,2012,9,21,0
2012-09-22,2012,9,22,0
2012-09-23,2012,9,23,0
2012-09-24,2012,9,24,0
2012-09-25,2012,9,25,0
2012-09-26,2012,9,26,0
2012-09-27,2012,9,27,0.061378891
2012-09-28,2012,9,28,0
2012-09-29,2012,9,29,0
2012-09-30,2012,9,30,0.0012125326
2012-10-01,2012,10,1,2.4575453
2012-10-02,2012,10,2,0
2012-10-03,2012,10,3,0
2012-10-04,2012,10,4,1.5422101
2012-10-05,2012,10,5,8.0348759
2012-10-06,2012,10,6,9.2714428
2012-10-07,2012,10,7,2.1003725
2012-10-08,2012,10,8,0
2012-10-09,2012,10,9,0
2012-10-10,2012,10,10,0
2012-10-11,2012,10,11,0
2012-10-12,2012,10,12,0
2012-10-13,2012,10,13,0
2012-10-14,2012,10,14,1.1188411
2012-10-15,2012,10,15,0
2012-10-16,2012,10,16,0
2012-10-17,2012,10,17,0
2012-10-18,2012,10,18,0
2012-10-19,2012,10,19,0
2012-10-20,2012,10,20,0
2012-10-21,2012,10,21,18.582472
2012-10-22,2012,10,22,1.0724837
2012-10-23,2012,10,23,0
2012-10-24,2012,10,24,0
2012-10-25,2012,10,25,0
2012-10-26,2012,10,26,0
2012-10-27,2012,10,27,0
2012-10-28,2012,10,28,0
2012-10-29,2012,10,29,0
2012-10-30,2012,10,30,0
2012-10-31,2012,10,31,0
2012-11-01,2012,11,1,0
2012-11-02,2012,11,2,0
2012-11-03,2012,11,3,0
2012-11-04,2012,11,4,0
2012-11-05,2012,11,5,0
2012-11-06,2012,11,6,0
2012-11-07,2012,11,7,0
2012-11-08,2012,11,8,1.3534843
2012-11-09,2012,11,9,2.3551286
2012-11-10,2012,11,10,0
2012-11-11,2012,11,11,0
2012-11-12,2012,11,12,0
2012-11-13,2012,11,13,0
2012-11-14,2012,11,14,0
2012-11-15,2012,11,15,0
2012-11-16,2012,11,16,0
2012-11-17,2012,11,17,0
2012-11-18,2012,11,18,0
2012-11-19,2012,11,19,0
2012-11-20,2012,11,20,0
2012-11-21,2012,11,21,0
2012-11-22,2012,11,22,0
2012-11-23,2012,11,23,0
2012-11-24,2012,11,24,0
2012-11-25,2012,11,25,0
2012-11-26,2012,11,26,0
2012-11-27,2012,11,27,0
2012-11-28,2012,11,28,0
2012-11-29,2012,11,29,0.19662143
2012-11-30,2012,11,30,0
2012-12-01,2012,12,1,0
2012-12-02,2012,12,2,0
2012-12-03,2012,12,3,0.35922115
2012-12-04,2012,12,4,0
2012-12-05,2012,12,5,0
2012-12-06,2012,12,6,2.4248666
2012-12-07,2012,12,7,0.0023107164
2012-12-08,2012,12,8,0.0034380849
2012-12-09,2012,12,9,0
2012-12-10,2012,12,10,4.4108384e-05
2012-12-11,2012,12,11,0
2012-12-12,2012,12,12,0
2012-12-13,2012,12,13,0
2012-12-14,2012,12,14,0
2012-12-15,2012,12,15,0
2012-12-16,2012,12,16,0
2012-12-17,2012,12,17,0
2012-12-18,2012,12,18,0.40794827
2012-12-19,2012,12,19,32.085693
2012-12-20,2012,12,20,10.443473
2012-12-21,2012,12,21,0.00033081288
2012-12-22,2012,12,22,0
2012-12-23,2012,12,23,0
2012-12-24,2012,12,24,0.3328749
2012-12-25,2012,12,25,0.0016981728
2012-12-26,2012,12,26,0
2012-12-27,2012,12,27,0
2012-12-28,2012,12,28,0
2012-12-29,2012,12,29,0
2012-12-30,2012,12,30,0
2012-12-31,2012,12,31,0.1093925
2013-01-01,2013,1,1,0
2013-01-02,2013,1,2,0
2013-01-03,2013,1,3,0
2013-01-04,2013,1,4,0
2013-01-05,2013,1,5,0
2013-01-06,2013,1,6,0
2013-01-07,2013,1,7,0
2013-01-08,2013,1,8,0
2013-01-09,2013,1,9,0.00084914107
2013-01-10,2013,1,10,0.035123218
2013-01-11,2013,1,11,0.043842711
2013-01-12,2013,1,12,1.170337
2013-01-13,2013,1,13,1.9493857
2013-01-14,2013,1,14,0.24002987
2013-01-15,2013,1,15,0.00014948195
2013-01-16,2013,1,16,0
2013-01-17,2013,1,17,0.0065459366
2013-01-18,2013,1,18,0
2013-01-19,2013,1,19,0.0034142915
2013-01-20,2013,1,20,0.060529339
2013-01-21,2013,1,21,9.4245481
2013-01-22,2013,1,22,3.5683637
2013-01-23,2013,1,23,0.015707228
2013-01-24,2013,1,24,0
2013-01-25,2013,1,25,0
2013-01-26,2013,1,26,0
2013-01-27,2013,1,27,1.2414791
2013-01-28,2013,1,28,6.1674062
2013-01-29,2013,1,29,0.15736994
2013-01-30,2013,1,30,0
2013-01-31,2013,1,31,0
2013-02-01,2013,2,1,0
2013-02-02,2013,2,2,0
2013-02-03,2013,2,3,0
2013-02-04,2013,2,4,0
2013-02-05,2013,2,5,0
2013-02-06,2013,2,6,2.4580683
2013-02-07,2013,2,7,6.448673
2013-02-08,2013,2,8,4.8057221
2013-02-09,2013,2,9,1.3546389
2013-02-10,2013,2,10,0.010397633
2013-02-11,2013,2,11,0
2013-02-12,2013,2,12,0
2013-02-13,2013,2,13,0
2013-02-14,2013,2,14,0
2013-02-15,2013,2,15,0
2013-02-16,2013,2,16,0.010509067
2013-02-17,2013,2,17,0.78208822
2013-02-18,2013,2,18,4.3647557
2013-02-19,2013,2,19,0.21122256
2013-02-20,2013,2,20,0
2013-02-21,2013,2,21,0
2013-02-22,2013,2,22,0
2013-02-23,2013,2,23,0
2013-02-24,2013,2,24,0
2013-02-25,2013,2,25,0
2013-02-26,2013,2,26,0
2013-02-27,2013,2,27,0
2013-02-28,2013,2,28,0
2013-03-01,2013,3,1,0
2013-03-02,2013,3,2,0
2013-03-03,2013,3,3,0
2013-03-04,2013,3,4,0
2013-03-05,2013,3,5,0
2013-03-06,2013,3,6,0
2013-03-07,2013,3,7,0
2013-03-08,2013,3,8,0
2013-03-09,2013,3,9,0
2013-03-10,2013,3,10,0
2013-03-11,2013,3,11,0
2013-03-12,2013,3,12,0
2013-03-13,2013,3,13,0
2013-03-14,2013,3,14,0
2013-03-15,2013,3,15,0
2013-03-16,2013,3,16,0
2013-03-17,2013,3,17,0
2013-03-18,2013,3,18,0
2013-03-19,2013,3,19,0
2013-03-20,2013,3,20,0
2013-03-21,2013,3,21,0
2013-03-22,2013,3,22,0
2013-03-23,2013,3,23,0
2013-03-24,2013,3,24,0
2013-03-25,2013,3,25,0
2013-03-26,2013,3,26,0
2013-03-27,2013,3,27,0
2013-03-28,2013,3,28,0
2013-03-29,2013,3,29,0
2013-03-30,2013,3,30,0
2013-03-31,2013,3,31,0.72412716
2013-04-01,2013,4,1,0.17615069
2013-04-02,2013,4,2,0.00050661902
2013-04-03,2013,4,3,0
2013-04-04,2013,4,4,0
2013-04-05,2013,4,5,0
2013-04-06,2013,4,6,0
2013-04-07,2013,4,7,0
2013-04-08,2013,4,8,0
2013-04-09,2013,4,9,0
2013-04-10,2013,4,10,0
2013-04-11,2013,4,11,0
2013-04-12,2013,4,12,0
2013-04-13,2013,4,13,0
2013-04-14,2013,4,14,0
2013-04-15,2013,4,15,0
2013-04-16,2013,4,16,0
2013-04-17,2013,4,17,0
2013-04-18,2013,4,18,0
2013-04-19,2013,4,19,0.00091035538
2013-04-20,2013,4,20,0
2013-04-21,2013,4,21,0
2013-04-22,2013,4,22,0
2013-04-23,2013,4,23,0
2013-04-24,2013,4,24,0
2013-04-25,2013,4,25,1.0194266
2013-04-26,2013,4,26,4.44594
2013-04-27,2013,4,27,0
2013-04-28,2013,4,28,0
2013-04-29,2013,4,29,0
2013-04-30,2013,4,30,0.0083950843
2013-05-01,2013,5,1,0
2013-05-02,2013,5,2,7.7194508
2013-05-03,2013,5,3,0.03215175
2013-05-04,2013,5,4,0.0020117033
2013-05-05,2013,5,5,0
2013-05-06,2013,5,6,0
2013-05-07,2013,5,7,0
2013-05-08,2013,5,8,0
2013-05-09,2013,5,9,0
2013-05-10,2013,5,10,0
2013-05-11,2013,5,11,0
2013-05-12,2013,5,12,0
2013-05-13,2013,5,13,0
2013-05-14,2013,5,14,0
2013-05-15,2013,5,15,0.0018472244
2013-05-16,2013,5,16,0
2013-05-17,2013,5,17,5.2006368
2013-05-18,2013,5,18,1.5621508
2013-05-19,2013,5,19,0.00092361222
2013-05-20,2013,5,20,0
2013-05-21,2013,5,21,0
2013-05-22,2013,5,22,0.00013917444
2013-05-23,2013,5,23,0
2013-05-24,2013,5,24,0
2013-05-25,2013,5,25,0
2013-05-26,2013,5,26,0
2013-05-27,2013,5,27,68.402107
2013-05-28,2013,5,28,41.887469
2013-05-29,2013,5,29,0.1062635
2013-05-30,2013,5,30,2.9032887
2013-05-31,2013,5,31,10.395638
2013-06-01,2013,6,1,0.007755298
2013-06-02,2013,6,2,0
2013-06-03,2013,6,3,0
2013-06-04,2013,6,4,0
2013-06-05,2013,6,5,0
2013-06-06,2013,6,6,0
2013-06-07,2013,6,7,0
2013-06-08,2013,6,8,0
2013-06-09,2013,6,9,0
2013-06-10,2013,6,10,0
2013-06-11,2013,6,11,0
2013-06-12,2013,6,12,0
2013-06-13,2013,6,13,0
2013-06-14,2013,6,14,0
2013-06-15,2013,6,15,0
2013-06-16,2013,6,16,0
2013-06-17,2013,6,17,0
2013-06-18,2013,6,18,0.00041527429
2013-06-19,2013,6,19,0.00019993081
2013-06-20,2013,6,20,0
2013-06-21,2013,6,21,2.7255738
2013-06-22,2013,6,22,4.7140963
2013-06-23,2013,6,23,0
2013-06-24,2013,6,24,0
2013-06-25,2013,6,25,0
2013-06-26,2013,6,26,4.76057
2013-06-27,2013,6,27,35.96277
2013-06-28,2013,6,28,10.978279
2013-06-29,2013,6,29,0.70016654
2013-06-30,2013,6,30,0
2013-07-01,2013,7,1,0
2013-07-02,2013,7,2,0
2013-07-03,2013,7,3,0
2013-07-04,2013,7,4,0
2013-07-05,2013,7,5,1.7345624
2013-07-06,2013,7,6,0
2013-07-07,2013,7,7,0
2013-07-08,2013,7,8,0
2013-07-09,2013,7,9,0
2013-07-10,2013,7,10,0
2013-07-11,2013,7,11,0
2013-07-12,2013,7,12,0
2013-07-13,2013,7,13,0
2013-07-14,2013,7,14,0
2013-07-15,2013,7,15,0
2013-07-16,2013,7,16,0
2013-07-17,2013,7,17,0
2013-07-18,2013,7,18,7.8469668
2013-07-19,2013,7,19,4.8208951
2013-07-20,2013,7,20,2.7825162
2013-07-21,2013,7,21,0.013361206
2013-07-22,2013,7,22,0
2013-07-23,2013,7,23,0
2013-07-24,2013,7,24,0
2013-07-25,2013,7,25,0
2013-07-26,2013,7,26,0
2013-07-27,2013,7,27,0
2013-07-28,2013,7,28,0
2013-07-29,2013,7,29,0.00032895778
2013-07-30,2013,7,30,0
2013-07-31,2013,7,31,0
2013-08-01,2013,8,1,0
2013-08-02,2013,8,2,0
2013-08-03,2013,8,3,0
2013-08-04,2013,8,4,0.10265156
2013-08-05,2013,8,5,0
2013-08-06,2013,8,6,16.966139
2013-08-07,2013,8,7,30.139418
2013-08-08,2013,8,8,3.5529807
2013-08-09,2013,8,9,0
2013-08-10,2013,8,10,0
2013-08-11,2013,8,11,13.671985
2013-08-12,2013,8,12,3.9693818
2013-08-13,2013,8,13,0
2013-08-14,2013,8,14,0
2013-08-15,2013,8,15,0
2013-08-16,2013,8,16,0
2013-08-17,2013,8,17,0
2013-08-18,2013,8,18,0
2013-08-19,2013,8,19,0
2013-08-20,2013,8,20,0
2013-08-21,2013,8,21,0
2013-08-22,2013,8,22,0
2013-08-23,2013,8,23,4.6245815
2013-08-24,2013,8,24,0
2013-08-25,2013,8,25,0
2013-08-26,2013,8,26,0
2013-08-27,2013,8,27,0
2013-08-28,2013,8,28,0
2013-08-29,2013,8,29,0
2013-08-30,2013,8,30,0
2013-08-31,2013,8,31,0
2013-09-01,2013,9,1,1.5273299
2013-09-02,2013,9,2,4.7613113
2013-09-03,2013,9,3,0
2013-09-04,2013,9,4,0
2013-09-05,2013,9,5,0
2013-09-06,2013,9,6,26.70662
2013-09-07,2013,9,7,3.3499418
2013-09-08,2013,9,8,0
2013-09-09,2013,9,9,0
2013-09-10,2013,9,10,0
2013-09-11,2013,9,11,2.8106037
2013-09-12,2013,9,12,0.024633455
2013-09-13,2013,9,13,4.6084202
2013-09-14,2013,9,14,7.2617375
2013-09-15,2013,9,15,0.36748475
2013-09-16,2013,9,16,0.18117588
2013-09-17,2013,9,17,0
2013-09-18,2013,9,18,0
2013-09-19,2013,9,19,1.5241909
2013-09-20,2013,9,20,8.9090318
2013-09-21,2013,9,21,1.0104027
2013-09-22,2013,9,22,0.0097239657
2013-09-23,2013,9,23,0
2013-09-24,2013,9,24,0
2013-09-25,2013,9,25,0
2013-09-26,2013,9,26,0
2013-09-27,2013,9,27,0
2013-09-28,2013,9,28,0
2013-09-29,2013,9,29,0
2013-09-30,2013,9,30,0
2013-10-01,2013,10,1,0
2013-10-02,2013,10,2,1.4050102
2013-10-03,2013,10,3,0
2013-10-04,2013,10,4,0
2013-10-05,2013,10,5,0
2013-10-06,2013,10,6,0
2013-10-07,2013,10,7,0
2013-10-08,2013,10,8,0
2013-10-09,2013,10,9,0
2013-10-10,2013,10,10,0
2013-10-11,2013,10,11,0
2013-10-12,2013,10,12,0
2013-10-13,2013,10,13,0
2013-10-14,2013,10,14,0
2013-10-15,2013,10,15,0
2013-10-16,2013,10,16,0
2013-10-17,2013,10,17,0
2013-10-18,2013,10,18,0
2013-10-19,2013,10,19,0
2013-10-20,2013,10,20,1.4163406
2013-10-21,2013,10,21,0
2013-10-22,2013,10,22,0.0055156993
2013-10-23,2013,10,23,0.34804203
2013-10-24,2013,10,24,0.14368021
2013-10-25,2013,10,25,0
2013-10-26,2013,10,26,0
2013-10-27,2013,10,27,0
2013-10-28,2013,10,28,0
2013-10-29,2013,10,29,0
2013-10-30,2013,10,30,0
2013-10-31,2013,10,31,4.6816799
2013-11-01,2013,11,1,1.7954099
2013-11-02,2013,11,2,0
2013-11-03,2013,11,3,0
2013-11-04,2013,11,4,0
2013-11-05,2013,11,5,0
2013-11-06,2013,11,6,1.4314648
2013-11-07,2013,11,7,0
2013-11-08,2013,11,8,0
2013-11-09,2013,11,9,1.2514868
2013-11-10,2013,11,10,2.6252547
2013-11-11,2013,11,11,0
2013-11-12,2013,11,12,0
2013-11-13,2013,11,13,0
2013-11-14,2013,11,14,0
2013-11-15,2013,11,15,0
2013-11-16,2013,11,16,0
2013-11-17,2013,11,17,0
2013-11-18,2013,11,18,0
2013-11-19,2013,11,19,0
2013-11-20,2013,11,20,0
2013-11-21,2013,11,21,0
2013-11-22,2013,11,22,0
2013-11-23,2013,11,23,0
2013-11-24,2013,11,24,0
2013-11-25,2013,11,25,0
2013-11-26,2013,11,26,0.34763867
2013-11-27,2013,11,27,0
2013-11-28,2013,11,28,0
2013-11-29,2013,11,29,0
2013-11-30,2013,11,30,6.706051e-05
2013-12-01,2013,12,1,0
2013-12-02,2013,12,2,0
2013-12-03,2013,12,3,0
2013-12-04,2013,12,4,0
2013-12-05,2013,12,5,0
2013-12-06,2013,12,6,0
2013-12-07,2013,12,7,0.0023917112
2013-12-08,2013,12,8,2.4023837
2013-12-09,2013,12,9,0.044022453
2013-12-10,2013,12,10,0
2013-12-11,2013,12,11,0
2013-12-12,2013,12,12,0.003410379
2013-12-13,2013,12,13,0.00045517769
2013-12-14,2013,12,14,0.0050202555
2013-12-15,2013,12,15,0.032669011
2013-12-16,2013,12,16,1.7827558
2013-12-17,2013,12,17,0.15838694
2013-12-18,2013,12,18,2.9674782
2013-12-19,2013,12,19,0.17976475
2013-12-20,2013,12,20,0.003315073
2013-12-21,2013,12,21,0.00074740976
2013-12-22,2013,12,22,0.0098204374
2013-12-23,2013,12,23,0
2013-12-24,2013,12,24,0
2013-12-25,2013,12,25,0
2013-12-26,2013,12,26,0
2013-12-27,2013,12,27,0
2013-12-28,2013,12,28,0
2013-12-29,2013,12,29,0
2013-12-30,2013,12,30,0
2013-12-31,2013,12,31,0.00011836284
2014-01-01,2014,1,1,0
2014-01-02,2014,1,2,0
2014-01-03,2014,1,3,0
2014-01-04,2014,1,4,0
2014-01-05,2014,1,5,0
2014-01-06,2014,1,6,0
2014-01-07,2014,1,7,0
2014-01-08,2014,1,8,0
2014-01-09,2014,1,9,0
2014-01-10,2014,1,10,0
2014-01-11,2014,1,11,0
2014-01-12,2014,1,12,0.0079118856
2014-01-13,2014,1,13,0
2014-01-14,2014,1,14,0.49002282
2014-01-15,2014,1,15,0.32375212
2014-01-16,2014,1,16,0.022870639
2014-01-17,2014,1,17,9.6770472
2014-01-18,2014,1,18,10.394341
2014-01-19,2014,1,19,1.0618947
2014-01-20,2014,1,20,0
2014-01-21,2014,1,21,0
2014-01-22,2014,1,22,0
2014-01-23,2014,1,23,0
2014-01-24,2014,1,24,0
2014-01-25,2014,1,25,0
2014-01-26,2014,1,26,0.027784356
2014-01-27,2014,1,27,0.036495117
2014-01-28,2014,1,28,0
2014-01-29,2014,1,29,0
2014-01-30,2014,1,30,0
2014-01-31,2014,1,31,0.13049602
2014-02-01,2014,2,1,0
2014-02-02,2014,2,2,0
2014-02-03,2014,2,3,0
2014-02-04,2014,2,4,0
2014-02-05,2014,2,5,0
2014-02-06,2014,2,6,0
2014-02-07,2014,2,7,0
2014-02-08,2014,2,8,0
2014-02-09,2014,2,9,0
2014-02-10,2014,2,10,0
2014-02-11,2014,2,11,0
2014-02-12,2014,2,12,0
2014-02-13,2014,2,13,0.0078134378
2014-02-14,2014,2,14,0.73862363
2014-02-15,2014,2,15,16.96805
2014-02-16,2014,2,16,0.75793994
2014-02-17,2014,2,17,0
2014-02-18,2014,2,18,0
2014-02-19,2014,2,19,0
2014-02-20,2014,2,20,0
2014-02-21,2014,2,21,0
2014-02-22,2014,2,22,0
2014-02-23,2014,2,23,0
2014-02-24,2014,2,24,9.682241
2014-02-25,2014,2,25,6.3467633
2014-02-26,2014,2,26,0.0023155053
2014-02-27,2014,2,27,0
2014-02-28,2014,2,28,0
2014-03-01,2014,3,1,6.1610078
2014-03-02,2014,3,2,0.49501249
2014-03-03,2014,3,3,0
2014-03-04,2014,3,4,0
2014-03-05,2014,3,5,0
2014-03-06,2014,3,6,0
2014-03-07,2014,3,7,0
2014-03-08,2014,3,8,0
2014-03-09,2014,3,9,0
2014-03-10,2014,3,10,0
2014-03-11,2014,3,11,0
2014-03-12,2014,3,12,0
2014-03-13,2014,3,13,0.0072815875
2014-03-14,2014,3,14,0
2014-03-15,2014,3,15,0
2014-03-16,2014,3,16,0
2014-03-17,2014,3,17,0
2014-03-18,2014,3,18,0
2014-03-19,2014,3,19,0
2014-03-20,2014,3,20,0
2014-03-21,2014,3,21,0
2014-03-22,2014,3,22,0
2014-03-23,2014,3,23,0
2014-03-24,2014,3,24,0
2014-03-25,2014,3,25,0
2014-03-26,2014,3,26,0
2014-03-27,2014,3,27,0
2014-03-28,2014,3,28,0
2014-03-29,2014,3,29,0
2014-03-30,2014,3,30,0.02332456
2014-03-31,2014,3,31,0
2014-04-01,2014,4,1,0.010883983
2014-04-02,2014,4,2,0
2014-04-03,2014,4,3,0
2014-04-04,2014,4,4,0
2014-04-05,2014,4,5,0
2014-04-06,2014,4,6,2.1368424
2014-04-07,2014,4,7,3.0220414
2014-04-08,2014,4,8,0
2014-04-09,2014,4,9,1.9782259
2014-04-10,2014,4,10,0
2014-04-11,2014,4,11,0
2014-04-12,2014,4,12,0
2014-04-13,2014,4,13,0
2014-04-14,2014,4,14,0
2014-04-15,2014,4,15,0
2014-04-16,2014,4,16,0
2014-04-17,2014,4,17,0
2014-04-18,2014,4,18,0
2014-04-19,2014,4,19,0
2014-04-20,2014,4,20,0
2014-04-21,2014,4,21,0
2014-04-22,2014,4,22,0
2014-04-23,2014,4,23,0
2014-04-24,2014,4,24,0
2014-04-25,2014,4,25,0
2014-04-26,2014,4,26,0
2014-04-27,2014,4,27,0
2014-04-28,2014,4,28,0
2014-04-29,2014,4,29,0
2014-04-30,2014,4,30,9.1494378
2014-05-01,2014,5,1,36.067932
2014-05-02,2014,5,2,25.480504
2014-05-03,2014,5,3,0.99374474
2014-05-04,2014,5,4,0
2014-05-05,2014,5,5,0
2014-05-06,2014,5,6,0
2014-05-07,2014,5,7,0
2014-05-08,2014,5,8,0
2014-05-09,2014,5,9,0
2014-05-10,2014,5,10,0
2014-05-11,2014,5,11,0
2014-05-12,2014,5,12,0
2014-05-13,2014,5,13,0
2014-05-14,2014,5,14,0
2014-05-15,2014,5,15,0
2014-05-16,2014,5,16,0
2014-05-17,2014,5,17,0
2014-05-18,2014,5,18,0
2014-05-19,2014,5,19,0
2014-05-20,2014,5,20,7.4143111
2014-05-21,2014,5,21,0.12969954
2014-05-22,2014,5,22,0.083149146
2014-05-23,2014,5,23,0
2014-05-24,2014,5,24,0
2014-05-25,2014,5,25,0
2014-05-26,2014,5,26,0
2014-05-27,2014,5,27,0
2014-05-28,2014,5,28,0
2014-05-29,2014,5,29,0
2014-05-30,2014,5,30,0.0029784922
2014-05-31,2014,5,31,0
2014-06-01,2014,6,1,0
2014-06-02,2014,6,2,0
2014-06-03,2014,6,3,25.937831
2014-06-04,2014,6,4,2.369368
2014-06-05,2014,6,5,0
2014-06-06,2014,6,6,13.374352
2014-06-07,2014,6,7,8.2734826
2014-06-08,2014,6,8,10.157761
2014-06-09,2014,6,9,0.015987861
2014-06-10,2014,6,10,0
2014-06-11,2014,6,11,18.158678
2014-06-12,2014,6,12,5.0593687
2014-06-13,2014,6,13,0.0020013889
2014-06-14,2014,6,14,0
2014-06-15,2014,6,15,0
2014-06-16,2014,6,16,0
2014-06-17,2014,6,17,0
2014-06-18,2014,6,18,0
2014-06-19,2014,6,19,0
2014-06-20,2014,6,20,0
2014-06-21,2014,6,21,0
2014-06-22,2014,6,22,0
2014-06-23,2014,6,23,0
2014-06-24,2014,6,24,0
2014-06-25,2014,6,25,0.0017939693
2014-06-26,2014,6,26,0.079864354
2014-06-27,2014,6,27,0.00048078445
2014-06-28,2014,6,28,0
2014-06-29,2014,6,29,0
2014-06-30,2014,6,30,0
2014-07-01,2014,7,1,3.7135304e-05
2014-07-02,2014,7,2,1.102787
2014-07-03,2014,7,3,0
2014-07-04,2014,7,4,2.5352068
2014-07-05,2014,7,5,0.058537646
2014-07-06,2014,7,6,0
2014-07-07,2014,7,7,0
2014-07-08,2014,7,8,0
2014-07-09,2014,7,9,0
2014-07-10,2014,7,10,0
2014-07-11,2014,7,11,0
2014-07-12,2014,7,12,0
2014-07-13,2014,7,13,0
2014-07-14,2014,7,14,8.3634637
2014-07-15,2014,7,15,5.2574052
2014-07-16,2014,7,16,0
2014-07-17,2014,7,17,0
2014-07-18,2014,7,18,0
2014-07-19,2014,7,19,0
2014-07-20,2014,7,20,0
2014-07-21,2014,7,21,0.0085392957
2014-07-22,2014,7,22,0.46379109
2014-07-23,2014,7,23,0.029112441
2014-07-24,2014,7,24,0
2014-07-25,2014,7,25,0
2014-07-26,2014,7,26,1.1447143
2014-07-27,2014,7,27,0.009528033
2014-07-28,2014,7,28,7.5588624
2014-07-29,2014,7,29,0.007918955
2014-07-30,2014,7,30,11.890437
2014-07-31,2014,7,31,14.752302
2014-08-01,2014,8,1,0
2014-08-02,2014,8,2,0
2014-08-03,2014,8,3,5.3474838e-05
2014-08-04,2014,8,4,0
2014-08-05,2014,8,5,0.11289928
2014-08-06,2014,8,6,2.3405592
2014-08-07,2014,8,7,0
2014-08-08,2014,8,8,0
2014-08-09,2014,8,9,0
2014-08-10,2014,8,10,0
2014-08-11,2014,8,11,0
2014-08-12,2014,8,12,0
2014-08-13,2014,8,13,0
2014-08-14,2014,8,14,0
2014-08-15,2014,8,15,0
2014-08-16,2014,8,16,0
2014-08-17,2014,8,17,0
2014-08-18,2014,8,18,0
2014-08-19,2014,8,19,0
2014-08-20,2014,8,20,0
2014-08-21,2014,8,21,0
2014-08-22,2014,8,22,1.9853617
2014-08-23,2014,8,23,19.052583
2014-08-24,2014,8,24,1.6198966
2014-08-25,2014,8,25,0
2014-08-26,2014,8,26,0
2014-08-27,2014,8,27,0
2014-08-28,2014,8,28,0
2014-08-29,2014,8,29,0.10071527
2014-08-30,2014,8,30,0.078654395
2014-08-31,2014,8,31,0.052400392
2014-09-01,2014,9,1,6.00926
2014-09-02,2014,9,2,17.328257
2014-09-03,2014,9,3,6.6413003
2014-09-04,2014,9,4,1.1515227
2014-09-05,2014,9,5,5.6214038
2014-09-06,2014,9,6,0.80785345
2014-09-07,2014,9,7,0
2014-09-08,2014,9,8,0
2014-09-09,2014,9,9,2.235768
2014-09-10,2014,9,10,0
2014-09-11,2014,9,11,0
2014-09-12,2014,9,12,0.16592556
2014-09-13,2014,9,13,1.5850817
2014-09-14,2014,9,14,0.0029198089
2014-09-15,2014,9,15,0
2014-09-16,2014,9,16,0
2014-09-17,2014,9,17,0
2014-09-18,2014,9,18,0
2014-09-19,2014,9,19,0
2014-09-20,2014,9,20,0
2014-09-21,2014,9,21,0
2014-09-22,2014,9,22,10.715382
2014-09-23,2014,9,23,1.6234872
2014-09-24,2014,9,24,8.4433758
2014-09-25,2014,9,25,1.3465937
2014-09-26,2014,9,26,0.21355724
2014-09-27,2014,9,27,2.5075875
2014-09-28,2014,9,28,0
2014-09-29,2014,9,29,0.019739517
2014-09-30,2014,9,30,0
2014-10-01,2014,10,1,0
2014-10-02,2014,10,2,0
2014-10-03,2014,10,3,4.0264905
2014-10-04,2014,10,4,2.382235
2014-10-05,2014,10,5,0
2014-10-06,2014,10,6,0
2014-10-07,2014,10,7,0
2014-10-08,2014,10,8,0
2014-10-09,2014,10,9,0
2014-10-10,2014,10,10,0
2014-10-11,2014,10,11,0
2014-10-12,2014,10,12,0
2014-10-13,2014,10,13,0
2014-10-14,2014,10,14,0
2014-10-15,2014,10,15,0
2014-10-16,2014,10,16,0
2014-10-17,2014,10,17,0
2014-10-18,2014,10,18,0.59127566
2014-10-19,2014,10,19,0
2014-10-20,2014,10,20,0
2014-10-21,2014,10,21,0
2014-10-22,2014,10,22,0
2014-10-23,2014,10,23,0
2014-10-24,2014,10,24,0
2014-10-25,2014,10,25,0
2014-10-26,2014,10,26,1.4956882
2014-10-27,2014,10,27,0
2014-10-28,2014,10,28,0
2014-10-29,2014,10,29,0.040260318
2014-10-30,2014,10,30,0
2014-10-31,2014,10,31,0
2014-11-01,2014,11,1,0
2014-11-02,2014,11,2,0
2014-11-03,2014,11,3,0
2014-11-04,2014,11,4,0
2014-11-05,2014,11,5,0
2014-11-06,2014,11,6,0
2014-11-07,2014,11,7,0
2014-11-08,2014,11,8,0
2014-11-09,2014,11,9,0
2014-11-10,2014,11,10,0
2014-11-11,2014,11,11,0
2014-11-12,2014,11,12,0
2014-11-13,2014,11,13,0
2014-11-14,2014,11,14,0
2014-11-15,2014,11,15,0
2014-11-16,2014,11,16,0
2014-11-17,2014,11,17,0
2014-11-18,2014,11,18,0
2014-11-19,2014,11,19,0
2014-11-20,2014,11,20,0
2014-11-21,2014,11,21,0
2014-11-22,2014,11,22,0
2014-11-23,2014,11,23,0
2014-11-24,2014,11,24,0.25405707
2014-11-25,2014,11,25,0
2014-11-26,2014,11,26,0
2014-11-27,2014,11,27,0
2014-11-28,2014,11,28,0
2014-11-29,2014,11,29,10.26639
2014-11-30,2014,11,30,2.3603946
2014-12-01,2014,12,1,0.005229839
2014-12-02,2014,12,2,0
2014-12-03,2014,12,3,0
2014-12-04,2014,12,4,0
2014-12-05,2014,12,5,0
2014-12-06,2014,12,6,0
2014-12-07,2014,12,7,0
2014-12-08,2014,12,8,0
2014-12-09,2014,12,9,0
2014-12-10,2014,12,10,0.032073147
2014-12-11,2014,12,11,0.0024883161
2014-12-12,2014,12,12,0
2014-12-13,2014,12,13,0
2014-12-14,2014,12,14,0.17788208
2014-12-15,2014,12,15,0.061875112
2014-12-16,2014,12,16,5.9450893e-06
2014-12-17,2014,12,17,0.0010683466
2014-12-18,2014,12,18,0
2014-12-19,2014,12,19,0
2014-12-20,2014,12,20,4.6133688
2014-12-21,2014,12,21,5.0812618
2014-12-22,2014,12,22,0.079056876
2014-12-23,2014,12,23,0
2014-12-24,2014,12,24,0.00025304444
2014-12-25,2014,12,25,0.00064647248
2014-12-26,2014,12,26,0.0052530443
2014-12-27,2014,12,27,0.13444305
2014-12-28,2014,12,28,0
2014-12-29,2014,12,29,0
2014-12-30,2014,12,30,0
2014-12-31,2014,12,31,0.0007352727
2015-01-01,2015,1,1,0.014846073
2015-01-02,2015,1,2,0
2015-01-03,2015,1,3,0
2015-01-04,2015,1,4,0
2015-01-05,2015,1,5,0
2015-01-06,2015,1,6,0
2015-01-07,2015,1,7,2.0542738
2015-01-08,2015,1,8,0.052296898
2015-01-09,2015,1,9,0
2015-01-10,2015,1,10,0
2015-01-11,2015,1,11,0
2015-01-12,2015,1,12,0
2015-01-13,2015,1,13,0
2015-01-14,2015,1,14,0
2015-01-15,2015,1,15,0
2015-01-16,2015,1,16,0.0021511574
2015-01-17,2015,1,17,0
2015-01-18,2015,1,18,0
2015-01-19,2015,1,19,0
2015-01-20,2015,1,20,0
2015-01-21,2015,1,21,0
2015-01-22,2015,1,22,0
2015-01-23,2015,1,23,0
2015-01-24,2015,1,24,0
2015-01-25,2015,1,25,0
2015-01-26,2015,1,26,0
2015-01-27,2015,1,27,0
2015-01-28,2015,1,28,0
2015-01-29,2015,1,29,0
2015-01-30,2015,1,30,0
2015-01-31,2015,1,31,0
2015-02-01,2015,2,1,0
2015-02-02,2015,2,2,0
2015-02-03,2015,2,3,0
2015-02-04,2015,2,4,0
2015-02-05,2015,2,5,0
2015-02-06,2015,2,6,0
2015-02-07,2015,2,7,0
2015-02-08,2015,2,8,0
2015-02-09,2015,2,9,0.0012408477
2015-02-10,2015,2,10,0.012552153
2015-02-11,2015,2,11,0
2015-02-12,2015,2,12,0
2015-02-13,2015,2,13,0
2015-02-14,2015,2,14,0
2015-02-15,2015,2,15,0
2015-02-16,2015,2,16,0
2015-02-17,2015,2,17,0
2015-02-18,2015,2,18,0
2015-02-19,2015,2,19,0.44624687
2015-02-20,2015,2,20,2.7801685
2015-02-21,2015,2,21,0.031114164
2015-02-22,2015,2,22,0
2015-02-23,2015,2,23,0
2015-02-24,2015,2,24,0
2015-02-25,2015,2,25,0
2015-02-26,2015,2,26,0
2015-02-27,2015,2,27,2.6300721
2015-02-28,2015,2,28,3.0309154
2015-03-01,2015,3,1,0
2015-03-02,2015,3,2,0
2015-03-03,2015,3,3,0
2015-03-04,2015,3,4,0
2015-03-05,2015,3,5,0
2015-03-06,2015,3,6,0
2015-03-07,2015,3,7,0
2015-03-08,2015,3,8,0
2015-03-09,2015,3,9,0
2015-03-10,2015,3,10,0
2015-03-11,2015,3,11,0
2015-03-12,2015,3,12,0
2015-03-13,2015,3,13,0
2015-03-14,2015,3,14,0
2015-03-15,2015,3,15,0
2015-03-16,2015,3,16,0
2015-03-17,2015,3,17,0
2015-03-18,2015,3,18,0
2015-03-19,2015,3,19,0
2015-03-20,2015,3,20,0
2015-03-21,2015,3,21,0
2015-03-22,2015,3,22,0
2015-03-23,2015,3,23,0
2015-03-24,2015,3,24,2.0646412
2015-03-25,2015,3,25,8.8339685
2015-03-26,2015,3,26,0.78095441
2015-03-27,2015,3,27,0.0058314368
2015-03-28,2015,3,28,0.00037553886
2015-03-29,2015,3,29,0
2015-03-30,2015,3,30,0
2015-03-31,2015,3,31,0
2015-04-01,2015,4,1,0
2015-04-02,2015,4,2,0
2015-04-03,2015,4,3,0
2015-04-04,2015,4,4,0
2015-04-05,2015,4,5,0
2015-04-06,2015,4,6,0
2015-04-07,2015,4,7,0
2015-04-08,2015,4,8,0
2015-04-09,2015,4,9,0
2015-04-10,2015,4,10,0
2015-04-11,2015,4,11,0
2015-04-12,2015,4,12,0
2015-04-13,2015,4,13,0
2015-04-14,2015,4,14,0
2015-04-15,2015,4,15,0.099765642
2015-04-16,2015,4,16,0.009127315
2015-04-17,2015,4,17,0
2015-04-18,2015,4,18,0
2015-04-19,2015,4,19,0
2015-04-20,2015,4,20,0
2015-04-21,2015,4,21,0
2015-04-22,2015,4,22,0
2015-04-23,2015,4,23,0
2015-04-24,2015,4,24,0.00253599
2015-04-25,2015,4,25,0
2015-04-26,2015,4,26,0
2015-04-27,2015,4,27,0
2015-04-28,2015,4,28,0
2015-04-29,2015,4,29,0
2015-04-30,2015,4,30,0
2015-05-01,2015,5,1,1.3500181
2015-05-02,2015,5,2,0.087547903
2015-05-03,2015,5,3,0
2015-05-04,2015,5,4,0
2015-05-05,2015,5,5,0
2015-05-06,2015,5,6,0
2015-05-07,2015,5,7,0
2015-05-08,2015,5,8,0
2015-05-09,2015,5,9,0.0020876167
2015-05-10,2015,5,10,0
2015-05-11,2015,5,11,0
2015-05-12,2015,5,12,0
2015-05-13,2015,5,13,0
2015-05-14,2015,5,14,0
2015-05-15,2015,5,15,0
2015-05-16,2015,5,16,0
2015-05-17,2015,5,17,0
2015-05-18,2015,5,18,0
2015-05-19,2015,5,19,0
2015-05-20,2015,5,20,0
2015-05-21,2015,5,21,0
2015-05-22,2015,5,22,0
2015-05-23,2015,5,23,0
2015-05-24,2015,5,24,0
2015-05-25,2015,5,25,0
2015-05-26,2015,5,26,0
2015-05-27,2015,5,27,0
2015-05-28,2015,5,28,0
2015-05-29,2015,5,29,0
2015-05-30,2015,5,30,0
2015-05-31,2015,5,31,0.00055669778
2015-06-01,2015,6,1,0
2015-06-02,2015,6,2,0
2015-06-03,2015,6,3,0
2015-06-04,2015,6,4,0
2015-06-05,2015,6,5,0
2015-06-06,2015,6,6,0
2015-06-07,2015,6,7,0
2015-06-08,2015,6,8,0
2015-06-09,2015,6,9,0
2015-06-10,2015,6,10,3.5889511
2015-06-11,2015,6,11,0.01594559
2015-06-12,2015,6,12,0
2015-06-13,2015,6,13,0
2015-06-14,2015,6,14,0.00025005727
2015-06-15,2015,6,15,0
2015-06-16,2015,6,16,0
2015-06-17,2015,6,17,0
2015-06-18,2015,6,18,0
2015-06-19,2015,6,19,0
2015-06-20,2015,6,20,0
2015-06-21,2015,6,21,0
2015-06-22,2015,6,22,0
2015-06-23,2015,6,23,0
2015-06-24,2015,6,24,0
2015-06-25,2015,6,25,0
2015-06-26,2015,6,26,0
2015-06-27,2015,6,27,0
2015-06-28,2015,6,28,0
2015-06-29,2015,6,29,0
2015-06-30,2015,6,30,0
2015-07-01,2015,7,1,0
2015-07-02,2015,7,2,0
2015-07-03,2015,7,3,0
2015-07-04,2015,7,4,0
2015-07-05,2015,7,5,1.1304145
2015-07-06,2015,7,6,0.023846289
2015-07-07,2015,7,7,0
2015-07-08,2015,7,8,0
2015-07-09,2015,7,9,8.1685524
2015-07-10,2015,7,10,20.091037
2015-07-11,2015,7,11,53.486393
2015-07-12,2015,7,12,34.6339
2015-07-13,2015,7,13,2.4208709
2015-07-14,2015,7,14,0
2015-07-15,2015,7,15,0.22891729
2015-07-16,2015,7,16,0
2015-07-17,2015,7,17,0
2015-07-18,2015,7,18,0
2015-07-19,2015,7,19,0.057141615
2015-07-20,2015,7,20,0
2015-07-21,2015,7,21,0
2015-07-22,2015,7,22,0
2015-07-23,2015,7,23,0
2015-07-24,2015,7,24,0
2015-07-25,2015,7,25,0
2015-07-26,2015,7,26,0
2015-07-27,2015,7,27,0.15140907
2015-07-28,2015,7,28,1.1463148
2015-07-29,2015,7,29,0
2015-07-30,2015,7,30,3.96472
2015-07-31,2015,7,31,1.1265793
2015-08-01,2015,8,1,12.294646
2015-08-02,2015,8,2,10.328767
2015-08-03,2015,8,3,0
2015-08-04,2015,8,4,0
2015-08-05,2015,8,5,55.55352
2015-08-06,2015,8,6,74.060796
2015-08-07,2015,8,7,11.320795
2015-08-08,2015,8,8,6.9729509
2015-08-09,2015,8,9,2.8283064
2015-08-10,2015,8,10,0.58540897
2015-08-11,2015,8,11,0
2015-08-12,2015,8,12,0.040279215
2015-08-13,2015,8,13,0
2015-08-14,2015,8,14,0
2015-08-15,2015,8,15,0
2015-08-16,2015,8,16,0
2015-08-17,2015,8,17,0
2015-08-18,2015,8,18,0
2015-08-19,2015,8,19,0
2015-08-20,2015,8,20,0
2015-08-21,2015,8,21,3.7644209
2015-08-22,2015,8,22,0
2015-08-23,2015,8,23,0
2015-08-24,2015,8,24,0
2015-08-25,2015,8,25,8.300771
2015-08-26,2015,8,26,0.014719288
2015-08-27,2015,8,27,0
2015-08-28,2015,8,28,0
2015-08-29,2015,8,29,0
2015-08-30,2015,8,30,0
2015-08-31,2015,8,31,0
2015-09-01,2015,9,1,0
2015-09-02,2015,9,2,0
2015-09-03,2015,9,3,0
2015-09-04,2015,9,4,0
2015-09-05,2015,9,5,0
2015-09-06,2015,9,6,1.9903471
2015-09-07,2015,9,7,11.530489
2015-09-08,2015,9,8,5.3702339
2015-09-09,2015,9,9,33.939853
2015-09-10,2015,9,10,8.391314
2015-09-11,2015,9,11,0.014663009
2015-09-12,2015,9,12,0
2015-09-13,2015,9,13,0
2015-09-14,2015,9,14,0.40786555
2015-09-15,2015,9,15,0.45651821
2015-09-16,2015,9,16,1.4832545
2015-09-17,2015,9,17,0
2015-09-18,2015,9,18,0
2015-09-19,2015,9,19,0
2015-09-20,2015,9,20,0.97821307
2015-09-21,2015,9,21,0.027270884
2015-09-22,2015,9,22,0.96659109
2015-09-23,2015,9,23,0.57372714
2015-09-24,2015,9,24,5.6470673
2015-09-25,2015,9,25,0.019682834
2015-09-26,2015,9,26,0
2015-09-27,2015,9,27,1.7563076
2015-09-28,2015,9,28,0
2015-09-29,2015,9,29,0
2015-09-30,2015,9,30,0.00023519026
2015-10-01,2015,10,1,6.6464455
2015-10-02,2015,10,2,0
2015-10-03,2015,10,3,4.3414123
2015-10-04,2015,10,4,10.548051
2015-10-05,2015,10,5,13.552619
2015-10-06,2015,10,6,12.867306
2015-10-07,2015,10,7,3.5288924
2015-10-08,2015,10,8,0.37438155
2015-10-09,2015,10,9,0
2015-10-10,2015,10,10,0
2015-10-11,2015,10,11,0
2015-10-12,2015,10,12,1.8534122
2015-10-13,2015,10,13,20.450464
2015-10-14,2015,10,14,12.80474
2015-10-15,2015,10,15,0
2015-10-16,2015,10,16,0
2015-10-17,2015,10,17,0
2015-10-18,2015,10,18,0.044749945
2015-10-19,2015,10,19,6.1070234
2015-10-20,2015,10,20,2.9272602
2015-10-21,2015,10,21,0.045548922
2015-10-22,2015,10,22,0
2015-10-23,2015,10,23,0
2015-10-24,2015,10,24,4.2683675
2015-10-25,2015,10,25,0
2015-10-26,2015,10,26,0
2015-10-27,2015,10,27,0
2015-10-28,2015,10,28,0
2015-10-29,2015,10,29,0
2015-10-30,2015,10,30,0
2015-10-31,2015,10,31,0
2015-11-01,2015,11,1,0
2015-11-02,2015,11,2,0
2015-11-03,2015,11,3,0.40675673
2015-11-04,2015,11,4,1.1817997
2015-11-05,2015,11,5,0
2015-11-06,2015,11,6,0
2015-11-07,2015,11,7,0
2015-11-08,2015,11,8,0
2015-11-09,2015,11,9,0.25915938
2015-11-10,2015,11,10,0.91668725
2015-11-11,2015,11,11,4.1622982
2015-11-12,2015,11,12,0
2015-11-13,2015,11,13,0
2015-11-14,2015,11,14,0
2015-11-15,2015,11,15,0
2015-11-16,2015,11,16,0
2015-11-17,2015,11,17,0.004452971
2015-11-18,2015,11,18,5.8913412
2015-11-19,2015,11,19,0
2015-11-20,2015,11,20,0
2015-11-21,2015,11,21,0
2015-11-22,2015,11,22,0
2015-11-23,2015,11,23,0
2015-11-24,2015,11,24,0
2015-11-25,2015,11,25,0
2015-11-26,2015,11,26,3.9442402
2015-11-27,2015,11,27,0
2015-11-28,2015,11,28,0
2015-11-29,2015,11,29,0
2015-11-30,2015,11,30,0
2015-12-01,2015,12,1,0
2015-12-02,2015,12,2,0.0043880853
2015-12-03,2015,12,3,0
2015-12-04,2015,12,4,0
2015-12-05,2015,12,5,0.0088194351
2015-12-06,2015,12,6,0
2015-12-07,2015,12,7,0
2015-12-08,2015,12,8,0
2015-12-09,2015,12,9,0.0087225145
2015-12-10,2015,12,10,0
2015-12-11,2015,12,11,0
2015-12-12,2015,12,12,0.17175635
2015-12-13,2015,12,13,0
2015-12-14,2015,12,14,0
2015-12-15,2015,12,15,0
2015-12-16,2015,12,16,0
2015-12-17,2015,12,17,0.18921967
2015-12-18,2015,12,18,0
2015-12-19,2015,12,19,0
2015-12-20,2015,12,20,0
2015-12-21,2015,12,21,0
2015-12-22,2015,12,22,0
2015-12-23,2015,12,23,0
2015-12-24,2015,12,24,0.003194708
2015-12-25,2015,12,25,0.0025861922
2015-12-26,2015,12,26,0
2015-12-27,2015,12,27,0
2015-12-28,2015,12,28,0.00091277372
2015-12-29,2015,12,29,0
2015-12-30,2015,12,30,0
2015-12-31,2015,12,31,0
2016-01-01,2016,1,1,0
2016-01-02,2016,1,2,0
2016-01-03,2016,1,3,0
2016-01-04,2016,1,4,0.22468228
2016-01-05,2016,1,5,1.8756781
2016-01-06,2016,1,6,0.29016524
2016-01-07,2016,1,7,0.052829647
2016-01-08,2016,1,8,0
2016-01-09,2016,1,9,0
2016-01-10,2016,1,10,0
2016-01-11,2016,1,11,0
2016-01-12,2016,1,12,0
2016-01-13,2016,1,13,0
2016-01-14,2016,1,14,0
2016-01-15,2016,1,15,0
2016-01-16,2016,1,16,0
2016-01-17,2016,1,17,0
2016-01-18,2016,1,18,0
2016-01-19,2016,1,19,0
2016-01-20,2016,1,20,0
2016-01-21,2016,1,21,0
2016-01-22,2016,1,22,0
2016-01-23,2016,1,23,9.2226931
2016-01-24,2016,1,24,2.7750554
2016-01-25,2016,1,25,0.008531006
2016-01-26,2016,1,26,0
2016-01-27,2016,1,27,0
2016-01-28,2016,1,28,0.073964673
2016-01-29,2016,1,29,0.0016096436
2016-01-30,2016,1,30,0.0041879426
2016-01-31,2016,1,31,0.00043987771
2016-02-01,2016,2,1,0.77874532
2016-02-02,2016,2,2,0.032979121
2016-02-03,2016,2,3,0
2016-02-04,2016,2,4,0
2016-02-05,2016,2,5,0
2016-02-06,2016,2,6,0
2016-02-07,2016,2,7,0
2016-02-08,2016,2,8,0
2016-02-09,2016,2,9,0
2016-02-10,2016,2,10,0
2016-02-11,2016,2,11,0
2016-02-12,2016,2,12,0
2016-02-13,2016,2,13,0
2016-02-14,2016,2,14,0
2016-02-15,2016,2,15,0
2016-02-16,2016,2,16,0
2016-02-17,2016,2,17,0
2016-02-18,2016,2,18,0
2016-02-19,2016,2,19,0
2016-02-20,2016,2,20,0
2016-02-21,2016,2,21,0
2016-02-22,2016,2,22,0
2016-02-23,2016,2,23,0
2016-02-24,2016,2,24,0
2016-02-25,2016,2,25,0
2016-02-26,2016,2,26,0
2016-02-27,2016,2,27,0
2016-02-28,2016,2,28,0
2016-02-29,2016,2,29,0
2016-03-01,2016,3,1,0
2016-03-02,2016,3,2,0
2016-03-03,2016,3,3,0
2016-03-04,2016,3,4,0
2016-03-05,2016,3,5,0
2016-03-06,2016,3,6,0
2016-03-07,2016,3,7,0.47562546
2016-03-08,2016,3,8,0
2016-03-09,2016,3,9,0
2016-03-10,2016,3,10,0
2016-03-11,2016,3,11,0
2016-03-12,2016,3,12,0
2016-03-13,2016,3,13,0
2016-03-14,2016,3,14,0
2016-03-15,2016,3,15,0
2016-03-16,2016,3,16,0
2016-03-17,2016,3,17,0
2016-03-18,2016,3,18,0
2016-03-19,2016,3,19,0
2016-03-20,2016,3,20,0
2016-03-21,2016,3,21,0
2016-03-22,2016,3,22,0
2016-03-23,2016,3,23,0
2016-03-24,2016,3,24,0
2016-03-25,2016,3,25,0
2016-03-26,2016,3,26,0
2016-03-27,2016,3,27,0
2016-03-28,2016,3,28,0
2016-03-29,2016,3,29,0
2016-03-30,2016,3,30,0
2016-03-31,2016,3,31,0
2016-04-01,2016,4,1,0.036223258
2016-04-02,2016,4,2,0
2016-04-03,2016,4,3,0
2016-04-04,2016,4,4,0
2016-04-05,2016,4,5,3.8766904
2016-04-06,2016,4,6,0
2016-04-07,2016,4,7,0
2016-04-08,2016,4,8,0
2016-04-09,2016,4,9,0
2016-04-10,2016,4,10,0
2016-04-11,2016,4,11,0
2016-04-12,2016,4,12,0
2016-04-13,2016,4,13,7.3267206
2016-04-14,2016,4,14,46.119831
2016-04-15,2016,4,15,59.337658
2016-04-16,2016,4,16,61.666275
2016-04-17,2016,4,17,25.375804
2016-04-18,2016,4,18,12.937645
2016-04-19,2016,4,19,0.00027764315
2016-04-20,2016,4,20,0
2016-04-21,2016,4,21,0
2016-04-22,2016,4,22,15.267346
2016-04-23,2016,4,23,31.055618
2016-04-24,2016,4,24,20.218884
2016-04-25,2016,4,25,0.85553732
2016-04-26,2016,4,26,0
2016-04-27,2016,4,27,0
2016-04-28,2016,4,28,0
2016-04-29,2016,4,29,0
2016-04-30,2016,4,30,0
2016-05-01,2016,5,1,20.472156
2016-05-02,2016,5,2,4.2026826
2016-05-03,2016,5,3,0
2016-05-04,2016,5,4,0
2016-05-05,2016,5,5,1.0284888
2016-05-06,2016,5,6,0
2016-05-07,2016,5,7,0
2016-05-08,2016,5,8,0
2016-05-09,2016,5,9,0
2016-05-10,2016,5,10,0
2016-05-11,2016,5,11,2.1915087
2016-05-12,2016,5,12,0
2016-05-13,2016,5,13,0
2016-05-14,2016,5,14,5.0073295
2016-05-15,2016,5,15,0
2016-05-16,2016,5,16,0
2016-05-17,2016,5,17,0
2016-05-18,2016,5,18,8.9125994
2016-05-19,2016,5,19,1.1475613
2016-05-20,2016,5,20,0.88161444
2016-05-21,2016,5,21,0
2016-05-22,2016,5,22,0
2016-05-23,2016,5,23,0
2016-05-24,2016,5,24,0
2016-05-25,2016,5,25,5.0608889e-05
2016-05-26,2016,5,26,0
2016-05-27,2016,5,27,0
2016-05-28,2016,5,28,9.7310609
2016-05-29,2016,5,29,21.975655
2016-05-30,2016,5,30,0.69713021
2016-05-31,2016,5,31,0.46171611
2016-06-01,2016,6,1,0.076228289
2016-06-02,2016,6,2,37.308211
2016-06-03,2016,6,3,45.009646
2016-06-04,2016,6,4,5.1426449
2016-06-05,2016,6,5,0.01048448
2016-06-06,2016,6,6,0
2016-06-07,2016,6,7,0.00028974395
2016-06-08,2016,6,8,0.00022500656
2016-06-09,2016,6,9,0
2016-06-10,2016,6,10,2.4796964e-05
2016-06-11,2016,6,11,0.00044777563
2016-06-12,2016,6,12,1.2431792
2016-06-13,2016,6,13,7.237132
2016-06-14,2016,6,14,2.116741
2016-06-15,2016,6,15,0.05614838
2016-06-16,2016,6,16,0
2016-06-17,2016,6,17,0
2016-06-18,2016,6,18,0
2016-06-19,2016,6,19,0
2016-06-20,2016,6,20,0
2016-06-21,2016,6,21,0
2016-06-22,2016,6,22,0
2016-06-23,2016,6,23,0
2016-06-24,2016,6,24,0.01154729
2016-06-25,2016,6,25,0
2016-06-26,2016,6,26,0
2016-06-27,2016,6,27,0
2016-06-28,2016,6,28,0
2016-06-29,2016,6,29,0
2016-06-30,2016,6,30,0
2016-07-01,2016,7,1,0
2016-07-02,2016,7,2,0.4476196
2016-07-03,2016,7,3,1.3870509
2016-07-04,2016,7,4,0.00097422111
2016-07-05,2016,7,5,0
2016-07-06,2016,7,6,0
2016-07-07,2016,7,7,0
2016-07-08,2016,7,8,0
2016-07-09,2016,7,9,0
2016-07-10,2016,7,10,21.488269
2016-07-11,2016,7,11,8.1664388
2016-07-12,2016,7,12,7.4688573
2016-07-13,2016,7,13,21.988349
2016-07-14,2016,7,14,1.2315615
2016-07-15,2016,7,15,0
2016-07-16,2016,7,16,0
2016-07-17,2016,7,17,0
2016-07-18,2016,7,18,0
2016-07-19,2016,7,19,0
2016-07-20,2016,7,20,0
2016-07-21,2016,7,21,0
2016-07-22,2016,7,22,1.2504796
2016-07-23,2016,7,23,0.44566461
2016-07-24,2016,7,24,25.327074
2016-07-25,2016,7,25,4.9257628
2016-07-26,2016,7,26,0
2016-07-27,2016,7,27,0
2016-07-28,2016,7,28,0
2016-07-29,2016,7,29,0
2016-07-30,2016,7,30,0.00060210128
2016-07-31,2016,7,31,0.54125606
2016-08-01,2016,8,1,0
2016-08-02,2016,8,2,0
2016-08-03,2016,8,3,0
2016-08-04,2016,8,4,0
2016-08-05,2016,8,5,0
2016-08-06,2016,8,6,0
2016-08-07,2016,8,7,0
2016-08-08,2016,8,8,0
2016-08-09,2016,8,9,0
2016-08-10,2016,8,10,0
2016-08-11,2016,8,11,0
2016-08-12,2016,8,12,0
2016-08-13,2016,8,13,0
2016-08-14,2016,8,14,6.2771247
2016-08-15,2016,8,15,0
2016-08-16,2016,8,16,0
2016-08-17,2016,8,17,0
2016-08-18,2016,8,18,0
2016-08-19,2016,8,19,0.0072956399
2016-08-20,2016,8,20,0
2016-08-21,2016,8,21,0
2016-08-22,2016,8,22,0
2016-08-23,2016,8,23,0
2016-08-24,2016,8,24,0
2016-08-25,2016,8,25,0
2016-08-26,2016,8,26,0
2016-08-27,2016,8,27,1.0090994
2016-08-28,2016,8,28,0
2016-08-29,2016,8,29,0
2016-08-30,2016,8,30,0
2016-08-31,2016,8,31,18.090535
2016-09-01,2016,9,1,2.7404649
2016-09-02,2016,9,2,0.0089909707
2016-09-03,2016,9,3,0.0043377509
2016-09-04,2016,9,4,0
2016-09-05,2016,9,5,0
2016-09-06,2016,9,6,0
2016-09-07,2016,9,7,0
2016-09-08,2016,9,8,0
2016-09-09,2016,9,9,0
2016-09-10,2016,9,10,0
2016-09-11,2016,9,11,0
2016-09-12,2016,9,12,0
2016-09-13,2016,9,13,0
2016-09-14,2016,9,14,0
2016-09-15,2016,9,15,0
2016-09-16,2016,9,16,0
2016-09-17,2016,9,17,0
2016-09-18,2016,9,18,0
2016-09-19,2016,9,19,0
2016-09-20,2016,9,20,0
2016-09-21,2016,9,21,0
2016-09-22,2016,9,22,0.00013005077
2016-09-23,2016,9,23,0
2016-09-24,2016,9,24,0
2016-09-25,2016,9,25,0
2016-09-26,2016,9,26,0
2016-09-27,2016,9,27,0
2016-09-28,2016,9,28,0
2016-09-29,2016,9,29,0
2016-09-30,2016,9,30,0
2016-10-01,2016,10,1,0
2016-10-02,2016,10,2,0
2016-10-03,2016,10,3,2.3567293
2016-10-04,2016,10,4,0
2016-10-05,2016,10,5,0
2016-10-06,2016,10,6,0.42655932
2016-10-07,2016,10,7,0
2016-10-08,2016,10,8,0
2016-10-09,2016,10,9,0
2016-10-10,2016,10,10,0
2016-10-11,2016,10,11,0
2016-10-12,2016,10,12,3.2483548
2016-10-13,2016,10,13,0
2016-10-14,2016,10,14,0
2016-10-15,2016,10,15,22.073679
2016-10-16,2016,10,16,6.7993265
2016-10-17,2016,10,17,1.5688964
2016-10-18,2016,10,18,0.2757395
2016-10-19,2016,10,19,0
2016-10-20,2016,10,20,0
2016-10-21,2016,10,21,0
2016-10-22,2016,10,22,0
2016-10-23,2016,10,23,1.7876804
2016-10-24,2016,10,24,0.036103622
2016-10-25,2016,10,25,0
2016-10-26,2016,10,26,0
2016-10-27,2016,10,27,0
2016-10-28,2016,10,28,0
2016-10-29,2016,10,29,0
2016-10-30,2016,10,30,5.9634135
2016-10-31,2016,10,31,3.4646023
2016-11-01,2016,11,1,0
2016-11-02,2016,11,2,0
2016-11-03,2016,11,3,0
2016-11-04,2016,11,4,0
2016-11-05,2016,11,5,0
2016-11-06,2016,11,6,0
2016-11-07,2016,11,7,0
2016-11-08,2016,11,8,0
2016-11-09,2016,11,9,0
2016-11-10,2016,11,10,0
2016-11-11,2016,11,11,0
2016-11-12,2016,11,12,0
2016-11-13,2016,11,13,0
2016-11-14,2016,11,14,0
2016-11-15,2016,11,15,0
2016-11-16,2016,11,16,0
2016-11-17,2016,11,17,0
2016-11-18,2016,11,18,0
2016-11-19,2016,11,19,0
2016-11-20,2016,11,20,1.8236672
2016-11-21,2016,11,21,0.36034688
2016-11-22,2016,11,22,0.012789833
2016-11-23,2016,11,23,2.8162985
2016-11-24,2016,11,24,0
2016-11-25,2016,11,25,1.4582424
2016-11-26,2016,11,26,0
2016-11-27,2016,11,27,0
2016-11-28,2016,11,28,0
2016-11-29,2016,11,29,0
2016-11-30,2016,11,30,0
2016-12-01,2016,12,1,0
2016-12-02,2016,12,2,0.00044844585
2016-12-03,2016,12,3,0
2016-12-04,2016,12,4,0
2016-12-05,2016,12,5,0
2016-12-06,2016,12,6,0
2016-12-07,2016,12,7,0.0029713917
2016-12-08,2016,12,8,14.974503
2016-12-09,2016,12,9,5.8220624
2016-12-10,2016,12,10,0.10704306
2016-12-11,2016,12,11,0
2016-12-12,2016,12,12,0
2016-12-13,2016,12,13,0.00074740976
2016-12-14,2016,12,14,0.0038865307
2016-12-15,2016,12,15,0.0046339405
2016-12-16,2016,12,16,0
2016-12-17,2016,12,17,0
2016-12-18,2016,12,18,0
2016-12-19,2016,12,19,0
2016-12-20,2016,12,20,0
2016-12-21,2016,12,21,0
2016-12-22,2016,12,22,0
2016-12-23,2016,12,23,0
2016-12-24,2016,12,24,0
2016-12-25,2016,12,25,5.3302299
2016-12-26,2016,12,26,6.9962165
2016-12-27,2016,12,27,0.21215131
2016-12-28,2016,12,28,0.01524036
2016-12-29,2016,12,29,0
2016-12-30,2016,12,30,0
2016-12-31,2016,12,31,0
2017-01-01,2017,1,1,0
2017-01-02,2017,1,2,0
2017-01-03,2017,1,3,0
2017-01-04,2017,1,4,0
2017-01-05,2017,1,5,0
2017-01-06,2017,1,6,0
2017-01-07,2017,1,7,0
2017-01-08,2017,1,8,0
2017-01-09,2017,1,9,0
2017-01-10,2017,1,10,0.55102999
2017-01-11,2017,1,11,0.03798688
2017-01-12,2017,1,12,0
2017-01-13,2017,1,13,0
2017-01-14,2017,1,14,0
2017-01-15,2017,1,15,0
2017-01-16,2017,1,16,0
2017-01-17,2017,1,17,0
2017-01-18,2017,1,18,0
2017-01-19,2017,1,19,0
2017-01-20,2017,1,20,0.0080938542
2017-01-21,2017,1,21,0.040071219
2017-01-22,2017,1,22,0.0093041104
2017-01-23,2017,1,23,0
2017-01-24,2017,1,24,0.0020013889
2017-01-25,2017,1,25,0.0088043787
2017-01-26,2017,1,26,0.023900241
2017-01-27,2017,1,27,0.0005219135
2017-01-28,2017,1,28,0
2017-01-29,2017,1,29,0.00062042384
2017-01-30,2017,1,30,0.3066955
2017-01-31,2017,1,31,1.4568377
2017-02-01,2017,2,1,0
2017-02-02,2017,2,2,0.0040131545
2017-02-03,2017,2,3,7.7170341
2017-02-04,2017,2,4,5.8199292
2017-02-05,2017,2,5,0.0041064378
2017-02-06,2017,2,6,0
2017-02-07,2017,2,7,0
2017-02-08,2017,2,8,0
2017-02-09,2017,2,9,0
2017-02-10,2017,2,10,0.02798331
2017-02-11,2017,2,11,2.5304444e-05
2017-02-12,2017,2,12,0
2017-02-13,2017,2,13,2.6327586
2017-02-14,2017,2,14,0.80592596
2017-02-15,2017,2,15,0.12162173
2017-02-16,2017,2,16,0.059914631
2017-02-17,2017,2,17,0.22626343
2017-02-18,2017,2,18,6.5025384e-05
2017-02-19,2017,2,19,0
2017-02-20,2017,2,20,0
2017-02-21,2017,2,21,0.00030425791
2017-02-22,2017,2,22,0.028078873
2017-02-23,2017,2,23,0.046069365
2017-02-24,2017,2,24,1.6939261
2017-02-25,2017,2,25,6.4014875
2017-02-26,2017,2,26,3.8340517
2017-02-27,2017,2,27,0.17603249
2017-02-28,2017,2,28,0
2017-03-01,2017,3,1,0
2017-03-02,2017,3,2,0
2017-03-03,2017,3,3,0.52991348
2017-03-04,2017,3,4,0
2017-03-05,2017,3,5,0
2017-03-06,2017,3,6,0
2017-03-07,2017,3,7,0
2017-03-08,2017,3,8,0
2017-03-09,2017,3,9,0
2017-03-10,2017,3,10,0
2017-03-11,2017,3,11,0
2017-03-12,2017,3,12,0
2017-03-13,2017,3,13,0
2017-03-14,2017,3,14,0
2017-03-15,2017,3,15,1.3412102e-05
2017-03-16,2017,3,16,0
2017-03-17,2017,3,17,0
2017-03-18,2017,3,18,0
2017-03-19,2017,3,19,0
2017-03-20,2017,3,20,0.010628601
2017-03-21,2017,3,21,0.00063909385
2017-03-22,2017,3,22,0
2017-03-23,2017,3,23,0
2017-03-24,2017,3,24,0
2017-03-25,2017,3,25,0
2017-03-26,2017,3,26,0
2017-03-27,2017,3,27,0
2017-03-28,2017,3,28,0
2017-03-29,2017,3,29,0.77326649
2017-03-30,2017,3,30,0
2017-03-31,2017,3,31,0
2017-04-01,2017,4,1,0.082366496
2017-04-02,2017,4,2,0
2017-04-03,2017,4,3,0
2017-04-04,2017,4,4,0
2017-04-05,2017,4,5,0
2017-04-06,2017,4,6,1.459531
2017-04-07,2017,4,7,5.4397829
2017-04-08,2017,4,8,0.59578118
2017-04-09,2017,4,9,0
2017-04-10,2017,4,10,0
2017-04-11,2017,4,11,0
2017-04-12,2017,4,12,0
2017-04-13,2017,4,13,0
2017-04-14,2017,4,14,0
2017-04-15,2017,4,15,0
2017-04-16,2017,4,16,0
2017-04-17,2017,4,17,4.5786276
2017-04-18,2017,4,18,0
2017-04-19,2017,4,19,5.265625
2017-04-20,2017,4,20,17.143491
2017-04-21,2017,4,21,0
2017-04-22,2017,4,22,0
2017-04-23,2017,4,23,0
2017-04-24,2017,4,24,0.51321664
2017-04-25,2017,4,25,0
2017-04-26,2017,4,26,0
2017-04-27,2017,4,27,0
2017-04-28,2017,4,28,0
2017-04-29,2017,4,29,0
2017-04-30,2017,4,30,0.00044282778
2017-05-01,2017,5,1,0
2017-05-02,2017,5,2,0.0029732722
2017-05-03,2017,5,3,0
2017-05-04,2017,5,4,0
2017-05-05,2017,5,5,0
2017-05-06,2017,5,6,0.079273608
2017-05-07,2017,5,7,6.0606318
2017-05-08,2017,5,8,0
2017-05-09,2017,5,9,0
2017-05-10,2017,5,10,5.0244538
2017-05-11,2017,5,11,25.724597
2017-05-12,2017,5,12,1.3981426
2017-05-13,2017,5,13,0.00061149467
2017-05-14,2017,5,14,1.5656897
2017-05-15,2017,5,15,0
2017-05-16,2017,5,16,0
2017-05-17,2017,5,17,1.2905947
2017-05-18,2017,5,18,1.1547525
2017-05-19,2017,5,19,0
2017-05-20,2017,5,20,0
2017-05-21,2017,5,21,0
2017-05-22,2017,5,22,0.02556302
2017-05-23,2017,5,23,8.9211706
2017-05-24,2017,5,24,16.333946
2017-05-25,2017,5,25,1.213712
2017-05-26,2017,5,26,0.36258265
2017-05-27,2017,5,27,0.011500778
2017-05-28,2017,5,28,0
2017-05-29,2017,5,29,0
2017-05-30,2017,5,30,0
2017-05-31,2017,5,31,0
2017-06-01,2017,6,1,0
2017-06-02,2017,6,2,0
2017-06-03,2017,6,3,0.00017364799
2017-06-04,2017,6,4,0
2017-06-05,2017,6,5,3.4715749e-06
2017-06-06,2017,6,6,0
2017-06-07,2017,6,7,5.7144097
2017-06-08,2017,6,8,0
2017-06-09,2017,6,9,0
2017-06-10,2017,6,10,0
2017-06-11,2017,6,11,0
2017-06-12,2017,6,12,0
2017-06-13,2017,6,13,0
2017-06-14,2017,6,14,0
2017-06-15,2017,6,15,0
2017-06-16,2017,6,16,43.905295
2017-06-17,2017,6,17,4.9337058
2017-06-18,2017,6,18,0.00012652222
2017-06-19,2017,6,19,0
2017-06-20,2017,6,20,0
2017-06-21,2017,6,21,0.00046106564
2017-06-22,2017,6,22,16.734418
2017-06-23,2017,6,23,0.090626264
2017-06-24,2017,6,24,0
2017-06-25,2017,6,25,0.0055467699
2017-06-26,2017,6,26,0.75181024
2017-06-27,2017,6,27,0.0021439184
2017-06-28,2017,6,28,0.00023170751
2017-06-29,2017,6,29,0
2017-06-30,2017,6,30,0
2017-07-01,2017,7,1,0
2017-07-02,2017,7,2,0
2017-07-03,2017,7,3,0
2017-07-04,2017,7,4,1.5649978
2017-07-05,2017,7,5,0.56729419
2017-07-06,2017,7,6,0.96874264
2017-07-07,2017,7,7,0
2017-07-08,2017,7,8,0
2017-07-09,2017,7,9,0
2017-07-10,2017,7,10,0
2017-07-11,2017,7,11,0
2017-07-12,2017,7,12,0
2017-07-13,2017,7,13,0.51348213
2017-07-14,2017,7,14,7.8820357
2017-07-15,2017,7,15,2.1142432
2017-07-16,2017,7,16,0.004103781
2017-07-17,2017,7,17,0
2017-07-18,2017,7,18,0
2017-07-19,2017,7,19,0
2017-07-20,2017,7,20,0
2017-07-21,2017,7,21,0
2017-07-22,2017,7,22,0
2017-07-23,2017,7,23,16.685459
2017-07-24,2017,7,24,0.032110328
2017-07-25,2017,7,25,0
2017-07-26,2017,7,26,0
2017-07-27,2017,7,27,0
2017-07-28,2017,7,28,0
2017-07-29,2017,7,29,0
2017-07-30,2017,7,30,0
2017-07-31,2017,7,31,0
2017-08-01,2017,8,1,0
2017-08-02,2017,8,2,0
2017-08-03,2017,8,3,0
2017-08-04,2017,8,4,0
2017-08-05,2017,8,5,0
2017-08-06,2017,8,6,0
2017-08-07,2017,8,7,0
2017-08-08,2017,8,8,0
2017-08-09,2017,8,9,15.772386
2017-08-10,2017,8,10,6.1601832
2017-08-11,2017,8,11,2.2962564
2017-08-12,2017,8,12,0.0018713749
2017-08-13,2017,8,13,2.3635134
2017-08-14,2017,8,14,0
2017-08-15,2017,8,15,0
2017-08-16,2017,8,16,0
2017-08-17,2017,8,17,0
2017-08-18,2017,8,18,6.5348579
2017-08-19,2017,8,19,0.59822814
2017-08-20,2017,8,20,0
2017-08-21,2017,8,21,0
2017-08-22,2017,8,22,0
2017-08-23,2017,8,23,0
2017-08-24,2017,8,24,0
2017-08-25,2017,8,25,0
2017-08-26,2017,8,26,0
2017-08-27,2017,8,27,0
2017-08-28,2017,8,28,5.32244
2017-08-29,2017,8,29,0.036817057
2017-08-30,2017,8,30,0
2017-08-31,2017,8,31,0
2017-09-01,2017,9,1,0
2017-09-02,2017,9,2,0
2017-09-03,2017,9,3,1.79567
2017-09-04,2017,9,4,0
2017-09-05,2017,9,5,0
2017-09-06,2017,9,6,0
2017-09-07,2017,9,7,0
2017-09-08,2017,9,8,0
2017-09-09,2017,9,9,0.84274481
2017-09-10,2017,9,10,0.010271741
2017-09-11,2017,9,11,0
2017-09-12,2017,9,12,0
2017-09-13,2017,9,13,0
2017-09-14,2017,9,14,0
2017-09-15,2017,9,15,0
2017-09-16,2017,9,16,0
2017-09-17,2017,9,17,0
2017-09-18,2017,9,18,0
2017-09-19,2017,9,19,0
2017-09-20,2017,9,20,0
2017-09-21,2017,9,21,0
2017-09-22,2017,9,22,0
2017-09-23,2017,9,23,0
2017-09-24,2017,9,24,0
2017-09-25,2017,9,25,0
2017-09-26,2017,9,26,0
2017-09-27,2017,9,27,0
2017-09-28,2017,9,28,1.1926997
2017-09-29,2017,9,29,7.4075016
2017-09-30,2017,9,30,26.734461
2017-10-01,2017,10,1,0.25646742
2017-10-02,2017,10,2,0
2017-10-03,2017,10,3,0
2017-10-04,2017,10,4,30.968522
2017-10-05,2017,10,5,3.4485435
2017-10-06,2017,10,6,0
2017-10-07,2017,10,7,0
2017-10-08,2017,10,8,0
2017-10-09,2017,10,9,0
2017-10-10,2017,10,10,0.1398306
2017-10-11,2017,10,11,0.57501239
2017-10-12,2017,10,12,0
2017-10-13,2017,10,13,0
2017-10-14,2017,10,14,0
2017-10-15,2017,10,15,0
2017-10-16,2017,10,16,0
2017-10-17,2017,10,17,0
2017-10-18,2017,10,18,0
2017-10-19,2017,10,19,0
2017-10-20,2017,10,20,1.2798104
2017-10-21,2017,10,21,0
2017-10-22,2017,10,22,0
2017-10-23,2017,10,23,0
2017-10-24,2017,10,24,0
2017-10-25,2017,10,25,0
2017-10-26,2017,10,26,0
2017-10-27,2017,10,27,0
2017-10-28,2017,10,28,0
2017-10-29,2017,10,29,0.43784855
2017-10-30,2017,10,30,0
2017-10-31,2017,10,31,0
2017-11-01,2017,11,1,4.1688655
2017-11-02,2017,11,2,2.3600024
2017-11-03,2017,11,3,0.25128056
2017-11-04,2017,11,4,0.049770892
2017-11-05,2017,11,5,0
2017-11-06,2017,11,6,0
2017-11-07,2017,11,7,0.34015655
2017-11-08,2017,11,8,0.00062042384
2017-11-09,2017,11,9,0
2017-11-10,2017,11,10,0
2017-11-11,2017,11,11,0
2017-11-12,2017,11,12,0
2017-11-13,2017,11,13,0
2017-11-14,2017,11,14,0
2017-11-15,2017,11,15,0
2017-11-16,2017,11,16,0
2017-11-17,2017,11,17,0
2017-11-18,2017,11,18,0
2017-11-19,2017,11,19,0
2017-11-20,2017,11,20,0.15645208
2017-11-21,2017,11,21,0
2017-11-22,2017,11,22,0
2017-11-23,2017,11,23,0
2017-11-24,2017,11,24,0
2017-11-25,2017,11,25,0
2017-11-26,2017,11,26,0
2017-11-27,2017,11,27,0
2017-11-28,2017,11,28,0
2017-11-29,2017,11,29,0
2017-11-30,2017,11,30,0
2017-12-01,2017,12,1,0
2017-12-02,2017,12,2,0.040751943
2017-12-03,2017,12,3,0
2017-12-04,2017,12,4,0
2017-12-05,2017,12,5,0
2017-12-06,2017,12,6,0.0047159976
2017-12-07,2017,12,7,0
2017-12-08,2017,12,8,0
2017-12-09,2017,12,9,0.014139415
2017-12-10,2017,12,10,0.0013788678
2017-12-11,2017,12,11,7.3280358e-05
2017-12-12,2017,12,12,0
2017-12-13,2017,12,13,0
2017-12-14,2017,12,14,0.0021546114
2017-12-15,2017,12,15,0
2017-12-16,2017,12,16,0
2017-12-17,2017,12,17,0
2017-12-18,2017,12,18,0
2017-12-19,2017,12,19,0
2017-12-20,2017,12,20,0
2017-12-21,2017,12,21,0
2017-12-22,2017,12,22,0
2017-12-23,2017,12,23,0
2017-12-24,2017,12,24,0
2017-12-25,2017,12,25,0
2017-12-26,2017,12,26,0.003413817
2017-12-27,2017,12,27,0.022148868
2017-12-28,2017,12,28,0
2017-12-29,2017,12,29,0
2017-12-30,2017,12,30,0
2017-12-31,2017,12,31,1.5661292
2018-01-01,2018,1,1,0.35785389
2018-01-02,2018,1,2,0
2018-01-03,2018,1,3,0
2018-01-04,2018,1,4,0
2018-01-05,2018,1,5,0
2018-01-06,2018,1,6,0
2018-01-07,2018,1,7,0.014860516
2018-01-08,2018,1,8,3.1120714
2018-01-09,2018,1,9,4.50103
2018-01-10,2018,1,10,3.7628147
2018-01-11,2018,1,11,0.48779998
2018-01-12,2018,1,12,0.00062006694
2018-01-13,2018,1,13,0.034110473
2018-01-14,2018,1,14,0.0007755298
2018-01-15,2018,1,15,0.00015510596
2018-01-16,2018,1,16,0.071675547
2018-01-17,2018,1,17,0.0071204796
2018-01-18,2018,1,18,0
2018-01-19,2018,1,19,2.2548875
2018-01-20,2018,1,20,8.8182828
2018-01-21,2018,1,21,2.5408542
2018-01-22,2018,1,22,0.001810849
2018-01-23,2018,1,23,0
2018-01-24,2018,1,24,0
2018-01-25,2018,1,25,0
2018-01-26,2018,1,26,0
2018-01-27,2018,1,27,0
2018-01-28,2018,1,28,0
2018-01-29,2018,1,29,0
2018-01-30,2018,1,30,0
2018-01-31,2018,1,31,0
2018-02-01,2018,2,1,0
2018-02-02,2018,2,2,0
2018-02-03,2018,2,3,0
2018-02-04,2018,2,4,0
2018-02-05,2018,2,5,3.4335525
2018-02-06,2018,2,6,0.14628682
2018-02-07,2018,2,7,0
2018-02-08,2018,2,8,0
2018-02-09,2018,2,9,0
2018-02-10,2018,2,10,0
2018-02-11,2018,2,11,0
2018-02-12,2018,2,12,0
2018-02-13,2018,2,13,0
2018-02-14,2018,2,14,0
2018-02-15,2018,2,15,0
2018-02-16,2018,2,16,0
2018-02-17,2018,2,17,0
2018-02-18,2018,2,18,0
2018-02-19,2018,2,19,0.11036966
2018-02-20,2018,2,20,0.02559615
2018-02-21,2018,2,21,0
2018-02-22,2018,2,22,0
2018-02-23,2018,2,23,0.34538091
2018-02-24,2018,2,24,0.041497275
2018-02-25,2018,2,25,0
2018-02-26,2018,2,26,0
2018-02-27,2018,2,27,0.012433193
2018-02-28,2018,2,28,0.2110864
2018-03-01,2018,3,1,0.032538165
2018-03-02,2018,3,2,0
2018-03-03,2018,3,3,0
2018-03-04,2018,3,4,0
2018-03-05,2018,3,5,0
2018-03-06,2018,3,6,0
2018-03-07,2018,3,7,0
2018-03-08,2018,3,8,0
2018-03-09,2018,3,9,0
2018-03-10,2018,3,10,0
2018-03-11,2018,3,11,0
2018-03-12,2018,3,12,0
2018-03-13,2018,3,13,0
2018-03-14,2018,3,14,0
2018-03-15,2018,3,15,0
2018-03-16,2018,3,16,0
2018-03-17,2018,3,17,0.01921869
2018-03-18,2018,3,18,0
2018-03-19,2018,3,19,0
2018-03-20,2018,3,20,0
2018-03-21,2018,3,21,0
2018-03-22,2018,3,22,0
2018-03-23,2018,3,23,0
2018-03-24,2018,3,24,0
2018-03-25,2018,3,25,0
2018-03-26,2018,3,26,0
2018-03-27,2018,3,27,0
2018-03-28,2018,3,28,0
2018-03-29,2018,3,29,0
2018-03-30,2018,3,30,0
2018-03-31,2018,3,31,0
2018-04-01,2018,4,1,0
2018-04-02,2018,4,2,0
2018-04-03,2018,4,3,0
2018-04-04,2018,4,4,0
2018-04-05,2018,4,5,0
2018-04-06,2018,4,6,2.5820883
2018-04-07,2018,4,7,0
2018-04-08,2018,4,8,0
2018-04-09,2018,4,9,0
2018-04-10,2018,4,10,6.3523194
2018-04-11,2018,4,11,5.738796
2018-04-12,2018,4,12,0.0010404061
2018-04-13,2018,4,13,0
2018-04-14,2018,4,14,0.0052670561
2018-04-15,2018,4,15,0
2018-04-16,2018,4,16,0
2018-04-17,2018,4,17,0
2018-04-18,2018,4,18,0
2018-04-19,2018,4,19,0
2018-04-20,2018,4,20,0
2018-04-21,2018,4,21,0
2018-04-22,2018,4,22,0
2018-04-23,2018,4,23,0
2018-04-24,2018,4,24,0
2018-04-25,2018,4,25,0
2018-04-26,2018,4,26,0
2018-04-27,2018,4,27,0
2018-04-28,2018,4,28,0
2018-04-29,2018,4,29,0
2018-04-30,2018,4,30,0.0016542428
2018-05-01,2018,5,1,0
2018-05-02,2018,5,2,0
2018-05-03,2018,5,3,0
2018-05-04,2018,5,4,0
2018-05-05,2018,5,5,0
2018-05-06,2018,5,6,0
2018-05-07,2018,5,7,0
2018-05-08,2018,5,8,0
2018-05-09,2018,5,9,4.8732032
2018-05-10,2018,5,10,0
2018-05-11,2018,5,11,0
2018-05-12,2018,5,12,0
2018-05-13,2018,5,13,0
2018-05-14,2018,5,14,0
2018-05-15,2018,5,15,0.48679889
2018-05-16,2018,5,16,0.41527612
2018-05-17,2018,5,17,0
2018-05-18,2018,5,18,0
2018-05-19,2018,5,19,0
2018-05-20,2018,5,20,0
2018-05-21,2018,5,21,0
2018-05-22,2018,5,22,0
2018-05-23,2018,5,23,0
2018-05-24,2018,5,24,0
2018-05-25,2018,5,25,0
2018-05-26,2018,5,26,0
2018-05-27,2018,5,27,0
2018-05-28,2018,5,28,8.052089
2018-05-29,2018,5,29,19.548188
2018-05-30,2018,5,30,0.56318647
2018-05-31,2018,5,31,0.00073728892
2018-06-01,2018,6,1,0
2018-06-02,2018,6,2,0
2018-06-03,2018,6,3,0.0017368723
2018-06-04,2018,6,4,0
2018-06-05,2018,6,5,0.59040273
2018-06-06,2018,6,6,0
2018-06-07,2018,6,7,0
2018-06-08,2018,6,8,0
2018-06-09,2018,6,9,30.135133
2018-06-10,2018,6,10,11.805779
2018-06-11,2018,6,11,1.977802
2018-06-12,2018,6,12,0.6746391
2018-06-13,2018,6,13,0
2018-06-14,2018,6,14,0
2018-06-15,2018,6,15,0
2018-06-16,2018,6,16,0
2018-06-17,2018,6,17,0
2018-06-18,2018,6,18,0
2018-06-19,2018,6,19,0
2018-06-20,2018,6,20,0
2018-06-21,2018,6,21,0
2018-06-22,2018,6,22,0
2018-06-23,2018,6,23,5.358663
2018-06-24,2018,6,24,0.0069433053
2018-06-25,2018,6,25,0
2018-06-26,2018,6,26,0
2018-06-27,2018,6,27,0
2018-06-28,2018,6,28,0.2117066
2018-06-29,2018,6,29,0
2018-06-30,2018,6,30,0
2018-07-01,2018,7,1,1.366354
2018-07-02,2018,7,2,0
2018-07-03,2018,7,3,0.0065908594
2018-07-04,2018,7,4,18.352595
2018-07-05,2018,7,5,11.674738
2018-07-06,2018,7,6,13.829953
2018-07-07,2018,7,7,0
2018-07-08,2018,7,8,0
2018-07-09,2018,7,9,0
2018-07-10,2018,7,10,0
2018-07-11,2018,7,11,0
2018-07-12,2018,7,12,0
2018-07-13,2018,7,13,0
2018-07-14,2018,7,14,0
2018-07-15,2018,7,15,0
2018-07-16,2018,7,16,0.62799385
2018-07-17,2018,7,17,8.6187026
2018-07-18,2018,7,18,2.0273382
2018-07-19,2018,7,19,0.01275893
2018-07-20,2018,7,20,0
2018-07-21,2018,7,21,0
2018-07-22,2018,7,22,0
2018-07-23,2018,7,23,0
2018-07-24,2018,7,24,0
2018-07-25,2018,7,25,0
2018-07-26,2018,7,26,0
2018-07-27,2018,7,27,0.65614734
2018-07-28,2018,7,28,0
2018-07-29,2018,7,29,0
2018-07-30,2018,7,30,0
2018-07-31,2018,7,31,0
2018-08-01,2018,8,1,0
2018-08-02,2018,8,2,0
2018-08-03,2018,8,3,0
2018-08-04,2018,8,4,0
2018-08-05,2018,8,5,0
2018-08-06,2018,8,6,17.567394
2018-08-07,2018,8,7,0.90694962
2018-08-08,2018,8,8,0
2018-08-09,2018,8,9,0
2018-08-10,2018,8,10,0
2018-08-11,2018,8,11,0
2018-08-12,2018,8,12,0
2018-08-13,2018,8,13,0
2018-08-14,2018,8,14,0
2018-08-15,2018,8,15,0
2018-08-16,2018,8,16,0
2018-08-17,2018,8,17,0.050096536
2018-08-18,2018,8,18,2.2292022e-05
2018-08-19,2018,8,19,0
2018-08-20,2018,8,20,0
2018-08-21,2018,8,21,0
2018-08-22,2018,8,22,0
2018-08-23,2018,8,23,4.5211364
2018-08-24,2018,8,24,0
2018-08-25,2018,8,25,0
2018-08-26,2018,8,26,0
2018-08-27,2018,8,27,0
2018-08-28,2018,8,28,0
2018-08-29,2018,8,29,0
2018-08-30,2018,8,30,0.65235991
2018-08-31,2018,8,31,0.11026753
2018-09-01,2018,9,1,0
2018-09-02,2018,9,2,0
2018-09-03,2018,9,3,0
2018-09-04,2018,9,4,0
2018-09-05,2018,9,5,0
2018-09-06,2018,9,6,0
2018-09-07,2018,9,7,0
2018-09-08,2018,9,8,0
2018-09-09,2018,9,9,0
2018-09-10,2018,9,10,0
2018-09-11,2018,9,11,0
2018-09-12,2018,9,12,0
2018-09-13,2018,9,13,0
2018-09-14,2018,9,14,0
2018-09-15,2018,9,15,0
2018-09-16,2018,9,16,0
2018-09-17,2018,9,17,14.505029
2018-09-18,2018,9,18,11.990485
2018-09-19,2018,9,19,0.0096110376
2018-09-20,2018,9,20,0
2018-09-21,2018,9,21,0
2018-09-22,2018,9,22,0
2018-09-23,2018,9,23,0
2018-09-24,2018,9,24,0
2018-09-25,2018,9,25,0
2018-09-26,2018,9,26,0.7225343
2018-09-27,2018,9,27,13.800156
2018-09-28,2018,9,28,24.361667
2018-09-29,2018,9,29,24.358042
2018-09-30,2018,9,30,11.585715
2018-10-01,2018,10,1,0
2018-10-02,2018,10,2,0
2018-10-03,2018,10,3,0
2018-10-04,2018,10,4,0
2018-10-05,2018,10,5,0
2018-10-06,2018,10,6,0
2018-10-07,2018,10,7,6.1858334
2018-10-08,2018,10,8,8.6320613
2018-10-09,2018,10,9,0.16866205
2018-10-10,2018,10,10,13.4825
2018-10-11,2018,10,11,6.7335122
2018-10-12,2018,10,12,0
2018-10-13,2018,10,13,0
2018-10-14,2018,10,14,0
2018-10-15,2018,10,15,0
2018-10-16,2018,10,16,6.6674439
2018-10-17,2018,10,17,0.37149045
2018-10-18,2018,10,18,0
2018-10-19,2018,10,19,0
2018-10-20,2018,10,20,0
2018-10-21,2018,10,21,0
2018-10-22,2018,10,22,0
2018-10-23,2018,10,23,1.9204191
2018-10-24,2018,10,24,0
2018-10-25,2018,10,25,0
2018-10-26,2018,10,26,0
2018-10-27,2018,10,27,0
2018-10-28,2018,10,28,4.4301565
2018-10-29,2018,10,29,9.5598516
2018-10-30,2018,10,30,1.4460101
2018-10-31,2018,10,31,0
2018-11-01,2018,11,1,3.9419353
2018-11-02,2018,11,2,3.2277635
2018-11-03,2018,11,3,0
2018-11-04,2018,11,4,0
2018-11-05,2018,11,5,0
2018-11-06,2018,11,6,0
2018-11-07,2018,11,7,0
2018-11-08,2018,11,8,0
2018-11-09,2018,11,9,0
2018-11-10,2018,11,10,0
2018-11-11,2018,11,11,0.011068325
2018-11-12,2018,11,12,3.9230795
2018-11-13,2018,11,13,0
2018-11-14,2018,11,14,0
2018-11-15,2018,11,15,0
2018-11-16,2018,11,16,0
2018-11-17,2018,11,17,0
2018-11-18,2018,11,18,0
2018-11-19,2018,11,19,0
2018-11-20,2018,11,20,0
2018-11-21,2018,11,21,0
2018-11-22,2018,11,22,0
2018-11-23,2018,11,23,0
2018-11-24,2018,11,24,0
2018-11-25,2018,11,25,0
2018-11-26,2018,11,26,0
2018-11-27,2018,11,27,0
2018-11-28,2018,11,28,0
2018-11-29,2018,11,29,0
2018-11-30,2018,11,30,0
2018-12-01,2018,12,1,0
2018-12-02,2018,12,2,0
2018-12-03,2018,12,3,0.47159453
2018-12-04,2018,12,4,11.190805
2018-12-05,2018,12,5,3.0833484
2018-12-06,2018,12,6,0.10017574
2018-12-07,2018,12,7,0
2018-12-08,2018,12,8,0.075891542
2018-12-09,2018,12,9,0
2018-12-10,2018,12,10,0
2018-12-11,2018,12,11,0
2018-12-12,2018,12,12,0
2018-12-13,2018,12,13,0.31292305
2018-12-14,2018,12,14,0
2018-12-15,2018,12,15,0
2018-12-16,2018,12,16,0
2018-12-17,2018,12,17,0
2018-12-18,2018,12,18,0
2018-12-19,2018,12,19,0
2018-12-20,2018,12,20,0
2018-12-21,2018,12,21,0
2018-12-22,2018,12,22,0.0018255474
2018-12-23,2018,12,23,0.013262576
2018-12-24,2018,12,24,0.00091277372
2018-12-25,2018,12,25,0
2018-12-26,2018,12,26,0
2018-12-27,2018,12,27,0
2018-12-28,2018,12,28,0
2018-12-29,2018,12,29,0
2018-12-30,2018,12,30,0
2018-12-31,2018,12,31,0
2019-01-01,2019,1,1,0
2019-01-02,2019,1,2,0
2019-01-03,2019,1,3,0
2019-01-04,2019,1,4,0
2019-01-05,2019,1,5,0
2019-01-06,2019,1,6,0.18924388
2019-01-07,2019,1,7,0.021696214
2019-01-08,2019,1,8,0
2019-01-09,2019,1,9,0.0017071457
2019-01-10,2019,1,10,0
2019-01-11,2019,1,11,0
2019-01-12,2019,1,12,0.0048299174
2019-01-13,2019,1,13,0.57720734
2019-01-14,2019,1,14,5.0546288
2019-01-15,2019,1,15,0.20033953
2019-01-16,2019,1,16,0
2019-01-17,2019,1,17,1.3563063
2019-01-18,2019,1,18,0.10720393
2019-01-19,2019,1,19,0
2019-01-20,2019,1,20,0
2019-01-21,2019,1,21,0
2019-01-22,2019,1,22,0
2019-01-23,2019,1,23,0
2019-01-24,2019,1,24,0
2019-01-25,2019,1,25,0
2019-01-26,2019,1,26,0
2019-01-27,2019,1,27,0
2019-01-28,2019,1,28,0
2019-01-29,2019,1,29,0
2019-01-30,2019,1,30,0
2019-01-31,2019,1,31,0.11185505
2019-02-01,2019,2,1,0
2019-02-02,2019,2,2,1.80529
2019-02-03,2019,2,3,0.99100839
2019-02-04,2019,2,4,0
2019-02-05,2019,2,5,0
2019-02-06,2019,2,6,0
2019-02-07,2019,2,7,0
2019-02-08,2019,2,8,0
2019-02-09,2019,2,9,0
2019-02-10,2019,2,10,0
2019-02-11,2019,2,11,3.421905
2019-02-12,2019,2,12,0.6990821
2019-02-13,2019,2,13,0
2019-02-14,2019,2,14,0
2019-02-15,2019,2,15,0
2019-02-16,2019,2,16,0
2019-02-17,2019,2,17,0
2019-02-18,2019,2,18,0
2019-02-19,2019,2,19,0
2019-02-20,2019,2,20,0
2019-02-21,2019,2,21,0
2019-02-22,2019,2,22,0
2019-02-23,2019,2,23,0
2019-02-24,2019,2,24,0
2019-02-25,2019,2,25,0
2019-02-26,2019,2,26,0
2019-02-27,2019,2,27,0
2019-02-28,2019,2,28,0
2019-03-01,2019,3,1,0
2019-03-02,2019,3,2,0
2019-03-03,2019,3,3,0
2019-03-04,2019,3,4,0
2019-03-05,2019,3,5,0
2019-03-06,2019,3,6,0
2019-03-07,2019,3,7,0
2019-03-08,2019,3,8,0.75899898
2019-03-09,2019,3,9,0.073412665
2019-03-10,2019,3,10,0
2019-03-11,2019,3,11,0
2019-03-12,2019,3,12,0
2019-03-13,2019,3,13,0
2019-03-14,2019,3,14,0
2019-03-15,2019,3,15,0
2019-03-16,2019,3,16,0
2019-03-17,2019,3,17,0
2019-03-18,2019,3,18,0
2019-03-19,2019,3,19,0
2019-03-20,2019,3,20,0
2019-03-21,2019,3,21,0
2019-03-22,2019,3,22,0
2019-03-23,2019,3,23,0
2019-03-24,2019,3,24,0
2019-03-25,2019,3,25,0
2019-03-26,2019,3,26,0
2019-03-27,2019,3,27,0
2019-03-28,2019,3,28,0
2019-03-29,2019,3,29,0
2019-03-30,2019,3,30,0.49111331
2019-03-31,2019,3,31,0.65179525
2019-04-01,2019,4,1,0
2019-04-02,2019,4,2,6.5025384e-05
2019-04-03,2019,4,3,0
2019-04-04,2019,4,4,0
2019-04-05,2019,4,5,0.00065025384
2019-04-06,2019,4,6,0.0086031999
2019-04-07,2019,4,7,0.0011321881
2019-04-08,2019,4,8,0
2019-04-09,2019,4,9,0
2019-04-10,2019,4,10,0
2019-04-11,2019,4,11,0
2019-04-12,2019,4,12,0
2019-04-13,2019,4,13,0
2019-04-14,2019,4,14,0
2019-04-15,2019,4,15,0
2019-04-16,2019,4,16,0
2019-04-17,2019,4,17,0
2019-04-18,2019,4,18,0
2019-04-19,2019,4,19,0
2019-04-20,2019,4,20,0
2019-04-21,2019,4,21,0
2019-04-22,2019,4,22,0
2019-04-23,2019,4,23,0
2019-04-24,2019,4,24,2.0846634
2019-04-25,2019,4,25,0.0018824901
2019-04-26,2019,4,26,0
2019-04-27,2019,4,27,0
2019-04-28,2019,4,28,0
2019-04-29,2019,4,29,0
2019-04-30,2019,4,30,0
2019-05-01,2019,5,1,0
2019-05-02,2019,5,2,0
2019-05-03,2019,5,3,0
2019-05-04,2019,5,4,0
2019-05-05,2019,5,5,0
2019-05-06,2019,5,6,0
2019-05-07,2019,5,7,0
2019-05-08,2019,5,8,0
2019-05-09,2019,5,9,0
2019-05-10,2019,5,10,0
2019-05-11,2019,5,11,0
2019-05-12,2019,5,12,0
2019-05-13,2019,5,13,0
2019-05-14,2019,5,14,0
2019-05-15,2019,5,15,0
2019-05-16,2019,5,16,0
2019-05-17,2019,5,17,0.24496017
2019-05-18,2019,5,18,0
2019-05-19,2019,5,19,0
2019-05-20,2019,5,20,5.4115089
2019-05-21,2019,5,21,0.53064322
2019-05-22,2019,5,22,0.0014344068
2019-05-23,2019,5,23,0
2019-05-24,2019,5,24,0
2019-05-25,2019,5,25,0
2019-05-26,2019,5,26,0.13957802
2019-05-27,2019,5,27,0
2019-05-28,2019,5,28,6.046619
2019-05-29,2019,5,29,26.96812
2019-05-30,2019,5,30,1.6934606
2019-05-31,2019,5,31,4.3658319
2019-06-01,2019,6,1,0.024048898
2019-06-02,2019,6,2,0
2019-06-03,2019,6,3,0
2019-06-04,2019,6,4,0
2019-06-05,2019,6,5,0
2019-06-06,2019,6,6,1.4141963
2019-06-07,2019,6,7,0
2019-06-08,2019,6,8,0
2019-06-09,2019,6,9,0
2019-06-10,2019,6,10,0
2019-06-11,2019,6,11,0
2019-06-12,2019,6,12,5.7061621
2019-06-13,2019,6,13,6.9501926
2019-06-14,2019,6,14,0.12924359
2019-06-15,2019,6,15,0.079715588
2019-06-16,2019,6,16,0.0052491587
2019-06-17,2019,6,17,0.38051279
2019-06-18,2019,6,18,0
2019-06-19,2019,6,19,0
2019-06-20,2019,6,20,0
2019-06-21,2019,6,21,0
2019-06-22,2019,6,22,0
2019-06-23,2019,6,23,2.6675444
2019-06-24,2019,6,24,19.379801
2019-06-25,2019,6,25,0.07557422
2019-06-26,2019,6,26,0.67305123
2019-06-27,2019,6,27,0.013370904
2019-06-28,2019,6,28,17.363654
2019-06-29,2019,6,29,7.6677828
2019-06-30,2019,6,30,0.59162632
2019-07-01,2019,7,1,0
2019-07-02,2019,7,2,0
2019-07-03,2019,7,3,0
2019-07-04,2019,7,4,0
2019-07-05,2019,7,5,0
2019-07-06,2019,7,6,0
2019-07-07,2019,7,7,0
2019-07-08,2019,7,8,0
2019-07-09,2019,7,9,0
2019-07-10,2019,7,10,0
2019-07-11,2019,7,11,0
2019-07-12,2019,7,12,0
2019-07-13,2019,7,13,0
2019-07-14,2019,7,14,0
2019-07-15,2019,7,15,0
2019-07-16,2019,7,16,0
2019-07-17,2019,7,17,0
2019-07-18,2019,7,18,0
2019-07-19,2019,7,19,0
2019-07-20,2019,7,20,0
2019-07-21,2019,7,21,7.3965888
2019-07-22,2019,7,22,0.019314271
2019-07-23,2019,7,23,0.0050011633
2019-07-24,2019,7,24,0
2019-07-25,2019,7,25,0
2019-07-26,2019,7,26,0
2019-07-27,2019,7,27,0
2019-07-28,2019,7,28,1.2344507
2019-07-29,2019,7,29,0
2019-07-30,2019,7,30,0
2019-07-31,2019,7,31,1.105207
2019-08-01,2019,8,1,0.012088569
2019-08-02,2019,8,2,0
2019-08-03,2019,8,3,0
2019-08-04,2019,8,4,0
2019-08-05,2019,8,5,0
2019-08-06,2019,8,6,0
2019-08-07,2019,8,7,0
2019-08-08,2019,8,8,0
2019-08-09,2019,8,9,0
2019-08-10,2019,8,10,0
2019-08-11,2019,8,11,0.0014038103
2019-08-12,2019,8,12,0
2019-08-13,2019,8,13,0
2019-08-14,2019,8,14,0
2019-08-15,2019,8,15,0
2019-08-16,2019,8,16,0
2019-08-17,2019,8,17,0
2019-08-18,2019,8,18,0
2019-08-19,2019,8,19,7.66817
2019-08-20,2019,8,20,0.028752859
2019-08-21,2019,8,21,1.2154409
2019-08-22,2019,8,22,0
2019-08-23,2019,8,23,0
2019-08-24,2019,8,24,0
2019-08-25,2019,8,25,0
2019-08-26,2019,8,26,0
2019-08-27,2019,8,27,0
2019-08-28,2019,8,28,0
2019-08-29,2019,8,29,0
2019-08-30,2019,8,30,0
2019-08-31,2019,8,31,0
2019-09-01,2019,9,1,0
2019-09-02,2019,9,2,0
2019-09-03,2019,9,3,0
2019-09-04,2019,9,4,0
2019-09-05,2019,9,5,2.6026226
2019-09-06,2019,9,6,4.9106954
2019-09-07,2019,9,7,0.49358307
2019-09-08,2019,9,8,1.029373
2019-09-09,2019,9,9,0.49252391
2019-09-10,2019,9,10,0
2019-09-11,2019,9,11,0
2019-09-12,2019,9,12,0
2019-09-13,2019,9,13,0
2019-09-14,2019,9,14,0
2019-09-15,2019,9,15,0.11061548
2019-09-16,2019,9,16,0
2019-09-17,2019,9,17,0
2019-09-18,2019,9,18,0
2019-09-19,2019,9,19,0.89198513
2019-09-20,2019,9,20,0.0015005222
2019-09-21,2019,9,21,0
2019-09-22,2019,9,22,0
2019-09-23,2019,9,23,0.0056372593
2019-09-24,2019,9,24,0.01258759
2019-09-25,2019,9,25,0
2019-09-26,2019,9,26,0
2019-09-27,2019,9,27,0
2019-09-28,2019,9,28,0
2019-09-29,2019,9,29,0
2019-09-30,2019,9,30,1.536686
2019-10-01,2019,10,1,2.739148
2019-10-02,2019,10,2,0
2019-10-03,2019,10,3,0
2019-10-04,2019,10,4,0
2019-10-05,2019,10,5,0
2019-10-06,2019,10,6,0
2019-10-07,2019,10,7,0
2019-10-08,2019,10,8,0
2019-10-09,2019,10,9,0
2019-10-10,2019,10,10,0
2019-10-11,2019,10,11,0
2019-10-12,2019,10,12,0
2019-10-13,2019,10,13,1.1752916
2019-10-14,2019,10,14,3.9363178
2019-10-15,2019,10,15,0
2019-10-16,2019,10,16,0.55579476
2019-10-17,2019,10,17,0
2019-10-18,2019,10,18,0
2019-10-19,2019,10,19,1.918735
2019-10-20,2019,10,20,0
2019-10-21,2019,10,21,0
2019-10-22,2019,10,22,0
2019-10-23,2019,10,23,0
2019-10-24,2019,10,24,0
2019-10-25,2019,10,25,0
2019-10-26,2019,10,26,0
2019-10-27,2019,10,27,3.1868971
2019-10-28,2019,10,28,0.44046607
2019-10-29,2019,10,29,0
2019-10-30,2019,10,30,0
2019-10-31,2019,10,31,0
2019-11-01,2019,11,1,0
2019-11-02,2019,11,2,0
2019-11-03,2019,11,3,0
2019-11-04,2019,11,4,0
2019-11-05,2019,11,5,0
2019-11-06,2019,11,6,0
2019-11-07,2019,11,7,0
2019-11-08,2019,11,8,0
2019-11-09,2019,11,9,0
2019-11-10,2019,11,10,0
2019-11-11,2019,11,11,0
2019-11-12,2019,11,12,0
2019-11-13,2019,11,13,0
2019-11-14,2019,11,14,0
2019-11-15,2019,11,15,0
2019-11-16,2019,11,16,0
2019-11-17,2019,11,17,0
2019-11-18,2019,11,18,0
2019-11-19,2019,11,19,0
2019-11-20,2019,11,20,0
2019-11-21,2019,11,21,0
2019-11-22,2019,11,22,0
2019-11-23,2019,11,23,0
2019-11-24,2019,11,24,0
2019-11-25,2019,11,25,0.66004166
2019-11-26,2019,11,26,0
2019-11-27,2019,11,27,0
2019-11-28,2019,11,28,0
2019-11-29,2019,11,29,0
2019-11-30,2019,11,30,0.23202831
2019-12-01,2019,12,1,0.0051214372
2019-12-02,2019,12,2,0
2019-12-03,2019,12,3,0.0017956941
2019-12-04,2019,12,4,0.031247712
2019-12-05,2019,12,5,0
2019-12-06,2019,12,6,0
2019-12-07,2019,12,7,0.0036887403
2019-12-08,2019,12,8,0.062624137
2019-12-09,2019,12,9,0.096989318
2019-12-10,2019,12,10,0
2019-12-11,2019,12,11,0
2019-12-12,2019,12,12,0
2019-12-13,2019,12,13,0
2019-12-14,2019,12,14,3.1993174
2019-12-15,2019,12,15,0.031921704
2019-12-16,2019,12,16,0
2019-12-17,2019,12,17,0
2019-12-18,2019,12,18,0
2019-12-19,2019,12,19,0
2019-12-20,2019,12,20,0
2019-12-21,2019,12,21,0
2019-12-22,2019,12,22,0
2019-12-23,2019,12,23,0
2019-12-24,2019,12,24,0
2019-12-25,2019,12,25,0
2019-12-26,2019,12,26,0
2019-12-27,2019,12,27,0
2019-12-28,2019,12,28,0
2019-12-29,2019,12,29,0
2019-12-30,2019,12,30,0
2019-12-31,2019,12,31,0
2020-01-01,2020,1,1,0.17898667
2020-01-02,2020,1,2,0.16430623
2020-01-03,2020,1,3,0
2020-01-04,2020,1,4,0
2020-01-05,2020,1,5,7.2828214
2020-01-06,2020,1,6,0.87222343
2020-01-07,2020,1,7,0
2020-01-08,2020,1,8,1.1505162
2020-01-09,2020,1,9,0
2020-01-10,2020,1,10,0
2020-01-11,2020,1,11,0
2020-01-12,2020,1,12,0
2020-01-13,2020,1,13,0
2020-01-14,2020,1,14,0
2020-01-15,2020,1,15,0
2020-01-16,2020,1,16,0
2020-01-17,2020,1,17,0
2020-01-18,2020,1,18,0
2020-01-19,2020,1,19,0
2020-01-20,2020,1,20,0.0054357215
2020-01-21,2020,1,21,0
2020-01-22,2020,1,22,0
2020-01-23,2020,1,23,0
2020-01-24,2020,1,24,0
2020-01-25,2020,1,25,0
2020-01-26,2020,1,26,0
2020-01-27,2020,1,27,0
2020-01-28,2020,1,28,0
2020-01-29,2020,1,29,0.85185054
2020-01-30,2020,1,30,0.23017901
2020-01-31,2020,1,31,0
2020-02-01,2020,2,1,0
2020-02-02,2020,2,2,0
2020-02-03,2020,2,3,0
2020-02-04,2020,2,4,0
2020-02-05,2020,2,5,0
2020-02-06,2020,2,6,0
2020-02-07,2020,2,7,0
2020-02-08,2020,2,8,0
2020-02-09,2020,2,9,0
2020-02-10,2020,2,10,0
2020-02-11,2020,2,11,0
2020-02-12,2020,2,12,0
2020-02-13,2020,2,13,0
2020-02-14,2020,2,14,0
2020-02-15,2020,2,15,0
2020-02-16,2020,2,16,0
2020-02-17,2020,2,17,0
2020-02-18,2020,2,18,0
2020-02-19,2020,2,19,0
2020-02-20,2020,2,20,0
2020-02-21,2020,2,21,0
2020-02-22,2020,2,22,0
2020-02-23,2020,2,23,0
2020-02-24,2020,2,24,0
2020-02-25,2020,2,25,0
2020-02-26,2020,2,26,0
2020-02-27,2020,2,27,0
2020-02-28,2020,2,28,0
2020-02-29,2020,2,29,0.012157991
2020-03-01,2020,3,1,0
2020-03-02,2020,3,2,0
2020-03-03,2020,3,3,0
2020-03-04,2020,3,4,0
2020-03-05,2020,3,5,0
2020-03-06,2020,3,6,0
2020-03-07,2020,3,7,0
2020-03-08,2020,3,8,0
2020-03-09,2020,3,9,0
2020-03-10,2020,3,10,0
2020-03-11,2020,3,11,0
2020-03-12,2020,3,12,0
2020-03-13,2020,3,13,0
2020-03-14,2020,3,14,0
2020-03-15,2020,3,15,0
2020-03-16,2020,3,16,0
2020-03-17,2020,3,17,0
2020-03-18,2020,3,18,0
2020-03-19,2020,3,19,0
2020-03-20,2020,3,20,0
2020-03-21,2020,3,21,0
2020-03-22,2020,3,22,0
2020-03-23,2020,3,23,0
2020-03-24,2020,3,24,0
2020-03-25,2020,3,25,0
2020-03-26,2020,3,26,0
2020-03-27,2020,3,27,0
2020-03-28,2020,3,28,0
2020-03-29,2020,3,29,0
2020-03-30,2020,3,30,0
2020-03-31,2020,3,31,0
2020-04-01,2020,4,1,0
2020-04-02,2020,4,2,0
2020-04-03,2020,4,3,0
2020-04-04,2020,4,4,0
2020-04-05,2020,4,5,0
2020-04-06,2020,4,6,0
2020-04-07,2020,4,7,0
2020-04-08,2020,4,8,0
2020-04-09,2020,4,9,0
2020-04-10,2020,4,10,0
2020-04-11,2020,4,11,0.028253613
2020-04-12,2020,4,12,11.094356
2020-04-13,2020,4,13,0.0005168514
2020-04-14,2020,4,14,0
2020-04-15,2020,4,15,0
2020-04-16,2020,4,16,0.027409114
2020-04-17,2020,4,17,0.019062074
2020-04-18,2020,4,18,0.0014305584
2020-04-19,2020,4,19,0.00084532999
2020-04-20,2020,4,20,0
2020-04-21,2020,4,21,0
2020-04-22,2020,4,22,0
2020-04-23,2020,4,23,0.016126237
2020-04-24,2020,4,24,1.1498232
2020-04-25,2020,4,25,0
2020-04-26,2020,4,26,0
2020-04-27,2020,4,27,1.13701
2020-04-28,2020,4,28,0
2020-04-29,2020,4,29,0
2020-04-30,2020,4,30,0
