"date","year","month","day","7350001"
1979-01-01,1979,1,1,0
1979-01-02,1979,1,2,0
1979-01-03,1979,1,3,0
1979-01-04,1979,1,4,0
1979-01-05,1979,1,5,0
1979-01-06,1979,1,6,0
1979-01-07,1979,1,7,0
1979-01-08,1979,1,8,0
1979-01-09,1979,1,9,0
1979-01-10,1979,1,10,0
1979-01-11,1979,1,11,0
1979-01-12,1979,1,12,3.6726061
1979-01-13,1979,1,13,0
1979-01-14,1979,1,14,0
1979-01-15,1979,1,15,0
1979-01-16,1979,1,16,0
1979-01-17,1979,1,17,0
1979-01-18,1979,1,18,0
1979-01-19,1979,1,19,0
1979-01-20,1979,1,20,0
1979-01-21,1979,1,21,0
1979-01-22,1979,1,22,0
1979-01-23,1979,1,23,0
1979-01-24,1979,1,24,0
1979-01-25,1979,1,25,0
1979-01-26,1979,1,26,0
1979-01-27,1979,1,27,0
1979-01-28,1979,1,28,0
1979-01-29,1979,1,29,0
1979-01-30,1979,1,30,0
1979-01-31,1979,1,31,0
1979-02-01,1979,2,1,0
1979-02-02,1979,2,2,0
1979-02-03,1979,2,3,0
1979-02-04,1979,2,4,0
1979-02-05,1979,2,5,0
1979-02-06,1979,2,6,0
1979-02-07,1979,2,7,0
1979-02-08,1979,2,8,0
1979-02-09,1979,2,9,0.075182575
1979-02-10,1979,2,10,0
1979-02-11,1979,2,11,0
1979-02-12,1979,2,12,0
1979-02-13,1979,2,13,6.2550373
1979-02-14,1979,2,14,18.264593
1979-02-15,1979,2,15,0
1979-02-16,1979,2,16,0
1979-02-17,1979,2,17,0
1979-02-18,1979,2,18,0
1979-02-19,1979,2,19,0
1979-02-20,1979,2,20,0
1979-02-21,1979,2,21,0
1979-02-22,1979,2,22,0
1979-02-23,1979,2,23,0
1979-02-24,1979,2,24,0
1979-02-25,1979,2,25,0
1979-02-26,1979,2,26,0
1979-02-27,1979,2,27,0
1979-02-28,1979,2,28,0
1979-03-01,1979,3,1,0
1979-03-02,1979,3,2,0
1979-03-03,1979,3,3,0
1979-03-04,1979,3,4,0
1979-03-05,1979,3,5,0
1979-03-06,1979,3,6,0
1979-03-07,1979,3,7,0
1979-03-08,1979,3,8,0
1979-03-09,1979,3,9,0
1979-03-10,1979,3,10,0
1979-03-11,1979,3,11,0
1979-03-12,1979,3,12,0
1979-03-13,1979,3,13,0
1979-03-14,1979,3,14,0
1979-03-15,1979,3,15,0
1979-03-16,1979,3,16,0
1979-03-17,1979,3,17,0
1979-03-18,1979,3,18,0
1979-03-19,1979,3,19,0
1979-03-20,1979,3,20,0
1979-03-21,1979,3,21,0
1979-03-22,1979,3,22,0
1979-03-23,1979,3,23,0
1979-03-24,1979,3,24,0
1979-03-25,1979,3,25,0
1979-03-26,1979,3,26,0
1979-03-27,1979,3,27,0
1979-03-28,1979,3,28,0
1979-03-29,1979,3,29,0
1979-03-30,1979,3,30,0
1979-03-31,1979,3,31,0
1979-04-01,1979,4,1,0
1979-04-02,1979,4,2,0
1979-04-03,1979,4,3,0
1979-04-04,1979,4,4,0
1979-04-05,1979,4,5,0
1979-04-06,1979,4,6,0
1979-04-07,1979,4,7,0
1979-04-08,1979,4,8,0
1979-04-09,1979,4,9,0
1979-04-10,1979,4,10,0
1979-04-11,1979,4,11,0
1979-04-12,1979,4,12,0
1979-04-13,1979,4,13,0
1979-04-14,1979,4,14,0
1979-04-15,1979,4,15,0
1979-04-16,1979,4,16,0
1979-04-17,1979,4,17,0
1979-04-18,1979,4,18,0
1979-04-19,1979,4,19,0
1979-04-20,1979,4,20,0
1979-04-21,1979,4,21,0
1979-04-22,1979,4,22,0
1979-04-23,1979,4,23,0
1979-04-24,1979,4,24,0
1979-04-25,1979,4,25,0
1979-04-26,1979,4,26,0
1979-04-27,1979,4,27,22.849804
1979-04-28,1979,4,28,12.532192
1979-04-29,1979,4,29,0
1979-04-30,1979,4,30,1.225299
1979-05-01,1979,5,1,45.737475
1979-05-02,1979,5,2,25.404537
1979-05-03,1979,5,3,0
1979-05-04,1979,5,4,0
1979-05-05,1979,5,5,0
1979-05-06,1979,5,6,0
1979-05-07,1979,5,7,0
1979-05-08,1979,5,8,0
1979-05-09,1979,5,9,10.029424
1979-05-10,1979,5,10,6.3852997
1979-05-11,1979,5,11,0
1979-05-12,1979,5,12,0
1979-05-13,1979,5,13,0
1979-05-14,1979,5,14,0.019851109
1979-05-15,1979,5,15,22.348761
1979-05-16,1979,5,16,43.379557
1979-05-17,1979,5,17,39.989218
1979-05-18,1979,5,18,0
1979-05-19,1979,5,19,0
1979-05-20,1979,5,20,12.909543
1979-05-21,1979,5,21,5.4804465
1979-05-22,1979,5,22,0
1979-05-23,1979,5,23,0
1979-05-24,1979,5,24,18.399486
1979-05-25,1979,5,25,0
1979-05-26,1979,5,26,0
1979-05-27,1979,5,27,19.206504
1979-05-28,1979,5,28,0
1979-05-29,1979,5,29,0
1979-05-30,1979,5,30,0
1979-05-31,1979,5,31,0
1979-06-01,1979,6,1,0
1979-06-02,1979,6,2,16.992252
1979-06-03,1979,6,3,0
1979-06-04,1979,6,4,0
1979-06-05,1979,6,5,0
1979-06-06,1979,6,6,0
1979-06-07,1979,6,7,0
1979-06-08,1979,6,8,0
1979-06-09,1979,6,9,0
1979-06-10,1979,6,10,0
1979-06-11,1979,6,11,0
1979-06-12,1979,6,12,0
1979-06-13,1979,6,13,0
1979-06-14,1979,6,14,0
1979-06-15,1979,6,15,0
1979-06-16,1979,6,16,0
1979-06-17,1979,6,17,0
1979-06-18,1979,6,18,20.819233
1979-06-19,1979,6,19,0.3426078
1979-06-20,1979,6,20,0
1979-06-21,1979,6,21,0
1979-06-22,1979,6,22,15.057971
1979-06-23,1979,6,23,0
1979-06-24,1979,6,24,0
1979-06-25,1979,6,25,0
1979-06-26,1979,6,26,0
1979-06-27,1979,6,27,0
1979-06-28,1979,6,28,0
1979-06-29,1979,6,29,0
1979-06-30,1979,6,30,0
1979-07-01,1979,7,1,0
1979-07-02,1979,7,2,0
1979-07-03,1979,7,3,0
1979-07-04,1979,7,4,0
1979-07-05,1979,7,5,0
1979-07-06,1979,7,6,0
1979-07-07,1979,7,7,0
1979-07-08,1979,7,8,0
1979-07-09,1979,7,9,0
1979-07-10,1979,7,10,0
1979-07-11,1979,7,11,0
1979-07-12,1979,7,12,11.780106
1979-07-13,1979,7,13,0
1979-07-14,1979,7,14,0
1979-07-15,1979,7,15,0
1979-07-16,1979,7,16,0
1979-07-17,1979,7,17,22.270093
1979-07-18,1979,7,18,0
1979-07-19,1979,7,19,0
1979-07-20,1979,7,20,0
1979-07-21,1979,7,21,0
1979-07-22,1979,7,22,12.39597
1979-07-23,1979,7,23,76.868056
1979-07-24,1979,7,24,19.329155
1979-07-25,1979,7,25,74.341682
1979-07-26,1979,7,26,47.541827
1979-07-27,1979,7,27,121.2148
1979-07-28,1979,7,28,108.47506
1979-07-29,1979,7,29,92.115406
1979-07-30,1979,7,30,101.2472
1979-07-31,1979,7,31,42.375274
1979-08-01,1979,8,1,7.4503434
1979-08-02,1979,8,2,1.8182435e-15
1979-08-03,1979,8,3,49.995985
1979-08-04,1979,8,4,13.59928
1979-08-05,1979,8,5,24.056286
1979-08-06,1979,8,6,10.54323
1979-08-07,1979,8,7,0
1979-08-08,1979,8,8,0
1979-08-09,1979,8,9,0
1979-08-10,1979,8,10,0
1979-08-11,1979,8,11,0
1979-08-12,1979,8,12,0
1979-08-13,1979,8,13,0
1979-08-14,1979,8,14,0
1979-08-15,1979,8,15,0
1979-08-16,1979,8,16,0
1979-08-17,1979,8,17,0
1979-08-18,1979,8,18,0
1979-08-19,1979,8,19,0
1979-08-20,1979,8,20,35.143107
1979-08-21,1979,8,21,23.790429
1979-08-22,1979,8,22,9.0924225
1979-08-23,1979,8,23,57.32637
1979-08-24,1979,8,24,55.140681
1979-08-25,1979,8,25,29.29897
1979-08-26,1979,8,26,42.883809
1979-08-27,1979,8,27,17.212258
1979-08-28,1979,8,28,0
1979-08-29,1979,8,29,72.953617
1979-08-30,1979,8,30,68.666163
1979-08-31,1979,8,31,7.3149397
1979-09-01,1979,9,1,0.26472289
1979-09-02,1979,9,2,0
1979-09-03,1979,9,3,0
1979-09-04,1979,9,4,0
1979-09-05,1979,9,5,0
1979-09-06,1979,9,6,0
1979-09-07,1979,9,7,0
1979-09-08,1979,9,8,0
1979-09-09,1979,9,9,0
1979-09-10,1979,9,10,8.5200398
1979-09-11,1979,9,11,1.81809
1979-09-12,1979,9,12,5.0412528
1979-09-13,1979,9,13,17.910415
1979-09-14,1979,9,14,16.352119
1979-09-15,1979,9,15,0
1979-09-16,1979,9,16,0
1979-09-17,1979,9,17,0
1979-09-18,1979,9,18,0
1979-09-19,1979,9,19,15.011233
1979-09-20,1979,9,20,1.014217
1979-09-21,1979,9,21,2.4971162
1979-09-22,1979,9,22,70.813131
1979-09-23,1979,9,23,30.384638
1979-09-24,1979,9,24,13.502385
1979-09-25,1979,9,25,48.325821
1979-09-26,1979,9,26,4.4896917
1979-09-27,1979,9,27,0
1979-09-28,1979,9,28,0
1979-09-29,1979,9,29,0
1979-09-30,1979,9,30,7.9524285
1979-10-01,1979,10,1,0
1979-10-02,1979,10,2,0.0152454
1979-10-03,1979,10,3,0
1979-10-04,1979,10,4,0
1979-10-05,1979,10,5,0
1979-10-06,1979,10,6,0
1979-10-07,1979,10,7,0
1979-10-08,1979,10,8,0
1979-10-09,1979,10,9,0
1979-10-10,1979,10,10,0
1979-10-11,1979,10,11,0
1979-10-12,1979,10,12,0
1979-10-13,1979,10,13,0
1979-10-14,1979,10,14,0
1979-10-15,1979,10,15,0
1979-10-16,1979,10,16,0
1979-10-17,1979,10,17,0
1979-10-18,1979,10,18,0
1979-10-19,1979,10,19,0
1979-10-20,1979,10,20,0
1979-10-21,1979,10,21,0
1979-10-22,1979,10,22,0
1979-10-23,1979,10,23,0
1979-10-24,1979,10,24,5.007954
1979-10-25,1979,10,25,0
1979-10-26,1979,10,26,6.9637565
1979-10-27,1979,10,27,0
1979-10-28,1979,10,28,0.25181576
1979-10-29,1979,10,29,11.27029
1979-10-30,1979,10,30,0
1979-10-31,1979,10,31,0
1979-11-01,1979,11,1,0
1979-11-02,1979,11,2,0
1979-11-03,1979,11,3,0
1979-11-04,1979,11,4,0
1979-11-05,1979,11,5,0
1979-11-06,1979,11,6,34.532659
1979-11-07,1979,11,7,11.164948
1979-11-08,1979,11,8,0
1979-11-09,1979,11,9,0
1979-11-10,1979,11,10,0
1979-11-11,1979,11,11,16.731112
1979-11-12,1979,11,12,14.785523
1979-11-13,1979,11,13,0
1979-11-14,1979,11,14,0
1979-11-15,1979,11,15,0
1979-11-16,1979,11,16,11.210409
1979-11-17,1979,11,17,27.299761
1979-11-18,1979,11,18,5.4064061
1979-11-19,1979,11,19,20.754313
1979-11-20,1979,11,20,12.29106
1979-11-21,1979,11,21,2.2388895
1979-11-22,1979,11,22,0
1979-11-23,1979,11,23,0
1979-11-24,1979,11,24,0
1979-11-25,1979,11,25,0
1979-11-26,1979,11,26,0
1979-11-27,1979,11,27,0
1979-11-28,1979,11,28,2.4697902
1979-11-29,1979,11,29,0
1979-11-30,1979,11,30,0
1979-12-01,1979,12,1,0
1979-12-02,1979,12,2,0
1979-12-03,1979,12,3,0
1979-12-04,1979,12,4,13.592011
1979-12-05,1979,12,5,65.556087
1979-12-06,1979,12,6,19.835877
1979-12-07,1979,12,7,0
1979-12-08,1979,12,8,0
1979-12-09,1979,12,9,0
1979-12-10,1979,12,10,11.790259
1979-12-11,1979,12,11,37.052012
1979-12-12,1979,12,12,0.23182758
1979-12-13,1979,12,13,0.40012855
1979-12-14,1979,12,14,0
1979-12-15,1979,12,15,0
1979-12-16,1979,12,16,0
1979-12-17,1979,12,17,0
1979-12-18,1979,12,18,0
1979-12-19,1979,12,19,0
1979-12-20,1979,12,20,2.9795583
1979-12-21,1979,12,21,0.78364926
1979-12-22,1979,12,22,0
1979-12-23,1979,12,23,0
1979-12-24,1979,12,24,0
1979-12-25,1979,12,25,0
1979-12-26,1979,12,26,0
1979-12-27,1979,12,27,0
1979-12-28,1979,12,28,0
1979-12-29,1979,12,29,0
1979-12-30,1979,12,30,0
1979-12-31,1979,12,31,0
1980-01-01,1980,1,1,0
1980-01-02,1980,1,2,0
1980-01-03,1980,1,3,0
1980-01-04,1980,1,4,0
1980-01-05,1980,1,5,0
1980-01-06,1980,1,6,0
1980-01-07,1980,1,7,0
1980-01-08,1980,1,8,0
1980-01-09,1980,1,9,0
1980-01-10,1980,1,10,0
1980-01-11,1980,1,11,0
1980-01-12,1980,1,12,0
1980-01-13,1980,1,13,0
1980-01-14,1980,1,14,0
1980-01-15,1980,1,15,0
1980-01-16,1980,1,16,0
1980-01-17,1980,1,17,0
1980-01-18,1980,1,18,0
1980-01-19,1980,1,19,0
1980-01-20,1980,1,20,0
1980-01-21,1980,1,21,0
1980-01-22,1980,1,22,0
1980-01-23,1980,1,23,0
1980-01-24,1980,1,24,0
1980-01-25,1980,1,25,0
1980-01-26,1980,1,26,0
1980-01-27,1980,1,27,0
1980-01-28,1980,1,28,0
1980-01-29,1980,1,29,0
1980-01-30,1980,1,30,0
1980-01-31,1980,1,31,0.013795752
1980-02-01,1980,2,1,0
1980-02-02,1980,2,2,0.026066102
1980-02-03,1980,2,3,0
1980-02-04,1980,2,4,0
1980-02-05,1980,2,5,0
1980-02-06,1980,2,6,1.1873596
1980-02-07,1980,2,7,0
1980-02-08,1980,2,8,46.114422
1980-02-09,1980,2,9,0
1980-02-10,1980,2,10,0.16355158
1980-02-11,1980,2,11,65.062683
1980-02-12,1980,2,12,0
1980-02-13,1980,2,13,0
1980-02-14,1980,2,14,0
1980-02-15,1980,2,15,0
1980-02-16,1980,2,16,0
1980-02-17,1980,2,17,0
1980-02-18,1980,2,18,0
1980-02-19,1980,2,19,0
1980-02-20,1980,2,20,1.1495588
1980-02-21,1980,2,21,0
1980-02-22,1980,2,22,0.11012039
1980-02-23,1980,2,23,0.15548896
1980-02-24,1980,2,24,0
1980-02-25,1980,2,25,0
1980-02-26,1980,2,26,5.1645616
1980-02-27,1980,2,27,0.82735645
1980-02-28,1980,2,28,61.409081
1980-02-29,1980,2,29,15.401366
1980-03-01,1980,3,1,0
1980-03-02,1980,3,2,0
1980-03-03,1980,3,3,0
1980-03-04,1980,3,4,23.700347
1980-03-05,1980,3,5,0
1980-03-06,1980,3,6,0
1980-03-07,1980,3,7,0
1980-03-08,1980,3,8,0
1980-03-09,1980,3,9,0
1980-03-10,1980,3,10,0
1980-03-11,1980,3,11,0
1980-03-12,1980,3,12,0
1980-03-13,1980,3,13,0
1980-03-14,1980,3,14,0
1980-03-15,1980,3,15,0
1980-03-16,1980,3,16,0
1980-03-17,1980,3,17,0
1980-03-18,1980,3,18,0
1980-03-19,1980,3,19,0
1980-03-20,1980,3,20,0
1980-03-21,1980,3,21,0
1980-03-22,1980,3,22,0
1980-03-23,1980,3,23,0
1980-03-24,1980,3,24,0
1980-03-25,1980,3,25,0
1980-03-26,1980,3,26,0
1980-03-27,1980,3,27,0
1980-03-28,1980,3,28,0
1980-03-29,1980,3,29,0
1980-03-30,1980,3,30,0
1980-03-31,1980,3,31,0
1980-04-01,1980,4,1,0
1980-04-02,1980,4,2,5.6324757
1980-04-03,1980,4,3,20.546503
1980-04-04,1980,4,4,0
1980-04-05,1980,4,5,0
1980-04-06,1980,4,6,0
1980-04-07,1980,4,7,16.492551
1980-04-08,1980,4,8,57.242238
1980-04-09,1980,4,9,121.53625
1980-04-10,1980,4,10,47.946612
1980-04-11,1980,4,11,0
1980-04-12,1980,4,12,5.4841188
1980-04-13,1980,4,13,0
1980-04-14,1980,4,14,0
1980-04-15,1980,4,15,0
1980-04-16,1980,4,16,56.732672
1980-04-17,1980,4,17,1.3690807
1980-04-18,1980,4,18,11.903617
1980-04-19,1980,4,19,0
1980-04-20,1980,4,20,0
1980-04-21,1980,4,21,16.372101
1980-04-22,1980,4,22,45.014346
1980-04-23,1980,4,23,51.931362
1980-04-24,1980,4,24,41.367293
1980-04-25,1980,4,25,3.5321898
1980-04-26,1980,4,26,26.012063
1980-04-27,1980,4,27,12.228394
1980-04-28,1980,4,28,0
1980-04-29,1980,4,29,0
1980-04-30,1980,4,30,0
1980-05-01,1980,5,1,0
1980-05-02,1980,5,2,0
1980-05-03,1980,5,3,0
1980-05-04,1980,5,4,26.126852
1980-05-05,1980,5,5,0
1980-05-06,1980,5,6,0
1980-05-07,1980,5,7,0
1980-05-08,1980,5,8,25.372488
1980-05-09,1980,5,9,96.933583
1980-05-10,1980,5,10,31.078076
1980-05-11,1980,5,11,42.448493
1980-05-12,1980,5,12,13.507913
1980-05-13,1980,5,13,37.407611
1980-05-14,1980,5,14,15.540035
1980-05-15,1980,5,15,0
1980-05-16,1980,5,16,0
1980-05-17,1980,5,17,5.2962451
1980-05-18,1980,5,18,12.258402
1980-05-19,1980,5,19,18.405589
1980-05-20,1980,5,20,63.040873
1980-05-21,1980,5,21,17.730511
1980-05-22,1980,5,22,28.859693
1980-05-23,1980,5,23,21.112722
1980-05-24,1980,5,24,0
1980-05-25,1980,5,25,0
1980-05-26,1980,5,26,42.378884
1980-05-27,1980,5,27,19.834921
1980-05-28,1980,5,28,17.309812
1980-05-29,1980,5,29,63.815622
1980-05-30,1980,5,30,26.310456
1980-05-31,1980,5,31,0.034134914
1980-06-01,1980,6,1,0
1980-06-02,1980,6,2,0
1980-06-03,1980,6,3,0
1980-06-04,1980,6,4,5.0419039
1980-06-05,1980,6,5,0.41112532
1980-06-06,1980,6,6,0
1980-06-07,1980,6,7,34.731946
1980-06-08,1980,6,8,25.951385
1980-06-09,1980,6,9,0
1980-06-10,1980,6,10,0
1980-06-11,1980,6,11,0
1980-06-12,1980,6,12,0
1980-06-13,1980,6,13,0
1980-06-14,1980,6,14,7.8982313
1980-06-15,1980,6,15,111.69448
1980-06-16,1980,6,16,14.804154
1980-06-17,1980,6,17,7.7239863
1980-06-18,1980,6,18,0
1980-06-19,1980,6,19,0
1980-06-20,1980,6,20,0
1980-06-21,1980,6,21,0
1980-06-22,1980,6,22,48.510634
1980-06-23,1980,6,23,6.8554847
1980-06-24,1980,6,24,20.645971
1980-06-25,1980,6,25,0
1980-06-26,1980,6,26,72.403967
1980-06-27,1980,6,27,162.988
1980-06-28,1980,6,28,33.590204
1980-06-29,1980,6,29,0.0010896173
1980-06-30,1980,6,30,0
1980-07-01,1980,7,1,0
1980-07-02,1980,7,2,0
1980-07-03,1980,7,3,0
1980-07-04,1980,7,4,0
1980-07-05,1980,7,5,1.1252608
1980-07-06,1980,7,6,13.967176
1980-07-07,1980,7,7,0
1980-07-08,1980,7,8,0
1980-07-09,1980,7,9,0
1980-07-10,1980,7,10,0
1980-07-11,1980,7,11,0
1980-07-12,1980,7,12,22.096987
1980-07-13,1980,7,13,54.360083
1980-07-14,1980,7,14,0
1980-07-15,1980,7,15,0
1980-07-16,1980,7,16,0
1980-07-17,1980,7,17,51.958622
1980-07-18,1980,7,18,68.341211
1980-07-19,1980,7,19,16.899542
1980-07-20,1980,7,20,10.705066
1980-07-21,1980,7,21,0
1980-07-22,1980,7,22,0
1980-07-23,1980,7,23,0
1980-07-24,1980,7,24,25.781682
1980-07-25,1980,7,25,27.522777
1980-07-26,1980,7,26,38.772884
1980-07-27,1980,7,27,53.753025
1980-07-28,1980,7,28,12.745492
1980-07-29,1980,7,29,0
1980-07-30,1980,7,30,0
1980-07-31,1980,7,31,0
1980-08-01,1980,8,1,0
1980-08-02,1980,8,2,20.82754
1980-08-03,1980,8,3,8.72792
1980-08-04,1980,8,4,0
1980-08-05,1980,8,5,12.302153
1980-08-06,1980,8,6,43.593365
1980-08-07,1980,8,7,13.600767
1980-08-08,1980,8,8,7.855637
1980-08-09,1980,8,9,18.578587
1980-08-10,1980,8,10,0
1980-08-11,1980,8,11,0
1980-08-12,1980,8,12,0
1980-08-13,1980,8,13,0
1980-08-14,1980,8,14,0
1980-08-15,1980,8,15,11.632958
1980-08-16,1980,8,16,0
1980-08-17,1980,8,17,0
1980-08-18,1980,8,18,6.9302318
1980-08-19,1980,8,19,0
1980-08-20,1980,8,20,11.305055
1980-08-21,1980,8,21,0
1980-08-22,1980,8,22,0
1980-08-23,1980,8,23,0
1980-08-24,1980,8,24,0
1980-08-25,1980,8,25,0
1980-08-26,1980,8,26,0
1980-08-27,1980,8,27,0
1980-08-28,1980,8,28,0
1980-08-29,1980,8,29,0
1980-08-30,1980,8,30,0
1980-08-31,1980,8,31,0
1980-09-01,1980,9,1,0
1980-09-02,1980,9,2,0
1980-09-03,1980,9,3,0
1980-09-04,1980,9,4,0
1980-09-05,1980,9,5,0
1980-09-06,1980,9,6,5.9610675
1980-09-07,1980,9,7,0
1980-09-08,1980,9,8,0
1980-09-09,1980,9,9,0
1980-09-10,1980,9,10,0
1980-09-11,1980,9,11,0
1980-09-12,1980,9,12,0
1980-09-13,1980,9,13,0
1980-09-14,1980,9,14,0
1980-09-15,1980,9,15,0
1980-09-16,1980,9,16,0
1980-09-17,1980,9,17,14.40191
1980-09-18,1980,9,18,0
1980-09-19,1980,9,19,0
1980-09-20,1980,9,20,0
1980-09-21,1980,9,21,0
1980-09-22,1980,9,22,0
1980-09-23,1980,9,23,0
1980-09-24,1980,9,24,0
1980-09-25,1980,9,25,6.8588314
1980-09-26,1980,9,26,13.87376
1980-09-27,1980,9,27,0
1980-09-28,1980,9,28,13.73009
1980-09-29,1980,9,29,45.874599
1980-09-30,1980,9,30,4.3854759
1980-10-01,1980,10,1,0
1980-10-02,1980,10,2,0
1980-10-03,1980,10,3,0
1980-10-04,1980,10,4,0
1980-10-05,1980,10,5,0
1980-10-06,1980,10,6,0
1980-10-07,1980,10,7,0
1980-10-08,1980,10,8,0
1980-10-09,1980,10,9,1.3790719
1980-10-10,1980,10,10,0
1980-10-11,1980,10,11,0
1980-10-12,1980,10,12,0
1980-10-13,1980,10,13,0
1980-10-14,1980,10,14,0
1980-10-15,1980,10,15,0
1980-10-16,1980,10,16,0
1980-10-17,1980,10,17,0
1980-10-18,1980,10,18,0
1980-10-19,1980,10,19,0
1980-10-20,1980,10,20,0
1980-10-21,1980,10,21,0
1980-10-22,1980,10,22,0
1980-10-23,1980,10,23,0
1980-10-24,1980,10,24,0
1980-10-25,1980,10,25,0
1980-10-26,1980,10,26,0
1980-10-27,1980,10,27,0
1980-10-28,1980,10,28,0
1980-10-29,1980,10,29,0
1980-10-30,1980,10,30,0
1980-10-31,1980,10,31,0
1980-11-01,1980,11,1,0
1980-11-02,1980,11,2,1.0205523
1980-11-03,1980,11,3,0
1980-11-04,1980,11,4,0
1980-11-05,1980,11,5,0
1980-11-06,1980,11,6,39.12035
1980-11-07,1980,11,7,0.68730061
1980-11-08,1980,11,8,0
1980-11-09,1980,11,9,0
1980-11-10,1980,11,10,0
1980-11-11,1980,11,11,0
1980-11-12,1980,11,12,0
1980-11-13,1980,11,13,0
1980-11-14,1980,11,14,0
1980-11-15,1980,11,15,0
1980-11-16,1980,11,16,0
1980-11-17,1980,11,17,0
1980-11-18,1980,11,18,6.2570744
1980-11-19,1980,11,19,22.16503
1980-11-20,1980,11,20,2.5865601
1980-11-21,1980,11,21,0
1980-11-22,1980,11,22,0
1980-11-23,1980,11,23,0
1980-11-24,1980,11,24,0
1980-11-25,1980,11,25,0
1980-11-26,1980,11,26,0
1980-11-27,1980,11,27,0
1980-11-28,1980,11,28,0
1980-11-29,1980,11,29,0
1980-11-30,1980,11,30,0
1980-12-01,1980,12,1,0
1980-12-02,1980,12,2,0
1980-12-03,1980,12,3,0
1980-12-04,1980,12,4,0
1980-12-05,1980,12,5,0
1980-12-06,1980,12,6,0
1980-12-07,1980,12,7,0
1980-12-08,1980,12,8,0
1980-12-09,1980,12,9,0
1980-12-10,1980,12,10,0
1980-12-11,1980,12,11,0
1980-12-12,1980,12,12,18.58221
1980-12-13,1980,12,13,0
1980-12-14,1980,12,14,0
1980-12-15,1980,12,15,0
1980-12-16,1980,12,16,0
1980-12-17,1980,12,17,0
1980-12-18,1980,12,18,0.005104394
1980-12-19,1980,12,19,0
1980-12-20,1980,12,20,0
1980-12-21,1980,12,21,0
1980-12-22,1980,12,22,0
1980-12-23,1980,12,23,0
1980-12-24,1980,12,24,0
1980-12-25,1980,12,25,0
1980-12-26,1980,12,26,0
1980-12-27,1980,12,27,0
1980-12-28,1980,12,28,0
1980-12-29,1980,12,29,5.6610837
1980-12-30,1980,12,30,38.23954
1980-12-31,1980,12,31,0.091273328
1981-01-01,1981,1,1,0
1981-01-02,1981,1,2,0
1981-01-03,1981,1,3,0
1981-01-04,1981,1,4,0
1981-01-05,1981,1,5,0
1981-01-06,1981,1,6,0
1981-01-07,1981,1,7,0
1981-01-08,1981,1,8,0
1981-01-09,1981,1,9,0
1981-01-10,1981,1,10,0
1981-01-11,1981,1,11,0
1981-01-12,1981,1,12,0
1981-01-13,1981,1,13,0
1981-01-14,1981,1,14,3.3756729e-05
1981-01-15,1981,1,15,4.5591691
1981-01-16,1981,1,16,0
1981-01-17,1981,1,17,0.16122017
1981-01-18,1981,1,18,6.471091
1981-01-19,1981,1,19,18.790263
1981-01-20,1981,1,20,0
1981-01-21,1981,1,21,0
1981-01-22,1981,1,22,5.3683192
1981-01-23,1981,1,23,0
1981-01-24,1981,1,24,1.6677887
1981-01-25,1981,1,25,0.10703832
1981-01-26,1981,1,26,4.9778585
1981-01-27,1981,1,27,0
1981-01-28,1981,1,28,0
1981-01-29,1981,1,29,0
1981-01-30,1981,1,30,0
1981-01-31,1981,1,31,0
1981-02-01,1981,2,1,0
1981-02-02,1981,2,2,0
1981-02-03,1981,2,3,0
1981-02-04,1981,2,4,0
1981-02-05,1981,2,5,0
1981-02-06,1981,2,6,0.098197662
1981-02-07,1981,2,7,0.024684563
1981-02-08,1981,2,8,0
1981-02-09,1981,2,9,0
1981-02-10,1981,2,10,0
1981-02-11,1981,2,11,4.7018207
1981-02-12,1981,2,12,8.1720762
1981-02-13,1981,2,13,0
1981-02-14,1981,2,14,0
1981-02-15,1981,2,15,0
1981-02-16,1981,2,16,0
1981-02-17,1981,2,17,0
1981-02-18,1981,2,18,0
1981-02-19,1981,2,19,0
1981-02-20,1981,2,20,0
1981-02-21,1981,2,21,0
1981-02-22,1981,2,22,0
1981-02-23,1981,2,23,0
1981-02-24,1981,2,24,0
1981-02-25,1981,2,25,0
1981-02-26,1981,2,26,0
1981-02-27,1981,2,27,0
1981-02-28,1981,2,28,0
1981-03-01,1981,3,1,0
1981-03-02,1981,3,2,0
1981-03-03,1981,3,3,0
1981-03-04,1981,3,4,0
1981-03-05,1981,3,5,0
1981-03-06,1981,3,6,0
1981-03-07,1981,3,7,0
1981-03-08,1981,3,8,0
1981-03-09,1981,3,9,0
1981-03-10,1981,3,10,0
1981-03-11,1981,3,11,0
1981-03-12,1981,3,12,0
1981-03-13,1981,3,13,0
1981-03-14,1981,3,14,17.641447
1981-03-15,1981,3,15,0.956701
1981-03-16,1981,3,16,0
1981-03-17,1981,3,17,0
1981-03-18,1981,3,18,0
1981-03-19,1981,3,19,0
1981-03-20,1981,3,20,0
1981-03-21,1981,3,21,0
1981-03-22,1981,3,22,18.24633
1981-03-23,1981,3,23,0
1981-03-24,1981,3,24,0
1981-03-25,1981,3,25,0
1981-03-26,1981,3,26,0
1981-03-27,1981,3,27,0
1981-03-28,1981,3,28,0
1981-03-29,1981,3,29,6.6660061
1981-03-30,1981,3,30,6.1535803
1981-03-31,1981,3,31,0
1981-04-01,1981,4,1,0
1981-04-02,1981,4,2,0
1981-04-03,1981,4,3,0
1981-04-04,1981,4,4,0
1981-04-05,1981,4,5,0
1981-04-06,1981,4,6,0
1981-04-07,1981,4,7,0
1981-04-08,1981,4,8,0
1981-04-09,1981,4,9,0
1981-04-10,1981,4,10,0
1981-04-11,1981,4,11,0
1981-04-12,1981,4,12,0
1981-04-13,1981,4,13,0
1981-04-14,1981,4,14,0
1981-04-15,1981,4,15,0
1981-04-16,1981,4,16,0
1981-04-17,1981,4,17,0
1981-04-18,1981,4,18,0.45337781
1981-04-19,1981,4,19,1.0221068
1981-04-20,1981,4,20,0
1981-04-21,1981,4,21,13.128017
1981-04-22,1981,4,22,25.554941
1981-04-23,1981,4,23,0
1981-04-24,1981,4,24,18.015807
1981-04-25,1981,4,25,30.655865
1981-04-26,1981,4,26,51.278072
1981-04-27,1981,4,27,12.643259
1981-04-28,1981,4,28,0
1981-04-29,1981,4,29,0
1981-04-30,1981,4,30,0
1981-05-01,1981,5,1,14.721075
1981-05-02,1981,5,2,95.840618
1981-05-03,1981,5,3,29.893814
1981-05-04,1981,5,4,107.55649
1981-05-05,1981,5,5,23.026656
1981-05-06,1981,5,6,39.714873
1981-05-07,1981,5,7,88.141595
1981-05-08,1981,5,8,2.9438776
1981-05-09,1981,5,9,0
1981-05-10,1981,5,10,27.154037
1981-05-11,1981,5,11,38.109283
1981-05-12,1981,5,12,9.925777
1981-05-13,1981,5,13,8.8137707
1981-05-14,1981,5,14,57.817612
1981-05-15,1981,5,15,12.79283
1981-05-16,1981,5,16,0.062368119
1981-05-17,1981,5,17,46.379138
1981-05-18,1981,5,18,38.976182
1981-05-19,1981,5,19,0
1981-05-20,1981,5,20,0
1981-05-21,1981,5,21,6.4874588
1981-05-22,1981,5,22,105.58964
1981-05-23,1981,5,23,66.251444
1981-05-24,1981,5,24,0.15359664
1981-05-25,1981,5,25,0
1981-05-26,1981,5,26,0
1981-05-27,1981,5,27,33.733971
1981-05-28,1981,5,28,38.086886
1981-05-29,1981,5,29,67.812443
1981-05-30,1981,5,30,40.698083
1981-05-31,1981,5,31,61.563855
1981-06-01,1981,6,1,30.667806
1981-06-02,1981,6,2,0
1981-06-03,1981,6,3,0.18581168
1981-06-04,1981,6,4,0.66950976
1981-06-05,1981,6,5,11.932964
1981-06-06,1981,6,6,0
1981-06-07,1981,6,7,48.254124
1981-06-08,1981,6,8,10.258151
1981-06-09,1981,6,9,0
1981-06-10,1981,6,10,0
1981-06-11,1981,6,11,0
1981-06-12,1981,6,12,0
1981-06-13,1981,6,13,0
1981-06-14,1981,6,14,0
1981-06-15,1981,6,15,0
1981-06-16,1981,6,16,0
1981-06-17,1981,6,17,0
1981-06-18,1981,6,18,0
1981-06-19,1981,6,19,0
1981-06-20,1981,6,20,28.890984
1981-06-21,1981,6,21,0
1981-06-22,1981,6,22,0
1981-06-23,1981,6,23,0
1981-06-24,1981,6,24,23.487179
1981-06-25,1981,6,25,0
1981-06-26,1981,6,26,0
1981-06-27,1981,6,27,0
1981-06-28,1981,6,28,8.4364744
1981-06-29,1981,6,29,30.729432
1981-06-30,1981,6,30,25.78024
1981-07-01,1981,7,1,0
1981-07-02,1981,7,2,0
1981-07-03,1981,7,3,0
1981-07-04,1981,7,4,0
1981-07-05,1981,7,5,0
1981-07-06,1981,7,6,0
1981-07-07,1981,7,7,2.6701277
1981-07-08,1981,7,8,24.991021
1981-07-09,1981,7,9,1.4926371
1981-07-10,1981,7,10,6.8174436
1981-07-11,1981,7,11,98.470007
1981-07-12,1981,7,12,47.052865
1981-07-13,1981,7,13,66.649416
1981-07-14,1981,7,14,9.0366987
1981-07-15,1981,7,15,0
1981-07-16,1981,7,16,0
1981-07-17,1981,7,17,0
1981-07-18,1981,7,18,0
1981-07-19,1981,7,19,0
1981-07-20,1981,7,20,0
1981-07-21,1981,7,21,0
1981-07-22,1981,7,22,0
1981-07-23,1981,7,23,0
1981-07-24,1981,7,24,0
1981-07-25,1981,7,25,0
1981-07-26,1981,7,26,0
1981-07-27,1981,7,27,1.260408
1981-07-28,1981,7,28,0
1981-07-29,1981,7,29,0
1981-07-30,1981,7,30,19.978855
1981-07-31,1981,7,31,27.899744
1981-08-01,1981,8,1,56.983852
1981-08-02,1981,8,2,69.876071
1981-08-03,1981,8,3,57.493095
1981-08-04,1981,8,4,10.406269
1981-08-05,1981,8,5,0
1981-08-06,1981,8,6,0.023903517
1981-08-07,1981,8,7,3.4290161
1981-08-08,1981,8,8,0
1981-08-09,1981,8,9,0
1981-08-10,1981,8,10,0
1981-08-11,1981,8,11,0
1981-08-12,1981,8,12,0
1981-08-13,1981,8,13,0
1981-08-14,1981,8,14,0
1981-08-15,1981,8,15,0
1981-08-16,1981,8,16,0
1981-08-17,1981,8,17,0
1981-08-18,1981,8,18,0
1981-08-19,1981,8,19,0
1981-08-20,1981,8,20,0
1981-08-21,1981,8,21,0
1981-08-22,1981,8,22,0
1981-08-23,1981,8,23,0
1981-08-24,1981,8,24,0
1981-08-25,1981,8,25,0
1981-08-26,1981,8,26,0
1981-08-27,1981,8,27,0.14703343
1981-08-28,1981,8,28,24.120561
1981-08-29,1981,8,29,0
1981-08-30,1981,8,30,13.867787
1981-08-31,1981,8,31,9.6340305
1981-09-01,1981,9,1,0
1981-09-02,1981,9,2,0
1981-09-03,1981,9,3,0
1981-09-04,1981,9,4,0
1981-09-05,1981,9,5,0
1981-09-06,1981,9,6,8.542035
1981-09-07,1981,9,7,77.573607
1981-09-08,1981,9,8,20.389648
1981-09-09,1981,9,9,8.1421681
1981-09-10,1981,9,10,0
1981-09-11,1981,9,11,0
1981-09-12,1981,9,12,0
1981-09-13,1981,9,13,0
1981-09-14,1981,9,14,0
1981-09-15,1981,9,15,0
1981-09-16,1981,9,16,0.0016035772
1981-09-17,1981,9,17,0
1981-09-18,1981,9,18,0
1981-09-19,1981,9,19,0
1981-09-20,1981,9,20,0
1981-09-21,1981,9,21,0
1981-09-22,1981,9,22,0
1981-09-23,1981,9,23,0
1981-09-24,1981,9,24,0
1981-09-25,1981,9,25,0.28561863
1981-09-26,1981,9,26,0
1981-09-27,1981,9,27,1.4170339
1981-09-28,1981,9,28,0
1981-09-29,1981,9,29,0
1981-09-30,1981,9,30,0
1981-10-01,1981,10,1,22.568176
1981-10-02,1981,10,2,8.3698332
1981-10-03,1981,10,3,0
1981-10-04,1981,10,4,1.669113
1981-10-05,1981,10,5,0
1981-10-06,1981,10,6,0
1981-10-07,1981,10,7,0
1981-10-08,1981,10,8,4.3134932
1981-10-09,1981,10,9,0
1981-10-10,1981,10,10,0
1981-10-11,1981,10,11,0
1981-10-12,1981,10,12,0
1981-10-13,1981,10,13,0
1981-10-14,1981,10,14,0
1981-10-15,1981,10,15,0
1981-10-16,1981,10,16,0
1981-10-17,1981,10,17,0
1981-10-18,1981,10,18,0
1981-10-19,1981,10,19,0
1981-10-20,1981,10,20,0
1981-10-21,1981,10,21,0
1981-10-22,1981,10,22,0
1981-10-23,1981,10,23,0
1981-10-24,1981,10,24,0
1981-10-25,1981,10,25,0
1981-10-26,1981,10,26,13.084087
1981-10-27,1981,10,27,0
1981-10-28,1981,10,28,8.4515913
1981-10-29,1981,10,29,8.998608
1981-10-30,1981,10,30,0
1981-10-31,1981,10,31,0
1981-11-01,1981,11,1,8.2185409
1981-11-02,1981,11,2,17.854978
1981-11-03,1981,11,3,1.4871139
1981-11-04,1981,11,4,0.53131744
1981-11-05,1981,11,5,0
1981-11-06,1981,11,6,0
1981-11-07,1981,11,7,0
1981-11-08,1981,11,8,0
1981-11-09,1981,11,9,0
1981-11-10,1981,11,10,0
1981-11-11,1981,11,11,0
1981-11-12,1981,11,12,0
1981-11-13,1981,11,13,0
1981-11-14,1981,11,14,0
1981-11-15,1981,11,15,0
1981-11-16,1981,11,16,0
1981-11-17,1981,11,17,0
1981-11-18,1981,11,18,0
1981-11-19,1981,11,19,0
1981-11-20,1981,11,20,0
1981-11-21,1981,11,21,0
1981-11-22,1981,11,22,0
1981-11-23,1981,11,23,0
1981-11-24,1981,11,24,0
1981-11-25,1981,11,25,0
1981-11-26,1981,11,26,0
1981-11-27,1981,11,27,0
1981-11-28,1981,11,28,0
1981-11-29,1981,11,29,2.2942267
1981-11-30,1981,11,30,0
1981-12-01,1981,12,1,0
1981-12-02,1981,12,2,0
1981-12-03,1981,12,3,0
1981-12-04,1981,12,4,0
1981-12-05,1981,12,5,0
1981-12-06,1981,12,6,0
1981-12-07,1981,12,7,0
1981-12-08,1981,12,8,0
1981-12-09,1981,12,9,0
1981-12-10,1981,12,10,0
1981-12-11,1981,12,11,0
1981-12-12,1981,12,12,0
1981-12-13,1981,12,13,0
1981-12-14,1981,12,14,1.5154839
1981-12-15,1981,12,15,0
1981-12-16,1981,12,16,13.714014
1981-12-17,1981,12,17,0
1981-12-18,1981,12,18,0
1981-12-19,1981,12,19,0
1981-12-20,1981,12,20,0
1981-12-21,1981,12,21,0
1981-12-22,1981,12,22,0
1981-12-23,1981,12,23,0
1981-12-24,1981,12,24,0
1981-12-25,1981,12,25,0
1981-12-26,1981,12,26,0
1981-12-27,1981,12,27,0
1981-12-28,1981,12,28,0
1981-12-29,1981,12,29,0
1981-12-30,1981,12,30,0
1981-12-31,1981,12,31,0
1982-01-01,1982,1,1,0
1982-01-02,1982,1,2,0
1982-01-03,1982,1,3,0
1982-01-04,1982,1,4,0
1982-01-05,1982,1,5,0
1982-01-06,1982,1,6,0
1982-01-07,1982,1,7,0
1982-01-08,1982,1,8,0
1982-01-09,1982,1,9,0
1982-01-10,1982,1,10,0
1982-01-11,1982,1,11,0
1982-01-12,1982,1,12,0.9646681
1982-01-13,1982,1,13,0
1982-01-14,1982,1,14,0
1982-01-15,1982,1,15,15.348657
1982-01-16,1982,1,16,0.15635027
1982-01-17,1982,1,17,0
1982-01-18,1982,1,18,0
1982-01-19,1982,1,19,0
1982-01-20,1982,1,20,0
1982-01-21,1982,1,21,0
1982-01-22,1982,1,22,0
1982-01-23,1982,1,23,0
1982-01-24,1982,1,24,0
1982-01-25,1982,1,25,0
1982-01-26,1982,1,26,0
1982-01-27,1982,1,27,0
1982-01-28,1982,1,28,0
1982-01-29,1982,1,29,1.2653307
1982-01-30,1982,1,30,0
1982-01-31,1982,1,31,0
1982-02-01,1982,2,1,13.914645
1982-02-02,1982,2,2,0
1982-02-03,1982,2,3,0
1982-02-04,1982,2,4,0
1982-02-05,1982,2,5,0
1982-02-06,1982,2,6,0
1982-02-07,1982,2,7,0
1982-02-08,1982,2,8,0
1982-02-09,1982,2,9,0
1982-02-10,1982,2,10,0
1982-02-11,1982,2,11,0
1982-02-12,1982,2,12,26.067656
1982-02-13,1982,2,13,0
1982-02-14,1982,2,14,0
1982-02-15,1982,2,15,0
1982-02-16,1982,2,16,0
1982-02-17,1982,2,17,0
1982-02-18,1982,2,18,0
1982-02-19,1982,2,19,0
1982-02-20,1982,2,20,0
1982-02-21,1982,2,21,0
1982-02-22,1982,2,22,0
1982-02-23,1982,2,23,0
1982-02-24,1982,2,24,0
1982-02-25,1982,2,25,0
1982-02-26,1982,2,26,0
1982-02-27,1982,2,27,0
1982-02-28,1982,2,28,0
1982-03-01,1982,3,1,0
1982-03-02,1982,3,2,0
1982-03-03,1982,3,3,0
1982-03-04,1982,3,4,0
1982-03-05,1982,3,5,0
1982-03-06,1982,3,6,0
1982-03-07,1982,3,7,0
1982-03-08,1982,3,8,10.877601
1982-03-09,1982,3,9,0
1982-03-10,1982,3,10,0
1982-03-11,1982,3,11,0
1982-03-12,1982,3,12,0
1982-03-13,1982,3,13,0
1982-03-14,1982,3,14,0
1982-03-15,1982,3,15,0
1982-03-16,1982,3,16,7.6239412
1982-03-17,1982,3,17,0
1982-03-18,1982,3,18,0
1982-03-19,1982,3,19,0
1982-03-20,1982,3,20,0
1982-03-21,1982,3,21,0
1982-03-22,1982,3,22,0
1982-03-23,1982,3,23,16.568854
1982-03-24,1982,3,24,19.392484
1982-03-25,1982,3,25,8.630725
1982-03-26,1982,3,26,0
1982-03-27,1982,3,27,0
1982-03-28,1982,3,28,0
1982-03-29,1982,3,29,0
1982-03-30,1982,3,30,0
1982-03-31,1982,3,31,0
1982-04-01,1982,4,1,0
1982-04-02,1982,4,2,0
1982-04-03,1982,4,3,0
1982-04-04,1982,4,4,0
1982-04-05,1982,4,5,0
1982-04-06,1982,4,6,0
1982-04-07,1982,4,7,0
1982-04-08,1982,4,8,0
1982-04-09,1982,4,9,0
1982-04-10,1982,4,10,0
1982-04-11,1982,4,11,1.06152
1982-04-12,1982,4,12,8.142853
1982-04-13,1982,4,13,0
1982-04-14,1982,4,14,0
1982-04-15,1982,4,15,0
1982-04-16,1982,4,16,26.200629
1982-04-17,1982,4,17,4.0044019
1982-04-18,1982,4,18,10.891026
1982-04-19,1982,4,19,0
1982-04-20,1982,4,20,0
1982-04-21,1982,4,21,0
1982-04-22,1982,4,22,0
1982-04-23,1982,4,23,0
1982-04-24,1982,4,24,0
1982-04-25,1982,4,25,0
1982-04-26,1982,4,26,0
1982-04-27,1982,4,27,0
1982-04-28,1982,4,28,0
1982-04-29,1982,4,29,0
1982-04-30,1982,4,30,0
1982-05-01,1982,5,1,0
1982-05-02,1982,5,2,0
1982-05-03,1982,5,3,0
1982-05-04,1982,5,4,0
1982-05-05,1982,5,5,0
1982-05-06,1982,5,6,21.287197
1982-05-07,1982,5,7,15.340391
1982-05-08,1982,5,8,44.811031
1982-05-09,1982,5,9,91.233976
1982-05-10,1982,5,10,38.7207
1982-05-11,1982,5,11,66.069176
1982-05-12,1982,5,12,53.330901
1982-05-13,1982,5,13,0.031341478
1982-05-14,1982,5,14,0.50530514
1982-05-15,1982,5,15,58.51156
1982-05-16,1982,5,16,50.1601
1982-05-17,1982,5,17,5.5323378
1982-05-18,1982,5,18,0
1982-05-19,1982,5,19,24.531602
1982-05-20,1982,5,20,0
1982-05-21,1982,5,21,0
1982-05-22,1982,5,22,0
1982-05-23,1982,5,23,0
1982-05-24,1982,5,24,0
1982-05-25,1982,5,25,0
1982-05-26,1982,5,26,0
1982-05-27,1982,5,27,0
1982-05-28,1982,5,28,0
1982-05-29,1982,5,29,0
1982-05-30,1982,5,30,0
1982-05-31,1982,5,31,18.202652
1982-06-01,1982,6,1,17.026466
1982-06-02,1982,6,2,0
1982-06-03,1982,6,3,40.108588
1982-06-04,1982,6,4,12.630439
1982-06-05,1982,6,5,71.555346
1982-06-06,1982,6,6,0
1982-06-07,1982,6,7,48.305588
1982-06-08,1982,6,8,77.987459
1982-06-09,1982,6,9,54.510704
1982-06-10,1982,6,10,43.145514
1982-06-11,1982,6,11,15.218748
1982-06-12,1982,6,12,56.777879
1982-06-13,1982,6,13,25.812792
1982-06-14,1982,6,14,0
1982-06-15,1982,6,15,0
1982-06-16,1982,6,16,1.4142612
1982-06-17,1982,6,17,51.159246
1982-06-18,1982,6,18,18.662399
1982-06-19,1982,6,19,0.00025241618
1982-06-20,1982,6,20,0
1982-06-21,1982,6,21,0
1982-06-22,1982,6,22,4.8809414
1982-06-23,1982,6,23,46.995831
1982-06-24,1982,6,24,69.903551
1982-06-25,1982,6,25,60.296352
1982-06-26,1982,6,26,55.538892
1982-06-27,1982,6,27,0.82927918
1982-06-28,1982,6,28,5.9230152
1982-06-29,1982,6,29,15.529887
1982-06-30,1982,6,30,0
1982-07-01,1982,7,1,0
1982-07-02,1982,7,2,19.912639
1982-07-03,1982,7,3,0
1982-07-04,1982,7,4,18.396101
1982-07-05,1982,7,5,31.312187
1982-07-06,1982,7,6,0.00093629842
1982-07-07,1982,7,7,21.303004
1982-07-08,1982,7,8,27.312333
1982-07-09,1982,7,9,37.601279
1982-07-10,1982,7,10,20.767086
1982-07-11,1982,7,11,48.721153
1982-07-12,1982,7,12,0.36082967
1982-07-13,1982,7,13,7.1183377
1982-07-14,1982,7,14,48.891695
1982-07-15,1982,7,15,78.208919
1982-07-16,1982,7,16,67.976729
1982-07-17,1982,7,17,45.80631
1982-07-18,1982,7,18,23.090742
1982-07-19,1982,7,19,27.630963
1982-07-20,1982,7,20,10.168166
1982-07-21,1982,7,21,9.5989251e-05
1982-07-22,1982,7,22,0.00096096605
1982-07-23,1982,7,23,0
1982-07-24,1982,7,24,22.993799
1982-07-25,1982,7,25,24.210494
1982-07-26,1982,7,26,24.019079
1982-07-27,1982,7,27,17.508953
1982-07-28,1982,7,28,0
1982-07-29,1982,7,29,0
1982-07-30,1982,7,30,0
1982-07-31,1982,7,31,0
1982-08-01,1982,8,1,0
1982-08-02,1982,8,2,0
1982-08-03,1982,8,3,21.819406
1982-08-04,1982,8,4,25.932435
1982-08-05,1982,8,5,4.6877796
1982-08-06,1982,8,6,0
1982-08-07,1982,8,7,0
1982-08-08,1982,8,8,0
1982-08-09,1982,8,9,0
1982-08-10,1982,8,10,0
1982-08-11,1982,8,11,4.9115929
1982-08-12,1982,8,12,58.371885
1982-08-13,1982,8,13,14.368227
1982-08-14,1982,8,14,0
1982-08-15,1982,8,15,0
1982-08-16,1982,8,16,0
1982-08-17,1982,8,17,0
1982-08-18,1982,8,18,0
1982-08-19,1982,8,19,0
1982-08-20,1982,8,20,0
1982-08-21,1982,8,21,0
1982-08-22,1982,8,22,1.7100757
1982-08-23,1982,8,23,69.117428
1982-08-24,1982,8,24,19.943742
1982-08-25,1982,8,25,27.971248
1982-08-26,1982,8,26,9.6449927
1982-08-27,1982,8,27,38.946472
1982-08-28,1982,8,28,44.619264
1982-08-29,1982,8,29,2.434922
1982-08-30,1982,8,30,0
1982-08-31,1982,8,31,0
1982-09-01,1982,9,1,0
1982-09-02,1982,9,2,0
1982-09-03,1982,9,3,15.180111
1982-09-04,1982,9,4,0
1982-09-05,1982,9,5,0
1982-09-06,1982,9,6,0
1982-09-07,1982,9,7,0
1982-09-08,1982,9,8,9.2596978
1982-09-09,1982,9,9,29.225572
1982-09-10,1982,9,10,6.8084688
1982-09-11,1982,9,11,35.929336
1982-09-12,1982,9,12,114.58215
1982-09-13,1982,9,13,48.344851
1982-09-14,1982,9,14,21.200805
1982-09-15,1982,9,15,3.9887966
1982-09-16,1982,9,16,0
1982-09-17,1982,9,17,0
1982-09-18,1982,9,18,9.4163702
1982-09-19,1982,9,19,3.0879063
1982-09-20,1982,9,20,1.5112342
1982-09-21,1982,9,21,0
1982-09-22,1982,9,22,12.713398
1982-09-23,1982,9,23,17.470755
1982-09-24,1982,9,24,0
1982-09-25,1982,9,25,0
1982-09-26,1982,9,26,0
1982-09-27,1982,9,27,12.020464
1982-09-28,1982,9,28,21.72066
1982-09-29,1982,9,29,44.324308
1982-09-30,1982,9,30,21.809211
1982-10-01,1982,10,1,0
1982-10-02,1982,10,2,22.139357
1982-10-03,1982,10,3,47.812541
1982-10-04,1982,10,4,0
1982-10-05,1982,10,5,0
1982-10-06,1982,10,6,26.208291
1982-10-07,1982,10,7,0
1982-10-08,1982,10,8,0
1982-10-09,1982,10,9,0
1982-10-10,1982,10,10,0
1982-10-11,1982,10,11,1.6485088
1982-10-12,1982,10,12,0
1982-10-13,1982,10,13,0
1982-10-14,1982,10,14,0
1982-10-15,1982,10,15,0
1982-10-16,1982,10,16,37.470507
1982-10-17,1982,10,17,0
1982-10-18,1982,10,18,0
1982-10-19,1982,10,19,26.440398
1982-10-20,1982,10,20,87.487315
1982-10-21,1982,10,21,63.996301
1982-10-22,1982,10,22,13.161421
1982-10-23,1982,10,23,0
1982-10-24,1982,10,24,0
1982-10-25,1982,10,25,0
1982-10-26,1982,10,26,0
1982-10-27,1982,10,27,0
1982-10-28,1982,10,28,0
1982-10-29,1982,10,29,0
1982-10-30,1982,10,30,0
1982-10-31,1982,10,31,5.7506495
1982-11-01,1982,11,1,12.624553
1982-11-02,1982,11,2,1.0504041
1982-11-03,1982,11,3,0
1982-11-04,1982,11,4,0
1982-11-05,1982,11,5,0
1982-11-06,1982,11,6,0
1982-11-07,1982,11,7,0
1982-11-08,1982,11,8,0
1982-11-09,1982,11,9,0.017643741
1982-11-10,1982,11,10,0
1982-11-11,1982,11,11,0
1982-11-12,1982,11,12,0
1982-11-13,1982,11,13,0
1982-11-14,1982,11,14,0
1982-11-15,1982,11,15,0
1982-11-16,1982,11,16,0
1982-11-17,1982,11,17,0
1982-11-18,1982,11,18,0
1982-11-19,1982,11,19,0
1982-11-20,1982,11,20,0
1982-11-21,1982,11,21,0
1982-11-22,1982,11,22,0
1982-11-23,1982,11,23,0
1982-11-24,1982,11,24,0
1982-11-25,1982,11,25,0
1982-11-26,1982,11,26,4.1801408
1982-11-27,1982,11,27,8.745168
1982-11-28,1982,11,28,3.8669491
1982-11-29,1982,11,29,0
1982-11-30,1982,11,30,0
1982-12-01,1982,12,1,0
1982-12-02,1982,12,2,0
1982-12-03,1982,12,3,0
1982-12-04,1982,12,4,0
1982-12-05,1982,12,5,0
1982-12-06,1982,12,6,0
1982-12-07,1982,12,7,0
1982-12-08,1982,12,8,0
1982-12-09,1982,12,9,0
1982-12-10,1982,12,10,0
1982-12-11,1982,12,11,0
1982-12-12,1982,12,12,0
1982-12-13,1982,12,13,0
1982-12-14,1982,12,14,0
1982-12-15,1982,12,15,0
1982-12-16,1982,12,16,0
1982-12-17,1982,12,17,0
1982-12-18,1982,12,18,0
1982-12-19,1982,12,19,0
1982-12-20,1982,12,20,0
1982-12-21,1982,12,21,0
1982-12-22,1982,12,22,0
1982-12-23,1982,12,23,0
1982-12-24,1982,12,24,0
1982-12-25,1982,12,25,0
1982-12-26,1982,12,26,0
1982-12-27,1982,12,27,0
1982-12-28,1982,12,28,0
1982-12-29,1982,12,29,0
1982-12-30,1982,12,30,0
1982-12-31,1982,12,31,0
1983-01-01,1983,1,1,0
1983-01-02,1983,1,2,0
1983-01-03,1983,1,3,0
1983-01-04,1983,1,4,0
1983-01-05,1983,1,5,0
1983-01-06,1983,1,6,0
1983-01-07,1983,1,7,0
1983-01-08,1983,1,8,0
1983-01-09,1983,1,9,0
1983-01-10,1983,1,10,0
1983-01-11,1983,1,11,1.5803846
1983-01-12,1983,1,12,26.506445
1983-01-13,1983,1,13,0.050030142
1983-01-14,1983,1,14,0
1983-01-15,1983,1,15,0
1983-01-16,1983,1,16,0
1983-01-17,1983,1,17,0
1983-01-18,1983,1,18,0
1983-01-19,1983,1,19,0
1983-01-20,1983,1,20,0
1983-01-21,1983,1,21,0
1983-01-22,1983,1,22,0
1983-01-23,1983,1,23,0
1983-01-24,1983,1,24,18.313464
1983-01-25,1983,1,25,0
1983-01-26,1983,1,26,0
1983-01-27,1983,1,27,0
1983-01-28,1983,1,28,0.56534666
1983-01-29,1983,1,29,16.215038
1983-01-30,1983,1,30,0.24587324
1983-01-31,1983,1,31,0
1983-02-01,1983,2,1,0
1983-02-02,1983,2,2,0
1983-02-03,1983,2,3,0
1983-02-04,1983,2,4,0
1983-02-05,1983,2,5,0
1983-02-06,1983,2,6,0
1983-02-07,1983,2,7,0
1983-02-08,1983,2,8,0
1983-02-09,1983,2,9,0
1983-02-10,1983,2,10,0
1983-02-11,1983,2,11,0
1983-02-12,1983,2,12,0
1983-02-13,1983,2,13,0.20155983
1983-02-14,1983,2,14,1.2072978
1983-02-15,1983,2,15,0
1983-02-16,1983,2,16,0
1983-02-17,1983,2,17,0
1983-02-18,1983,2,18,0
1983-02-19,1983,2,19,0
1983-02-20,1983,2,20,0
1983-02-21,1983,2,21,0
1983-02-22,1983,2,22,0
1983-02-23,1983,2,23,0
1983-02-24,1983,2,24,0
1983-02-25,1983,2,25,0
1983-02-26,1983,2,26,0
1983-02-27,1983,2,27,0
1983-02-28,1983,2,28,0
1983-03-01,1983,3,1,0
1983-03-02,1983,3,2,0
1983-03-03,1983,3,3,0
1983-03-04,1983,3,4,0
1983-03-05,1983,3,5,0
1983-03-06,1983,3,6,0
1983-03-07,1983,3,7,0
1983-03-08,1983,3,8,0
1983-03-09,1983,3,9,0
1983-03-10,1983,3,10,0
1983-03-11,1983,3,11,0
1983-03-12,1983,3,12,0
1983-03-13,1983,3,13,0
1983-03-14,1983,3,14,0
1983-03-15,1983,3,15,0
1983-03-16,1983,3,16,0
1983-03-17,1983,3,17,0
1983-03-18,1983,3,18,0
1983-03-19,1983,3,19,0
1983-03-20,1983,3,20,0
1983-03-21,1983,3,21,0
1983-03-22,1983,3,22,0
1983-03-23,1983,3,23,0
1983-03-24,1983,3,24,0.074924694
1983-03-25,1983,3,25,0
1983-03-26,1983,3,26,0
1983-03-27,1983,3,27,0
1983-03-28,1983,3,28,0
1983-03-29,1983,3,29,0
1983-03-30,1983,3,30,0
1983-03-31,1983,3,31,0
1983-04-01,1983,4,1,9.2218206
1983-04-02,1983,4,2,5.0590361
1983-04-03,1983,4,3,0
1983-04-04,1983,4,4,0
1983-04-05,1983,4,5,0
1983-04-06,1983,4,6,0
1983-04-07,1983,4,7,0
1983-04-08,1983,4,8,0
1983-04-09,1983,4,9,0
1983-04-10,1983,4,10,0
1983-04-11,1983,4,11,10.313475
1983-04-12,1983,4,12,0
1983-04-13,1983,4,13,0
1983-04-14,1983,4,14,0
1983-04-15,1983,4,15,0
1983-04-16,1983,4,16,0
1983-04-17,1983,4,17,0
1983-04-18,1983,4,18,0
1983-04-19,1983,4,19,0
1983-04-20,1983,4,20,0
1983-04-21,1983,4,21,0
1983-04-22,1983,4,22,0
1983-04-23,1983,4,23,12.560511
1983-04-24,1983,4,24,0.0014508479
1983-04-25,1983,4,25,0
1983-04-26,1983,4,26,35.467815
1983-04-27,1983,4,27,0.00032707448
1983-04-28,1983,4,28,3.4553562
1983-04-29,1983,4,29,0
1983-04-30,1983,4,30,0
1983-05-01,1983,5,1,7.4811989
1983-05-02,1983,5,2,26.307834
1983-05-03,1983,5,3,14.659191
1983-05-04,1983,5,4,0
1983-05-05,1983,5,5,0
1983-05-06,1983,5,6,0
1983-05-07,1983,5,7,0
1983-05-08,1983,5,8,0
1983-05-09,1983,5,9,0
1983-05-10,1983,5,10,0
1983-05-11,1983,5,11,0
1983-05-12,1983,5,12,0
1983-05-13,1983,5,13,0
1983-05-14,1983,5,14,9.4241251
1983-05-15,1983,5,15,30.101363
1983-05-16,1983,5,16,0.0014860558
1983-05-17,1983,5,17,12.735772
1983-05-18,1983,5,18,34.582058
1983-05-19,1983,5,19,23.649463
1983-05-20,1983,5,20,0
1983-05-21,1983,5,21,0
1983-05-22,1983,5,22,0
1983-05-23,1983,5,23,0
1983-05-24,1983,5,24,0
1983-05-25,1983,5,25,15.634661
1983-05-26,1983,5,26,10.885095
1983-05-27,1983,5,27,19.598746
1983-05-28,1983,5,28,27.236979
1983-05-29,1983,5,29,7.8213464e-05
1983-05-30,1983,5,30,0
1983-05-31,1983,5,31,0
1983-06-01,1983,6,1,0
1983-06-02,1983,6,2,0
1983-06-03,1983,6,3,0
1983-06-04,1983,6,4,0
1983-06-05,1983,6,5,2.9210072
1983-06-06,1983,6,6,0
1983-06-07,1983,6,7,0.024169298
1983-06-08,1983,6,8,0
1983-06-09,1983,6,9,0
1983-06-10,1983,6,10,0
1983-06-11,1983,6,11,8.8588273
1983-06-12,1983,6,12,5.4244525
1983-06-13,1983,6,13,3.2124658
1983-06-14,1983,6,14,57.872433
1983-06-15,1983,6,15,22.520926
1983-06-16,1983,6,16,66.194973
1983-06-17,1983,6,17,157.72314
1983-06-18,1983,6,18,38.450555
1983-06-19,1983,6,19,39.280232
1983-06-20,1983,6,20,69.889425
1983-06-21,1983,6,21,24.142277
1983-06-22,1983,6,22,0
1983-06-23,1983,6,23,0
1983-06-24,1983,6,24,0
1983-06-25,1983,6,25,0
1983-06-26,1983,6,26,0
1983-06-27,1983,6,27,0
1983-06-28,1983,6,28,0
1983-06-29,1983,6,29,0
1983-06-30,1983,6,30,0
1983-07-01,1983,7,1,40.637492
1983-07-02,1983,7,2,11.029556
1983-07-03,1983,7,3,0
1983-07-04,1983,7,4,77.995797
1983-07-05,1983,7,5,26.847718
1983-07-06,1983,7,6,88.693865
1983-07-07,1983,7,7,6.6856583
1983-07-08,1983,7,8,11.96524
1983-07-09,1983,7,9,22.448827
1983-07-10,1983,7,10,21.341867
1983-07-11,1983,7,11,11.054973
1983-07-12,1983,7,12,0
1983-07-13,1983,7,13,34.799579
1983-07-14,1983,7,14,3.5491401
1983-07-15,1983,7,15,0
1983-07-16,1983,7,16,0
1983-07-17,1983,7,17,0
1983-07-18,1983,7,18,0
1983-07-19,1983,7,19,0
1983-07-20,1983,7,20,0
1983-07-21,1983,7,21,0
1983-07-22,1983,7,22,0
1983-07-23,1983,7,23,0
1983-07-24,1983,7,24,0
1983-07-25,1983,7,25,0
1983-07-26,1983,7,26,0
1983-07-27,1983,7,27,13.257447
1983-07-28,1983,7,28,0
1983-07-29,1983,7,29,0
1983-07-30,1983,7,30,0
1983-07-31,1983,7,31,0
1983-08-01,1983,8,1,0
1983-08-02,1983,8,2,0
1983-08-03,1983,8,3,0
1983-08-04,1983,8,4,68.097883
1983-08-05,1983,8,5,16.878539
1983-08-06,1983,8,6,0
1983-08-07,1983,8,7,0
1983-08-08,1983,8,8,0
1983-08-09,1983,8,9,8.364029
1983-08-10,1983,8,10,20.910026
1983-08-11,1983,8,11,9.7784157
1983-08-12,1983,8,12,4.5952678
1983-08-13,1983,8,13,0.025405902
1983-08-14,1983,8,14,0
1983-08-15,1983,8,15,0
1983-08-16,1983,8,16,0
1983-08-17,1983,8,17,0
1983-08-18,1983,8,18,0
1983-08-19,1983,8,19,0
1983-08-20,1983,8,20,0
1983-08-21,1983,8,21,0.40716678
1983-08-22,1983,8,22,34.489798
1983-08-23,1983,8,23,18.439434
1983-08-24,1983,8,24,33.603384
1983-08-25,1983,8,25,8.088338
1983-08-26,1983,8,26,32.096741
1983-08-27,1983,8,27,0
1983-08-28,1983,8,28,1.2168072
1983-08-29,1983,8,29,0.2863079
1983-08-30,1983,8,30,5.1207097
1983-08-31,1983,8,31,0
1983-09-01,1983,9,1,0
1983-09-02,1983,9,2,0
1983-09-03,1983,9,3,5.5459598
1983-09-04,1983,9,4,45.038585
1983-09-05,1983,9,5,11.201671
1983-09-06,1983,9,6,0
1983-09-07,1983,9,7,0
1983-09-08,1983,9,8,0
1983-09-09,1983,9,9,0
1983-09-10,1983,9,10,0
1983-09-11,1983,9,11,0
1983-09-12,1983,9,12,0
1983-09-13,1983,9,13,0
1983-09-14,1983,9,14,0
1983-09-15,1983,9,15,16.099157
1983-09-16,1983,9,16,6.13741
1983-09-17,1983,9,17,0.40784773
1983-09-18,1983,9,18,0
1983-09-19,1983,9,19,0
1983-09-20,1983,9,20,0
1983-09-21,1983,9,21,0
1983-09-22,1983,9,22,0.10828881
1983-09-23,1983,9,23,0
1983-09-24,1983,9,24,0
1983-09-25,1983,9,25,42.285175
1983-09-26,1983,9,26,12.759606
1983-09-27,1983,9,27,2.6623261
1983-09-28,1983,9,28,0
1983-09-29,1983,9,29,0
1983-09-30,1983,9,30,0
1983-10-01,1983,10,1,0
1983-10-02,1983,10,2,0
1983-10-03,1983,10,3,0
1983-10-04,1983,10,4,0
1983-10-05,1983,10,5,0
1983-10-06,1983,10,6,0
1983-10-07,1983,10,7,0
1983-10-08,1983,10,8,0
1983-10-09,1983,10,9,0
1983-10-10,1983,10,10,0
1983-10-11,1983,10,11,0
1983-10-12,1983,10,12,0
1983-10-13,1983,10,13,0
1983-10-14,1983,10,14,0
1983-10-15,1983,10,15,6.5878108
1983-10-16,1983,10,16,3.2756837
1983-10-17,1983,10,17,0
1983-10-18,1983,10,18,3.7005992
1983-10-19,1983,10,19,0
1983-10-20,1983,10,20,0
1983-10-21,1983,10,21,6.3118139
1983-10-22,1983,10,22,0
1983-10-23,1983,10,23,0
1983-10-24,1983,10,24,9.5233706
1983-10-25,1983,10,25,0
1983-10-26,1983,10,26,0
1983-10-27,1983,10,27,0
1983-10-28,1983,10,28,0
1983-10-29,1983,10,29,0
1983-10-30,1983,10,30,0
1983-10-31,1983,10,31,0
1983-11-01,1983,11,1,0
1983-11-02,1983,11,2,0
1983-11-03,1983,11,3,0
1983-11-04,1983,11,4,0
1983-11-05,1983,11,5,0
1983-11-06,1983,11,6,0
1983-11-07,1983,11,7,0
1983-11-08,1983,11,8,0
1983-11-09,1983,11,9,0
1983-11-10,1983,11,10,0
1983-11-11,1983,11,11,7.0824676
1983-11-12,1983,11,12,0
1983-11-13,1983,11,13,0
1983-11-14,1983,11,14,0
1983-11-15,1983,11,15,0
1983-11-16,1983,11,16,0.297708
1983-11-17,1983,11,17,0
1983-11-18,1983,11,18,0
1983-11-19,1983,11,19,0
1983-11-20,1983,11,20,0
1983-11-21,1983,11,21,0
1983-11-22,1983,11,22,0
1983-11-23,1983,11,23,0
1983-11-24,1983,11,24,0
1983-11-25,1983,11,25,0
1983-11-26,1983,11,26,0
1983-11-27,1983,11,27,0
1983-11-28,1983,11,28,0
1983-11-29,1983,11,29,0
1983-11-30,1983,11,30,0
1983-12-01,1983,12,1,0
1983-12-02,1983,12,2,0
1983-12-03,1983,12,3,0
1983-12-04,1983,12,4,0
1983-12-05,1983,12,5,0
1983-12-06,1983,12,6,0
1983-12-07,1983,12,7,0
1983-12-08,1983,12,8,0
1983-12-09,1983,12,9,0
1983-12-10,1983,12,10,0
1983-12-11,1983,12,11,0
1983-12-12,1983,12,12,0
1983-12-13,1983,12,13,0
1983-12-14,1983,12,14,0
1983-12-15,1983,12,15,0
1983-12-16,1983,12,16,14.039215
1983-12-17,1983,12,17,0
1983-12-18,1983,12,18,0
1983-12-19,1983,12,19,0
1983-12-20,1983,12,20,0
1983-12-21,1983,12,21,0
1983-12-22,1983,12,22,0
1983-12-23,1983,12,23,0
1983-12-24,1983,12,24,0
1983-12-25,1983,12,25,0
1983-12-26,1983,12,26,0
1983-12-27,1983,12,27,0
1983-12-28,1983,12,28,0
1983-12-29,1983,12,29,0
1983-12-30,1983,12,30,0
1983-12-31,1983,12,31,0
1984-01-01,1984,1,1,0
1984-01-02,1984,1,2,0
1984-01-03,1984,1,3,0
1984-01-04,1984,1,4,0
1984-01-05,1984,1,5,0
1984-01-06,1984,1,6,13.394173
1984-01-07,1984,1,7,0
1984-01-08,1984,1,8,0
1984-01-09,1984,1,9,0
1984-01-10,1984,1,10,0
1984-01-11,1984,1,11,0
1984-01-12,1984,1,12,0
1984-01-13,1984,1,13,0
1984-01-14,1984,1,14,0
1984-01-15,1984,1,15,0
1984-01-16,1984,1,16,0
1984-01-17,1984,1,17,0
1984-01-18,1984,1,18,0
1984-01-19,1984,1,19,0
1984-01-20,1984,1,20,5.8237341
1984-01-21,1984,1,21,0.10275079
1984-01-22,1984,1,22,0
1984-01-23,1984,1,23,0
1984-01-24,1984,1,24,0
1984-01-25,1984,1,25,0
1984-01-26,1984,1,26,0
1984-01-27,1984,1,27,0
1984-01-28,1984,1,28,0
1984-01-29,1984,1,29,0
1984-01-30,1984,1,30,0
1984-01-31,1984,1,31,0
1984-02-01,1984,2,1,0
1984-02-02,1984,2,2,0
1984-02-03,1984,2,3,0.63607888
1984-02-04,1984,2,4,2.8342639
1984-02-05,1984,2,5,0
1984-02-06,1984,2,6,0
1984-02-07,1984,2,7,0
1984-02-08,1984,2,8,0
1984-02-09,1984,2,9,0
1984-02-10,1984,2,10,21.872452
1984-02-11,1984,2,11,0
1984-02-12,1984,2,12,0
1984-02-13,1984,2,13,0
1984-02-14,1984,2,14,0
1984-02-15,1984,2,15,0
1984-02-16,1984,2,16,0
1984-02-17,1984,2,17,0
1984-02-18,1984,2,18,0
1984-02-19,1984,2,19,0
1984-02-20,1984,2,20,0
1984-02-21,1984,2,21,0
1984-02-22,1984,2,22,0
1984-02-23,1984,2,23,0
1984-02-24,1984,2,24,0
1984-02-25,1984,2,25,7.7287455
1984-02-26,1984,2,26,0
1984-02-27,1984,2,27,0
1984-02-28,1984,2,28,0
1984-02-29,1984,2,29,0
1984-03-01,1984,3,1,0
1984-03-02,1984,3,2,0
1984-03-03,1984,3,3,0
1984-03-04,1984,3,4,0
1984-03-05,1984,3,5,0
1984-03-06,1984,3,6,0
1984-03-07,1984,3,7,0
1984-03-08,1984,3,8,0
1984-03-09,1984,3,9,0
1984-03-10,1984,3,10,0
1984-03-11,1984,3,11,0
1984-03-12,1984,3,12,0
1984-03-13,1984,3,13,0
1984-03-14,1984,3,14,18.114266
1984-03-15,1984,3,15,0
1984-03-16,1984,3,16,0
1984-03-17,1984,3,17,0
1984-03-18,1984,3,18,0
1984-03-19,1984,3,19,0
1984-03-20,1984,3,20,0
1984-03-21,1984,3,21,0
1984-03-22,1984,3,22,11.845109
1984-03-23,1984,3,23,9.3329591
1984-03-24,1984,3,24,0
1984-03-25,1984,3,25,0
1984-03-26,1984,3,26,0
1984-03-27,1984,3,27,0
1984-03-28,1984,3,28,0.52483523
1984-03-29,1984,3,29,0
1984-03-30,1984,3,30,9.2397069
1984-03-31,1984,3,31,0
1984-04-01,1984,4,1,0
1984-04-02,1984,4,2,0
1984-04-03,1984,4,3,0
1984-04-04,1984,4,4,0
1984-04-05,1984,4,5,0
1984-04-06,1984,4,6,0
1984-04-07,1984,4,7,0
1984-04-08,1984,4,8,0
1984-04-09,1984,4,9,0
1984-04-10,1984,4,10,0
1984-04-11,1984,4,11,0
1984-04-12,1984,4,12,0
1984-04-13,1984,4,13,0
1984-04-14,1984,4,14,48.603603
1984-04-15,1984,4,15,12.060678
1984-04-16,1984,4,16,0
1984-04-17,1984,4,17,0
1984-04-18,1984,4,18,0
1984-04-19,1984,4,19,0
1984-04-20,1984,4,20,0
1984-04-21,1984,4,21,0
1984-04-22,1984,4,22,0
1984-04-23,1984,4,23,0
1984-04-24,1984,4,24,0
1984-04-25,1984,4,25,0
1984-04-26,1984,4,26,0
1984-04-27,1984,4,27,0
1984-04-28,1984,4,28,0
1984-04-29,1984,4,29,0
1984-04-30,1984,4,30,0
1984-05-01,1984,5,1,0
1984-05-02,1984,5,2,20.88088
1984-05-03,1984,5,3,60.788916
1984-05-04,1984,5,4,0.0043722244
1984-05-05,1984,5,5,0
1984-05-06,1984,5,6,0
1984-05-07,1984,5,7,0
1984-05-08,1984,5,8,0
1984-05-09,1984,5,9,0
1984-05-10,1984,5,10,0
1984-05-11,1984,5,11,0
1984-05-12,1984,5,12,0
1984-05-13,1984,5,13,0
1984-05-14,1984,5,14,0
1984-05-15,1984,5,15,0
1984-05-16,1984,5,16,17.416861
1984-05-17,1984,5,17,79.966664
1984-05-18,1984,5,18,8.3211104
1984-05-19,1984,5,19,0
1984-05-20,1984,5,20,34.051746
1984-05-21,1984,5,21,32.85951
1984-05-22,1984,5,22,19.607032
1984-05-23,1984,5,23,16.573613
1984-05-24,1984,5,24,8.3734168
1984-05-25,1984,5,25,68.39714
1984-05-26,1984,5,26,54.232043
1984-05-27,1984,5,27,11.348582
1984-05-28,1984,5,28,3.6147085
1984-05-29,1984,5,29,0
1984-05-30,1984,5,30,0
1984-05-31,1984,5,31,34.65043
1984-06-01,1984,6,1,0
1984-06-02,1984,6,2,0
1984-06-03,1984,6,3,0
1984-06-04,1984,6,4,0
1984-06-05,1984,6,5,0
1984-06-06,1984,6,6,0
1984-06-07,1984,6,7,1.9940241
1984-06-08,1984,6,8,6.4853852
1984-06-09,1984,6,9,24.312317
1984-06-10,1984,6,10,40.591103
1984-06-11,1984,6,11,6.8332726
1984-06-12,1984,6,12,0
1984-06-13,1984,6,13,0
1984-06-14,1984,6,14,17.790561
1984-06-15,1984,6,15,31.137279
1984-06-16,1984,6,16,0
1984-06-17,1984,6,17,2.3913905
1984-06-18,1984,6,18,20.495558
1984-06-19,1984,6,19,48.852007
1984-06-20,1984,6,20,0
1984-06-21,1984,6,21,0
1984-06-22,1984,6,22,0
1984-06-23,1984,6,23,16.038427
1984-06-24,1984,6,24,0
1984-06-25,1984,6,25,0
1984-06-26,1984,6,26,15.644445
1984-06-27,1984,6,27,28.334178
1984-06-28,1984,6,28,0
1984-06-29,1984,6,29,26.467076
1984-06-30,1984,6,30,101.44025
1984-07-01,1984,7,1,62.924617
1984-07-02,1984,7,2,47.060954
1984-07-03,1984,7,3,110.92677
1984-07-04,1984,7,4,59.385217
1984-07-05,1984,7,5,68.838759
1984-07-06,1984,7,6,49.484349
1984-07-07,1984,7,7,33.443204
1984-07-08,1984,7,8,35.037286
1984-07-09,1984,7,9,15.735681
1984-07-10,1984,7,10,42.258669
1984-07-11,1984,7,11,18.639757
1984-07-12,1984,7,12,0
1984-07-13,1984,7,13,0
1984-07-14,1984,7,14,46.631195
1984-07-15,1984,7,15,41.217874
1984-07-16,1984,7,16,6.31282
1984-07-17,1984,7,17,14.281297
1984-07-18,1984,7,18,0
1984-07-19,1984,7,19,0
1984-07-20,1984,7,20,0
1984-07-21,1984,7,21,0
1984-07-22,1984,7,22,0
1984-07-23,1984,7,23,0
1984-07-24,1984,7,24,0
1984-07-25,1984,7,25,0
1984-07-26,1984,7,26,0
1984-07-27,1984,7,27,0
1984-07-28,1984,7,28,0
1984-07-29,1984,7,29,0
1984-07-30,1984,7,30,13.434417
1984-07-31,1984,7,31,0
1984-08-01,1984,8,1,0
1984-08-02,1984,8,2,0
1984-08-03,1984,8,3,19.854597
1984-08-04,1984,8,4,40.986716
1984-08-05,1984,8,5,17.781985
1984-08-06,1984,8,6,0
1984-08-07,1984,8,7,0
1984-08-08,1984,8,8,5.8140063
1984-08-09,1984,8,9,0
1984-08-10,1984,8,10,12.5157
1984-08-11,1984,8,11,8.8822612
1984-08-12,1984,8,12,0
1984-08-13,1984,8,13,0
1984-08-14,1984,8,14,0
1984-08-15,1984,8,15,0
1984-08-16,1984,8,16,0
1984-08-17,1984,8,17,0
1984-08-18,1984,8,18,5.3564619
1984-08-19,1984,8,19,19.131729
1984-08-20,1984,8,20,0
1984-08-21,1984,8,21,24.211664
1984-08-22,1984,8,22,3.31318
1984-08-23,1984,8,23,0
1984-08-24,1984,8,24,0
1984-08-25,1984,8,25,0
1984-08-26,1984,8,26,0
1984-08-27,1984,8,27,0
1984-08-28,1984,8,28,0
1984-08-29,1984,8,29,0
1984-08-30,1984,8,30,0
1984-08-31,1984,8,31,0
1984-09-01,1984,9,1,0
1984-09-02,1984,9,2,0
1984-09-03,1984,9,3,0
1984-09-04,1984,9,4,0
1984-09-05,1984,9,5,0
1984-09-06,1984,9,6,0
1984-09-07,1984,9,7,0
1984-09-08,1984,9,8,0
1984-09-09,1984,9,9,0.68030139
1984-09-10,1984,9,10,0
1984-09-11,1984,9,11,2.4677481
1984-09-12,1984,9,12,3.8495666
1984-09-13,1984,9,13,45.518375
1984-09-14,1984,9,14,20.061232
1984-09-15,1984,9,15,0
1984-09-16,1984,9,16,7.8237966
1984-09-17,1984,9,17,65.419239
1984-09-18,1984,9,18,47.284611
1984-09-19,1984,9,19,35.424665
1984-09-20,1984,9,20,3.1385303
1984-09-21,1984,9,21,0
1984-09-22,1984,9,22,20.316969
1984-09-23,1984,9,23,8.6648524
1984-09-24,1984,9,24,0
1984-09-25,1984,9,25,0
1984-09-26,1984,9,26,0
1984-09-27,1984,9,27,0
1984-09-28,1984,9,28,0
1984-09-29,1984,9,29,8.9939686
1984-09-30,1984,9,30,16.544235
1984-10-01,1984,10,1,0
1984-10-02,1984,10,2,3.071096
1984-10-03,1984,10,3,0
1984-10-04,1984,10,4,0
1984-10-05,1984,10,5,0
1984-10-06,1984,10,6,0
1984-10-07,1984,10,7,0
1984-10-08,1984,10,8,0
1984-10-09,1984,10,9,0.0071085847
1984-10-10,1984,10,10,6.8314348
1984-10-11,1984,10,11,0
1984-10-12,1984,10,12,0
1984-10-13,1984,10,13,0
1984-10-14,1984,10,14,0
1984-10-15,1984,10,15,0
1984-10-16,1984,10,16,0
1984-10-17,1984,10,17,0
1984-10-18,1984,10,18,0.0020357397
1984-10-19,1984,10,19,54.505128
1984-10-20,1984,10,20,0.00089234452
1984-10-21,1984,10,21,0
1984-10-22,1984,10,22,0
1984-10-23,1984,10,23,0
1984-10-24,1984,10,24,52.908335
1984-10-25,1984,10,25,0
1984-10-26,1984,10,26,0
1984-10-27,1984,10,27,13.039448
1984-10-28,1984,10,28,43.710151
1984-10-29,1984,10,29,0
1984-10-30,1984,10,30,0
1984-10-31,1984,10,31,0
1984-11-01,1984,11,1,0
1984-11-02,1984,11,2,0.0012038401
1984-11-03,1984,11,3,4.4898627
1984-11-04,1984,11,4,7.6832394
1984-11-05,1984,11,5,0
1984-11-06,1984,11,6,10.512422
1984-11-07,1984,11,7,8.4809924
1984-11-08,1984,11,8,0
1984-11-09,1984,11,9,0
1984-11-10,1984,11,10,10.220069
1984-11-11,1984,11,11,0.74104219
1984-11-12,1984,11,12,0
1984-11-13,1984,11,13,0
1984-11-14,1984,11,14,0
1984-11-15,1984,11,15,0
1984-11-16,1984,11,16,0
1984-11-17,1984,11,17,0
1984-11-18,1984,11,18,0
1984-11-19,1984,11,19,0
1984-11-20,1984,11,20,0
1984-11-21,1984,11,21,0
1984-11-22,1984,11,22,0
1984-11-23,1984,11,23,0
1984-11-24,1984,11,24,0
1984-11-25,1984,11,25,0
1984-11-26,1984,11,26,0
1984-11-27,1984,11,27,0
1984-11-28,1984,11,28,0
1984-11-29,1984,11,29,0
1984-11-30,1984,11,30,0
1984-12-01,1984,12,1,0
1984-12-02,1984,12,2,0
1984-12-03,1984,12,3,0
1984-12-04,1984,12,4,0
1984-12-05,1984,12,5,0
1984-12-06,1984,12,6,0
1984-12-07,1984,12,7,0
1984-12-08,1984,12,8,0
1984-12-09,1984,12,9,0
1984-12-10,1984,12,10,0
1984-12-11,1984,12,11,0.00028827923
1984-12-12,1984,12,12,0
1984-12-13,1984,12,13,0
1984-12-14,1984,12,14,0
1984-12-15,1984,12,15,0
1984-12-16,1984,12,16,0
1984-12-17,1984,12,17,0
1984-12-18,1984,12,18,0
1984-12-19,1984,12,19,0
1984-12-20,1984,12,20,0
1984-12-21,1984,12,21,0
1984-12-22,1984,12,22,0
1984-12-23,1984,12,23,0
1984-12-24,1984,12,24,3.0186263
1984-12-25,1984,12,25,0.20277124
1984-12-26,1984,12,26,0
1984-12-27,1984,12,27,0
1984-12-28,1984,12,28,0
1984-12-29,1984,12,29,0
1984-12-30,1984,12,30,0
1984-12-31,1984,12,31,0
1985-01-01,1985,1,1,0
1985-01-02,1985,1,2,0
1985-01-03,1985,1,3,0.00029118738
1985-01-04,1985,1,4,4.1793757
1985-01-05,1985,1,5,0
1985-01-06,1985,1,6,0
1985-01-07,1985,1,7,0
1985-01-08,1985,1,8,0
1985-01-09,1985,1,9,0
1985-01-10,1985,1,10,0
1985-01-11,1985,1,11,0
1985-01-12,1985,1,12,0
1985-01-13,1985,1,13,5.434799
1985-01-14,1985,1,14,5.4006115
1985-01-15,1985,1,15,0
1985-01-16,1985,1,16,0
1985-01-17,1985,1,17,0
1985-01-18,1985,1,18,0
1985-01-19,1985,1,19,3.4836099
1985-01-20,1985,1,20,0
1985-01-21,1985,1,21,0
1985-01-22,1985,1,22,0
1985-01-23,1985,1,23,0
1985-01-24,1985,1,24,0.050622114
1985-01-25,1985,1,25,0
1985-01-26,1985,1,26,0
1985-01-27,1985,1,27,0
1985-01-28,1985,1,28,0
1985-01-29,1985,1,29,0
1985-01-30,1985,1,30,0
1985-01-31,1985,1,31,0
1985-02-01,1985,2,1,0
1985-02-02,1985,2,2,0
1985-02-03,1985,2,3,0
1985-02-04,1985,2,4,0
1985-02-05,1985,2,5,0
1985-02-06,1985,2,6,0
1985-02-07,1985,2,7,0
1985-02-08,1985,2,8,0
1985-02-09,1985,2,9,0
1985-02-10,1985,2,10,0
1985-02-11,1985,2,11,0
1985-02-12,1985,2,12,0
1985-02-13,1985,2,13,0
1985-02-14,1985,2,14,0
1985-02-15,1985,2,15,0
1985-02-16,1985,2,16,0
1985-02-17,1985,2,17,0
1985-02-18,1985,2,18,0
1985-02-19,1985,2,19,0
1985-02-20,1985,2,20,0
1985-02-21,1985,2,21,0
1985-02-22,1985,2,22,0
1985-02-23,1985,2,23,0
1985-02-24,1985,2,24,0
1985-02-25,1985,2,25,0
1985-02-26,1985,2,26,0
1985-02-27,1985,2,27,0
1985-02-28,1985,2,28,0
1985-03-01,1985,3,1,0
1985-03-02,1985,3,2,0
1985-03-03,1985,3,3,0
1985-03-04,1985,3,4,0
1985-03-05,1985,3,5,0
1985-03-06,1985,3,6,0
1985-03-07,1985,3,7,0
1985-03-08,1985,3,8,0
1985-03-09,1985,3,9,0
1985-03-10,1985,3,10,0
1985-03-11,1985,3,11,0
1985-03-12,1985,3,12,0
1985-03-13,1985,3,13,0
1985-03-14,1985,3,14,0
1985-03-15,1985,3,15,0
1985-03-16,1985,3,16,0
1985-03-17,1985,3,17,0
1985-03-18,1985,3,18,0
1985-03-19,1985,3,19,0
1985-03-20,1985,3,20,0
1985-03-21,1985,3,21,6.291409
1985-03-22,1985,3,22,3.3528561
1985-03-23,1985,3,23,0
1985-03-24,1985,3,24,0.047181281
1985-03-25,1985,3,25,36.179737
1985-03-26,1985,3,26,0
1985-03-27,1985,3,27,0
1985-03-28,1985,3,28,0
1985-03-29,1985,3,29,0
1985-03-30,1985,3,30,0
1985-03-31,1985,3,31,0
1985-04-01,1985,4,1,15.096351
1985-04-02,1985,4,2,10.554595
1985-04-03,1985,4,3,0
1985-04-04,1985,4,4,0
1985-04-05,1985,4,5,30.644399
1985-04-06,1985,4,6,0
1985-04-07,1985,4,7,0
1985-04-08,1985,4,8,1.3384569
1985-04-09,1985,4,9,0
1985-04-10,1985,4,10,0
1985-04-11,1985,4,11,0
1985-04-12,1985,4,12,0
1985-04-13,1985,4,13,0
1985-04-14,1985,4,14,8.1869964
1985-04-15,1985,4,15,51.767499
1985-04-16,1985,4,16,17.019966
1985-04-17,1985,4,17,0
1985-04-18,1985,4,18,0
1985-04-19,1985,4,19,0
1985-04-20,1985,4,20,0
1985-04-21,1985,4,21,0
1985-04-22,1985,4,22,0
1985-04-23,1985,4,23,0
1985-04-24,1985,4,24,0
1985-04-25,1985,4,25,0
1985-04-26,1985,4,26,17.011913
1985-04-27,1985,4,27,0
1985-04-28,1985,4,28,0
1985-04-29,1985,4,29,0
1985-04-30,1985,4,30,0
1985-05-01,1985,5,1,0
1985-05-02,1985,5,2,0
1985-05-03,1985,5,3,0
1985-05-04,1985,5,4,0
1985-05-05,1985,5,5,0
1985-05-06,1985,5,6,0
1985-05-07,1985,5,7,0
1985-05-08,1985,5,8,0
1985-05-09,1985,5,9,0
1985-05-10,1985,5,10,0
1985-05-11,1985,5,11,0
1985-05-12,1985,5,12,9.894933
1985-05-13,1985,5,13,14.799301
1985-05-14,1985,5,14,0
1985-05-15,1985,5,15,13.105308
1985-05-16,1985,5,16,36.020004
1985-05-17,1985,5,17,20.680595
1985-05-18,1985,5,18,0
1985-05-19,1985,5,19,27.204601
1985-05-20,1985,5,20,41.651417
1985-05-21,1985,5,21,5.3265984e-06
1985-05-22,1985,5,22,27.679663
1985-05-23,1985,5,23,1.3024617
1985-05-24,1985,5,24,83.884971
1985-05-25,1985,5,25,57.295692
1985-05-26,1985,5,26,22.427228
1985-05-27,1985,5,27,25.989435
1985-05-28,1985,5,28,0
1985-05-29,1985,5,29,0
1985-05-30,1985,5,30,12.362786
1985-05-31,1985,5,31,13.046805
1985-06-01,1985,6,1,0
1985-06-02,1985,6,2,0
1985-06-03,1985,6,3,0
1985-06-04,1985,6,4,0
1985-06-05,1985,6,5,0
1985-06-06,1985,6,6,0
1985-06-07,1985,6,7,0
1985-06-08,1985,6,8,0
1985-06-09,1985,6,9,0
1985-06-10,1985,6,10,0
1985-06-11,1985,6,11,0
1985-06-12,1985,6,12,12.604092
1985-06-13,1985,6,13,37.087664
1985-06-14,1985,6,14,19.734595
1985-06-15,1985,6,15,11.602786
1985-06-16,1985,6,16,0
1985-06-17,1985,6,17,1.8588403
1985-06-18,1985,6,18,36.923368
1985-06-19,1985,6,19,30.262675
1985-06-20,1985,6,20,0
1985-06-21,1985,6,21,0
1985-06-22,1985,6,22,0
1985-06-23,1985,6,23,0
1985-06-24,1985,6,24,0
1985-06-25,1985,6,25,0
1985-06-26,1985,6,26,0
1985-06-27,1985,6,27,33.430648
1985-06-28,1985,6,28,14.998508
1985-06-29,1985,6,29,19.713174
1985-06-30,1985,6,30,16.687002
1985-07-01,1985,7,1,14.236279
1985-07-02,1985,7,2,76.663362
1985-07-03,1985,7,3,38.521836
1985-07-04,1985,7,4,0
1985-07-05,1985,7,5,0
1985-07-06,1985,7,6,0
1985-07-07,1985,7,7,50.992779
1985-07-08,1985,7,8,8.87763
1985-07-09,1985,7,9,0
1985-07-10,1985,7,10,0
1985-07-11,1985,7,11,0
1985-07-12,1985,7,12,0
1985-07-13,1985,7,13,0
1985-07-14,1985,7,14,0
1985-07-15,1985,7,15,0
1985-07-16,1985,7,16,43.263167
1985-07-17,1985,7,17,9.256421
1985-07-18,1985,7,18,0
1985-07-19,1985,7,19,0
1985-07-20,1985,7,20,0
1985-07-21,1985,7,21,0
1985-07-22,1985,7,22,16.571357
1985-07-23,1985,7,23,0
1985-07-24,1985,7,24,0
1985-07-25,1985,7,25,0
1985-07-26,1985,7,26,0
1985-07-27,1985,7,27,0
1985-07-28,1985,7,28,25.326547
1985-07-29,1985,7,29,9.6172916
1985-07-30,1985,7,30,6.2331686
1985-07-31,1985,7,31,0
1985-08-01,1985,8,1,0
1985-08-02,1985,8,2,0
1985-08-03,1985,8,3,2.5614061
1985-08-04,1985,8,4,9.7785097
1985-08-05,1985,8,5,1.7775787e-05
1985-08-06,1985,8,6,0
1985-08-07,1985,8,7,0
1985-08-08,1985,8,8,0
1985-08-09,1985,8,9,0
1985-08-10,1985,8,10,0
1985-08-11,1985,8,11,0
1985-08-12,1985,8,12,0
1985-08-13,1985,8,13,30.347839
1985-08-14,1985,8,14,22.202477
1985-08-15,1985,8,15,0
1985-08-16,1985,8,16,0
1985-08-17,1985,8,17,0
1985-08-18,1985,8,18,0
1985-08-19,1985,8,19,0
1985-08-20,1985,8,20,0
1985-08-21,1985,8,21,0
1985-08-22,1985,8,22,0
1985-08-23,1985,8,23,0
1985-08-24,1985,8,24,0
1985-08-25,1985,8,25,0
1985-08-26,1985,8,26,0
1985-08-27,1985,8,27,0
1985-08-28,1985,8,28,0
1985-08-29,1985,8,29,0
1985-08-30,1985,8,30,0
1985-08-31,1985,8,31,0
1985-09-01,1985,9,1,0
1985-09-02,1985,9,2,0
1985-09-03,1985,9,3,0
1985-09-04,1985,9,4,0
1985-09-05,1985,9,5,0
1985-09-06,1985,9,6,0
1985-09-07,1985,9,7,0
1985-09-08,1985,9,8,21.453737
1985-09-09,1985,9,9,4.7691498
1985-09-10,1985,9,10,24.259116
1985-09-11,1985,9,11,68.354845
1985-09-12,1985,9,12,15.605618
1985-09-13,1985,9,13,0
1985-09-14,1985,9,14,0
1985-09-15,1985,9,15,0
1985-09-16,1985,9,16,0
1985-09-17,1985,9,17,0
1985-09-18,1985,9,18,0
1985-09-19,1985,9,19,0
1985-09-20,1985,9,20,0.015777002
1985-09-21,1985,9,21,0
1985-09-22,1985,9,22,0
1985-09-23,1985,9,23,0
1985-09-24,1985,9,24,8.7293444
1985-09-25,1985,9,25,29.009421
1985-09-26,1985,9,26,0
1985-09-27,1985,9,27,0
1985-09-28,1985,9,28,0
1985-09-29,1985,9,29,0
1985-09-30,1985,9,30,0
1985-10-01,1985,10,1,6.895177
1985-10-02,1985,10,2,0
1985-10-03,1985,10,3,0
1985-10-04,1985,10,4,0
1985-10-05,1985,10,5,0
1985-10-06,1985,10,6,0
1985-10-07,1985,10,7,0
1985-10-08,1985,10,8,46.295373
1985-10-09,1985,10,9,0
1985-10-10,1985,10,10,0
1985-10-11,1985,10,11,0
1985-10-12,1985,10,12,33.720954
1985-10-13,1985,10,13,10.138864
1985-10-14,1985,10,14,0
1985-10-15,1985,10,15,0
1985-10-16,1985,10,16,3.6828606
1985-10-17,1985,10,17,2.8166859
1985-10-18,1985,10,18,8.6689294
1985-10-19,1985,10,19,5.145885
1985-10-20,1985,10,20,5.6446691
1985-10-21,1985,10,21,0
1985-10-22,1985,10,22,0
1985-10-23,1985,10,23,0
1985-10-24,1985,10,24,0
1985-10-25,1985,10,25,0.22344852
1985-10-26,1985,10,26,26.471957
1985-10-27,1985,10,27,62.189253
1985-10-28,1985,10,28,18.592672
1985-10-29,1985,10,29,0
1985-10-30,1985,10,30,3.4154243
1985-10-31,1985,10,31,0
1985-11-01,1985,11,1,0
1985-11-02,1985,11,2,0
1985-11-03,1985,11,3,0
1985-11-04,1985,11,4,0
1985-11-05,1985,11,5,0
1985-11-06,1985,11,6,0
1985-11-07,1985,11,7,0
1985-11-08,1985,11,8,42.56314
1985-11-09,1985,11,9,41.122331
1985-11-10,1985,11,10,1.0592951
1985-11-11,1985,11,11,0
1985-11-12,1985,11,12,0.018626237
1985-11-13,1985,11,13,0
1985-11-14,1985,11,14,0
1985-11-15,1985,11,15,0
1985-11-16,1985,11,16,0
1985-11-17,1985,11,17,0
1985-11-18,1985,11,18,0
1985-11-19,1985,11,19,0
1985-11-20,1985,11,20,0
1985-11-21,1985,11,21,0
1985-11-22,1985,11,22,0
1985-11-23,1985,11,23,0
1985-11-24,1985,11,24,0
1985-11-25,1985,11,25,0
1985-11-26,1985,11,26,0
1985-11-27,1985,11,27,0
1985-11-28,1985,11,28,0
1985-11-29,1985,11,29,0
1985-11-30,1985,11,30,0
1985-12-01,1985,12,1,0
1985-12-02,1985,12,2,0
1985-12-03,1985,12,3,0
1985-12-04,1985,12,4,0
1985-12-05,1985,12,5,0
1985-12-06,1985,12,6,0
1985-12-07,1985,12,7,0
1985-12-08,1985,12,8,0
1985-12-09,1985,12,9,0
1985-12-10,1985,12,10,0
1985-12-11,1985,12,11,0
1985-12-12,1985,12,12,0
1985-12-13,1985,12,13,0
1985-12-14,1985,12,14,0
1985-12-15,1985,12,15,0
1985-12-16,1985,12,16,0
1985-12-17,1985,12,17,0
1985-12-18,1985,12,18,0
1985-12-19,1985,12,19,0
1985-12-20,1985,12,20,0
1985-12-21,1985,12,21,0
1985-12-22,1985,12,22,0
1985-12-23,1985,12,23,0
1985-12-24,1985,12,24,0
1985-12-25,1985,12,25,0
1985-12-26,1985,12,26,0
1985-12-27,1985,12,27,0
1985-12-28,1985,12,28,0
1985-12-29,1985,12,29,0
1985-12-30,1985,12,30,0
1985-12-31,1985,12,31,0
1986-01-01,1986,1,1,0
1986-01-02,1986,1,2,0
1986-01-03,1986,1,3,0
1986-01-04,1986,1,4,0
1986-01-05,1986,1,5,0
1986-01-06,1986,1,6,0
1986-01-07,1986,1,7,0
1986-01-08,1986,1,8,0
1986-01-09,1986,1,9,0
1986-01-10,1986,1,10,0
1986-01-11,1986,1,11,3.83577
1986-01-12,1986,1,12,0
1986-01-13,1986,1,13,0
1986-01-14,1986,1,14,0
1986-01-15,1986,1,15,0
1986-01-16,1986,1,16,2.3779204
1986-01-17,1986,1,17,0
1986-01-18,1986,1,18,0
1986-01-19,1986,1,19,0
1986-01-20,1986,1,20,0
1986-01-21,1986,1,21,0
1986-01-22,1986,1,22,0
1986-01-23,1986,1,23,0
1986-01-24,1986,1,24,0
1986-01-25,1986,1,25,0
1986-01-26,1986,1,26,0
1986-01-27,1986,1,27,0
1986-01-28,1986,1,28,0
1986-01-29,1986,1,29,0
1986-01-30,1986,1,30,0
1986-01-31,1986,1,31,0
1986-02-01,1986,2,1,0
1986-02-02,1986,2,2,0
1986-02-03,1986,2,3,0
1986-02-04,1986,2,4,0
1986-02-05,1986,2,5,0
1986-02-06,1986,2,6,0
1986-02-07,1986,2,7,0
1986-02-08,1986,2,8,0
1986-02-09,1986,2,9,0
1986-02-10,1986,2,10,0.089724552
1986-02-11,1986,2,11,0
1986-02-12,1986,2,12,0
1986-02-13,1986,2,13,0
1986-02-14,1986,2,14,3.2509527
1986-02-15,1986,2,15,2.8693997
1986-02-16,1986,2,16,0
1986-02-17,1986,2,17,0
1986-02-18,1986,2,18,0
1986-02-19,1986,2,19,0
1986-02-20,1986,2,20,0
1986-02-21,1986,2,21,0
1986-02-22,1986,2,22,0
1986-02-23,1986,2,23,0
1986-02-24,1986,2,24,0
1986-02-25,1986,2,25,10.376633
1986-02-26,1986,2,26,0
1986-02-27,1986,2,27,0
1986-02-28,1986,2,28,0
1986-03-01,1986,3,1,0
1986-03-02,1986,3,2,0
1986-03-03,1986,3,3,0
1986-03-04,1986,3,4,0
1986-03-05,1986,3,5,0
1986-03-06,1986,3,6,0
1986-03-07,1986,3,7,0
1986-03-08,1986,3,8,0
1986-03-09,1986,3,9,23.596932
1986-03-10,1986,3,10,13.218308
1986-03-11,1986,3,11,0
1986-03-12,1986,3,12,0
1986-03-13,1986,3,13,10.66631
1986-03-14,1986,3,14,0
1986-03-15,1986,3,15,0
1986-03-16,1986,3,16,7.2626322
1986-03-17,1986,3,17,10.458415
1986-03-18,1986,3,18,0
1986-03-19,1986,3,19,0
1986-03-20,1986,3,20,0
1986-03-21,1986,3,21,0
1986-03-22,1986,3,22,0
1986-03-23,1986,3,23,0
1986-03-24,1986,3,24,0
1986-03-25,1986,3,25,0
1986-03-26,1986,3,26,0
1986-03-27,1986,3,27,0
1986-03-28,1986,3,28,0
1986-03-29,1986,3,29,0
1986-03-30,1986,3,30,0
1986-03-31,1986,3,31,0
1986-04-01,1986,4,1,51.37802
1986-04-02,1986,4,2,6.1800413
1986-04-03,1986,4,3,0
1986-04-04,1986,4,4,0
1986-04-05,1986,4,5,0
1986-04-06,1986,4,6,0
1986-04-07,1986,4,7,0
1986-04-08,1986,4,8,0
1986-04-09,1986,4,9,20.649491
1986-04-10,1986,4,10,0
1986-04-11,1986,4,11,0
1986-04-12,1986,4,12,0
1986-04-13,1986,4,13,0
1986-04-14,1986,4,14,0
1986-04-15,1986,4,15,0
1986-04-16,1986,4,16,0
1986-04-17,1986,4,17,18.089243
1986-04-18,1986,4,18,0
1986-04-19,1986,4,19,30.865565
1986-04-20,1986,4,20,121.12144
1986-04-21,1986,4,21,22.219609
1986-04-22,1986,4,22,11.854002
1986-04-23,1986,4,23,25.711195
1986-04-24,1986,4,24,0.0013402944
1986-04-25,1986,4,25,0
1986-04-26,1986,4,26,0
1986-04-27,1986,4,27,0
1986-04-28,1986,4,28,0
1986-04-29,1986,4,29,0
1986-04-30,1986,4,30,0
1986-05-01,1986,5,1,0
1986-05-02,1986,5,2,0
1986-05-03,1986,5,3,0
1986-05-04,1986,5,4,0
1986-05-05,1986,5,5,0
1986-05-06,1986,5,6,0
1986-05-07,1986,5,7,11.05136
1986-05-08,1986,5,8,42.046681
1986-05-09,1986,5,9,9.6668145
1986-05-10,1986,5,10,0
1986-05-11,1986,5,11,0
1986-05-12,1986,5,12,0.079717455
1986-05-13,1986,5,13,11.605414
1986-05-14,1986,5,14,28.933987
1986-05-15,1986,5,15,51.930905
1986-05-16,1986,5,16,13.363701
1986-05-17,1986,5,17,78.684187
1986-05-18,1986,5,18,38.77371
1986-05-19,1986,5,19,11.503865
1986-05-20,1986,5,20,23.690464
1986-05-21,1986,5,21,0
1986-05-22,1986,5,22,21.117836
1986-05-23,1986,5,23,28.439886
1986-05-24,1986,5,24,0
1986-05-25,1986,5,25,9.5999124
1986-05-26,1986,5,26,109.39148
1986-05-27,1986,5,27,86.83584
1986-05-28,1986,5,28,11.024217
1986-05-29,1986,5,29,0
1986-05-30,1986,5,30,0
1986-05-31,1986,5,31,0
1986-06-01,1986,6,1,0
1986-06-02,1986,6,2,34.091953
1986-06-03,1986,6,3,28.964528
1986-06-04,1986,6,4,0.45615929
1986-06-05,1986,6,5,0
1986-06-06,1986,6,6,0
1986-06-07,1986,6,7,30.23157
1986-06-08,1986,6,8,34.631022
1986-06-09,1986,6,9,33.853579
1986-06-10,1986,6,10,4.4824775
1986-06-11,1986,6,11,29.235837
1986-06-12,1986,6,12,130.39086
1986-06-13,1986,6,13,45.595019
1986-06-14,1986,6,14,28.692651
1986-06-15,1986,6,15,118.46352
1986-06-16,1986,6,16,112.70919
1986-06-17,1986,6,17,9.8115524
1986-06-18,1986,6,18,0
1986-06-19,1986,6,19,20.456557
1986-06-20,1986,6,20,32.854415
1986-06-21,1986,6,21,0
1986-06-22,1986,6,22,0
1986-06-23,1986,6,23,0
1986-06-24,1986,6,24,0
1986-06-25,1986,6,25,0
1986-06-26,1986,6,26,0
1986-06-27,1986,6,27,0
1986-06-28,1986,6,28,0
1986-06-29,1986,6,29,0
1986-06-30,1986,6,30,0
1986-07-01,1986,7,1,0
1986-07-02,1986,7,2,0
1986-07-03,1986,7,3,0
1986-07-04,1986,7,4,0
1986-07-05,1986,7,5,0
1986-07-06,1986,7,6,0
1986-07-07,1986,7,7,0
1986-07-08,1986,7,8,58.014633
1986-07-09,1986,7,9,0
1986-07-10,1986,7,10,37.45876
1986-07-11,1986,7,11,6.9424409
1986-07-12,1986,7,12,0
1986-07-13,1986,7,13,0
1986-07-14,1986,7,14,15.350387
1986-07-15,1986,7,15,9.9485238
1986-07-16,1986,7,16,0
1986-07-17,1986,7,17,0
1986-07-18,1986,7,18,0
1986-07-19,1986,7,19,0
1986-07-20,1986,7,20,0
1986-07-21,1986,7,21,0
1986-07-22,1986,7,22,0
1986-07-23,1986,7,23,0
1986-07-24,1986,7,24,0
1986-07-25,1986,7,25,0
1986-07-26,1986,7,26,0
1986-07-27,1986,7,27,0
1986-07-28,1986,7,28,8.1459099
1986-07-29,1986,7,29,32.508035
1986-07-30,1986,7,30,11.53852
1986-07-31,1986,7,31,0
1986-08-01,1986,8,1,0
1986-08-02,1986,8,2,20.173212
1986-08-03,1986,8,3,18.690463
1986-08-04,1986,8,4,7.990608
1986-08-05,1986,8,5,0
1986-08-06,1986,8,6,0
1986-08-07,1986,8,7,0
1986-08-08,1986,8,8,26.709488
1986-08-09,1986,8,9,0.79543245
1986-08-10,1986,8,10,0
1986-08-11,1986,8,11,0
1986-08-12,1986,8,12,0
1986-08-13,1986,8,13,0
1986-08-14,1986,8,14,0
1986-08-15,1986,8,15,0
1986-08-16,1986,8,16,0
1986-08-17,1986,8,17,0
1986-08-18,1986,8,18,0
1986-08-19,1986,8,19,11.020382
1986-08-20,1986,8,20,67.395015
1986-08-21,1986,8,21,65.751118
1986-08-22,1986,8,22,19.402927
1986-08-23,1986,8,23,13.937131
1986-08-24,1986,8,24,24.770889
1986-08-25,1986,8,25,4.987841
1986-08-26,1986,8,26,2.3071535
1986-08-27,1986,8,27,8.97692
1986-08-28,1986,8,28,0
1986-08-29,1986,8,29,0
1986-08-30,1986,8,30,19.140552
1986-08-31,1986,8,31,3.6132795
1986-09-01,1986,9,1,0
1986-09-02,1986,9,2,0
1986-09-03,1986,9,3,0
1986-09-04,1986,9,4,0
1986-09-05,1986,9,5,0
1986-09-06,1986,9,6,0
1986-09-07,1986,9,7,0
1986-09-08,1986,9,8,0
1986-09-09,1986,9,9,0
1986-09-10,1986,9,10,0
1986-09-11,1986,9,11,11.6197
1986-09-12,1986,9,12,0
1986-09-13,1986,9,13,0.014570545
1986-09-14,1986,9,14,0
1986-09-15,1986,9,15,0
1986-09-16,1986,9,16,0.045954199
1986-09-17,1986,9,17,0
1986-09-18,1986,9,18,0
1986-09-19,1986,9,19,10.69611
1986-09-20,1986,9,20,23.939824
1986-09-21,1986,9,21,0
1986-09-22,1986,9,22,0
1986-09-23,1986,9,23,0
1986-09-24,1986,9,24,0
1986-09-25,1986,9,25,0
1986-09-26,1986,9,26,0
1986-09-27,1986,9,27,0.099087798
1986-09-28,1986,9,28,0
1986-09-29,1986,9,29,0
1986-09-30,1986,9,30,26.7108
1986-10-01,1986,10,1,0
1986-10-02,1986,10,2,1.3767373
1986-10-03,1986,10,3,0.073136232
1986-10-04,1986,10,4,5.9574478
1986-10-05,1986,10,5,2.0787576
1986-10-06,1986,10,6,0
1986-10-07,1986,10,7,0
1986-10-08,1986,10,8,0
1986-10-09,1986,10,9,0
1986-10-10,1986,10,10,0
1986-10-11,1986,10,11,0
1986-10-12,1986,10,12,0
1986-10-13,1986,10,13,0
1986-10-14,1986,10,14,0
1986-10-15,1986,10,15,0
1986-10-16,1986,10,16,0
1986-10-17,1986,10,17,0
1986-10-18,1986,10,18,0
1986-10-19,1986,10,19,1.3614184
1986-10-20,1986,10,20,0
1986-10-21,1986,10,21,0
1986-10-22,1986,10,22,0
1986-10-23,1986,10,23,0
1986-10-24,1986,10,24,0
1986-10-25,1986,10,25,0
1986-10-26,1986,10,26,0
1986-10-27,1986,10,27,0
1986-10-28,1986,10,28,0
1986-10-29,1986,10,29,6.7189669
1986-10-30,1986,10,30,15.273344
1986-10-31,1986,10,31,26.305186
1986-11-01,1986,11,1,2.9546817
1986-11-02,1986,11,2,7.3067651
1986-11-03,1986,11,3,0
1986-11-04,1986,11,4,0
1986-11-05,1986,11,5,0
1986-11-06,1986,11,6,0
1986-11-07,1986,11,7,0.033445017
1986-11-08,1986,11,8,0
1986-11-09,1986,11,9,0
1986-11-10,1986,11,10,0
1986-11-11,1986,11,11,0
1986-11-12,1986,11,12,0
1986-11-13,1986,11,13,0.073824163
1986-11-14,1986,11,14,0.34305607
1986-11-15,1986,11,15,0
1986-11-16,1986,11,16,0
1986-11-17,1986,11,17,0
1986-11-18,1986,11,18,7.362627
1986-11-19,1986,11,19,0
1986-11-20,1986,11,20,0
1986-11-21,1986,11,21,0
1986-11-22,1986,11,22,0
1986-11-23,1986,11,23,0
1986-11-24,1986,11,24,0
1986-11-25,1986,11,25,30.644236
1986-11-26,1986,11,26,129.79735
1986-11-27,1986,11,27,12.103357
1986-11-28,1986,11,28,0
1986-11-29,1986,11,29,0
1986-11-30,1986,11,30,0
1986-12-01,1986,12,1,15.950767
1986-12-02,1986,12,2,0
1986-12-03,1986,12,3,0
1986-12-04,1986,12,4,0
1986-12-05,1986,12,5,0
1986-12-06,1986,12,6,0
1986-12-07,1986,12,7,0
1986-12-08,1986,12,8,0
1986-12-09,1986,12,9,0
1986-12-10,1986,12,10,0
1986-12-11,1986,12,11,0
1986-12-12,1986,12,12,0
1986-12-13,1986,12,13,0
1986-12-14,1986,12,14,0
1986-12-15,1986,12,15,0
1986-12-16,1986,12,16,0
1986-12-17,1986,12,17,0
1986-12-18,1986,12,18,0
1986-12-19,1986,12,19,0
1986-12-20,1986,12,20,0
1986-12-21,1986,12,21,0
1986-12-22,1986,12,22,0
1986-12-23,1986,12,23,0.099850048
1986-12-24,1986,12,24,0
1986-12-25,1986,12,25,0
1986-12-26,1986,12,26,0
1986-12-27,1986,12,27,0
1986-12-28,1986,12,28,0
1986-12-29,1986,12,29,0
1986-12-30,1986,12,30,0
1986-12-31,1986,12,31,0
1987-01-01,1987,1,1,0
1987-01-02,1987,1,2,0
1987-01-03,1987,1,3,0
1987-01-04,1987,1,4,0
1987-01-05,1987,1,5,0
1987-01-06,1987,1,6,0
1987-01-07,1987,1,7,0
1987-01-08,1987,1,8,0
1987-01-09,1987,1,9,0
1987-01-10,1987,1,10,0
1987-01-11,1987,1,11,0
1987-01-12,1987,1,12,0
1987-01-13,1987,1,13,0
1987-01-14,1987,1,14,0
1987-01-15,1987,1,15,0
1987-01-16,1987,1,16,0
1987-01-17,1987,1,17,0
1987-01-18,1987,1,18,0
1987-01-19,1987,1,19,0
1987-01-20,1987,1,20,0
1987-01-21,1987,1,21,0
1987-01-22,1987,1,22,0
1987-01-23,1987,1,23,0
1987-01-24,1987,1,24,0
1987-01-25,1987,1,25,0
1987-01-26,1987,1,26,0
1987-01-27,1987,1,27,0
1987-01-28,1987,1,28,0
1987-01-29,1987,1,29,0
1987-01-30,1987,1,30,0
1987-01-31,1987,1,31,0
1987-02-01,1987,2,1,0
1987-02-02,1987,2,2,0
1987-02-03,1987,2,3,0
1987-02-04,1987,2,4,0
1987-02-05,1987,2,5,0
1987-02-06,1987,2,6,0
1987-02-07,1987,2,7,0
1987-02-08,1987,2,8,0
1987-02-09,1987,2,9,0
1987-02-10,1987,2,10,0
1987-02-11,1987,2,11,0
1987-02-12,1987,2,12,0
1987-02-13,1987,2,13,0
1987-02-14,1987,2,14,0
1987-02-15,1987,2,15,0
1987-02-16,1987,2,16,0
1987-02-17,1987,2,17,0
1987-02-18,1987,2,18,0
1987-02-19,1987,2,19,0.0015517799
1987-02-20,1987,2,20,7.223895
1987-02-21,1987,2,21,9.687211
1987-02-22,1987,2,22,0
1987-02-23,1987,2,23,0
1987-02-24,1987,2,24,0.70604086
1987-02-25,1987,2,25,0
1987-02-26,1987,2,26,0
1987-02-27,1987,2,27,0
1987-02-28,1987,2,28,0
1987-03-01,1987,3,1,0
1987-03-02,1987,3,2,0
1987-03-03,1987,3,3,0
1987-03-04,1987,3,4,0
1987-03-05,1987,3,5,0
1987-03-06,1987,3,6,0
1987-03-07,1987,3,7,0
1987-03-08,1987,3,8,0
1987-03-09,1987,3,9,0
1987-03-10,1987,3,10,0
1987-03-11,1987,3,11,0
1987-03-12,1987,3,12,0
1987-03-13,1987,3,13,0
1987-03-14,1987,3,14,0
1987-03-15,1987,3,15,0
1987-03-16,1987,3,16,0
1987-03-17,1987,3,17,0
1987-03-18,1987,3,18,0
1987-03-19,1987,3,19,0
1987-03-20,1987,3,20,0
1987-03-21,1987,3,21,0
1987-03-22,1987,3,22,5.0565081
1987-03-23,1987,3,23,9.4515688
1987-03-24,1987,3,24,9.7528083
1987-03-25,1987,3,25,0
1987-03-26,1987,3,26,32.744288
1987-03-27,1987,3,27,53.310728
1987-03-28,1987,3,28,0
1987-03-29,1987,3,29,0
1987-03-30,1987,3,30,0
1987-03-31,1987,3,31,0
1987-04-01,1987,4,1,0
1987-04-02,1987,4,2,0
1987-04-03,1987,4,3,0
1987-04-04,1987,4,4,0
1987-04-05,1987,4,5,0
1987-04-06,1987,4,6,0
1987-04-07,1987,4,7,0
1987-04-08,1987,4,8,0
1987-04-09,1987,4,9,0
1987-04-10,1987,4,10,0
1987-04-11,1987,4,11,0
1987-04-12,1987,4,12,0
1987-04-13,1987,4,13,0
1987-04-14,1987,4,14,15.655634
1987-04-15,1987,4,15,12.8423
1987-04-16,1987,4,16,0
1987-04-17,1987,4,17,0
1987-04-18,1987,4,18,0
1987-04-19,1987,4,19,0
1987-04-20,1987,4,20,0
1987-04-21,1987,4,21,0
1987-04-22,1987,4,22,0
1987-04-23,1987,4,23,0
1987-04-24,1987,4,24,0
1987-04-25,1987,4,25,0
1987-04-26,1987,4,26,0
1987-04-27,1987,4,27,0
1987-04-28,1987,4,28,0
1987-04-29,1987,4,29,0
1987-04-30,1987,4,30,5.5784504
1987-05-01,1987,5,1,0
1987-05-02,1987,5,2,0
1987-05-03,1987,5,3,0
1987-05-04,1987,5,4,0
1987-05-05,1987,5,5,21.135414
1987-05-06,1987,5,6,67.065126
1987-05-07,1987,5,7,0
1987-05-08,1987,5,8,0
1987-05-09,1987,5,9,0
1987-05-10,1987,5,10,0
1987-05-11,1987,5,11,0.072510258
1987-05-12,1987,5,12,0
1987-05-13,1987,5,13,0
1987-05-14,1987,5,14,0
1987-05-15,1987,5,15,0
1987-05-16,1987,5,16,1.7663476
1987-05-17,1987,5,17,5.7516144
1987-05-18,1987,5,18,0
1987-05-19,1987,5,19,0
1987-05-20,1987,5,20,0
1987-05-21,1987,5,21,0
1987-05-22,1987,5,22,0
1987-05-23,1987,5,23,0
1987-05-24,1987,5,24,0
1987-05-25,1987,5,25,0
1987-05-26,1987,5,26,10.405747
1987-05-27,1987,5,27,0
1987-05-28,1987,5,28,11.258736
1987-05-29,1987,5,29,28.779124
1987-05-30,1987,5,30,0
1987-05-31,1987,5,31,0
1987-06-01,1987,6,1,0
1987-06-02,1987,6,2,82.325377
1987-06-03,1987,6,3,16.542479
1987-06-04,1987,6,4,0
1987-06-05,1987,6,5,0
1987-06-06,1987,6,6,0
1987-06-07,1987,6,7,8.6292711
1987-06-08,1987,6,8,0
1987-06-09,1987,6,9,0
1987-06-10,1987,6,10,17.644436
1987-06-11,1987,6,11,6.118843
1987-06-12,1987,6,12,0
1987-06-13,1987,6,13,0
1987-06-14,1987,6,14,0
1987-06-15,1987,6,15,0
1987-06-16,1987,6,16,0
1987-06-17,1987,6,17,0
1987-06-18,1987,6,18,0
1987-06-19,1987,6,19,17.034241
1987-06-20,1987,6,20,20.905465
1987-06-21,1987,6,21,0
1987-06-22,1987,6,22,0
1987-06-23,1987,6,23,0
1987-06-24,1987,6,24,0
1987-06-25,1987,6,25,0
1987-06-26,1987,6,26,0
1987-06-27,1987,6,27,2.3590712
1987-06-28,1987,6,28,18.186275
1987-06-29,1987,6,29,0
1987-06-30,1987,6,30,0
1987-07-01,1987,7,1,0
1987-07-02,1987,7,2,0.34641726
1987-07-03,1987,7,3,0
1987-07-04,1987,7,4,0
1987-07-05,1987,7,5,0
1987-07-06,1987,7,6,0
1987-07-07,1987,7,7,0
1987-07-08,1987,7,8,22.74969
1987-07-09,1987,7,9,62.313933
1987-07-10,1987,7,10,49.333638
1987-07-11,1987,7,11,65.780804
1987-07-12,1987,7,12,43.828484
1987-07-13,1987,7,13,81.464767
1987-07-14,1987,7,14,73.318028
1987-07-15,1987,7,15,48.654173
1987-07-16,1987,7,16,31.091829
1987-07-17,1987,7,17,0
1987-07-18,1987,7,18,0
1987-07-19,1987,7,19,0
1987-07-20,1987,7,20,0
1987-07-21,1987,7,21,2.3077304
1987-07-22,1987,7,22,23.82647
1987-07-23,1987,7,23,81.440169
1987-07-24,1987,7,24,17.608436
1987-07-25,1987,7,25,40.832006
1987-07-26,1987,7,26,16.160438
1987-07-27,1987,7,27,5.2517811
1987-07-28,1987,7,28,0
1987-07-29,1987,7,29,0
1987-07-30,1987,7,30,0
1987-07-31,1987,7,31,41.741256
1987-08-01,1987,8,1,2.0368899
1987-08-02,1987,8,2,0
1987-08-03,1987,8,3,11.632944
1987-08-04,1987,8,4,0
1987-08-05,1987,8,5,0
1987-08-06,1987,8,6,0
1987-08-07,1987,8,7,24.648594
1987-08-08,1987,8,8,31.661802
1987-08-09,1987,8,9,57.005329
1987-08-10,1987,8,10,36.562785
1987-08-11,1987,8,11,65.528736
1987-08-12,1987,8,12,35.858044
1987-08-13,1987,8,13,46.941418
1987-08-14,1987,8,14,30.071985
1987-08-15,1987,8,15,0.2760839
1987-08-16,1987,8,16,0
1987-08-17,1987,8,17,0
1987-08-18,1987,8,18,0.0089650865
1987-08-19,1987,8,19,0
1987-08-20,1987,8,20,0
1987-08-21,1987,8,21,0
1987-08-22,1987,8,22,0
1987-08-23,1987,8,23,14.436236
1987-08-24,1987,8,24,4.6481298
1987-08-25,1987,8,25,0
1987-08-26,1987,8,26,23.617754
1987-08-27,1987,8,27,0
1987-08-28,1987,8,28,0
1987-08-29,1987,8,29,0
1987-08-30,1987,8,30,0
1987-08-31,1987,8,31,0
1987-09-01,1987,9,1,0
1987-09-02,1987,9,2,0
1987-09-03,1987,9,3,0
1987-09-04,1987,9,4,9.330711
1987-09-05,1987,9,5,1.7268529
1987-09-06,1987,9,6,15.721889
1987-09-07,1987,9,7,72.088573
1987-09-08,1987,9,8,41.312634
1987-09-09,1987,9,9,11.792855
1987-09-10,1987,9,10,0
1987-09-11,1987,9,11,0
1987-09-12,1987,9,12,0
1987-09-13,1987,9,13,0.00050567013
1987-09-14,1987,9,14,11.100063
1987-09-15,1987,9,15,0
1987-09-16,1987,9,16,0
1987-09-17,1987,9,17,0
1987-09-18,1987,9,18,0
1987-09-19,1987,9,19,0
1987-09-20,1987,9,20,0
1987-09-21,1987,9,21,0
1987-09-22,1987,9,22,0
1987-09-23,1987,9,23,0
1987-09-24,1987,9,24,0
1987-09-25,1987,9,25,11.011491
1987-09-26,1987,9,26,0
1987-09-27,1987,9,27,0
1987-09-28,1987,9,28,19.575386
1987-09-29,1987,9,29,0.43885471
1987-09-30,1987,9,30,0
1987-10-01,1987,10,1,0
1987-10-02,1987,10,2,0
1987-10-03,1987,10,3,0
1987-10-04,1987,10,4,0
1987-10-05,1987,10,5,4.3416685
1987-10-06,1987,10,6,0.9612591
1987-10-07,1987,10,7,0
1987-10-08,1987,10,8,0
1987-10-09,1987,10,9,65.056839
1987-10-10,1987,10,10,29.04438
1987-10-11,1987,10,11,4.4602602
1987-10-12,1987,10,12,0
1987-10-13,1987,10,13,0
1987-10-14,1987,10,14,0
1987-10-15,1987,10,15,0
1987-10-16,1987,10,16,0
1987-10-17,1987,10,17,0
1987-10-18,1987,10,18,0
1987-10-19,1987,10,19,0
1987-10-20,1987,10,20,0
1987-10-21,1987,10,21,0
1987-10-22,1987,10,22,0
1987-10-23,1987,10,23,0
1987-10-24,1987,10,24,4.9637624
1987-10-25,1987,10,25,0
1987-10-26,1987,10,26,0
1987-10-27,1987,10,27,0
1987-10-28,1987,10,28,0
1987-10-29,1987,10,29,4.3705468
1987-10-30,1987,10,30,5.1533426
1987-10-31,1987,10,31,14.198207
1987-11-01,1987,11,1,0
1987-11-02,1987,11,2,0
1987-11-03,1987,11,3,0
1987-11-04,1987,11,4,0.59590305
1987-11-05,1987,11,5,7.5030502
1987-11-06,1987,11,6,4.702982
1987-11-07,1987,11,7,10.185205
1987-11-08,1987,11,8,0
1987-11-09,1987,11,9,0
1987-11-10,1987,11,10,0
1987-11-11,1987,11,11,0
1987-11-12,1987,11,12,0
1987-11-13,1987,11,13,0
1987-11-14,1987,11,14,0
1987-11-15,1987,11,15,0
1987-11-16,1987,11,16,0
1987-11-17,1987,11,17,0.041870377
1987-11-18,1987,11,18,0
1987-11-19,1987,11,19,0
1987-11-20,1987,11,20,0
1987-11-21,1987,11,21,0
1987-11-22,1987,11,22,5.1737698
1987-11-23,1987,11,23,0
1987-11-24,1987,11,24,0
1987-11-25,1987,11,25,0
1987-11-26,1987,11,26,0
1987-11-27,1987,11,27,0
1987-11-28,1987,11,28,0
1987-11-29,1987,11,29,0
1987-11-30,1987,11,30,0
1987-12-01,1987,12,1,0
1987-12-02,1987,12,2,0
1987-12-03,1987,12,3,0
1987-12-04,1987,12,4,0
1987-12-05,1987,12,5,0
1987-12-06,1987,12,6,0.00071050422
1987-12-07,1987,12,7,0
1987-12-08,1987,12,8,0
1987-12-09,1987,12,9,0
1987-12-10,1987,12,10,22.186582
1987-12-11,1987,12,11,0
1987-12-12,1987,12,12,0
1987-12-13,1987,12,13,0
1987-12-14,1987,12,14,0
1987-12-15,1987,12,15,0
1987-12-16,1987,12,16,0
1987-12-17,1987,12,17,0
1987-12-18,1987,12,18,0
1987-12-19,1987,12,19,0
1987-12-20,1987,12,20,0
1987-12-21,1987,12,21,0
1987-12-22,1987,12,22,0
1987-12-23,1987,12,23,0
1987-12-24,1987,12,24,0
1987-12-25,1987,12,25,0
1987-12-26,1987,12,26,0
1987-12-27,1987,12,27,0.94407253
1987-12-28,1987,12,28,0
1987-12-29,1987,12,29,0
1987-12-30,1987,12,30,0
1987-12-31,1987,12,31,0
1988-01-01,1988,1,1,0
1988-01-02,1988,1,2,0
1988-01-03,1988,1,3,0
1988-01-04,1988,1,4,0
1988-01-05,1988,1,5,0
1988-01-06,1988,1,6,0
1988-01-07,1988,1,7,0
1988-01-08,1988,1,8,0
1988-01-09,1988,1,9,0
1988-01-10,1988,1,10,0
1988-01-11,1988,1,11,0
1988-01-12,1988,1,12,0.024663194
1988-01-13,1988,1,13,0
1988-01-14,1988,1,14,0
1988-01-15,1988,1,15,0
1988-01-16,1988,1,16,0
1988-01-17,1988,1,17,8.596733
1988-01-18,1988,1,18,10.716716
1988-01-19,1988,1,19,0
1988-01-20,1988,1,20,0
1988-01-21,1988,1,21,0
1988-01-22,1988,1,22,0
1988-01-23,1988,1,23,0
1988-01-24,1988,1,24,0
1988-01-25,1988,1,25,0
1988-01-26,1988,1,26,0
1988-01-27,1988,1,27,0
1988-01-28,1988,1,28,0
1988-01-29,1988,1,29,0
1988-01-30,1988,1,30,0
1988-01-31,1988,1,31,0
1988-02-01,1988,2,1,0
1988-02-02,1988,2,2,0
1988-02-03,1988,2,3,0
1988-02-04,1988,2,4,0
1988-02-05,1988,2,5,0
1988-02-06,1988,2,6,0
1988-02-07,1988,2,7,0
1988-02-08,1988,2,8,0
1988-02-09,1988,2,9,0
1988-02-10,1988,2,10,0
1988-02-11,1988,2,11,0
1988-02-12,1988,2,12,0
1988-02-13,1988,2,13,0
1988-02-14,1988,2,14,0
1988-02-15,1988,2,15,0
1988-02-16,1988,2,16,0
1988-02-17,1988,2,17,0
1988-02-18,1988,2,18,0
1988-02-19,1988,2,19,0
1988-02-20,1988,2,20,0
1988-02-21,1988,2,21,0
1988-02-22,1988,2,22,0
1988-02-23,1988,2,23,0
1988-02-24,1988,2,24,0
1988-02-25,1988,2,25,0
1988-02-26,1988,2,26,0
1988-02-27,1988,2,27,0
1988-02-28,1988,2,28,0
1988-02-29,1988,2,29,0
1988-03-01,1988,3,1,0
1988-03-02,1988,3,2,0
1988-03-03,1988,3,3,0
1988-03-04,1988,3,4,12.305261
1988-03-05,1988,3,5,0
1988-03-06,1988,3,6,0
1988-03-07,1988,3,7,1.4711776
1988-03-08,1988,3,8,0
1988-03-09,1988,3,9,46.865475
1988-03-10,1988,3,10,13.66564
1988-03-11,1988,3,11,5.2463551
1988-03-12,1988,3,12,0
1988-03-13,1988,3,13,0
1988-03-14,1988,3,14,0
1988-03-15,1988,3,15,0
1988-03-16,1988,3,16,0
1988-03-17,1988,3,17,0
1988-03-18,1988,3,18,0
1988-03-19,1988,3,19,0
1988-03-20,1988,3,20,0
1988-03-21,1988,3,21,0
1988-03-22,1988,3,22,0.059647944
1988-03-23,1988,3,23,0
1988-03-24,1988,3,24,0
1988-03-25,1988,3,25,0
1988-03-26,1988,3,26,0
1988-03-27,1988,3,27,0
1988-03-28,1988,3,28,0
1988-03-29,1988,3,29,0
1988-03-30,1988,3,30,0
1988-03-31,1988,3,31,0
1988-04-01,1988,4,1,0
1988-04-02,1988,4,2,0
1988-04-03,1988,4,3,0
1988-04-04,1988,4,4,0
1988-04-05,1988,4,5,0
1988-04-06,1988,4,6,0
1988-04-07,1988,4,7,0
1988-04-08,1988,4,8,0
1988-04-09,1988,4,9,0
1988-04-10,1988,4,10,0
1988-04-11,1988,4,11,0
1988-04-12,1988,4,12,0
1988-04-13,1988,4,13,0
1988-04-14,1988,4,14,30.806626
1988-04-15,1988,4,15,3.818121
1988-04-16,1988,4,16,0
1988-04-17,1988,4,17,5.8889372
1988-04-18,1988,4,18,0
1988-04-19,1988,4,19,0
1988-04-20,1988,4,20,0
1988-04-21,1988,4,21,0
1988-04-22,1988,4,22,0
1988-04-23,1988,4,23,0
1988-04-24,1988,4,24,13.22044
1988-04-25,1988,4,25,12.181746
1988-04-26,1988,4,26,0
1988-04-27,1988,4,27,0
1988-04-28,1988,4,28,0
1988-04-29,1988,4,29,0
1988-04-30,1988,4,30,0
1988-05-01,1988,5,1,0
1988-05-02,1988,5,2,0
1988-05-03,1988,5,3,0
1988-05-04,1988,5,4,0
1988-05-05,1988,5,5,0
1988-05-06,1988,5,6,0
1988-05-07,1988,5,7,0
1988-05-08,1988,5,8,0
1988-05-09,1988,5,9,0
1988-05-10,1988,5,10,0
1988-05-11,1988,5,11,11.670004
1988-05-12,1988,5,12,0.13288284
1988-05-13,1988,5,13,41.74507
1988-05-14,1988,5,14,23.271159
1988-05-15,1988,5,15,16.519712
1988-05-16,1988,5,16,0
1988-05-17,1988,5,17,22.845439
1988-05-18,1988,5,18,0
1988-05-19,1988,5,19,0
1988-05-20,1988,5,20,0
1988-05-21,1988,5,21,0
1988-05-22,1988,5,22,0
1988-05-23,1988,5,23,0
1988-05-24,1988,5,24,0
1988-05-25,1988,5,25,0
1988-05-26,1988,5,26,0
1988-05-27,1988,5,27,0
1988-05-28,1988,5,28,0
1988-05-29,1988,5,29,0
1988-05-30,1988,5,30,0
1988-05-31,1988,5,31,0
1988-06-01,1988,6,1,6.1541096
1988-06-02,1988,6,2,9.0700403
1988-06-03,1988,6,3,0
1988-06-04,1988,6,4,0
1988-06-05,1988,6,5,0
1988-06-06,1988,6,6,19.457936
1988-06-07,1988,6,7,24.698882
1988-06-08,1988,6,8,0
1988-06-09,1988,6,9,0
1988-06-10,1988,6,10,0
1988-06-11,1988,6,11,0
1988-06-12,1988,6,12,0
1988-06-13,1988,6,13,0
1988-06-14,1988,6,14,0
1988-06-15,1988,6,15,11.073596
1988-06-16,1988,6,16,14.476278
1988-06-17,1988,6,17,0.42007515
1988-06-18,1988,6,18,0
1988-06-19,1988,6,19,63.902645
1988-06-20,1988,6,20,40.615374
1988-06-21,1988,6,21,16.373208
1988-06-22,1988,6,22,81.633261
1988-06-23,1988,6,23,9.6582144
1988-06-24,1988,6,24,0
1988-06-25,1988,6,25,0
1988-06-26,1988,6,26,0
1988-06-27,1988,6,27,0
1988-06-28,1988,6,28,89.051398
1988-06-29,1988,6,29,61.941625
1988-06-30,1988,6,30,64.173996
1988-07-01,1988,7,1,18.892345
1988-07-02,1988,7,2,6.9379728
1988-07-03,1988,7,3,0
1988-07-04,1988,7,4,16.896157
1988-07-05,1988,7,5,15.263875
1988-07-06,1988,7,6,0
1988-07-07,1988,7,7,0
1988-07-08,1988,7,8,0
1988-07-09,1988,7,9,0
1988-07-10,1988,7,10,0
1988-07-11,1988,7,11,0
1988-07-12,1988,7,12,0
1988-07-13,1988,7,13,0
1988-07-14,1988,7,14,0
1988-07-15,1988,7,15,0
1988-07-16,1988,7,16,35.201728
1988-07-17,1988,7,17,9.3806484
1988-07-18,1988,7,18,0
1988-07-19,1988,7,19,0
1988-07-20,1988,7,20,0
1988-07-21,1988,7,21,0
1988-07-22,1988,7,22,0
1988-07-23,1988,7,23,0
1988-07-24,1988,7,24,0
1988-07-25,1988,7,25,0
1988-07-26,1988,7,26,7.3309879
1988-07-27,1988,7,27,65.388335
1988-07-28,1988,7,28,112.39562
1988-07-29,1988,7,29,6.1694071
1988-07-30,1988,7,30,0
1988-07-31,1988,7,31,0
1988-08-01,1988,8,1,0
1988-08-02,1988,8,2,0
1988-08-03,1988,8,3,0
1988-08-04,1988,8,4,0
1988-08-05,1988,8,5,0
1988-08-06,1988,8,6,0
1988-08-07,1988,8,7,17.689729
1988-08-08,1988,8,8,0
1988-08-09,1988,8,9,0
1988-08-10,1988,8,10,8.1658414
1988-08-11,1988,8,11,0
1988-08-12,1988,8,12,34.591809
1988-08-13,1988,8,13,64.232257
1988-08-14,1988,8,14,44.409509
1988-08-15,1988,8,15,3.5392555
1988-08-16,1988,8,16,0
1988-08-17,1988,8,17,50.162866
1988-08-18,1988,8,18,68.530195
1988-08-19,1988,8,19,13.281935
1988-08-20,1988,8,20,0.00068049148
1988-08-21,1988,8,21,0.001882457
1988-08-22,1988,8,22,66.349253
1988-08-23,1988,8,23,55.652352
1988-08-24,1988,8,24,20.588498
1988-08-25,1988,8,25,0
1988-08-26,1988,8,26,0
1988-08-27,1988,8,27,0
1988-08-28,1988,8,28,0
1988-08-29,1988,8,29,38.702435
1988-08-30,1988,8,30,23.006903
1988-08-31,1988,8,31,0
1988-09-01,1988,9,1,0
1988-09-02,1988,9,2,0
1988-09-03,1988,9,3,0
1988-09-04,1988,9,4,19.278242
1988-09-05,1988,9,5,0
1988-09-06,1988,9,6,0
1988-09-07,1988,9,7,0
1988-09-08,1988,9,8,0.36364777
1988-09-09,1988,9,9,0
1988-09-10,1988,9,10,0
1988-09-11,1988,9,11,0
1988-09-12,1988,9,12,0
1988-09-13,1988,9,13,0
1988-09-14,1988,9,14,0
1988-09-15,1988,9,15,0
1988-09-16,1988,9,16,0
1988-09-17,1988,9,17,0
1988-09-18,1988,9,18,0
1988-09-19,1988,9,19,0
1988-09-20,1988,9,20,0.98736974
1988-09-21,1988,9,21,5.0495082
1988-09-22,1988,9,22,36.423246
1988-09-23,1988,9,23,4.6231708
1988-09-24,1988,9,24,0
1988-09-25,1988,9,25,9.7039866
1988-09-26,1988,9,26,0
1988-09-27,1988,9,27,0
1988-09-28,1988,9,28,0
1988-09-29,1988,9,29,0.9034668
1988-09-30,1988,9,30,0
1988-10-01,1988,10,1,5.2058954
1988-10-02,1988,10,2,0
1988-10-03,1988,10,3,0
1988-10-04,1988,10,4,0
1988-10-05,1988,10,5,0
1988-10-06,1988,10,6,0
1988-10-07,1988,10,7,0
1988-10-08,1988,10,8,0
1988-10-09,1988,10,9,0
1988-10-10,1988,10,10,0
1988-10-11,1988,10,11,0
1988-10-12,1988,10,12,0
1988-10-13,1988,10,13,0
1988-10-14,1988,10,14,0
1988-10-15,1988,10,15,0
1988-10-16,1988,10,16,0
1988-10-17,1988,10,17,11.33033
1988-10-18,1988,10,18,0
1988-10-19,1988,10,19,0
1988-10-20,1988,10,20,0
1988-10-21,1988,10,21,0
1988-10-22,1988,10,22,0
1988-10-23,1988,10,23,11.730509
1988-10-24,1988,10,24,22.165779
1988-10-25,1988,10,25,0
1988-10-26,1988,10,26,0
1988-10-27,1988,10,27,0
1988-10-28,1988,10,28,18.461755
1988-10-29,1988,10,29,0
1988-10-30,1988,10,30,0
1988-10-31,1988,10,31,0
1988-11-01,1988,11,1,0
1988-11-02,1988,11,2,0
1988-11-03,1988,11,3,0
1988-11-04,1988,11,4,0
1988-11-05,1988,11,5,0
1988-11-06,1988,11,6,0
1988-11-07,1988,11,7,0
1988-11-08,1988,11,8,0
1988-11-09,1988,11,9,0
1988-11-10,1988,11,10,0
1988-11-11,1988,11,11,0
1988-11-12,1988,11,12,0
1988-11-13,1988,11,13,0
1988-11-14,1988,11,14,0
1988-11-15,1988,11,15,0
1988-11-16,1988,11,16,0
1988-11-17,1988,11,17,0
1988-11-18,1988,11,18,0
1988-11-19,1988,11,19,15.55794
1988-11-20,1988,11,20,0
1988-11-21,1988,11,21,0
1988-11-22,1988,11,22,0
1988-11-23,1988,11,23,0
1988-11-24,1988,11,24,0
1988-11-25,1988,11,25,0
1988-11-26,1988,11,26,0
1988-11-27,1988,11,27,0
1988-11-28,1988,11,28,0
1988-11-29,1988,11,29,0
1988-11-30,1988,11,30,0.079742085
1988-12-01,1988,12,1,0
1988-12-02,1988,12,2,0
1988-12-03,1988,12,3,0
1988-12-04,1988,12,4,0
1988-12-05,1988,12,5,0
1988-12-06,1988,12,6,6.0032473
1988-12-07,1988,12,7,0
1988-12-08,1988,12,8,0
1988-12-09,1988,12,9,0
1988-12-10,1988,12,10,0
1988-12-11,1988,12,11,0.059964559
1988-12-12,1988,12,12,7.9875577
1988-12-13,1988,12,13,0
1988-12-14,1988,12,14,0
1988-12-15,1988,12,15,0
1988-12-16,1988,12,16,0.080443749
1988-12-17,1988,12,17,6.5965184
1988-12-18,1988,12,18,0
1988-12-19,1988,12,19,0
1988-12-20,1988,12,20,0
1988-12-21,1988,12,21,0
1988-12-22,1988,12,22,0
1988-12-23,1988,12,23,0
1988-12-24,1988,12,24,0
1988-12-25,1988,12,25,0
1988-12-26,1988,12,26,0
1988-12-27,1988,12,27,0
1988-12-28,1988,12,28,0
1988-12-29,1988,12,29,0
1988-12-30,1988,12,30,0
1988-12-31,1988,12,31,0
1989-01-01,1989,1,1,0
1989-01-02,1989,1,2,0
1989-01-03,1989,1,3,0
1989-01-04,1989,1,4,7.6718361
1989-01-05,1989,1,5,0.0011616677
1989-01-06,1989,1,6,0
1989-01-07,1989,1,7,0
1989-01-08,1989,1,8,0
1989-01-09,1989,1,9,0
1989-01-10,1989,1,10,0
1989-01-11,1989,1,11,0
1989-01-12,1989,1,12,0.37538754
1989-01-13,1989,1,13,0
1989-01-14,1989,1,14,0
1989-01-15,1989,1,15,0
1989-01-16,1989,1,16,0
1989-01-17,1989,1,17,0
1989-01-18,1989,1,18,0
1989-01-19,1989,1,19,0
1989-01-20,1989,1,20,0
1989-01-21,1989,1,21,0
1989-01-22,1989,1,22,0
1989-01-23,1989,1,23,0
1989-01-24,1989,1,24,0
1989-01-25,1989,1,25,0
1989-01-26,1989,1,26,0
1989-01-27,1989,1,27,0.03780004
1989-01-28,1989,1,28,0
1989-01-29,1989,1,29,0
1989-01-30,1989,1,30,0
1989-01-31,1989,1,31,0
1989-02-01,1989,2,1,0
1989-02-02,1989,2,2,0
1989-02-03,1989,2,3,0
1989-02-04,1989,2,4,0
1989-02-05,1989,2,5,0
1989-02-06,1989,2,6,0
1989-02-07,1989,2,7,0
1989-02-08,1989,2,8,0
1989-02-09,1989,2,9,0
1989-02-10,1989,2,10,0
1989-02-11,1989,2,11,0
1989-02-12,1989,2,12,0
1989-02-13,1989,2,13,0
1989-02-14,1989,2,14,0
1989-02-15,1989,2,15,0
1989-02-16,1989,2,16,0
1989-02-17,1989,2,17,0
1989-02-18,1989,2,18,0
1989-02-19,1989,2,19,0
1989-02-20,1989,2,20,0
1989-02-21,1989,2,21,0
1989-02-22,1989,2,22,2.1666763
1989-02-23,1989,2,23,0
1989-02-24,1989,2,24,0
1989-02-25,1989,2,25,0
1989-02-26,1989,2,26,0
1989-02-27,1989,2,27,0
1989-02-28,1989,2,28,0
1989-03-01,1989,3,1,0
1989-03-02,1989,3,2,0
1989-03-03,1989,3,3,1.3744991
1989-03-04,1989,3,4,0
1989-03-05,1989,3,5,0
1989-03-06,1989,3,6,0
1989-03-07,1989,3,7,0
1989-03-08,1989,3,8,0
1989-03-09,1989,3,9,0
1989-03-10,1989,3,10,0
1989-03-11,1989,3,11,0
1989-03-12,1989,3,12,0
1989-03-13,1989,3,13,0
1989-03-14,1989,3,14,0
1989-03-15,1989,3,15,0
1989-03-16,1989,3,16,0
1989-03-17,1989,3,17,0
1989-03-18,1989,3,18,0
1989-03-19,1989,3,19,0
1989-03-20,1989,3,20,0
1989-03-21,1989,3,21,0
1989-03-22,1989,3,22,0
1989-03-23,1989,3,23,0
1989-03-24,1989,3,24,0
1989-03-25,1989,3,25,0
1989-03-26,1989,3,26,0
1989-03-27,1989,3,27,0
1989-03-28,1989,3,28,0
1989-03-29,1989,3,29,0
1989-03-30,1989,3,30,23.304693
1989-03-31,1989,3,31,0
1989-04-01,1989,4,1,0
1989-04-02,1989,4,2,0
1989-04-03,1989,4,3,0
1989-04-04,1989,4,4,0
1989-04-05,1989,4,5,0
1989-04-06,1989,4,6,0
1989-04-07,1989,4,7,0
1989-04-08,1989,4,8,4.8457156
1989-04-09,1989,4,9,0
1989-04-10,1989,4,10,0
1989-04-11,1989,4,11,0
1989-04-12,1989,4,12,0
1989-04-13,1989,4,13,0
1989-04-14,1989,4,14,0
1989-04-15,1989,4,15,0
1989-04-16,1989,4,16,0
1989-04-17,1989,4,17,0
1989-04-18,1989,4,18,0
1989-04-19,1989,4,19,0
1989-04-20,1989,4,20,0
1989-04-21,1989,4,21,0
1989-04-22,1989,4,22,0
1989-04-23,1989,4,23,0
1989-04-24,1989,4,24,0
1989-04-25,1989,4,25,0
1989-04-26,1989,4,26,0
1989-04-27,1989,4,27,0
1989-04-28,1989,4,28,0
1989-04-29,1989,4,29,0.33521711
1989-04-30,1989,4,30,0
1989-05-01,1989,5,1,0
1989-05-02,1989,5,2,10.301175
1989-05-03,1989,5,3,5.0734427
1989-05-04,1989,5,4,0
1989-05-05,1989,5,5,0
1989-05-06,1989,5,6,0
1989-05-07,1989,5,7,0
1989-05-08,1989,5,8,0
1989-05-09,1989,5,9,0
1989-05-10,1989,5,10,0
1989-05-11,1989,5,11,0
1989-05-12,1989,5,12,12.077461
1989-05-13,1989,5,13,19.633855
1989-05-14,1989,5,14,5.6383841
1989-05-15,1989,5,15,0
1989-05-16,1989,5,16,0
1989-05-17,1989,5,17,0
1989-05-18,1989,5,18,0
1989-05-19,1989,5,19,0
1989-05-20,1989,5,20,0
1989-05-21,1989,5,21,0
1989-05-22,1989,5,22,0
1989-05-23,1989,5,23,0
1989-05-24,1989,5,24,0
1989-05-25,1989,5,25,0
1989-05-26,1989,5,26,0
1989-05-27,1989,5,27,0
1989-05-28,1989,5,28,0
1989-05-29,1989,5,29,7.8038587
1989-05-30,1989,5,30,0.16251465
1989-05-31,1989,5,31,2.311989
1989-06-01,1989,6,1,0
1989-06-02,1989,6,2,0.025664109
1989-06-03,1989,6,3,0.6710591
1989-06-04,1989,6,4,0
1989-06-05,1989,6,5,0
1989-06-06,1989,6,6,22.337418
1989-06-07,1989,6,7,34.751794
1989-06-08,1989,6,8,2.7738423
1989-06-09,1989,6,9,0
1989-06-10,1989,6,10,0
1989-06-11,1989,6,11,0
1989-06-12,1989,6,12,0
1989-06-13,1989,6,13,0
1989-06-14,1989,6,14,0
1989-06-15,1989,6,15,0
1989-06-16,1989,6,16,0
1989-06-17,1989,6,17,0
1989-06-18,1989,6,18,0
1989-06-19,1989,6,19,0
1989-06-20,1989,6,20,12.129463
1989-06-21,1989,6,21,0
1989-06-22,1989,6,22,0
1989-06-23,1989,6,23,0
1989-06-24,1989,6,24,0
1989-06-25,1989,6,25,48.089811
1989-06-26,1989,6,26,56.571537
1989-06-27,1989,6,27,61.243681
1989-06-28,1989,6,28,40.939202
1989-06-29,1989,6,29,71.358544
1989-06-30,1989,6,30,0.39377552
1989-07-01,1989,7,1,0
1989-07-02,1989,7,2,0
1989-07-03,1989,7,3,0
1989-07-04,1989,7,4,0
1989-07-05,1989,7,5,0
1989-07-06,1989,7,6,0
1989-07-07,1989,7,7,0
1989-07-08,1989,7,8,0
1989-07-09,1989,7,9,0
1989-07-10,1989,7,10,0
1989-07-11,1989,7,11,0
1989-07-12,1989,7,12,10.867356
1989-07-13,1989,7,13,0
1989-07-14,1989,7,14,0
1989-07-15,1989,7,15,0
1989-07-16,1989,7,16,0
1989-07-17,1989,7,17,13.003745
1989-07-18,1989,7,18,0
1989-07-19,1989,7,19,24.775909
1989-07-20,1989,7,20,0
1989-07-21,1989,7,21,0
1989-07-22,1989,7,22,19.39597
1989-07-23,1989,7,23,14.578804
1989-07-24,1989,7,24,0.74332438
1989-07-25,1989,7,25,82.064324
1989-07-26,1989,7,26,63.948201
1989-07-27,1989,7,27,23.016772
1989-07-28,1989,7,28,65.331009
1989-07-29,1989,7,29,11.75743
1989-07-30,1989,7,30,0
1989-07-31,1989,7,31,0
1989-08-01,1989,8,1,0
1989-08-02,1989,8,2,31.989743
1989-08-03,1989,8,3,17.819732
1989-08-04,1989,8,4,0
1989-08-05,1989,8,5,0
1989-08-06,1989,8,6,5.6687474
1989-08-07,1989,8,7,0
1989-08-08,1989,8,8,0
1989-08-09,1989,8,9,0
1989-08-10,1989,8,10,0
1989-08-11,1989,8,11,0
1989-08-12,1989,8,12,10.772211
1989-08-13,1989,8,13,0
1989-08-14,1989,8,14,0
1989-08-15,1989,8,15,35.289802
1989-08-16,1989,8,16,8.6461145
1989-08-17,1989,8,17,30.449703
1989-08-18,1989,8,18,34.418018
1989-08-19,1989,8,19,1.5290528
1989-08-20,1989,8,20,0
1989-08-21,1989,8,21,0.013815538
1989-08-22,1989,8,22,70.537549
1989-08-23,1989,8,23,105.22797
1989-08-24,1989,8,24,3.4851846
1989-08-25,1989,8,25,31.283864
1989-08-26,1989,8,26,0
1989-08-27,1989,8,27,0
1989-08-28,1989,8,28,0
1989-08-29,1989,8,29,13.64003
1989-08-30,1989,8,30,0
1989-08-31,1989,8,31,0
1989-09-01,1989,9,1,0
1989-09-02,1989,9,2,0.0089656061
1989-09-03,1989,9,3,28.01183
1989-09-04,1989,9,4,0
1989-09-05,1989,9,5,0
1989-09-06,1989,9,6,0
1989-09-07,1989,9,7,0
1989-09-08,1989,9,8,0
1989-09-09,1989,9,9,2.5820342
1989-09-10,1989,9,10,0
1989-09-11,1989,9,11,0
1989-09-12,1989,9,12,0
1989-09-13,1989,9,13,0
1989-09-14,1989,9,14,0
1989-09-15,1989,9,15,0
1989-09-16,1989,9,16,0
1989-09-17,1989,9,17,0
1989-09-18,1989,9,18,0
1989-09-19,1989,9,19,0
1989-09-20,1989,9,20,1.7922953
1989-09-21,1989,9,21,8.8634551
1989-09-22,1989,9,22,8.1565917
1989-09-23,1989,9,23,0
1989-09-24,1989,9,24,0
1989-09-25,1989,9,25,0
1989-09-26,1989,9,26,0
1989-09-27,1989,9,27,1.0128195
1989-09-28,1989,9,28,0
1989-09-29,1989,9,29,0
1989-09-30,1989,9,30,0.31722953
1989-10-01,1989,10,1,0.0028365806
1989-10-02,1989,10,2,0
1989-10-03,1989,10,3,0
1989-10-04,1989,10,4,0
1989-10-05,1989,10,5,0
1989-10-06,1989,10,6,0
1989-10-07,1989,10,7,0
1989-10-08,1989,10,8,0
1989-10-09,1989,10,9,0
1989-10-10,1989,10,10,0
1989-10-11,1989,10,11,0
1989-10-12,1989,10,12,0
1989-10-13,1989,10,13,0
1989-10-14,1989,10,14,0
1989-10-15,1989,10,15,0
1989-10-16,1989,10,16,0
1989-10-17,1989,10,17,0
1989-10-18,1989,10,18,0
1989-10-19,1989,10,19,0
1989-10-20,1989,10,20,0
1989-10-21,1989,10,21,0
1989-10-22,1989,10,22,0
1989-10-23,1989,10,23,0
1989-10-24,1989,10,24,31.526624
1989-10-25,1989,10,25,15.784702
1989-10-26,1989,10,26,0
1989-10-27,1989,10,27,0
1989-10-28,1989,10,28,0
1989-10-29,1989,10,29,0
1989-10-30,1989,10,30,0
1989-10-31,1989,10,31,0
1989-11-01,1989,11,1,0
1989-11-02,1989,11,2,0
1989-11-03,1989,11,3,0
1989-11-04,1989,11,4,0
1989-11-05,1989,11,5,0
1989-11-06,1989,11,6,5.0623719
1989-11-07,1989,11,7,14.017618
1989-11-08,1989,11,8,0
1989-11-09,1989,11,9,0
1989-11-10,1989,11,10,2.292492
1989-11-11,1989,11,11,0
1989-11-12,1989,11,12,0
1989-11-13,1989,11,13,0
1989-11-14,1989,11,14,0
1989-11-15,1989,11,15,0
1989-11-16,1989,11,16,0
1989-11-17,1989,11,17,0
1989-11-18,1989,11,18,0
1989-11-19,1989,11,19,0
1989-11-20,1989,11,20,0
1989-11-21,1989,11,21,0
1989-11-22,1989,11,22,0
1989-11-23,1989,11,23,0
1989-11-24,1989,11,24,0
1989-11-25,1989,11,25,0
1989-11-26,1989,11,26,0
1989-11-27,1989,11,27,0
1989-11-28,1989,11,28,0
1989-11-29,1989,11,29,0
1989-11-30,1989,11,30,0
1989-12-01,1989,12,1,0
1989-12-02,1989,12,2,4.2924694
1989-12-03,1989,12,3,0
1989-12-04,1989,12,4,33.962129
1989-12-05,1989,12,5,0.036316136
1989-12-06,1989,12,6,0
1989-12-07,1989,12,7,0
1989-12-08,1989,12,8,0
1989-12-09,1989,12,9,0
1989-12-10,1989,12,10,0
1989-12-11,1989,12,11,8.4232557
1989-12-12,1989,12,12,0
1989-12-13,1989,12,13,0
1989-12-14,1989,12,14,0
1989-12-15,1989,12,15,8.5447948
1989-12-16,1989,12,16,4.9850288
1989-12-17,1989,12,17,0
1989-12-18,1989,12,18,0
1989-12-19,1989,12,19,0
1989-12-20,1989,12,20,0.0087136909
1989-12-21,1989,12,21,0
1989-12-22,1989,12,22,0
1989-12-23,1989,12,23,0
1989-12-24,1989,12,24,0
1989-12-25,1989,12,25,0
1989-12-26,1989,12,26,0
1989-12-27,1989,12,27,0
1989-12-28,1989,12,28,0
1989-12-29,1989,12,29,0
1989-12-30,1989,12,30,0
1989-12-31,1989,12,31,0
1990-01-01,1990,1,1,0
1990-01-02,1990,1,2,0
1990-01-03,1990,1,3,0
1990-01-04,1990,1,4,0
1990-01-05,1990,1,5,0
1990-01-06,1990,1,6,0
1990-01-07,1990,1,7,0
1990-01-08,1990,1,8,0
1990-01-09,1990,1,9,0
1990-01-10,1990,1,10,0
1990-01-11,1990,1,11,0
1990-01-12,1990,1,12,0
1990-01-13,1990,1,13,0
1990-01-14,1990,1,14,0
1990-01-15,1990,1,15,2.9446368
1990-01-16,1990,1,16,5.1127881
1990-01-17,1990,1,17,0
1990-01-18,1990,1,18,0
1990-01-19,1990,1,19,0
1990-01-20,1990,1,20,0
1990-01-21,1990,1,21,0
1990-01-22,1990,1,22,0
1990-01-23,1990,1,23,0
1990-01-24,1990,1,24,0
1990-01-25,1990,1,25,0
1990-01-26,1990,1,26,0
1990-01-27,1990,1,27,0
1990-01-28,1990,1,28,0
1990-01-29,1990,1,29,0
1990-01-30,1990,1,30,0
1990-01-31,1990,1,31,0
1990-02-01,1990,2,1,0
1990-02-02,1990,2,2,0
1990-02-03,1990,2,3,0
1990-02-04,1990,2,4,0
1990-02-05,1990,2,5,0
1990-02-06,1990,2,6,0
1990-02-07,1990,2,7,0.0076380646
1990-02-08,1990,2,8,0
1990-02-09,1990,2,9,0
1990-02-10,1990,2,10,0
1990-02-11,1990,2,11,0
1990-02-12,1990,2,12,0
1990-02-13,1990,2,13,0
1990-02-14,1990,2,14,0
1990-02-15,1990,2,15,0
1990-02-16,1990,2,16,0
1990-02-17,1990,2,17,0
1990-02-18,1990,2,18,0.52477866
1990-02-19,1990,2,19,0
1990-02-20,1990,2,20,0
1990-02-21,1990,2,21,0
1990-02-22,1990,2,22,13.244561
1990-02-23,1990,2,23,0
1990-02-24,1990,2,24,0
1990-02-25,1990,2,25,0
1990-02-26,1990,2,26,0
1990-02-27,1990,2,27,0.93338506
1990-02-28,1990,2,28,0.32408972
1990-03-01,1990,3,1,0
1990-03-02,1990,3,2,0
1990-03-03,1990,3,3,0
1990-03-04,1990,3,4,0
1990-03-05,1990,3,5,0
1990-03-06,1990,3,6,0
1990-03-07,1990,3,7,0
1990-03-08,1990,3,8,0
1990-03-09,1990,3,9,0
1990-03-10,1990,3,10,0
1990-03-11,1990,3,11,0
1990-03-12,1990,3,12,0
1990-03-13,1990,3,13,0
1990-03-14,1990,3,14,0
1990-03-15,1990,3,15,0
1990-03-16,1990,3,16,0
1990-03-17,1990,3,17,0
1990-03-18,1990,3,18,0
1990-03-19,1990,3,19,0
1990-03-20,1990,3,20,0
1990-03-21,1990,3,21,0
1990-03-22,1990,3,22,0
1990-03-23,1990,3,23,0
1990-03-24,1990,3,24,0
1990-03-25,1990,3,25,0
1990-03-26,1990,3,26,0
1990-03-27,1990,3,27,7.6135499
1990-03-28,1990,3,28,107.60268
1990-03-29,1990,3,29,20.02367
1990-03-30,1990,3,30,0
1990-03-31,1990,3,31,0
1990-04-01,1990,4,1,0
1990-04-02,1990,4,2,0.52896787
1990-04-03,1990,4,3,0
1990-04-04,1990,4,4,0
1990-04-05,1990,4,5,0
1990-04-06,1990,4,6,0
1990-04-07,1990,4,7,0
1990-04-08,1990,4,8,0
1990-04-09,1990,4,9,0.00024102034
1990-04-10,1990,4,10,0
1990-04-11,1990,4,11,0
1990-04-12,1990,4,12,0
1990-04-13,1990,4,13,0
1990-04-14,1990,4,14,53.971889
1990-04-15,1990,4,15,63.915543
1990-04-16,1990,4,16,7.1182348
1990-04-17,1990,4,17,0
1990-04-18,1990,4,18,0
1990-04-19,1990,4,19,0
1990-04-20,1990,4,20,9.4260669
1990-04-21,1990,4,21,14.643453
1990-04-22,1990,4,22,10.243832
1990-04-23,1990,4,23,0
1990-04-24,1990,4,24,0
1990-04-25,1990,4,25,12.701453
1990-04-26,1990,4,26,0
1990-04-27,1990,4,27,0
1990-04-28,1990,4,28,0
1990-04-29,1990,4,29,0
1990-04-30,1990,4,30,0
1990-05-01,1990,5,1,0
1990-05-02,1990,5,2,14.351827
1990-05-03,1990,5,3,22.112539
1990-05-04,1990,5,4,0
1990-05-05,1990,5,5,53.5939
1990-05-06,1990,5,6,0
1990-05-07,1990,5,7,0
1990-05-08,1990,5,8,50.432778
1990-05-09,1990,5,9,35.113268
1990-05-10,1990,5,10,0
1990-05-11,1990,5,11,0
1990-05-12,1990,5,12,0
1990-05-13,1990,5,13,3.0822173
1990-05-14,1990,5,14,0
1990-05-15,1990,5,15,0
1990-05-16,1990,5,16,0
1990-05-17,1990,5,17,0
1990-05-18,1990,5,18,0
1990-05-19,1990,5,19,0
1990-05-20,1990,5,20,0
1990-05-21,1990,5,21,0
1990-05-22,1990,5,22,0
1990-05-23,1990,5,23,0
1990-05-24,1990,5,24,0
1990-05-25,1990,5,25,7.3346375
1990-05-26,1990,5,26,5.4420844
1990-05-27,1990,5,27,0
1990-05-28,1990,5,28,0
1990-05-29,1990,5,29,0.10895532
1990-05-30,1990,5,30,0
1990-05-31,1990,5,31,3.1899593
1990-06-01,1990,6,1,58.989041
1990-06-02,1990,6,2,10.079961
1990-06-03,1990,6,3,0
1990-06-04,1990,6,4,0
1990-06-05,1990,6,5,0
1990-06-06,1990,6,6,0
1990-06-07,1990,6,7,0
1990-06-08,1990,6,8,0
1990-06-09,1990,6,9,0
1990-06-10,1990,6,10,0
1990-06-11,1990,6,11,0
1990-06-12,1990,6,12,0
1990-06-13,1990,6,13,8.9466391
1990-06-14,1990,6,14,0
1990-06-15,1990,6,15,0
1990-06-16,1990,6,16,0
1990-06-17,1990,6,17,0
1990-06-18,1990,6,18,0
1990-06-19,1990,6,19,0
1990-06-20,1990,6,20,0
1990-06-21,1990,6,21,30.773804
1990-06-22,1990,6,22,0
1990-06-23,1990,6,23,0
1990-06-24,1990,6,24,0
1990-06-25,1990,6,25,0
1990-06-26,1990,6,26,0
1990-06-27,1990,6,27,0
1990-06-28,1990,6,28,0
1990-06-29,1990,6,29,0
1990-06-30,1990,6,30,0
1990-07-01,1990,7,1,10.491257
1990-07-02,1990,7,2,0
1990-07-03,1990,7,3,0
1990-07-04,1990,7,4,0
1990-07-05,1990,7,5,0
1990-07-06,1990,7,6,14.972125
1990-07-07,1990,7,7,19.194361
1990-07-08,1990,7,8,0
1990-07-09,1990,7,9,0
1990-07-10,1990,7,10,0
1990-07-11,1990,7,11,0
1990-07-12,1990,7,12,1.4942402
1990-07-13,1990,7,13,0.94935048
1990-07-14,1990,7,14,0
1990-07-15,1990,7,15,51.206472
1990-07-16,1990,7,16,27.482142
1990-07-17,1990,7,17,9.0168841
1990-07-18,1990,7,18,0
1990-07-19,1990,7,19,0
1990-07-20,1990,7,20,0
1990-07-21,1990,7,21,0
1990-07-22,1990,7,22,0
1990-07-23,1990,7,23,13.819936
1990-07-24,1990,7,24,13.975409
1990-07-25,1990,7,25,7.722911
1990-07-26,1990,7,26,0
1990-07-27,1990,7,27,0
1990-07-28,1990,7,28,0
1990-07-29,1990,7,29,0
1990-07-30,1990,7,30,0
1990-07-31,1990,7,31,0
1990-08-01,1990,8,1,13.324506
1990-08-02,1990,8,2,5.550815
1990-08-03,1990,8,3,0
1990-08-04,1990,8,4,0
1990-08-05,1990,8,5,3.3668449
1990-08-06,1990,8,6,48.583878
1990-08-07,1990,8,7,9.8108041
1990-08-08,1990,8,8,0
1990-08-09,1990,8,9,0
1990-08-10,1990,8,10,0
1990-08-11,1990,8,11,0
1990-08-12,1990,8,12,11.613744
1990-08-13,1990,8,13,14.105338
1990-08-14,1990,8,14,0
1990-08-15,1990,8,15,0
1990-08-16,1990,8,16,0
1990-08-17,1990,8,17,0
1990-08-18,1990,8,18,0
1990-08-19,1990,8,19,0
1990-08-20,1990,8,20,0
1990-08-21,1990,8,21,0
1990-08-22,1990,8,22,0
1990-08-23,1990,8,23,0
1990-08-24,1990,8,24,0
1990-08-25,1990,8,25,26.486716
1990-08-26,1990,8,26,9.3317468
1990-08-27,1990,8,27,0
1990-08-28,1990,8,28,0
1990-08-29,1990,8,29,27.417829
1990-08-30,1990,8,30,0.23476844
1990-08-31,1990,8,31,0
1990-09-01,1990,9,1,1.8357739
1990-09-02,1990,9,2,27.791944
1990-09-03,1990,9,3,2.1161525
1990-09-04,1990,9,4,25.559493
1990-09-05,1990,9,5,6.5816402
1990-09-06,1990,9,6,1.6017937
1990-09-07,1990,9,7,13.418432
1990-09-08,1990,9,8,15.276573
1990-09-09,1990,9,9,38.709278
1990-09-10,1990,9,10,23.261243
1990-09-11,1990,9,11,3.8279526
1990-09-12,1990,9,12,0
1990-09-13,1990,9,13,0
1990-09-14,1990,9,14,0
1990-09-15,1990,9,15,0
1990-09-16,1990,9,16,0
1990-09-17,1990,9,17,0.24402682
1990-09-18,1990,9,18,32.17449
1990-09-19,1990,9,19,36.368752
1990-09-20,1990,9,20,37.81056
1990-09-21,1990,9,21,5.0301125
1990-09-22,1990,9,22,0
1990-09-23,1990,9,23,0
1990-09-24,1990,9,24,0
1990-09-25,1990,9,25,0
1990-09-26,1990,9,26,3.0757242
1990-09-27,1990,9,27,0
1990-09-28,1990,9,28,0
1990-09-29,1990,9,29,0
1990-09-30,1990,9,30,8.1512037
1990-10-01,1990,10,1,0
1990-10-02,1990,10,2,0
1990-10-03,1990,10,3,0
1990-10-04,1990,10,4,0.27230273
1990-10-05,1990,10,5,0
1990-10-06,1990,10,6,0
1990-10-07,1990,10,7,0
1990-10-08,1990,10,8,0
1990-10-09,1990,10,9,1.3670092
1990-10-10,1990,10,10,38.79292
1990-10-11,1990,10,11,0.030078312
1990-10-12,1990,10,12,0
1990-10-13,1990,10,13,0
1990-10-14,1990,10,14,0
1990-10-15,1990,10,15,0
1990-10-16,1990,10,16,0
1990-10-17,1990,10,17,0
1990-10-18,1990,10,18,0
1990-10-19,1990,10,19,0
1990-10-20,1990,10,20,0
1990-10-21,1990,10,21,0
1990-10-22,1990,10,22,0
1990-10-23,1990,10,23,0
1990-10-24,1990,10,24,0
1990-10-25,1990,10,25,0
1990-10-26,1990,10,26,0
1990-10-27,1990,10,27,0
1990-10-28,1990,10,28,0
1990-10-29,1990,10,29,0
1990-10-30,1990,10,30,0
1990-10-31,1990,10,31,0
1990-11-01,1990,11,1,0
1990-11-02,1990,11,2,21.427915
1990-11-03,1990,11,3,29.64564
1990-11-04,1990,11,4,0
1990-11-05,1990,11,5,0
1990-11-06,1990,11,6,0
1990-11-07,1990,11,7,0
1990-11-08,1990,11,8,0
1990-11-09,1990,11,9,0
1990-11-10,1990,11,10,0
1990-11-11,1990,11,11,0
1990-11-12,1990,11,12,0.0066287795
1990-11-13,1990,11,13,10.132534
1990-11-14,1990,11,14,0
1990-11-15,1990,11,15,0
1990-11-16,1990,11,16,0
1990-11-17,1990,11,17,0
1990-11-18,1990,11,18,0
1990-11-19,1990,11,19,0
1990-11-20,1990,11,20,0
1990-11-21,1990,11,21,0
1990-11-22,1990,11,22,0
1990-11-23,1990,11,23,0
1990-11-24,1990,11,24,0
1990-11-25,1990,11,25,0
1990-11-26,1990,11,26,0
1990-11-27,1990,11,27,0
1990-11-28,1990,11,28,0
1990-11-29,1990,11,29,0
1990-11-30,1990,11,30,0
1990-12-01,1990,12,1,5.4697665
1990-12-02,1990,12,2,0
1990-12-03,1990,12,3,0
1990-12-04,1990,12,4,0
1990-12-05,1990,12,5,3.8945171
1990-12-06,1990,12,6,1.3884767
1990-12-07,1990,12,7,0
1990-12-08,1990,12,8,2.4905609
1990-12-09,1990,12,9,0.91290033
1990-12-10,1990,12,10,0.33759052
1990-12-11,1990,12,11,5.7053439
1990-12-12,1990,12,12,3.4704149
1990-12-13,1990,12,13,0
1990-12-14,1990,12,14,0
1990-12-15,1990,12,15,0
1990-12-16,1990,12,16,0
1990-12-17,1990,12,17,0
1990-12-18,1990,12,18,0
1990-12-19,1990,12,19,0
1990-12-20,1990,12,20,0
1990-12-21,1990,12,21,0
1990-12-22,1990,12,22,0
1990-12-23,1990,12,23,0
1990-12-24,1990,12,24,0
1990-12-25,1990,12,25,0
1990-12-26,1990,12,26,0
1990-12-27,1990,12,27,0
1990-12-28,1990,12,28,0
1990-12-29,1990,12,29,0
1990-12-30,1990,12,30,0
1990-12-31,1990,12,31,0
1991-01-01,1991,1,1,0
1991-01-02,1991,1,2,0
1991-01-03,1991,1,3,0
1991-01-04,1991,1,4,0
1991-01-05,1991,1,5,0
1991-01-06,1991,1,6,0
1991-01-07,1991,1,7,0
1991-01-08,1991,1,8,0
1991-01-09,1991,1,9,0
1991-01-10,1991,1,10,0
1991-01-11,1991,1,11,0
1991-01-12,1991,1,12,0
1991-01-13,1991,1,13,0
1991-01-14,1991,1,14,0
1991-01-15,1991,1,15,0
1991-01-16,1991,1,16,0
1991-01-17,1991,1,17,0
1991-01-18,1991,1,18,0
1991-01-19,1991,1,19,0
1991-01-20,1991,1,20,25.49277
1991-01-21,1991,1,21,0
1991-01-22,1991,1,22,0
1991-01-23,1991,1,23,0
1991-01-24,1991,1,24,0
1991-01-25,1991,1,25,0
1991-01-26,1991,1,26,0
1991-01-27,1991,1,27,0
1991-01-28,1991,1,28,3.3601902
1991-01-29,1991,1,29,0
1991-01-30,1991,1,30,0
1991-01-31,1991,1,31,0
1991-02-01,1991,2,1,0.093739137
1991-02-02,1991,2,2,0
1991-02-03,1991,2,3,0
1991-02-04,1991,2,4,0
1991-02-05,1991,2,5,0
1991-02-06,1991,2,6,0
1991-02-07,1991,2,7,0
1991-02-08,1991,2,8,0
1991-02-09,1991,2,9,0
1991-02-10,1991,2,10,0
1991-02-11,1991,2,11,0
1991-02-12,1991,2,12,0
1991-02-13,1991,2,13,0
1991-02-14,1991,2,14,0
1991-02-15,1991,2,15,0
1991-02-16,1991,2,16,0
1991-02-17,1991,2,17,0
1991-02-18,1991,2,18,0
1991-02-19,1991,2,19,0
1991-02-20,1991,2,20,0
1991-02-21,1991,2,21,0
1991-02-22,1991,2,22,0
1991-02-23,1991,2,23,0
1991-02-24,1991,2,24,0
1991-02-25,1991,2,25,0
1991-02-26,1991,2,26,0
1991-02-27,1991,2,27,0.30005804
1991-02-28,1991,2,28,0
1991-03-01,1991,3,1,0
1991-03-02,1991,3,2,0
1991-03-03,1991,3,3,0
1991-03-04,1991,3,4,0
1991-03-05,1991,3,5,0
1991-03-06,1991,3,6,0
1991-03-07,1991,3,7,0.053883317
1991-03-08,1991,3,8,0
1991-03-09,1991,3,9,0
1991-03-10,1991,3,10,0
1991-03-11,1991,3,11,0
1991-03-12,1991,3,12,0
1991-03-13,1991,3,13,0
1991-03-14,1991,3,14,0
1991-03-15,1991,3,15,0
1991-03-16,1991,3,16,0
1991-03-17,1991,3,17,0
1991-03-18,1991,3,18,1.3900601
1991-03-19,1991,3,19,0
1991-03-20,1991,3,20,0
1991-03-21,1991,3,21,0
1991-03-22,1991,3,22,0
1991-03-23,1991,3,23,0
1991-03-24,1991,3,24,0
1991-03-25,1991,3,25,0
1991-03-26,1991,3,26,0
1991-03-27,1991,3,27,0
1991-03-28,1991,3,28,0
1991-03-29,1991,3,29,0
1991-03-30,1991,3,30,0
1991-03-31,1991,3,31,0
1991-04-01,1991,4,1,0
1991-04-02,1991,4,2,0
1991-04-03,1991,4,3,0
1991-04-04,1991,4,4,0
1991-04-05,1991,4,5,0
1991-04-06,1991,4,6,0.43732597
1991-04-07,1991,4,7,10.789054
1991-04-08,1991,4,8,9.8814965
1991-04-09,1991,4,9,0
1991-04-10,1991,4,10,23.256331
1991-04-11,1991,4,11,23.92949
1991-04-12,1991,4,12,49.870668
1991-04-13,1991,4,13,42.672569
1991-04-14,1991,4,14,15.933096
1991-04-15,1991,4,15,5.6681743
1991-04-16,1991,4,16,35.710729
1991-04-17,1991,4,17,0
1991-04-18,1991,4,18,0
1991-04-19,1991,4,19,0
1991-04-20,1991,4,20,0
1991-04-21,1991,4,21,0
1991-04-22,1991,4,22,0
1991-04-23,1991,4,23,0
1991-04-24,1991,4,24,0
1991-04-25,1991,4,25,0
1991-04-26,1991,4,26,0
1991-04-27,1991,4,27,0
1991-04-28,1991,4,28,0
1991-04-29,1991,4,29,0
1991-04-30,1991,4,30,0
1991-05-01,1991,5,1,1.4579052
1991-05-02,1991,5,2,9.9873921
1991-05-03,1991,5,3,0
1991-05-04,1991,5,4,0
1991-05-05,1991,5,5,0
1991-05-06,1991,5,6,0
1991-05-07,1991,5,7,0
1991-05-08,1991,5,8,0
1991-05-09,1991,5,9,0
1991-05-10,1991,5,10,0
1991-05-11,1991,5,11,12.88659
1991-05-12,1991,5,12,0
1991-05-13,1991,5,13,0
1991-05-14,1991,5,14,12.482154
1991-05-15,1991,5,15,25.957683
1991-05-16,1991,5,16,60.526589
1991-05-17,1991,5,17,127.8625
1991-05-18,1991,5,18,72.704303
1991-05-19,1991,5,19,14.312756
1991-05-20,1991,5,20,0
1991-05-21,1991,5,21,0
1991-05-22,1991,5,22,0
1991-05-23,1991,5,23,22.08539
1991-05-24,1991,5,24,29.815942
1991-05-25,1991,5,25,40.941978
1991-05-26,1991,5,26,100.17914
1991-05-27,1991,5,27,149.99386
1991-05-28,1991,5,28,139.56246
1991-05-29,1991,5,29,42.476494
1991-05-30,1991,5,30,9.6995444
1991-05-31,1991,5,31,9.919747
1991-06-01,1991,6,1,46.229889
1991-06-02,1991,6,2,28.665794
1991-06-03,1991,6,3,37.374985
1991-06-04,1991,6,4,15.989641
1991-06-05,1991,6,5,0
1991-06-06,1991,6,6,0
1991-06-07,1991,6,7,0
1991-06-08,1991,6,8,0
1991-06-09,1991,6,9,0
1991-06-10,1991,6,10,0
1991-06-11,1991,6,11,0
1991-06-12,1991,6,12,0
1991-06-13,1991,6,13,0
1991-06-14,1991,6,14,0
1991-06-15,1991,6,15,19.802689
1991-06-16,1991,6,16,37.772227
1991-06-17,1991,6,17,15.425217
1991-06-18,1991,6,18,64.356629
1991-06-19,1991,6,19,39.169906
1991-06-20,1991,6,20,13.065147
1991-06-21,1991,6,21,11.365854
1991-06-22,1991,6,22,0
1991-06-23,1991,6,23,0
1991-06-24,1991,6,24,0
1991-06-25,1991,6,25,25.367201
1991-06-26,1991,6,26,0
1991-06-27,1991,6,27,0
1991-06-28,1991,6,28,0
1991-06-29,1991,6,29,0
1991-06-30,1991,6,30,0
1991-07-01,1991,7,1,0
1991-07-02,1991,7,2,0
1991-07-03,1991,7,3,0
1991-07-04,1991,7,4,11.638951
1991-07-05,1991,7,5,4.9367033
1991-07-06,1991,7,6,28.703594
1991-07-07,1991,7,7,73.621116
1991-07-08,1991,7,8,91.052399
1991-07-09,1991,7,9,5.2238177
1991-07-10,1991,7,10,0.13888915
1991-07-11,1991,7,11,0
1991-07-12,1991,7,12,0
1991-07-13,1991,7,13,0
1991-07-14,1991,7,14,0
1991-07-15,1991,7,15,0
1991-07-16,1991,7,16,19.860804
1991-07-17,1991,7,17,7.5306172
1991-07-18,1991,7,18,56.699835
1991-07-19,1991,7,19,9.4398333
1991-07-20,1991,7,20,0
1991-07-21,1991,7,21,0
1991-07-22,1991,7,22,0
1991-07-23,1991,7,23,0
1991-07-24,1991,7,24,0
1991-07-25,1991,7,25,0
1991-07-26,1991,7,26,0
1991-07-27,1991,7,27,38.108111
1991-07-28,1991,7,28,0.00052875918
1991-07-29,1991,7,29,12.451339
1991-07-30,1991,7,30,6.9240543
1991-07-31,1991,7,31,3.2009407
1991-08-01,1991,8,1,0
1991-08-02,1991,8,2,0
1991-08-03,1991,8,3,0
1991-08-04,1991,8,4,1.9073611
1991-08-05,1991,8,5,13.534582
1991-08-06,1991,8,6,34.065597
1991-08-07,1991,8,7,10.527818
1991-08-08,1991,8,8,0
1991-08-09,1991,8,9,0
1991-08-10,1991,8,10,0
1991-08-11,1991,8,11,3.9728448
1991-08-12,1991,8,12,10.836786
1991-08-13,1991,8,13,0
1991-08-14,1991,8,14,0
1991-08-15,1991,8,15,0
1991-08-16,1991,8,16,0
1991-08-17,1991,8,17,0
1991-08-18,1991,8,18,0
1991-08-19,1991,8,19,0
1991-08-20,1991,8,20,0
1991-08-21,1991,8,21,0
1991-08-22,1991,8,22,0
1991-08-23,1991,8,23,0
1991-08-24,1991,8,24,0
1991-08-25,1991,8,25,0
1991-08-26,1991,8,26,0
1991-08-27,1991,8,27,0
1991-08-28,1991,8,28,0
1991-08-29,1991,8,29,0
1991-08-30,1991,8,30,0
1991-08-31,1991,8,31,12.40235
1991-09-01,1991,9,1,27.99808
1991-09-02,1991,9,2,0
1991-09-03,1991,9,3,0.002780362
1991-09-04,1991,9,4,12.241685
1991-09-05,1991,9,5,0
1991-09-06,1991,9,6,0
1991-09-07,1991,9,7,0
1991-09-08,1991,9,8,0
1991-09-09,1991,9,9,0
1991-09-10,1991,9,10,0
1991-09-11,1991,9,11,0
1991-09-12,1991,9,12,20.114837
1991-09-13,1991,9,13,0
1991-09-14,1991,9,14,6.2685216
1991-09-15,1991,9,15,62.717862
1991-09-16,1991,9,16,28.257834
1991-09-17,1991,9,17,15.11742
1991-09-18,1991,9,18,0
1991-09-19,1991,9,19,13.669312
1991-09-20,1991,9,20,15.504916
1991-09-21,1991,9,21,0
1991-09-22,1991,9,22,0
1991-09-23,1991,9,23,0
1991-09-24,1991,9,24,0
1991-09-25,1991,9,25,0
1991-09-26,1991,9,26,0
1991-09-27,1991,9,27,0
1991-09-28,1991,9,28,0
1991-09-29,1991,9,29,0
1991-09-30,1991,9,30,0.034488564
1991-10-01,1991,10,1,0
1991-10-02,1991,10,2,0
1991-10-03,1991,10,3,0
1991-10-04,1991,10,4,0
1991-10-05,1991,10,5,4.0844118
1991-10-06,1991,10,6,0
1991-10-07,1991,10,7,0
1991-10-08,1991,10,8,0
1991-10-09,1991,10,9,0
1991-10-10,1991,10,10,0
1991-10-11,1991,10,11,24.05861
1991-10-12,1991,10,12,35.335524
1991-10-13,1991,10,13,47.970839
1991-10-14,1991,10,14,17.636407
1991-10-15,1991,10,15,1.8716225
1991-10-16,1991,10,16,0
1991-10-17,1991,10,17,0
1991-10-18,1991,10,18,0
1991-10-19,1991,10,19,0
1991-10-20,1991,10,20,0
1991-10-21,1991,10,21,0.41630947
1991-10-22,1991,10,22,0
1991-10-23,1991,10,23,0
1991-10-24,1991,10,24,0
1991-10-25,1991,10,25,0
1991-10-26,1991,10,26,0
1991-10-27,1991,10,27,0
1991-10-28,1991,10,28,0
1991-10-29,1991,10,29,0
1991-10-30,1991,10,30,0
1991-10-31,1991,10,31,0
1991-11-01,1991,11,1,0
1991-11-02,1991,11,2,0
1991-11-03,1991,11,3,0.45073869
1991-11-04,1991,11,4,16.317828
1991-11-05,1991,11,5,0
1991-11-06,1991,11,6,0
1991-11-07,1991,11,7,0
1991-11-08,1991,11,8,0
1991-11-09,1991,11,9,0
1991-11-10,1991,11,10,0
1991-11-11,1991,11,11,0
1991-11-12,1991,11,12,0
1991-11-13,1991,11,13,0
1991-11-14,1991,11,14,0
1991-11-15,1991,11,15,0
1991-11-16,1991,11,16,0.036096269
1991-11-17,1991,11,17,6.7157003
1991-11-18,1991,11,18,0
1991-11-19,1991,11,19,0
1991-11-20,1991,11,20,0
1991-11-21,1991,11,21,0
1991-11-22,1991,11,22,28.906398
1991-11-23,1991,11,23,4.1639032
1991-11-24,1991,11,24,0
1991-11-25,1991,11,25,0
1991-11-26,1991,11,26,0
1991-11-27,1991,11,27,0
1991-11-28,1991,11,28,0.73205348
1991-11-29,1991,11,29,0
1991-11-30,1991,11,30,0
1991-12-01,1991,12,1,0
1991-12-02,1991,12,2,0
1991-12-03,1991,12,3,0
1991-12-04,1991,12,4,2.2427394
1991-12-05,1991,12,5,0
1991-12-06,1991,12,6,0
1991-12-07,1991,12,7,0.00034445337
1991-12-08,1991,12,8,20.839438
1991-12-09,1991,12,9,8.6284293
1991-12-10,1991,12,10,32.094693
1991-12-11,1991,12,11,0
1991-12-12,1991,12,12,0
1991-12-13,1991,12,13,0
1991-12-14,1991,12,14,0
1991-12-15,1991,12,15,0
1991-12-16,1991,12,16,0
1991-12-17,1991,12,17,0
1991-12-18,1991,12,18,0
1991-12-19,1991,12,19,0
1991-12-20,1991,12,20,0
1991-12-21,1991,12,21,3.9494707
1991-12-22,1991,12,22,0
1991-12-23,1991,12,23,0
1991-12-24,1991,12,24,67.586733
1991-12-25,1991,12,25,12.569408
1991-12-26,1991,12,26,0
1991-12-27,1991,12,27,2.1027252
1991-12-28,1991,12,28,8.163789
1991-12-29,1991,12,29,0.0094997439
1991-12-30,1991,12,30,0.0026343717
1991-12-31,1991,12,31,0
1992-01-01,1992,1,1,0
1992-01-02,1992,1,2,0
1992-01-03,1992,1,3,0
1992-01-04,1992,1,4,0
1992-01-05,1992,1,5,0
1992-01-06,1992,1,6,0
1992-01-07,1992,1,7,0
1992-01-08,1992,1,8,0
1992-01-09,1992,1,9,0
1992-01-10,1992,1,10,0
1992-01-11,1992,1,11,0
1992-01-12,1992,1,12,0
1992-01-13,1992,1,13,0
1992-01-14,1992,1,14,0
1992-01-15,1992,1,15,0
1992-01-16,1992,1,16,0
1992-01-17,1992,1,17,0
1992-01-18,1992,1,18,0
1992-01-19,1992,1,19,0
1992-01-20,1992,1,20,0
1992-01-21,1992,1,21,0
1992-01-22,1992,1,22,0
1992-01-23,1992,1,23,0
1992-01-24,1992,1,24,0
1992-01-25,1992,1,25,0
1992-01-26,1992,1,26,0
1992-01-27,1992,1,27,0
1992-01-28,1992,1,28,0
1992-01-29,1992,1,29,0
1992-01-30,1992,1,30,0
1992-01-31,1992,1,31,0
1992-02-01,1992,2,1,0
1992-02-02,1992,2,2,0
1992-02-03,1992,2,3,0
1992-02-04,1992,2,4,0
1992-02-05,1992,2,5,0
1992-02-06,1992,2,6,0
1992-02-07,1992,2,7,0
1992-02-08,1992,2,8,21.413285
1992-02-09,1992,2,9,0.56691682
1992-02-10,1992,2,10,0.0065360911
1992-02-11,1992,2,11,0
1992-02-12,1992,2,12,0
1992-02-13,1992,2,13,0
1992-02-14,1992,2,14,0
1992-02-15,1992,2,15,0
1992-02-16,1992,2,16,0
1992-02-17,1992,2,17,0
1992-02-18,1992,2,18,0
1992-02-19,1992,2,19,4.5394527
1992-02-20,1992,2,20,0
1992-02-21,1992,2,21,0
1992-02-22,1992,2,22,0
1992-02-23,1992,2,23,0
1992-02-24,1992,2,24,0
1992-02-25,1992,2,25,0
1992-02-26,1992,2,26,0
1992-02-27,1992,2,27,0
1992-02-28,1992,2,28,0
1992-02-29,1992,2,29,0
1992-03-01,1992,3,1,0
1992-03-02,1992,3,2,0
1992-03-03,1992,3,3,0
1992-03-04,1992,3,4,0
1992-03-05,1992,3,5,0
1992-03-06,1992,3,6,0
1992-03-07,1992,3,7,0
1992-03-08,1992,3,8,8.0203804
1992-03-09,1992,3,9,20.20855
1992-03-10,1992,3,10,0
1992-03-11,1992,3,11,0
1992-03-12,1992,3,12,0
1992-03-13,1992,3,13,0
1992-03-14,1992,3,14,0
1992-03-15,1992,3,15,0
1992-03-16,1992,3,16,0
1992-03-17,1992,3,17,0
1992-03-18,1992,3,18,0
1992-03-19,1992,3,19,14.127101
1992-03-20,1992,3,20,0
1992-03-21,1992,3,21,0
1992-03-22,1992,3,22,0
1992-03-23,1992,3,23,0
1992-03-24,1992,3,24,0.0042950908
1992-03-25,1992,3,25,26.970031
1992-03-26,1992,3,26,0.49636072
1992-03-27,1992,3,27,0
1992-03-28,1992,3,28,0
1992-03-29,1992,3,29,0
1992-03-30,1992,3,30,0
1992-03-31,1992,3,31,0
1992-04-01,1992,4,1,19.924161
1992-04-02,1992,4,2,18.888813
1992-04-03,1992,4,3,22.28356
1992-04-04,1992,4,4,0
1992-04-05,1992,4,5,7.9883543
1992-04-06,1992,4,6,0
1992-04-07,1992,4,7,0
1992-04-08,1992,4,8,0
1992-04-09,1992,4,9,0
1992-04-10,1992,4,10,0
1992-04-11,1992,4,11,0
1992-04-12,1992,4,12,0
1992-04-13,1992,4,13,0
1992-04-14,1992,4,14,0
1992-04-15,1992,4,15,0
1992-04-16,1992,4,16,0
1992-04-17,1992,4,17,2.3489783
1992-04-18,1992,4,18,10.946284
1992-04-19,1992,4,19,0
1992-04-20,1992,4,20,0
1992-04-21,1992,4,21,42.999496
1992-04-22,1992,4,22,0.015653583
1992-04-23,1992,4,23,28.365447
1992-04-24,1992,4,24,0
1992-04-25,1992,4,25,0
1992-04-26,1992,4,26,0
1992-04-27,1992,4,27,0
1992-04-28,1992,4,28,33.543421
1992-04-29,1992,4,29,0
1992-04-30,1992,4,30,14.275924
1992-05-01,1992,5,1,0
1992-05-02,1992,5,2,24.671337
1992-05-03,1992,5,3,64.578641
1992-05-04,1992,5,4,38.933733
1992-05-05,1992,5,5,75.798774
1992-05-06,1992,5,6,14.810411
1992-05-07,1992,5,7,1.4632331
1992-05-08,1992,5,8,21.951329
1992-05-09,1992,5,9,57.778783
1992-05-10,1992,5,10,51.961566
1992-05-11,1992,5,11,4.2938423
1992-05-12,1992,5,12,0
1992-05-13,1992,5,13,0
1992-05-14,1992,5,14,0
1992-05-15,1992,5,15,10.74023
1992-05-16,1992,5,16,27.509593
1992-05-17,1992,5,17,0
1992-05-18,1992,5,18,0
1992-05-19,1992,5,19,0
1992-05-20,1992,5,20,22.951873
1992-05-21,1992,5,21,45.67209
1992-05-22,1992,5,22,0
1992-05-23,1992,5,23,29.58085
1992-05-24,1992,5,24,119.31488
1992-05-25,1992,5,25,34.73582
1992-05-26,1992,5,26,0
1992-05-27,1992,5,27,0
1992-05-28,1992,5,28,0
1992-05-29,1992,5,29,30.476792
1992-05-30,1992,5,30,86.640054
1992-05-31,1992,5,31,16.853884
1992-06-01,1992,6,1,0
1992-06-02,1992,6,2,0
1992-06-03,1992,6,3,0
1992-06-04,1992,6,4,112.91317
1992-06-05,1992,6,5,68.174029
1992-06-06,1992,6,6,44.643549
1992-06-07,1992,6,7,26.151676
1992-06-08,1992,6,8,14.306103
1992-06-09,1992,6,9,42.352671
1992-06-10,1992,6,10,0
1992-06-11,1992,6,11,0
1992-06-12,1992,6,12,35.575741
1992-06-13,1992,6,13,0.018550139
1992-06-14,1992,6,14,0
1992-06-15,1992,6,15,0
1992-06-16,1992,6,16,0
1992-06-17,1992,6,17,7.7381126
1992-06-18,1992,6,18,33.13589
1992-06-19,1992,6,19,44.32956
1992-06-20,1992,6,20,16.086108
1992-06-21,1992,6,21,3.9988518
1992-06-22,1992,6,22,18.065272
1992-06-23,1992,6,23,57.810047
1992-06-24,1992,6,24,50.750271
1992-06-25,1992,6,25,7.8496711
1992-06-26,1992,6,26,0
1992-06-27,1992,6,27,0
1992-06-28,1992,6,28,0
1992-06-29,1992,6,29,0
1992-06-30,1992,6,30,17.466296
1992-07-01,1992,7,1,25.623712
1992-07-02,1992,7,2,41.365827
1992-07-03,1992,7,3,6.0728596
1992-07-04,1992,7,4,0
1992-07-05,1992,7,5,0
1992-07-06,1992,7,6,0
1992-07-07,1992,7,7,17.617018
1992-07-08,1992,7,8,0
1992-07-09,1992,7,9,36.713054
1992-07-10,1992,7,10,21.452576
1992-07-11,1992,7,11,0
1992-07-12,1992,7,12,0
1992-07-13,1992,7,13,0
1992-07-14,1992,7,14,0
1992-07-15,1992,7,15,5.1351845
1992-07-16,1992,7,16,0
1992-07-17,1992,7,17,0
1992-07-18,1992,7,18,0
1992-07-19,1992,7,19,0
1992-07-20,1992,7,20,0
1992-07-21,1992,7,21,0
1992-07-22,1992,7,22,0
1992-07-23,1992,7,23,0
1992-07-24,1992,7,24,0
1992-07-25,1992,7,25,3.982164
1992-07-26,1992,7,26,0
1992-07-27,1992,7,27,0
1992-07-28,1992,7,28,3.9025907
1992-07-29,1992,7,29,0
1992-07-30,1992,7,30,0
1992-07-31,1992,7,31,0
1992-08-01,1992,8,1,0
1992-08-02,1992,8,2,7.7173542
1992-08-03,1992,8,3,0
1992-08-04,1992,8,4,0
1992-08-05,1992,8,5,0
1992-08-06,1992,8,6,19.869935
1992-08-07,1992,8,7,0
1992-08-08,1992,8,8,0
1992-08-09,1992,8,9,0
1992-08-10,1992,8,10,0
1992-08-11,1992,8,11,0
1992-08-12,1992,8,12,0
1992-08-13,1992,8,13,0
1992-08-14,1992,8,14,0
1992-08-15,1992,8,15,0
1992-08-16,1992,8,16,0
1992-08-17,1992,8,17,0
1992-08-18,1992,8,18,0
1992-08-19,1992,8,19,0
1992-08-20,1992,8,20,5.1102002
1992-08-21,1992,8,21,52.698247
1992-08-22,1992,8,22,10.349781
1992-08-23,1992,8,23,0
1992-08-24,1992,8,24,0
1992-08-25,1992,8,25,0
1992-08-26,1992,8,26,0
1992-08-27,1992,8,27,0.29491563
1992-08-28,1992,8,28,29.118461
1992-08-29,1992,8,29,71.321515
1992-08-30,1992,8,30,13.729326
1992-08-31,1992,8,31,0
1992-09-01,1992,9,1,0
1992-09-02,1992,9,2,0
1992-09-03,1992,9,3,0
1992-09-04,1992,9,4,0
1992-09-05,1992,9,5,0
1992-09-06,1992,9,6,0
1992-09-07,1992,9,7,0
1992-09-08,1992,9,8,0
1992-09-09,1992,9,9,0
1992-09-10,1992,9,10,0
1992-09-11,1992,9,11,0
1992-09-12,1992,9,12,0
1992-09-13,1992,9,13,0
1992-09-14,1992,9,14,0
1992-09-15,1992,9,15,15.14788
1992-09-16,1992,9,16,79.784318
1992-09-17,1992,9,17,1.8227048
1992-09-18,1992,9,18,0
1992-09-19,1992,9,19,0
1992-09-20,1992,9,20,13.493623
1992-09-21,1992,9,21,0
1992-09-22,1992,9,22,0
1992-09-23,1992,9,23,0
1992-09-24,1992,9,24,0
1992-09-25,1992,9,25,0
1992-09-26,1992,9,26,0
1992-09-27,1992,9,27,0
1992-09-28,1992,9,28,0
1992-09-29,1992,9,29,0
1992-09-30,1992,9,30,2.7509134
1992-10-01,1992,10,1,10.339499
1992-10-02,1992,10,2,0
1992-10-03,1992,10,3,0
1992-10-04,1992,10,4,0.59456901
1992-10-05,1992,10,5,0
1992-10-06,1992,10,6,0
1992-10-07,1992,10,7,0
1992-10-08,1992,10,8,0
1992-10-09,1992,10,9,5.142698
1992-10-10,1992,10,10,0
1992-10-11,1992,10,11,11.400827
1992-10-12,1992,10,12,0
1992-10-13,1992,10,13,0
1992-10-14,1992,10,14,1.0414439
1992-10-15,1992,10,15,15.648885
1992-10-16,1992,10,16,0
1992-10-17,1992,10,17,0
1992-10-18,1992,10,18,3.7307895
1992-10-19,1992,10,19,0
1992-10-20,1992,10,20,0
1992-10-21,1992,10,21,0
1992-10-22,1992,10,22,0
1992-10-23,1992,10,23,0
1992-10-24,1992,10,24,0
1992-10-25,1992,10,25,0
1992-10-26,1992,10,26,0
1992-10-27,1992,10,27,0
1992-10-28,1992,10,28,0.03301862
1992-10-29,1992,10,29,0
1992-10-30,1992,10,30,0
1992-10-31,1992,10,31,0
1992-11-01,1992,11,1,0.00030340039
1992-11-02,1992,11,2,12.481761
1992-11-03,1992,11,3,0
1992-11-04,1992,11,4,0
1992-11-05,1992,11,5,0
1992-11-06,1992,11,6,0
1992-11-07,1992,11,7,0
1992-11-08,1992,11,8,0
1992-11-09,1992,11,9,7.7558138
1992-11-10,1992,11,10,9.2077223
1992-11-11,1992,11,11,0
1992-11-12,1992,11,12,0
1992-11-13,1992,11,13,0.00095278219
1992-11-14,1992,11,14,0
1992-11-15,1992,11,15,0
1992-11-16,1992,11,16,0
1992-11-17,1992,11,17,0
1992-11-18,1992,11,18,0
1992-11-19,1992,11,19,0
1992-11-20,1992,11,20,0
1992-11-21,1992,11,21,0
1992-11-22,1992,11,22,0
1992-11-23,1992,11,23,0
1992-11-24,1992,11,24,0
1992-11-25,1992,11,25,1.8885817
1992-11-26,1992,11,26,15.043913
1992-11-27,1992,11,27,0
1992-11-28,1992,11,28,0
1992-11-29,1992,11,29,0
1992-11-30,1992,11,30,0
1992-12-01,1992,12,1,0
1992-12-02,1992,12,2,2.553874
1992-12-03,1992,12,3,13.871015
1992-12-04,1992,12,4,16.531472
1992-12-05,1992,12,5,0.023018884
1992-12-06,1992,12,6,0
1992-12-07,1992,12,7,0
1992-12-08,1992,12,8,0
1992-12-09,1992,12,9,0
1992-12-10,1992,12,10,0
1992-12-11,1992,12,11,0.00094510901
1992-12-12,1992,12,12,0
1992-12-13,1992,12,13,0
1992-12-14,1992,12,14,0
1992-12-15,1992,12,15,0
1992-12-16,1992,12,16,0
1992-12-17,1992,12,17,0
1992-12-18,1992,12,18,0
1992-12-19,1992,12,19,0
1992-12-20,1992,12,20,0
1992-12-21,1992,12,21,0
1992-12-22,1992,12,22,0.33527408
1992-12-23,1992,12,23,0
1992-12-24,1992,12,24,0
1992-12-25,1992,12,25,0
1992-12-26,1992,12,26,0
1992-12-27,1992,12,27,0
1992-12-28,1992,12,28,0
1992-12-29,1992,12,29,0
1992-12-30,1992,12,30,0
1992-12-31,1992,12,31,0
1993-01-01,1993,1,1,0
1993-01-02,1993,1,2,0
1993-01-03,1993,1,3,0
1993-01-04,1993,1,4,0
1993-01-05,1993,1,5,0
1993-01-06,1993,1,6,2.7530924
1993-01-07,1993,1,7,3.492868
1993-01-08,1993,1,8,0
1993-01-09,1993,1,9,0
1993-01-10,1993,1,10,0
1993-01-11,1993,1,11,7.9214107
1993-01-12,1993,1,12,0
1993-01-13,1993,1,13,0
1993-01-14,1993,1,14,0
1993-01-15,1993,1,15,0
1993-01-16,1993,1,16,0
1993-01-17,1993,1,17,0
1993-01-18,1993,1,18,0
1993-01-19,1993,1,19,0
1993-01-20,1993,1,20,0
1993-01-21,1993,1,21,0
1993-01-22,1993,1,22,0
1993-01-23,1993,1,23,0
1993-01-24,1993,1,24,0
1993-01-25,1993,1,25,0
1993-01-26,1993,1,26,0
1993-01-27,1993,1,27,0
1993-01-28,1993,1,28,0
1993-01-29,1993,1,29,0
1993-01-30,1993,1,30,0
1993-01-31,1993,1,31,0
1993-02-01,1993,2,1,0
1993-02-02,1993,2,2,0
1993-02-03,1993,2,3,0
1993-02-04,1993,2,4,0
1993-02-05,1993,2,5,0
1993-02-06,1993,2,6,0
1993-02-07,1993,2,7,0
1993-02-08,1993,2,8,0
1993-02-09,1993,2,9,0
1993-02-10,1993,2,10,0
1993-02-11,1993,2,11,0
1993-02-12,1993,2,12,0
1993-02-13,1993,2,13,0
1993-02-14,1993,2,14,0
1993-02-15,1993,2,15,0
1993-02-16,1993,2,16,0
1993-02-17,1993,2,17,0.0067195277
1993-02-18,1993,2,18,0.0015126404
1993-02-19,1993,2,19,0
1993-02-20,1993,2,20,0
1993-02-21,1993,2,21,0
1993-02-22,1993,2,22,0
1993-02-23,1993,2,23,0
1993-02-24,1993,2,24,0
1993-02-25,1993,2,25,0
1993-02-26,1993,2,26,0
1993-02-27,1993,2,27,0
1993-02-28,1993,2,28,0
1993-03-01,1993,3,1,0
1993-03-02,1993,3,2,0
1993-03-03,1993,3,3,0
1993-03-04,1993,3,4,0
1993-03-05,1993,3,5,0
1993-03-06,1993,3,6,0
1993-03-07,1993,3,7,0
1993-03-08,1993,3,8,0
1993-03-09,1993,3,9,0
1993-03-10,1993,3,10,0
1993-03-11,1993,3,11,0
1993-03-12,1993,3,12,0
1993-03-13,1993,3,13,0
1993-03-14,1993,3,14,0
1993-03-15,1993,3,15,0
1993-03-16,1993,3,16,0
1993-03-17,1993,3,17,0
1993-03-18,1993,3,18,0
1993-03-19,1993,3,19,0
1993-03-20,1993,3,20,0
1993-03-21,1993,3,21,0
1993-03-22,1993,3,22,0
1993-03-23,1993,3,23,0
1993-03-24,1993,3,24,0
1993-03-25,1993,3,25,0
1993-03-26,1993,3,26,0
1993-03-27,1993,3,27,0
1993-03-28,1993,3,28,0
1993-03-29,1993,3,29,0
1993-03-30,1993,3,30,0
1993-03-31,1993,3,31,0.13044139
1993-04-01,1993,4,1,2.7074122
1993-04-02,1993,4,2,3.6455715
1993-04-03,1993,4,3,0.019060958
1993-04-04,1993,4,4,0
1993-04-05,1993,4,5,0
1993-04-06,1993,4,6,0
1993-04-07,1993,4,7,0
1993-04-08,1993,4,8,0
1993-04-09,1993,4,9,0
1993-04-10,1993,4,10,0
1993-04-11,1993,4,11,0
1993-04-12,1993,4,12,0.015400916
1993-04-13,1993,4,13,40.489212
1993-04-14,1993,4,14,0
1993-04-15,1993,4,15,15.772699
1993-04-16,1993,4,16,51.4324
1993-04-17,1993,4,17,12.801742
1993-04-18,1993,4,18,0
1993-04-19,1993,4,19,0.2843071
1993-04-20,1993,4,20,0
1993-04-21,1993,4,21,0
1993-04-22,1993,4,22,0
1993-04-23,1993,4,23,9.8030362
1993-04-24,1993,4,24,10.185923
1993-04-25,1993,4,25,0
1993-04-26,1993,4,26,0
1993-04-27,1993,4,27,0
1993-04-28,1993,4,28,0
1993-04-29,1993,4,29,0
1993-04-30,1993,4,30,0
1993-05-01,1993,5,1,0
1993-05-02,1993,5,2,89.037648
1993-05-03,1993,5,3,27.735156
1993-05-04,1993,5,4,3.1914694
1993-05-05,1993,5,5,54.336856
1993-05-06,1993,5,6,51.461432
1993-05-07,1993,5,7,12.328687
1993-05-08,1993,5,8,0
1993-05-09,1993,5,9,55.122868
1993-05-10,1993,5,10,16.527518
1993-05-11,1993,5,11,9.6807246
1993-05-12,1993,5,12,0
1993-05-13,1993,5,13,0
1993-05-14,1993,5,14,0
1993-05-15,1993,5,15,7.4243072
1993-05-16,1993,5,16,0
1993-05-17,1993,5,17,0
1993-05-18,1993,5,18,0
1993-05-19,1993,5,19,63.580545
1993-05-20,1993,5,20,11.50615
1993-05-21,1993,5,21,6.3266425
1993-05-22,1993,5,22,22.016744
1993-05-23,1993,5,23,9.5378358
1993-05-24,1993,5,24,0
1993-05-25,1993,5,25,0
1993-05-26,1993,5,26,0
1993-05-27,1993,5,27,0
1993-05-28,1993,5,28,14.850198
1993-05-29,1993,5,29,28.274299
1993-05-30,1993,5,30,5.5818158
1993-05-31,1993,5,31,0
1993-06-01,1993,6,1,34.86596
1993-06-02,1993,6,2,86.117182
1993-06-03,1993,6,3,84.421781
1993-06-04,1993,6,4,88.866395
1993-06-05,1993,6,5,52.252638
1993-06-06,1993,6,6,14.17033
1993-06-07,1993,6,7,0
1993-06-08,1993,6,8,0
1993-06-09,1993,6,9,0
1993-06-10,1993,6,10,0
1993-06-11,1993,6,11,23.262693
1993-06-12,1993,6,12,12.140284
1993-06-13,1993,6,13,51.337484
1993-06-14,1993,6,14,9.2970583
1993-06-15,1993,6,15,0
1993-06-16,1993,6,16,0
1993-06-17,1993,6,17,0
1993-06-18,1993,6,18,0
1993-06-19,1993,6,19,0
1993-06-20,1993,6,20,0
1993-06-21,1993,6,21,0
1993-06-22,1993,6,22,9.2623587
1993-06-23,1993,6,23,0.10165742
1993-06-24,1993,6,24,46.148173
1993-06-25,1993,6,25,53.572025
1993-06-26,1993,6,26,65.629601
1993-06-27,1993,6,27,62.139149
1993-06-28,1993,6,28,4.2453627
1993-06-29,1993,6,29,0
1993-06-30,1993,6,30,47.054905
1993-07-01,1993,7,1,24.10006
1993-07-02,1993,7,2,37.545523
1993-07-03,1993,7,3,9.1932932
1993-07-04,1993,7,4,0
1993-07-05,1993,7,5,0
1993-07-06,1993,7,6,1.8127193
1993-07-07,1993,7,7,34.404751
1993-07-08,1993,7,8,0
1993-07-09,1993,7,9,0
1993-07-10,1993,7,10,0
1993-07-11,1993,7,11,0
1993-07-12,1993,7,12,0
1993-07-13,1993,7,13,0
1993-07-14,1993,7,14,0
1993-07-15,1993,7,15,0
1993-07-16,1993,7,16,0
1993-07-17,1993,7,17,6.4564735
1993-07-18,1993,7,18,10.415598
1993-07-19,1993,7,19,44.17865
1993-07-20,1993,7,20,0.014056261
1993-07-21,1993,7,21,0
1993-07-22,1993,7,22,0
1993-07-23,1993,7,23,0
1993-07-24,1993,7,24,0
1993-07-25,1993,7,25,0
1993-07-26,1993,7,26,47.403874
1993-07-27,1993,7,27,0
1993-07-28,1993,7,28,0
1993-07-29,1993,7,29,0
1993-07-30,1993,7,30,0
1993-07-31,1993,7,31,0
1993-08-01,1993,8,1,12.876913
1993-08-02,1993,8,2,0
1993-08-03,1993,8,3,10.189582
1993-08-04,1993,8,4,0.0031941967
1993-08-05,1993,8,5,0
1993-08-06,1993,8,6,17.828328
1993-08-07,1993,8,7,0
1993-08-08,1993,8,8,0
1993-08-09,1993,8,9,0
1993-08-10,1993,8,10,0
1993-08-11,1993,8,11,0
1993-08-12,1993,8,12,0
1993-08-13,1993,8,13,0
1993-08-14,1993,8,14,19.937117
1993-08-15,1993,8,15,0
1993-08-16,1993,8,16,0
1993-08-17,1993,8,17,0
1993-08-18,1993,8,18,0
1993-08-19,1993,8,19,0
1993-08-20,1993,8,20,0
1993-08-21,1993,8,21,0
1993-08-22,1993,8,22,0
1993-08-23,1993,8,23,0
1993-08-24,1993,8,24,31.856698
1993-08-25,1993,8,25,20.138235
1993-08-26,1993,8,26,10.542783
1993-08-27,1993,8,27,59.613844
1993-08-28,1993,8,28,55.519348
1993-08-29,1993,8,29,8.337218
1993-08-30,1993,8,30,0
1993-08-31,1993,8,31,0
1993-09-01,1993,9,1,0
1993-09-02,1993,9,2,0
1993-09-03,1993,9,3,0
1993-09-04,1993,9,4,0
1993-09-05,1993,9,5,17.763543
1993-09-06,1993,9,6,0
1993-09-07,1993,9,7,0
1993-09-08,1993,9,8,0
1993-09-09,1993,9,9,0
1993-09-10,1993,9,10,0
1993-09-11,1993,9,11,0
1993-09-12,1993,9,12,0
1993-09-13,1993,9,13,0
1993-09-14,1993,9,14,0
1993-09-15,1993,9,15,0
1993-09-16,1993,9,16,0
1993-09-17,1993,9,17,9.0334367
1993-09-18,1993,9,18,0
1993-09-19,1993,9,19,4.8577025
1993-09-20,1993,9,20,1.3088553
1993-09-21,1993,9,21,9.4440688
1993-09-22,1993,9,22,9.1214903
1993-09-23,1993,9,23,0
1993-09-24,1993,9,24,0
1993-09-25,1993,9,25,0
1993-09-26,1993,9,26,0
1993-09-27,1993,9,27,0
1993-09-28,1993,9,28,0
1993-09-29,1993,9,29,0
1993-09-30,1993,9,30,1.6252514
1993-10-01,1993,10,1,0
1993-10-02,1993,10,2,0
1993-10-03,1993,10,3,0
1993-10-04,1993,10,4,0
1993-10-05,1993,10,5,0
1993-10-06,1993,10,6,0
1993-10-07,1993,10,7,0
1993-10-08,1993,10,8,0
1993-10-09,1993,10,9,0
1993-10-10,1993,10,10,0
1993-10-11,1993,10,11,0
1993-10-12,1993,10,12,0
1993-10-13,1993,10,13,0
1993-10-14,1993,10,14,0
1993-10-15,1993,10,15,36.029462
1993-10-16,1993,10,16,19.479505
1993-10-17,1993,10,17,0.47263659
1993-10-18,1993,10,18,0
1993-10-19,1993,10,19,0
1993-10-20,1993,10,20,0.029695689
1993-10-21,1993,10,21,0
1993-10-22,1993,10,22,0
1993-10-23,1993,10,23,0
1993-10-24,1993,10,24,0
1993-10-25,1993,10,25,0
1993-10-26,1993,10,26,21.04936
1993-10-27,1993,10,27,22.581018
1993-10-28,1993,10,28,8.3561949
1993-10-29,1993,10,29,0.00080580052
1993-10-30,1993,10,30,23.015856
1993-10-31,1993,10,31,0.092760389
1993-11-01,1993,11,1,0
1993-11-02,1993,11,2,0
1993-11-03,1993,11,3,0
1993-11-04,1993,11,4,7.9514811
1993-11-05,1993,11,5,0
1993-11-06,1993,11,6,0
1993-11-07,1993,11,7,0
1993-11-08,1993,11,8,0
1993-11-09,1993,11,9,0
1993-11-10,1993,11,10,7.9048996
1993-11-11,1993,11,11,0
1993-11-12,1993,11,12,0
1993-11-13,1993,11,13,0
1993-11-14,1993,11,14,0
1993-11-15,1993,11,15,0
1993-11-16,1993,11,16,0
1993-11-17,1993,11,17,0
1993-11-18,1993,11,18,0
1993-11-19,1993,11,19,0
1993-11-20,1993,11,20,0
1993-11-21,1993,11,21,0
1993-11-22,1993,11,22,0
1993-11-23,1993,11,23,0
1993-11-24,1993,11,24,0.0012083453
1993-11-25,1993,11,25,0
1993-11-26,1993,11,26,0
1993-11-27,1993,11,27,0
1993-11-28,1993,11,28,0
1993-11-29,1993,11,29,30.001516
1993-11-30,1993,11,30,0
1993-12-01,1993,12,1,6.6182133
1993-12-02,1993,12,2,28.517651
1993-12-03,1993,12,3,38.460375
1993-12-04,1993,12,4,0
1993-12-05,1993,12,5,0
1993-12-06,1993,12,6,0
1993-12-07,1993,12,7,0
1993-12-08,1993,12,8,0
1993-12-09,1993,12,9,0
1993-12-10,1993,12,10,0
1993-12-11,1993,12,11,0
1993-12-12,1993,12,12,0
1993-12-13,1993,12,13,0
1993-12-14,1993,12,14,0
1993-12-15,1993,12,15,0
1993-12-16,1993,12,16,0
1993-12-17,1993,12,17,0
1993-12-18,1993,12,18,0
1993-12-19,1993,12,19,0
1993-12-20,1993,12,20,0
1993-12-21,1993,12,21,0
1993-12-22,1993,12,22,0
1993-12-23,1993,12,23,0
1993-12-24,1993,12,24,0
1993-12-25,1993,12,25,0
1993-12-26,1993,12,26,0
1993-12-27,1993,12,27,0
1993-12-28,1993,12,28,0
1993-12-29,1993,12,29,0
1993-12-30,1993,12,30,0
1993-12-31,1993,12,31,0
1994-01-01,1994,1,1,0
1994-01-02,1994,1,2,0
1994-01-03,1994,1,3,0
1994-01-04,1994,1,4,0
1994-01-05,1994,1,5,0
1994-01-06,1994,1,6,0
1994-01-07,1994,1,7,0
1994-01-08,1994,1,8,0
1994-01-09,1994,1,9,0
1994-01-10,1994,1,10,0
1994-01-11,1994,1,11,0
1994-01-12,1994,1,12,0
1994-01-13,1994,1,13,0
1994-01-14,1994,1,14,0
1994-01-15,1994,1,15,4.9070064
1994-01-16,1994,1,16,0
1994-01-17,1994,1,17,0
1994-01-18,1994,1,18,0
1994-01-19,1994,1,19,0
1994-01-20,1994,1,20,0
1994-01-21,1994,1,21,0
1994-01-22,1994,1,22,0
1994-01-23,1994,1,23,0
1994-01-24,1994,1,24,0
1994-01-25,1994,1,25,0
1994-01-26,1994,1,26,0
1994-01-27,1994,1,27,0
1994-01-28,1994,1,28,0
1994-01-29,1994,1,29,0
1994-01-30,1994,1,30,0
1994-01-31,1994,1,31,0.0097412298
1994-02-01,1994,2,1,14.497186
1994-02-02,1994,2,2,0
1994-02-03,1994,2,3,0
1994-02-04,1994,2,4,0
1994-02-05,1994,2,5,0
1994-02-06,1994,2,6,0
1994-02-07,1994,2,7,0
1994-02-08,1994,2,8,0
1994-02-09,1994,2,9,0.065872642
1994-02-10,1994,2,10,0
1994-02-11,1994,2,11,0
1994-02-12,1994,2,12,0
1994-02-13,1994,2,13,0
1994-02-14,1994,2,14,0
1994-02-15,1994,2,15,5.0218462
1994-02-16,1994,2,16,0
1994-02-17,1994,2,17,0
1994-02-18,1994,2,18,0
1994-02-19,1994,2,19,0
1994-02-20,1994,2,20,0
1994-02-21,1994,2,21,0
1994-02-22,1994,2,22,0.00066889812
1994-02-23,1994,2,23,0
1994-02-24,1994,2,24,0
1994-02-25,1994,2,25,0
1994-02-26,1994,2,26,0
1994-02-27,1994,2,27,1.7041188
1994-02-28,1994,2,28,0
1994-03-01,1994,3,1,0
1994-03-02,1994,3,2,0
1994-03-03,1994,3,3,0
1994-03-04,1994,3,4,0
1994-03-05,1994,3,5,0
1994-03-06,1994,3,6,0
1994-03-07,1994,3,7,0
1994-03-08,1994,3,8,0
1994-03-09,1994,3,9,0
1994-03-10,1994,3,10,0
1994-03-11,1994,3,11,0
1994-03-12,1994,3,12,0
1994-03-13,1994,3,13,2.6258286
1994-03-14,1994,3,14,0.27799956
1994-03-15,1994,3,15,0
1994-03-16,1994,3,16,0
1994-03-17,1994,3,17,0
1994-03-18,1994,3,18,0
1994-03-19,1994,3,19,0
1994-03-20,1994,3,20,0
1994-03-21,1994,3,21,0
1994-03-22,1994,3,22,0
1994-03-23,1994,3,23,9.9360176
1994-03-24,1994,3,24,0
1994-03-25,1994,3,25,0
1994-03-26,1994,3,26,0
1994-03-27,1994,3,27,0
1994-03-28,1994,3,28,0
1994-03-29,1994,3,29,0
1994-03-30,1994,3,30,0
1994-03-31,1994,3,31,0
1994-04-01,1994,4,1,21.979759
1994-04-02,1994,4,2,0
1994-04-03,1994,4,3,0
1994-04-04,1994,4,4,0.00031581515
1994-04-05,1994,4,5,0
1994-04-06,1994,4,6,0
1994-04-07,1994,4,7,0
1994-04-08,1994,4,8,0.088076716
1994-04-09,1994,4,9,0
1994-04-10,1994,4,10,0
1994-04-11,1994,4,11,0
1994-04-12,1994,4,12,0
1994-04-13,1994,4,13,0
1994-04-14,1994,4,14,0
1994-04-15,1994,4,15,0
1994-04-16,1994,4,16,0
1994-04-17,1994,4,17,0
1994-04-18,1994,4,18,0
1994-04-19,1994,4,19,0
1994-04-20,1994,4,20,0
1994-04-21,1994,4,21,0
1994-04-22,1994,4,22,0
1994-04-23,1994,4,23,0
1994-04-24,1994,4,24,22.562882
1994-04-25,1994,4,25,44.246062
1994-04-26,1994,4,26,78.675585
1994-04-27,1994,4,27,0
1994-04-28,1994,4,28,0
1994-04-29,1994,4,29,42.651726
1994-04-30,1994,4,30,18.784076
1994-05-01,1994,5,1,0
1994-05-02,1994,5,2,0
1994-05-03,1994,5,3,0
1994-05-04,1994,5,4,0
1994-05-05,1994,5,5,0.050331614
1994-05-06,1994,5,6,29.158692
1994-05-07,1994,5,7,0
1994-05-08,1994,5,8,0
1994-05-09,1994,5,9,0
1994-05-10,1994,5,10,0
1994-05-11,1994,5,11,0
1994-05-12,1994,5,12,0
1994-05-13,1994,5,13,0
1994-05-14,1994,5,14,0
1994-05-15,1994,5,15,0
1994-05-16,1994,5,16,0
1994-05-17,1994,5,17,0
1994-05-18,1994,5,18,0
1994-05-19,1994,5,19,0
1994-05-20,1994,5,20,0
1994-05-21,1994,5,21,0
1994-05-22,1994,5,22,41.165755
1994-05-23,1994,5,23,75.457622
1994-05-24,1994,5,24,18.125143
1994-05-25,1994,5,25,0
1994-05-26,1994,5,26,4.6977262
1994-05-27,1994,5,27,7.4403215
1994-05-28,1994,5,28,0
1994-05-29,1994,5,29,0
1994-05-30,1994,5,30,0
1994-05-31,1994,5,31,0
1994-06-01,1994,6,1,33.658157
1994-06-02,1994,6,2,18.34951
1994-06-03,1994,6,3,0
1994-06-04,1994,6,4,35.56255
1994-06-05,1994,6,5,6.3416133
1994-06-06,1994,6,6,0
1994-06-07,1994,6,7,0
1994-06-08,1994,6,8,0
1994-06-09,1994,6,9,0
1994-06-10,1994,6,10,0
1994-06-11,1994,6,11,0
1994-06-12,1994,6,12,0.444947
1994-06-13,1994,6,13,33.42106
1994-06-14,1994,6,14,25.762627
1994-06-15,1994,6,15,0
1994-06-16,1994,6,16,25.185106
1994-06-17,1994,6,17,57.340659
1994-06-18,1994,6,18,12.543427
1994-06-19,1994,6,19,39.089396
1994-06-20,1994,6,20,40.23551
1994-06-21,1994,6,21,26.626377
1994-06-22,1994,6,22,22.316519
1994-06-23,1994,6,23,14.02803
1994-06-24,1994,6,24,0
1994-06-25,1994,6,25,0
1994-06-26,1994,6,26,0
1994-06-27,1994,6,27,0
1994-06-28,1994,6,28,12.397054
1994-06-29,1994,6,29,36.148537
1994-06-30,1994,6,30,3.1294931
1994-07-01,1994,7,1,0
1994-07-02,1994,7,2,0
1994-07-03,1994,7,3,0
1994-07-04,1994,7,4,0
1994-07-05,1994,7,5,0
1994-07-06,1994,7,6,0
1994-07-07,1994,7,7,0
1994-07-08,1994,7,8,0
1994-07-09,1994,7,9,0
1994-07-10,1994,7,10,0
1994-07-11,1994,7,11,0
1994-07-12,1994,7,12,0
1994-07-13,1994,7,13,8.5661774
1994-07-14,1994,7,14,0
1994-07-15,1994,7,15,0
1994-07-16,1994,7,16,40.469853
1994-07-17,1994,7,17,10.349754
1994-07-18,1994,7,18,94.05707
1994-07-19,1994,7,19,99.993563
1994-07-20,1994,7,20,56.48185
1994-07-21,1994,7,21,0.28624194
1994-07-22,1994,7,22,16.58544
1994-07-23,1994,7,23,106.32808
1994-07-24,1994,7,24,69.198113
1994-07-25,1994,7,25,45.180848
1994-07-26,1994,7,26,5.443202
1994-07-27,1994,7,27,0
1994-07-28,1994,7,28,0
1994-07-29,1994,7,29,0
1994-07-30,1994,7,30,0
1994-07-31,1994,7,31,0
1994-08-01,1994,8,1,0.011161141
1994-08-02,1994,8,2,0
1994-08-03,1994,8,3,0
1994-08-04,1994,8,4,0
1994-08-05,1994,8,5,0
1994-08-06,1994,8,6,0
1994-08-07,1994,8,7,12.06
1994-08-08,1994,8,8,14.28025
1994-08-09,1994,8,9,0
1994-08-10,1994,8,10,0
1994-08-11,1994,8,11,5.5944555
1994-08-12,1994,8,12,0.00021483947
1994-08-13,1994,8,13,0
1994-08-14,1994,8,14,0
1994-08-15,1994,8,15,0
1994-08-16,1994,8,16,0
1994-08-17,1994,8,17,0
1994-08-18,1994,8,18,0
1994-08-19,1994,8,19,0
1994-08-20,1994,8,20,0
1994-08-21,1994,8,21,0
1994-08-22,1994,8,22,0
1994-08-23,1994,8,23,0
1994-08-24,1994,8,24,0
1994-08-25,1994,8,25,0
1994-08-26,1994,8,26,0
1994-08-27,1994,8,27,0
1994-08-28,1994,8,28,15.859578
1994-08-29,1994,8,29,0
1994-08-30,1994,8,30,0
1994-08-31,1994,8,31,0
1994-09-01,1994,9,1,0
1994-09-02,1994,9,2,0
1994-09-03,1994,9,3,0
1994-09-04,1994,9,4,0
1994-09-05,1994,9,5,0
1994-09-06,1994,9,6,0
1994-09-07,1994,9,7,0
1994-09-08,1994,9,8,0
1994-09-09,1994,9,9,0
1994-09-10,1994,9,10,0
1994-09-11,1994,9,11,0
1994-09-12,1994,9,12,17.653037
1994-09-13,1994,9,13,0
1994-09-14,1994,9,14,0
1994-09-15,1994,9,15,0
1994-09-16,1994,9,16,0
1994-09-17,1994,9,17,12.18257
1994-09-18,1994,9,18,21.925055
1994-09-19,1994,9,19,69.741952
1994-09-20,1994,9,20,13.841172
1994-09-21,1994,9,21,3.6533011
1994-09-22,1994,9,22,25.66245
1994-09-23,1994,9,23,49.312655
1994-09-24,1994,9,24,0.016863686
1994-09-25,1994,9,25,0
1994-09-26,1994,9,26,0
1994-09-27,1994,9,27,0
1994-09-28,1994,9,28,0
1994-09-29,1994,9,29,0
1994-09-30,1994,9,30,0
1994-10-01,1994,10,1,5.1092264
1994-10-02,1994,10,2,2.5384403
1994-10-03,1994,10,3,0
1994-10-04,1994,10,4,0
1994-10-05,1994,10,5,0
1994-10-06,1994,10,6,0
1994-10-07,1994,10,7,0
1994-10-08,1994,10,8,0
1994-10-09,1994,10,9,0
1994-10-10,1994,10,10,22.972421
1994-10-11,1994,10,11,4.9887855
1994-10-12,1994,10,12,4.4936329
1994-10-13,1994,10,13,0
1994-10-14,1994,10,14,0
1994-10-15,1994,10,15,30.286484
1994-10-16,1994,10,16,5.4656635
1994-10-17,1994,10,17,0
1994-10-18,1994,10,18,13.895493
1994-10-19,1994,10,19,5.3183438
1994-10-20,1994,10,20,0
1994-10-21,1994,10,21,0
1994-10-22,1994,10,22,0
1994-10-23,1994,10,23,0
1994-10-24,1994,10,24,0
1994-10-25,1994,10,25,0
1994-10-26,1994,10,26,0
1994-10-27,1994,10,27,0
1994-10-28,1994,10,28,0
1994-10-29,1994,10,29,0
1994-10-30,1994,10,30,0
1994-10-31,1994,10,31,0
1994-11-01,1994,11,1,0
1994-11-02,1994,11,2,0
1994-11-03,1994,11,3,0
1994-11-04,1994,11,4,0.8578318
1994-11-05,1994,11,5,0
1994-11-06,1994,11,6,0
1994-11-07,1994,11,7,0
1994-11-08,1994,11,8,0
1994-11-09,1994,11,9,0
1994-11-10,1994,11,10,0
1994-11-11,1994,11,11,2.7730275
1994-11-12,1994,11,12,0
1994-11-13,1994,11,13,0
1994-11-14,1994,11,14,0
1994-11-15,1994,11,15,0
1994-11-16,1994,11,16,0
1994-11-17,1994,11,17,0
1994-11-18,1994,11,18,0
1994-11-19,1994,11,19,0
1994-11-20,1994,11,20,0
1994-11-21,1994,11,21,0
1994-11-22,1994,11,22,0
1994-11-23,1994,11,23,0
1994-11-24,1994,11,24,0
1994-11-25,1994,11,25,0
1994-11-26,1994,11,26,0
1994-11-27,1994,11,27,18.939368
1994-11-28,1994,11,28,0.00046572562
1994-11-29,1994,11,29,0.99982122
1994-11-30,1994,11,30,0
1994-12-01,1994,12,1,0
1994-12-02,1994,12,2,33.992891
1994-12-03,1994,12,3,0.19997314
1994-12-04,1994,12,4,9.5913408
1994-12-05,1994,12,5,13.44404
1994-12-06,1994,12,6,0
1994-12-07,1994,12,7,0
1994-12-08,1994,12,8,0
1994-12-09,1994,12,9,0
1994-12-10,1994,12,10,0
1994-12-11,1994,12,11,0
1994-12-12,1994,12,12,0
1994-12-13,1994,12,13,0
1994-12-14,1994,12,14,0
1994-12-15,1994,12,15,0
1994-12-16,1994,12,16,0
1994-12-17,1994,12,17,0
1994-12-18,1994,12,18,0
1994-12-19,1994,12,19,0
1994-12-20,1994,12,20,0
1994-12-21,1994,12,21,0
1994-12-22,1994,12,22,0
1994-12-23,1994,12,23,0
1994-12-24,1994,12,24,0
1994-12-25,1994,12,25,0
1994-12-26,1994,12,26,0
1994-12-27,1994,12,27,0
1994-12-28,1994,12,28,0
1994-12-29,1994,12,29,0
1994-12-30,1994,12,30,0
1994-12-31,1994,12,31,0.00047731479
1995-01-01,1995,1,1,0
1995-01-02,1995,1,2,0
1995-01-03,1995,1,3,0
1995-01-04,1995,1,4,0
1995-01-05,1995,1,5,0
1995-01-06,1995,1,6,0
1995-01-07,1995,1,7,0
1995-01-08,1995,1,8,0
1995-01-09,1995,1,9,0
1995-01-10,1995,1,10,0
1995-01-11,1995,1,11,0
1995-01-12,1995,1,12,0
1995-01-13,1995,1,13,0
1995-01-14,1995,1,14,0
1995-01-15,1995,1,15,0
1995-01-16,1995,1,16,0
1995-01-17,1995,1,17,0
1995-01-18,1995,1,18,0
1995-01-19,1995,1,19,0
1995-01-20,1995,1,20,0
1995-01-21,1995,1,21,0
1995-01-22,1995,1,22,0
1995-01-23,1995,1,23,0
1995-01-24,1995,1,24,0
1995-01-25,1995,1,25,0
1995-01-26,1995,1,26,0
1995-01-27,1995,1,27,0
1995-01-28,1995,1,28,0
1995-01-29,1995,1,29,0
1995-01-30,1995,1,30,0
1995-01-31,1995,1,31,1.2199309
1995-02-01,1995,2,1,0
1995-02-02,1995,2,2,0
1995-02-03,1995,2,3,0
1995-02-04,1995,2,4,0
1995-02-05,1995,2,5,0
1995-02-06,1995,2,6,0
1995-02-07,1995,2,7,0
1995-02-08,1995,2,8,0
1995-02-09,1995,2,9,0
1995-02-10,1995,2,10,0
1995-02-11,1995,2,11,0
1995-02-12,1995,2,12,0
1995-02-13,1995,2,13,0
1995-02-14,1995,2,14,0
1995-02-15,1995,2,15,0
1995-02-16,1995,2,16,0
1995-02-17,1995,2,17,0
1995-02-18,1995,2,18,0
1995-02-19,1995,2,19,0
1995-02-20,1995,2,20,0
1995-02-21,1995,2,21,0
1995-02-22,1995,2,22,1.817509
1995-02-23,1995,2,23,0
1995-02-24,1995,2,24,0
1995-02-25,1995,2,25,0
1995-02-26,1995,2,26,0
1995-02-27,1995,2,27,0
1995-02-28,1995,2,28,0
1995-03-01,1995,3,1,0
1995-03-02,1995,3,2,0
1995-03-03,1995,3,3,0
1995-03-04,1995,3,4,0
1995-03-05,1995,3,5,0
1995-03-06,1995,3,6,0
1995-03-07,1995,3,7,0
1995-03-08,1995,3,8,0
1995-03-09,1995,3,9,0
1995-03-10,1995,3,10,0
1995-03-11,1995,3,11,0
1995-03-12,1995,3,12,0
1995-03-13,1995,3,13,0
1995-03-14,1995,3,14,0
1995-03-15,1995,3,15,0
1995-03-16,1995,3,16,0
1995-03-17,1995,3,17,0
1995-03-18,1995,3,18,0
1995-03-19,1995,3,19,0
1995-03-20,1995,3,20,0
1995-03-21,1995,3,21,0
1995-03-22,1995,3,22,0
1995-03-23,1995,3,23,0.013448021
1995-03-24,1995,3,24,0
1995-03-25,1995,3,25,0
1995-03-26,1995,3,26,0
1995-03-27,1995,3,27,0.57191777
1995-03-28,1995,3,28,0
1995-03-29,1995,3,29,0
1995-03-30,1995,3,30,0.072953443
1995-03-31,1995,3,31,0
1995-04-01,1995,4,1,0
1995-04-02,1995,4,2,0
1995-04-03,1995,4,3,12.199723
1995-04-04,1995,4,4,6.4452494
1995-04-05,1995,4,5,0
1995-04-06,1995,4,6,0
1995-04-07,1995,4,7,34.233585
1995-04-08,1995,4,8,11.651735
1995-04-09,1995,4,9,0
1995-04-10,1995,4,10,0
1995-04-11,1995,4,11,0
1995-04-12,1995,4,12,0
1995-04-13,1995,4,13,0
1995-04-14,1995,4,14,0
1995-04-15,1995,4,15,8.7741563
1995-04-16,1995,4,16,0
1995-04-17,1995,4,17,0
1995-04-18,1995,4,18,0.67042879
1995-04-19,1995,4,19,0
1995-04-20,1995,4,20,0
1995-04-21,1995,4,21,0
1995-04-22,1995,4,22,0
1995-04-23,1995,4,23,0
1995-04-24,1995,4,24,0
1995-04-25,1995,4,25,0
1995-04-26,1995,4,26,11.234294
1995-04-27,1995,4,27,50.962149
1995-04-28,1995,4,28,21.800051
1995-04-29,1995,4,29,71.484905
1995-04-30,1995,4,30,6.9091772
1995-05-01,1995,5,1,0
1995-05-02,1995,5,2,0
1995-05-03,1995,5,3,0
1995-05-04,1995,5,4,0
1995-05-05,1995,5,5,0
1995-05-06,1995,5,6,0
1995-05-07,1995,5,7,0
1995-05-08,1995,5,8,0
1995-05-09,1995,5,9,0
1995-05-10,1995,5,10,0
1995-05-11,1995,5,11,0
1995-05-12,1995,5,12,0
1995-05-13,1995,5,13,0
1995-05-14,1995,5,14,0
1995-05-15,1995,5,15,0
1995-05-16,1995,5,16,0
1995-05-17,1995,5,17,0
1995-05-18,1995,5,18,0
1995-05-19,1995,5,19,0
1995-05-20,1995,5,20,0
1995-05-21,1995,5,21,0
1995-05-22,1995,5,22,0
1995-05-23,1995,5,23,0
1995-05-24,1995,5,24,0
1995-05-25,1995,5,25,0
1995-05-26,1995,5,26,0
1995-05-27,1995,5,27,3.5073821
1995-05-28,1995,5,28,0
1995-05-29,1995,5,29,0
1995-05-30,1995,5,30,16.699058
1995-05-31,1995,5,31,44.790749
1995-06-01,1995,6,1,0
1995-06-02,1995,6,2,0
1995-06-03,1995,6,3,0
1995-06-04,1995,6,4,53.035623
1995-06-05,1995,6,5,37.112277
1995-06-06,1995,6,6,31.652418
1995-06-07,1995,6,7,0
1995-06-08,1995,6,8,14.394305
1995-06-09,1995,6,9,56.143141
1995-06-10,1995,6,10,15.262225
1995-06-11,1995,6,11,48.583523
1995-06-12,1995,6,12,0
1995-06-13,1995,6,13,0
1995-06-14,1995,6,14,0
1995-06-15,1995,6,15,53.717342
1995-06-16,1995,6,16,18.983675
1995-06-17,1995,6,17,0
1995-06-18,1995,6,18,0
1995-06-19,1995,6,19,0
1995-06-20,1995,6,20,5.7666554
1995-06-21,1995,6,21,0
1995-06-22,1995,6,22,56.166705
1995-06-23,1995,6,23,32.231724
1995-06-24,1995,6,24,0
1995-06-25,1995,6,25,52.964887
1995-06-26,1995,6,26,53.011776
1995-06-27,1995,6,27,10.896165
1995-06-28,1995,6,28,0
1995-06-29,1995,6,29,18.443369
1995-06-30,1995,6,30,9.8124428
1995-07-01,1995,7,1,0
1995-07-02,1995,7,2,0
1995-07-03,1995,7,3,30.200847
1995-07-04,1995,7,4,82.643893
1995-07-05,1995,7,5,5.5065167
1995-07-06,1995,7,6,0
1995-07-07,1995,7,7,0
1995-07-08,1995,7,8,13.025355
1995-07-09,1995,7,9,46.690582
1995-07-10,1995,7,10,86.515561
1995-07-11,1995,7,11,13.729325
1995-07-12,1995,7,12,4.0903804
1995-07-13,1995,7,13,0
1995-07-14,1995,7,14,0
1995-07-15,1995,7,15,0
1995-07-16,1995,7,16,0
1995-07-17,1995,7,17,0
1995-07-18,1995,7,18,0
1995-07-19,1995,7,19,0
1995-07-20,1995,7,20,0
1995-07-21,1995,7,21,0
1995-07-22,1995,7,22,51.120209
1995-07-23,1995,7,23,43.784255
1995-07-24,1995,7,24,7.4415669
1995-07-25,1995,7,25,44.661096
1995-07-26,1995,7,26,29.309987
1995-07-27,1995,7,27,89.404581
1995-07-28,1995,7,28,41.852665
1995-07-29,1995,7,29,5.0586163
1995-07-30,1995,7,30,0
1995-07-31,1995,7,31,0
1995-08-01,1995,8,1,9.5752875
1995-08-02,1995,8,2,5.6482124
1995-08-03,1995,8,3,0
1995-08-04,1995,8,4,0
1995-08-05,1995,8,5,27.389526
1995-08-06,1995,8,6,0
1995-08-07,1995,8,7,0
1995-08-08,1995,8,8,0
1995-08-09,1995,8,9,0
1995-08-10,1995,8,10,0
1995-08-11,1995,8,11,14.498497
1995-08-12,1995,8,12,81.367209
1995-08-13,1995,8,13,47.254245
1995-08-14,1995,8,14,14.573768
1995-08-15,1995,8,15,0
1995-08-16,1995,8,16,0
1995-08-17,1995,8,17,0
1995-08-18,1995,8,18,0
1995-08-19,1995,8,19,0
1995-08-20,1995,8,20,0
1995-08-21,1995,8,21,0
1995-08-22,1995,8,22,1.7927461
1995-08-23,1995,8,23,26.123402
1995-08-24,1995,8,24,11.109161
1995-08-25,1995,8,25,0
1995-08-26,1995,8,26,6.9742049
1995-08-27,1995,8,27,0
1995-08-28,1995,8,28,21.392982
1995-08-29,1995,8,29,0
1995-08-30,1995,8,30,5.7908728
1995-08-31,1995,8,31,3.1708129
1995-09-01,1995,9,1,0
1995-09-02,1995,9,2,0
1995-09-03,1995,9,3,0
1995-09-04,1995,9,4,0
1995-09-05,1995,9,5,0
1995-09-06,1995,9,6,0
1995-09-07,1995,9,7,0
1995-09-08,1995,9,8,0
1995-09-09,1995,9,9,0
1995-09-10,1995,9,10,1.681887
1995-09-11,1995,9,11,0
1995-09-12,1995,9,12,6.9444537
1995-09-13,1995,9,13,0
1995-09-14,1995,9,14,0
1995-09-15,1995,9,15,0
1995-09-16,1995,9,16,7.448428
1995-09-17,1995,9,17,36.914093
1995-09-18,1995,9,18,0.43777595
1995-09-19,1995,9,19,0
1995-09-20,1995,9,20,0
1995-09-21,1995,9,21,0
1995-09-22,1995,9,22,0
1995-09-23,1995,9,23,0
1995-09-24,1995,9,24,10.303978
1995-09-25,1995,9,25,7.1501991
1995-09-26,1995,9,26,0
1995-09-27,1995,9,27,0
1995-09-28,1995,9,28,0
1995-09-29,1995,9,29,0
1995-09-30,1995,9,30,0
1995-10-01,1995,10,1,0
1995-10-02,1995,10,2,11.893707
1995-10-03,1995,10,3,6.4642772
1995-10-04,1995,10,4,0
1995-10-05,1995,10,5,29.387436
1995-10-06,1995,10,6,14.400229
1995-10-07,1995,10,7,1.422189
1995-10-08,1995,10,8,0
1995-10-09,1995,10,9,0
1995-10-10,1995,10,10,10.460424
1995-10-11,1995,10,11,0.050841837
1995-10-12,1995,10,12,0
1995-10-13,1995,10,13,0
1995-10-14,1995,10,14,0
1995-10-15,1995,10,15,0
1995-10-16,1995,10,16,0
1995-10-17,1995,10,17,0
1995-10-18,1995,10,18,0
1995-10-19,1995,10,19,0
1995-10-20,1995,10,20,0
1995-10-21,1995,10,21,0
1995-10-22,1995,10,22,0
1995-10-23,1995,10,23,0
1995-10-24,1995,10,24,0
1995-10-25,1995,10,25,0
1995-10-26,1995,10,26,0
1995-10-27,1995,10,27,0
1995-10-28,1995,10,28,0
1995-10-29,1995,10,29,0
1995-10-30,1995,10,30,0
1995-10-31,1995,10,31,0
1995-11-01,1995,11,1,0
1995-11-02,1995,11,2,0
1995-11-03,1995,11,3,0
1995-11-04,1995,11,4,0
1995-11-05,1995,11,5,0
1995-11-06,1995,11,6,0
1995-11-07,1995,11,7,0
1995-11-08,1995,11,8,5.4729132
1995-11-09,1995,11,9,0
1995-11-10,1995,11,10,0
1995-11-11,1995,11,11,0
1995-11-12,1995,11,12,0
1995-11-13,1995,11,13,0
1995-11-14,1995,11,14,0
1995-11-15,1995,11,15,0
1995-11-16,1995,11,16,0
1995-11-17,1995,11,17,0
1995-11-18,1995,11,18,0
1995-11-19,1995,11,19,0
1995-11-20,1995,11,20,0
1995-11-21,1995,11,21,0
1995-11-22,1995,11,22,0
1995-11-23,1995,11,23,0
1995-11-24,1995,11,24,10.044843
1995-11-25,1995,11,25,0
1995-11-26,1995,11,26,0
1995-11-27,1995,11,27,0
1995-11-28,1995,11,28,0
1995-11-29,1995,11,29,0
1995-11-30,1995,11,30,0
1995-12-01,1995,12,1,0
1995-12-02,1995,12,2,0
1995-12-03,1995,12,3,0
1995-12-04,1995,12,4,0
1995-12-05,1995,12,5,0
1995-12-06,1995,12,6,0
1995-12-07,1995,12,7,0
1995-12-08,1995,12,8,0
1995-12-09,1995,12,9,0
1995-12-10,1995,12,10,0
1995-12-11,1995,12,11,0
1995-12-12,1995,12,12,0
1995-12-13,1995,12,13,0
1995-12-14,1995,12,14,0
1995-12-15,1995,12,15,0
1995-12-16,1995,12,16,0
1995-12-17,1995,12,17,0
1995-12-18,1995,12,18,0
1995-12-19,1995,12,19,0
1995-12-20,1995,12,20,0
1995-12-21,1995,12,21,0
1995-12-22,1995,12,22,0
1995-12-23,1995,12,23,0
1995-12-24,1995,12,24,0
1995-12-25,1995,12,25,0
1995-12-26,1995,12,26,0.17322973
1995-12-27,1995,12,27,0
1995-12-28,1995,12,28,0
1995-12-29,1995,12,29,0
1995-12-30,1995,12,30,0
1995-12-31,1995,12,31,0
1996-01-01,1996,1,1,0
1996-01-02,1996,1,2,0
1996-01-03,1996,1,3,6.1844673
1996-01-04,1996,1,4,0
1996-01-05,1996,1,5,0
1996-01-06,1996,1,6,0
1996-01-07,1996,1,7,0
1996-01-08,1996,1,8,0
1996-01-09,1996,1,9,0
1996-01-10,1996,1,10,0.04722889
1996-01-11,1996,1,11,12.896107
1996-01-12,1996,1,12,0
1996-01-13,1996,1,13,0
1996-01-14,1996,1,14,0
1996-01-15,1996,1,15,0
1996-01-16,1996,1,16,0
1996-01-17,1996,1,17,0
1996-01-18,1996,1,18,0
1996-01-19,1996,1,19,0
1996-01-20,1996,1,20,0
1996-01-21,1996,1,21,0
1996-01-22,1996,1,22,0
1996-01-23,1996,1,23,0
1996-01-24,1996,1,24,0
1996-01-25,1996,1,25,0
1996-01-26,1996,1,26,0
1996-01-27,1996,1,27,0
1996-01-28,1996,1,28,0
1996-01-29,1996,1,29,0
1996-01-30,1996,1,30,0
1996-01-31,1996,1,31,0
1996-02-01,1996,2,1,0
1996-02-02,1996,2,2,0
1996-02-03,1996,2,3,0
1996-02-04,1996,2,4,0
1996-02-05,1996,2,5,0
1996-02-06,1996,2,6,0
1996-02-07,1996,2,7,0
1996-02-08,1996,2,8,0
1996-02-09,1996,2,9,0
1996-02-10,1996,2,10,0
1996-02-11,1996,2,11,0
1996-02-12,1996,2,12,0
1996-02-13,1996,2,13,0
1996-02-14,1996,2,14,0
1996-02-15,1996,2,15,0
1996-02-16,1996,2,16,0
1996-02-17,1996,2,17,0
1996-02-18,1996,2,18,0
1996-02-19,1996,2,19,19.591266
1996-02-20,1996,2,20,0
1996-02-21,1996,2,21,0
1996-02-22,1996,2,22,0
1996-02-23,1996,2,23,0
1996-02-24,1996,2,24,0
1996-02-25,1996,2,25,0
1996-02-26,1996,2,26,0
1996-02-27,1996,2,27,0
1996-02-28,1996,2,28,0
1996-02-29,1996,2,29,0
1996-03-01,1996,3,1,0
1996-03-02,1996,3,2,0
1996-03-03,1996,3,3,0
1996-03-04,1996,3,4,0
1996-03-05,1996,3,5,0
1996-03-06,1996,3,6,0
1996-03-07,1996,3,7,0
1996-03-08,1996,3,8,0
1996-03-09,1996,3,9,0
1996-03-10,1996,3,10,0
1996-03-11,1996,3,11,19.918389
1996-03-12,1996,3,12,54.425464
1996-03-13,1996,3,13,0.093901447
1996-03-14,1996,3,14,0
1996-03-15,1996,3,15,0
1996-03-16,1996,3,16,0
1996-03-17,1996,3,17,0
1996-03-18,1996,3,18,0
1996-03-19,1996,3,19,0
1996-03-20,1996,3,20,0
1996-03-21,1996,3,21,0
1996-03-22,1996,3,22,0
1996-03-23,1996,3,23,0
1996-03-24,1996,3,24,0
1996-03-25,1996,3,25,2.2869707
1996-03-26,1996,3,26,0
1996-03-27,1996,3,27,0
1996-03-28,1996,3,28,0
1996-03-29,1996,3,29,0
1996-03-30,1996,3,30,0
1996-03-31,1996,3,31,0
1996-04-01,1996,4,1,38.10683
1996-04-02,1996,4,2,7.1913282
1996-04-03,1996,4,3,0
1996-04-04,1996,4,4,0
1996-04-05,1996,4,5,8.0980784
1996-04-06,1996,4,6,0
1996-04-07,1996,4,7,0
1996-04-08,1996,4,8,18.11764
1996-04-09,1996,4,9,0
1996-04-10,1996,4,10,7.0673478
1996-04-11,1996,4,11,7.6897225
1996-04-12,1996,4,12,0
1996-04-13,1996,4,13,0
1996-04-14,1996,4,14,0
1996-04-15,1996,4,15,0
1996-04-16,1996,4,16,0
1996-04-17,1996,4,17,0
1996-04-18,1996,4,18,0
1996-04-19,1996,4,19,0
1996-04-20,1996,4,20,0
1996-04-21,1996,4,21,0
1996-04-22,1996,4,22,0
1996-04-23,1996,4,23,0
1996-04-24,1996,4,24,0
1996-04-25,1996,4,25,0
1996-04-26,1996,4,26,0
1996-04-27,1996,4,27,0
1996-04-28,1996,4,28,0
1996-04-29,1996,4,29,0
1996-04-30,1996,4,30,0
1996-05-01,1996,5,1,0
1996-05-02,1996,5,2,0
1996-05-03,1996,5,3,0
1996-05-04,1996,5,4,0
1996-05-05,1996,5,5,0
1996-05-06,1996,5,6,21.94121
1996-05-07,1996,5,7,0
1996-05-08,1996,5,8,0
1996-05-09,1996,5,9,0
1996-05-10,1996,5,10,0
1996-05-11,1996,5,11,0
1996-05-12,1996,5,12,0
1996-05-13,1996,5,13,0
1996-05-14,1996,5,14,0
1996-05-15,1996,5,15,40.235784
1996-05-16,1996,5,16,12.432925
1996-05-17,1996,5,17,0.023568891
1996-05-18,1996,5,18,11.93727
1996-05-19,1996,5,19,0
1996-05-20,1996,5,20,0
1996-05-21,1996,5,21,0
1996-05-22,1996,5,22,0.67158995
1996-05-23,1996,5,23,5.2732967
1996-05-24,1996,5,24,9.1060735
1996-05-25,1996,5,25,0
1996-05-26,1996,5,26,0
1996-05-27,1996,5,27,13.980141
1996-05-28,1996,5,28,13.284655
1996-05-29,1996,5,29,0
1996-05-30,1996,5,30,0
1996-05-31,1996,5,31,0
1996-06-01,1996,6,1,0
1996-06-02,1996,6,2,0
1996-06-03,1996,6,3,0
1996-06-04,1996,6,4,0
1996-06-05,1996,6,5,0
1996-06-06,1996,6,6,0
1996-06-07,1996,6,7,0
1996-06-08,1996,6,8,0
1996-06-09,1996,6,9,0
1996-06-10,1996,6,10,0
1996-06-11,1996,6,11,120.90651
1996-06-12,1996,6,12,66.460618
1996-06-13,1996,6,13,24.42277
1996-06-14,1996,6,14,9.426332
1996-06-15,1996,6,15,18.359357
1996-06-16,1996,6,16,6.111014
1996-06-17,1996,6,17,0
1996-06-18,1996,6,18,0
1996-06-19,1996,6,19,0
1996-06-20,1996,6,20,0
1996-06-21,1996,6,21,0
1996-06-22,1996,6,22,0
1996-06-23,1996,6,23,0
1996-06-24,1996,6,24,0
1996-06-25,1996,6,25,0
1996-06-26,1996,6,26,0
1996-06-27,1996,6,27,0
1996-06-28,1996,6,28,0
1996-06-29,1996,6,29,0
1996-06-30,1996,6,30,0
1996-07-01,1996,7,1,19.90797
1996-07-02,1996,7,2,0
1996-07-03,1996,7,3,2.9679559
1996-07-04,1996,7,4,52.680584
1996-07-05,1996,7,5,0.0012579861
1996-07-06,1996,7,6,14.474471
1996-07-07,1996,7,7,16.053162
1996-07-08,1996,7,8,0
1996-07-09,1996,7,9,0
1996-07-10,1996,7,10,0
1996-07-11,1996,7,11,0
1996-07-12,1996,7,12,0
1996-07-13,1996,7,13,0
1996-07-14,1996,7,14,0
1996-07-15,1996,7,15,0
1996-07-16,1996,7,16,0
1996-07-17,1996,7,17,0
1996-07-18,1996,7,18,0
1996-07-19,1996,7,19,0
1996-07-20,1996,7,20,0
1996-07-21,1996,7,21,0.031300896
1996-07-22,1996,7,22,0
1996-07-23,1996,7,23,0
1996-07-24,1996,7,24,0
1996-07-25,1996,7,25,0
1996-07-26,1996,7,26,0
1996-07-27,1996,7,27,0
1996-07-28,1996,7,28,0
1996-07-29,1996,7,29,0
1996-07-30,1996,7,30,0
1996-07-31,1996,7,31,0
1996-08-01,1996,8,1,0
1996-08-02,1996,8,2,0
1996-08-03,1996,8,3,4.1372163
1996-08-04,1996,8,4,25.761804
1996-08-05,1996,8,5,23.845584
1996-08-06,1996,8,6,0
1996-08-07,1996,8,7,7.1837569
1996-08-08,1996,8,8,17.15781
1996-08-09,1996,8,9,0
1996-08-10,1996,8,10,0
1996-08-11,1996,8,11,0
1996-08-12,1996,8,12,55.74659
1996-08-13,1996,8,13,64.29605
1996-08-14,1996,8,14,1.6248994
1996-08-15,1996,8,15,0
1996-08-16,1996,8,16,0
1996-08-17,1996,8,17,0
1996-08-18,1996,8,18,0.62053785
1996-08-19,1996,8,19,6.6734832
1996-08-20,1996,8,20,0
1996-08-21,1996,8,21,0
1996-08-22,1996,8,22,0.018166096
1996-08-23,1996,8,23,27.326951
1996-08-24,1996,8,24,15.410092
1996-08-25,1996,8,25,0
1996-08-26,1996,8,26,0
1996-08-27,1996,8,27,0
1996-08-28,1996,8,28,0
1996-08-29,1996,8,29,0
1996-08-30,1996,8,30,0
1996-08-31,1996,8,31,8.4399006
1996-09-01,1996,9,1,0
1996-09-02,1996,9,2,0
1996-09-03,1996,9,3,9.2338922
1996-09-04,1996,9,4,0
1996-09-05,1996,9,5,0
1996-09-06,1996,9,6,0
1996-09-07,1996,9,7,0
1996-09-08,1996,9,8,0
1996-09-09,1996,9,9,0
1996-09-10,1996,9,10,0
1996-09-11,1996,9,11,0
1996-09-12,1996,9,12,0
1996-09-13,1996,9,13,0
1996-09-14,1996,9,14,0
1996-09-15,1996,9,15,0
1996-09-16,1996,9,16,0
1996-09-17,1996,9,17,12.347629
1996-09-18,1996,9,18,15.181254
1996-09-19,1996,9,19,0
1996-09-20,1996,9,20,0
1996-09-21,1996,9,21,0
1996-09-22,1996,9,22,0
1996-09-23,1996,9,23,0
1996-09-24,1996,9,24,0
1996-09-25,1996,9,25,0
1996-09-26,1996,9,26,0
1996-09-27,1996,9,27,0
1996-09-28,1996,9,28,0
1996-09-29,1996,9,29,0
1996-09-30,1996,9,30,0
1996-10-01,1996,10,1,0
1996-10-02,1996,10,2,0
1996-10-03,1996,10,3,14.250566
1996-10-04,1996,10,4,5.4643253
1996-10-05,1996,10,5,0
1996-10-06,1996,10,6,0
1996-10-07,1996,10,7,0
1996-10-08,1996,10,8,0
1996-10-09,1996,10,9,6.8901336
1996-10-10,1996,10,10,4.210748
1996-10-11,1996,10,11,0
1996-10-12,1996,10,12,0
1996-10-13,1996,10,13,0
1996-10-14,1996,10,14,0
1996-10-15,1996,10,15,0
1996-10-16,1996,10,16,12.846253
1996-10-17,1996,10,17,0
1996-10-18,1996,10,18,0
1996-10-19,1996,10,19,0
1996-10-20,1996,10,20,0
1996-10-21,1996,10,21,0
1996-10-22,1996,10,22,0.15371766
1996-10-23,1996,10,23,6.4010313
1996-10-24,1996,10,24,0
1996-10-25,1996,10,25,0
1996-10-26,1996,10,26,0
1996-10-27,1996,10,27,0
1996-10-28,1996,10,28,0
1996-10-29,1996,10,29,0
1996-10-30,1996,10,30,5.1498588
1996-10-31,1996,10,31,0
1996-11-01,1996,11,1,0
1996-11-02,1996,11,2,0
1996-11-03,1996,11,3,0
1996-11-04,1996,11,4,0
1996-11-05,1996,11,5,35.184778
1996-11-06,1996,11,6,0
1996-11-07,1996,11,7,0
1996-11-08,1996,11,8,0
1996-11-09,1996,11,9,0
1996-11-10,1996,11,10,0
1996-11-11,1996,11,11,0
1996-11-12,1996,11,12,0
1996-11-13,1996,11,13,0
1996-11-14,1996,11,14,7.1541
1996-11-15,1996,11,15,0
1996-11-16,1996,11,16,0
1996-11-17,1996,11,17,0
1996-11-18,1996,11,18,0
1996-11-19,1996,11,19,0
1996-11-20,1996,11,20,0
1996-11-21,1996,11,21,16.424192
1996-11-22,1996,11,22,0
1996-11-23,1996,11,23,0
1996-11-24,1996,11,24,0
1996-11-25,1996,11,25,0
1996-11-26,1996,11,26,0
1996-11-27,1996,11,27,0
1996-11-28,1996,11,28,0
1996-11-29,1996,11,29,0
1996-11-30,1996,11,30,0
1996-12-01,1996,12,1,0
1996-12-02,1996,12,2,0
1996-12-03,1996,12,3,0
1996-12-04,1996,12,4,0
1996-12-05,1996,12,5,3.6690202
1996-12-06,1996,12,6,0
1996-12-07,1996,12,7,6.7475204
1996-12-08,1996,12,8,9.2172936
1996-12-09,1996,12,9,0.011999575
1996-12-10,1996,12,10,2.5091041
1996-12-11,1996,12,11,0.21580256
1996-12-12,1996,12,12,0
1996-12-13,1996,12,13,0
1996-12-14,1996,12,14,0
1996-12-15,1996,12,15,0
1996-12-16,1996,12,16,0
1996-12-17,1996,12,17,0
1996-12-18,1996,12,18,0
1996-12-19,1996,12,19,0
1996-12-20,1996,12,20,0
1996-12-21,1996,12,21,0
1996-12-22,1996,12,22,0
1996-12-23,1996,12,23,0
1996-12-24,1996,12,24,0
1996-12-25,1996,12,25,0
1996-12-26,1996,12,26,0
1996-12-27,1996,12,27,0
1996-12-28,1996,12,28,0
1996-12-29,1996,12,29,0
1996-12-30,1996,12,30,0
1996-12-31,1996,12,31,0
1997-01-01,1997,1,1,0
1997-01-02,1997,1,2,0
1997-01-03,1997,1,3,0
1997-01-04,1997,1,4,0
1997-01-05,1997,1,5,0
1997-01-06,1997,1,6,0.11297654
1997-01-07,1997,1,7,4.6525417
1997-01-08,1997,1,8,0
1997-01-09,1997,1,9,0
1997-01-10,1997,1,10,0
1997-01-11,1997,1,11,0
1997-01-12,1997,1,12,0
1997-01-13,1997,1,13,0
1997-01-14,1997,1,14,0
1997-01-15,1997,1,15,0
1997-01-16,1997,1,16,0
1997-01-17,1997,1,17,0
1997-01-18,1997,1,18,0
1997-01-19,1997,1,19,0
1997-01-20,1997,1,20,0
1997-01-21,1997,1,21,0
1997-01-22,1997,1,22,0
1997-01-23,1997,1,23,0
1997-01-24,1997,1,24,0
1997-01-25,1997,1,25,0
1997-01-26,1997,1,26,0
1997-01-27,1997,1,27,15.264298
1997-01-28,1997,1,28,6.5962558
1997-01-29,1997,1,29,0
1997-01-30,1997,1,30,0
1997-01-31,1997,1,31,0
1997-02-01,1997,2,1,26.744846
1997-02-02,1997,2,2,0
1997-02-03,1997,2,3,0.53378446
1997-02-04,1997,2,4,0
1997-02-05,1997,2,5,0
1997-02-06,1997,2,6,0
1997-02-07,1997,2,7,0
1997-02-08,1997,2,8,0
1997-02-09,1997,2,9,0
1997-02-10,1997,2,10,0
1997-02-11,1997,2,11,0
1997-02-12,1997,2,12,0
1997-02-13,1997,2,13,0
1997-02-14,1997,2,14,0
1997-02-15,1997,2,15,0
1997-02-16,1997,2,16,0
1997-02-17,1997,2,17,0
1997-02-18,1997,2,18,0
1997-02-19,1997,2,19,0
1997-02-20,1997,2,20,0
1997-02-21,1997,2,21,0
1997-02-22,1997,2,22,0
1997-02-23,1997,2,23,0
1997-02-24,1997,2,24,0
1997-02-25,1997,2,25,0
1997-02-26,1997,2,26,0
1997-02-27,1997,2,27,0
1997-02-28,1997,2,28,0
1997-03-01,1997,3,1,0
1997-03-02,1997,3,2,0
1997-03-03,1997,3,3,0
1997-03-04,1997,3,4,0
1997-03-05,1997,3,5,0
1997-03-06,1997,3,6,9.3879408
1997-03-07,1997,3,7,0.90754496
1997-03-08,1997,3,8,0
1997-03-09,1997,3,9,0
1997-03-10,1997,3,10,0
1997-03-11,1997,3,11,0
1997-03-12,1997,3,12,0
1997-03-13,1997,3,13,0
1997-03-14,1997,3,14,0
1997-03-15,1997,3,15,0
1997-03-16,1997,3,16,0
1997-03-17,1997,3,17,0
1997-03-18,1997,3,18,4.1040949
1997-03-19,1997,3,19,0
1997-03-20,1997,3,20,0.037514507
1997-03-21,1997,3,21,6.2394075
1997-03-22,1997,3,22,4.9369907
1997-03-23,1997,3,23,0
1997-03-24,1997,3,24,0
1997-03-25,1997,3,25,0
1997-03-26,1997,3,26,0
1997-03-27,1997,3,27,0
1997-03-28,1997,3,28,0
1997-03-29,1997,3,29,0
1997-03-30,1997,3,30,0
1997-03-31,1997,3,31,0
1997-04-01,1997,4,1,0
1997-04-02,1997,4,2,0
1997-04-03,1997,4,3,0
1997-04-04,1997,4,4,0
1997-04-05,1997,4,5,0
1997-04-06,1997,4,6,0
1997-04-07,1997,4,7,0
1997-04-08,1997,4,8,0
1997-04-09,1997,4,9,0
1997-04-10,1997,4,10,0
1997-04-11,1997,4,11,0
1997-04-12,1997,4,12,0
1997-04-13,1997,4,13,0
1997-04-14,1997,4,14,0
1997-04-15,1997,4,15,0
1997-04-16,1997,4,16,0
1997-04-17,1997,4,17,0
1997-04-18,1997,4,18,12.09978
1997-04-19,1997,4,19,0
1997-04-20,1997,4,20,8.0281174
1997-04-21,1997,4,21,31.180693
1997-04-22,1997,4,22,187.79156
1997-04-23,1997,4,23,82.666007
1997-04-24,1997,4,24,0
1997-04-25,1997,4,25,0
1997-04-26,1997,4,26,0
1997-04-27,1997,4,27,0
1997-04-28,1997,4,28,12.691219
1997-04-29,1997,4,29,37.960146
1997-04-30,1997,4,30,112.35056
1997-05-01,1997,5,1,7.5342426
1997-05-02,1997,5,2,0
1997-05-03,1997,5,3,0
1997-05-04,1997,5,4,0
1997-05-05,1997,5,5,0
1997-05-06,1997,5,6,0
1997-05-07,1997,5,7,0
1997-05-08,1997,5,8,0
1997-05-09,1997,5,9,0
1997-05-10,1997,5,10,0
1997-05-11,1997,5,11,0
1997-05-12,1997,5,12,0
1997-05-13,1997,5,13,0
1997-05-14,1997,5,14,0
1997-05-15,1997,5,15,0
1997-05-16,1997,5,16,55.190069
1997-05-17,1997,5,17,26.014747
1997-05-18,1997,5,18,10.419372
1997-05-19,1997,5,19,35.944349
1997-05-20,1997,5,20,18.702412
1997-05-21,1997,5,21,0
1997-05-22,1997,5,22,0
1997-05-23,1997,5,23,0
1997-05-24,1997,5,24,0
1997-05-25,1997,5,25,0
1997-05-26,1997,5,26,0
1997-05-27,1997,5,27,0
1997-05-28,1997,5,28,27.142265
1997-05-29,1997,5,29,28.899157
1997-05-30,1997,5,30,6.0807009
1997-05-31,1997,5,31,0
1997-06-01,1997,6,1,0
1997-06-02,1997,6,2,0
1997-06-03,1997,6,3,76.155064
1997-06-04,1997,6,4,21.40568
1997-06-05,1997,6,5,0.2596266
1997-06-06,1997,6,6,0
1997-06-07,1997,6,7,0
1997-06-08,1997,6,8,51.588414
1997-06-09,1997,6,9,11.608018
1997-06-10,1997,6,10,24.816127
1997-06-11,1997,6,11,41.595333
1997-06-12,1997,6,12,21.409353
1997-06-13,1997,6,13,9.7796166
1997-06-14,1997,6,14,19.78411
1997-06-15,1997,6,15,61.918788
1997-06-16,1997,6,16,0
1997-06-17,1997,6,17,5.716581
1997-06-18,1997,6,18,50.967961
1997-06-19,1997,6,19,126.38219
1997-06-20,1997,6,20,68.423181
1997-06-21,1997,6,21,51.681424
1997-06-22,1997,6,22,64.353165
1997-06-23,1997,6,23,24.86075
1997-06-24,1997,6,24,10.686266
1997-06-25,1997,6,25,0
1997-06-26,1997,6,26,0
1997-06-27,1997,6,27,0
1997-06-28,1997,6,28,0
1997-06-29,1997,6,29,0
1997-06-30,1997,6,30,0
1997-07-01,1997,7,1,17.042821
1997-07-02,1997,7,2,3.7886038
1997-07-03,1997,7,3,19.078985
1997-07-04,1997,7,4,0
1997-07-05,1997,7,5,0
1997-07-06,1997,7,6,0.0011710835
1997-07-07,1997,7,7,40.154944
1997-07-08,1997,7,8,0
1997-07-09,1997,7,9,0
1997-07-10,1997,7,10,0
1997-07-11,1997,7,11,9.0591572
1997-07-12,1997,7,12,3.4346324
1997-07-13,1997,7,13,0
1997-07-14,1997,7,14,11.5717
1997-07-15,1997,7,15,0
1997-07-16,1997,7,16,0
1997-07-17,1997,7,17,0
1997-07-18,1997,7,18,0
1997-07-19,1997,7,19,0
1997-07-20,1997,7,20,0
1997-07-21,1997,7,21,13.866404
1997-07-22,1997,7,22,0
1997-07-23,1997,7,23,0
1997-07-24,1997,7,24,0
1997-07-25,1997,7,25,12.045991
1997-07-26,1997,7,26,0
1997-07-27,1997,7,27,0
1997-07-28,1997,7,28,48.453089
1997-07-29,1997,7,29,71.888587
1997-07-30,1997,7,30,31.279916
1997-07-31,1997,7,31,0.97182488
1997-08-01,1997,8,1,0
1997-08-02,1997,8,2,0
1997-08-03,1997,8,3,0
1997-08-04,1997,8,4,0
1997-08-05,1997,8,5,0
1997-08-06,1997,8,6,0
1997-08-07,1997,8,7,0
1997-08-08,1997,8,8,0
1997-08-09,1997,8,9,0
1997-08-10,1997,8,10,0
1997-08-11,1997,8,11,0
1997-08-12,1997,8,12,13.391448
1997-08-13,1997,8,13,72.25729
1997-08-14,1997,8,14,8.5407882
1997-08-15,1997,8,15,44.571931
1997-08-16,1997,8,16,48.280392
1997-08-17,1997,8,17,51.508177
1997-08-18,1997,8,18,14.14975
1997-08-19,1997,8,19,0
1997-08-20,1997,8,20,0
1997-08-21,1997,8,21,0
1997-08-22,1997,8,22,0
1997-08-23,1997,8,23,0.1806863
1997-08-24,1997,8,24,34.210293
1997-08-25,1997,8,25,0.73777262
1997-08-26,1997,8,26,0
1997-08-27,1997,8,27,0
1997-08-28,1997,8,28,0
1997-08-29,1997,8,29,5.2705032
1997-08-30,1997,8,30,0
1997-08-31,1997,8,31,2.6365942
1997-09-01,1997,9,1,29.600483
1997-09-02,1997,9,2,51.638665
1997-09-03,1997,9,3,62.731782
1997-09-04,1997,9,4,12.004774
1997-09-05,1997,9,5,28.84858
1997-09-06,1997,9,6,45.877163
1997-09-07,1997,9,7,28.610998
1997-09-08,1997,9,8,12.171922
1997-09-09,1997,9,9,0
1997-09-10,1997,9,10,0
1997-09-11,1997,9,11,6.4089143
1997-09-12,1997,9,12,0
1997-09-13,1997,9,13,0
1997-09-14,1997,9,14,0
1997-09-15,1997,9,15,0
1997-09-16,1997,9,16,0
1997-09-17,1997,9,17,0
1997-09-18,1997,9,18,10.363271
1997-09-19,1997,9,19,0
1997-09-20,1997,9,20,1.3421298
1997-09-21,1997,9,21,22.610807
1997-09-22,1997,9,22,7.5349025
1997-09-23,1997,9,23,0
1997-09-24,1997,9,24,0
1997-09-25,1997,9,25,0
1997-09-26,1997,9,26,17.809077
1997-09-27,1997,9,27,6.9054014
1997-09-28,1997,9,28,0
1997-09-29,1997,9,29,0
1997-09-30,1997,9,30,0
1997-10-01,1997,10,1,13.152739
1997-10-02,1997,10,2,21.294336
1997-10-03,1997,10,3,30.542815
1997-10-04,1997,10,4,42.138483
1997-10-05,1997,10,5,1.3423336
1997-10-06,1997,10,6,0
1997-10-07,1997,10,7,0
1997-10-08,1997,10,8,0
1997-10-09,1997,10,9,0
1997-10-10,1997,10,10,52.189611
1997-10-11,1997,10,11,14.179873
1997-10-12,1997,10,12,6.3547185
1997-10-13,1997,10,13,30.577418
1997-10-14,1997,10,14,34.805592
1997-10-15,1997,10,15,15.643485
1997-10-16,1997,10,16,0
1997-10-17,1997,10,17,0
1997-10-18,1997,10,18,0
1997-10-19,1997,10,19,0
1997-10-20,1997,10,20,0
1997-10-21,1997,10,21,0
1997-10-22,1997,10,22,0
1997-10-23,1997,10,23,0
1997-10-24,1997,10,24,7.3210084
1997-10-25,1997,10,25,0
1997-10-26,1997,10,26,25.774156
1997-10-27,1997,10,27,6.3894956
1997-10-28,1997,10,28,10.723624
1997-10-29,1997,10,29,0
1997-10-30,1997,10,30,5.205828
1997-10-31,1997,10,31,0
1997-11-01,1997,11,1,0
1997-11-02,1997,11,2,0
1997-11-03,1997,11,3,11.264265
1997-11-04,1997,11,4,0.037992122
1997-11-05,1997,11,5,0
1997-11-06,1997,11,6,0
1997-11-07,1997,11,7,19.300731
1997-11-08,1997,11,8,6.7854373
1997-11-09,1997,11,9,7.4480786
1997-11-10,1997,11,10,15.689119
1997-11-11,1997,11,11,33.788592
1997-11-12,1997,11,12,9.0306457
1997-11-13,1997,11,13,0
1997-11-14,1997,11,14,0
1997-11-15,1997,11,15,0
1997-11-16,1997,11,16,0
1997-11-17,1997,11,17,0
1997-11-18,1997,11,18,0
1997-11-19,1997,11,19,0
1997-11-20,1997,11,20,0
1997-11-21,1997,11,21,0
1997-11-22,1997,11,22,0
1997-11-23,1997,11,23,0
1997-11-24,1997,11,24,0
1997-11-25,1997,11,25,0
1997-11-26,1997,11,26,0
1997-11-27,1997,11,27,0
1997-11-28,1997,11,28,0
1997-11-29,1997,11,29,0
1997-11-30,1997,11,30,0
1997-12-01,1997,12,1,8.1211593
1997-12-02,1997,12,2,0
1997-12-03,1997,12,3,0
1997-12-04,1997,12,4,0
1997-12-05,1997,12,5,0
1997-12-06,1997,12,6,0
1997-12-07,1997,12,7,0
1997-12-08,1997,12,8,0
1997-12-09,1997,12,9,0
1997-12-10,1997,12,10,0
1997-12-11,1997,12,11,0
1997-12-12,1997,12,12,6.7426375
1997-12-13,1997,12,13,0
1997-12-14,1997,12,14,0
1997-12-15,1997,12,15,0
1997-12-16,1997,12,16,0
1997-12-17,1997,12,17,0
1997-12-18,1997,12,18,0
1997-12-19,1997,12,19,0
1997-12-20,1997,12,20,0
1997-12-21,1997,12,21,2.4706152
1997-12-22,1997,12,22,0
1997-12-23,1997,12,23,0
1997-12-24,1997,12,24,0
1997-12-25,1997,12,25,0.015335016
1997-12-26,1997,12,26,14.817865
1997-12-27,1997,12,27,0
1997-12-28,1997,12,28,0
1997-12-29,1997,12,29,0
1997-12-30,1997,12,30,0
1997-12-31,1997,12,31,0
1998-01-01,1998,1,1,0
1998-01-02,1998,1,2,0
1998-01-03,1998,1,3,0
1998-01-04,1998,1,4,0
1998-01-05,1998,1,5,0
1998-01-06,1998,1,6,0
1998-01-07,1998,1,7,0
1998-01-08,1998,1,8,0
1998-01-09,1998,1,9,0
1998-01-10,1998,1,10,0
1998-01-11,1998,1,11,0
1998-01-12,1998,1,12,0
1998-01-13,1998,1,13,0
1998-01-14,1998,1,14,0
1998-01-15,1998,1,15,0
1998-01-16,1998,1,16,0
1998-01-17,1998,1,17,0
1998-01-18,1998,1,18,0
1998-01-19,1998,1,19,0
1998-01-20,1998,1,20,0
1998-01-21,1998,1,21,0
1998-01-22,1998,1,22,0
1998-01-23,1998,1,23,0
1998-01-24,1998,1,24,0
1998-01-25,1998,1,25,0
1998-01-26,1998,1,26,0.32855572
1998-01-27,1998,1,27,0
1998-01-28,1998,1,28,0
1998-01-29,1998,1,29,0
1998-01-30,1998,1,30,0
1998-01-31,1998,1,31,0
1998-02-01,1998,2,1,0
1998-02-02,1998,2,2,5.5761369
1998-02-03,1998,2,3,0
1998-02-04,1998,2,4,0
1998-02-05,1998,2,5,0
1998-02-06,1998,2,6,0
1998-02-07,1998,2,7,0
1998-02-08,1998,2,8,0
1998-02-09,1998,2,9,0
1998-02-10,1998,2,10,0
1998-02-11,1998,2,11,0
1998-02-12,1998,2,12,0
1998-02-13,1998,2,13,0
1998-02-14,1998,2,14,0
1998-02-15,1998,2,15,0
1998-02-16,1998,2,16,0
1998-02-17,1998,2,17,0
1998-02-18,1998,2,18,0.53631458
1998-02-19,1998,2,19,0
1998-02-20,1998,2,20,0
1998-02-21,1998,2,21,0
1998-02-22,1998,2,22,16.274842
1998-02-23,1998,2,23,1.9584747
1998-02-24,1998,2,24,0
1998-02-25,1998,2,25,0
1998-02-26,1998,2,26,0
1998-02-27,1998,2,27,0
1998-02-28,1998,2,28,0
1998-03-01,1998,3,1,0
1998-03-02,1998,3,2,0
1998-03-03,1998,3,3,1.1561853
1998-03-04,1998,3,4,7.3241135
1998-03-05,1998,3,5,0
1998-03-06,1998,3,6,0
1998-03-07,1998,3,7,0
1998-03-08,1998,3,8,0
1998-03-09,1998,3,9,0
1998-03-10,1998,3,10,0
1998-03-11,1998,3,11,0
1998-03-12,1998,3,12,0
1998-03-13,1998,3,13,0
1998-03-14,1998,3,14,0
1998-03-15,1998,3,15,0
1998-03-16,1998,3,16,0
1998-03-17,1998,3,17,0
1998-03-18,1998,3,18,0
1998-03-19,1998,3,19,0
1998-03-20,1998,3,20,0
1998-03-21,1998,3,21,0
1998-03-22,1998,3,22,0
1998-03-23,1998,3,23,0
1998-03-24,1998,3,24,0
1998-03-25,1998,3,25,0
1998-03-26,1998,3,26,0
1998-03-27,1998,3,27,0
1998-03-28,1998,3,28,0
1998-03-29,1998,3,29,0
1998-03-30,1998,3,30,0
1998-03-31,1998,3,31,0
1998-04-01,1998,4,1,0
1998-04-02,1998,4,2,0
1998-04-03,1998,4,3,0
1998-04-04,1998,4,4,0
1998-04-05,1998,4,5,0
1998-04-06,1998,4,6,0
1998-04-07,1998,4,7,0
1998-04-08,1998,4,8,12.985338
1998-04-09,1998,4,9,55.21702
1998-04-10,1998,4,10,21.524217
1998-04-11,1998,4,11,0
1998-04-12,1998,4,12,3.8967015
1998-04-13,1998,4,13,5.7837361
1998-04-14,1998,4,14,4.0177967
1998-04-15,1998,4,15,0
1998-04-16,1998,4,16,0
1998-04-17,1998,4,17,0
1998-04-18,1998,4,18,0
1998-04-19,1998,4,19,0
1998-04-20,1998,4,20,0
1998-04-21,1998,4,21,0
1998-04-22,1998,4,22,0
1998-04-23,1998,4,23,0
1998-04-24,1998,4,24,0
1998-04-25,1998,4,25,0
1998-04-26,1998,4,26,2.3935122
1998-04-27,1998,4,27,0
1998-04-28,1998,4,28,0
1998-04-29,1998,4,29,0
1998-04-30,1998,4,30,0
1998-05-01,1998,5,1,0
1998-05-02,1998,5,2,0
1998-05-03,1998,5,3,0
1998-05-04,1998,5,4,0
1998-05-05,1998,5,5,0
1998-05-06,1998,5,6,14.202323
1998-05-07,1998,5,7,23.634935
1998-05-08,1998,5,8,0
1998-05-09,1998,5,9,37.441081
1998-05-10,1998,5,10,19.23179
1998-05-11,1998,5,11,10.314732
1998-05-12,1998,5,12,4.1031979
1998-05-13,1998,5,13,0
1998-05-14,1998,5,14,0
1998-05-15,1998,5,15,0
1998-05-16,1998,5,16,0
1998-05-17,1998,5,17,0
1998-05-18,1998,5,18,0
1998-05-19,1998,5,19,0
1998-05-20,1998,5,20,0
1998-05-21,1998,5,21,0
1998-05-22,1998,5,22,14.387729
1998-05-23,1998,5,23,0
1998-05-24,1998,5,24,0.041758429
1998-05-25,1998,5,25,0
1998-05-26,1998,5,26,11.784175
1998-05-27,1998,5,27,36.976595
1998-05-28,1998,5,28,0
1998-05-29,1998,5,29,0
1998-05-30,1998,5,30,0
1998-05-31,1998,5,31,0
1998-06-01,1998,6,1,0
1998-06-02,1998,6,2,0
1998-06-03,1998,6,3,0
1998-06-04,1998,6,4,16.139414
1998-06-05,1998,6,5,40.254422
1998-06-06,1998,6,6,0.00029239868
1998-06-07,1998,6,7,0
1998-06-08,1998,6,8,0
1998-06-09,1998,6,9,0
1998-06-10,1998,6,10,3.941026
1998-06-11,1998,6,11,0
1998-06-12,1998,6,12,0
1998-06-13,1998,6,13,0
1998-06-14,1998,6,14,6.3342723
1998-06-15,1998,6,15,8.4054269
1998-06-16,1998,6,16,28.198746
1998-06-17,1998,6,17,6.8584675
1998-06-18,1998,6,18,14.300934
1998-06-19,1998,6,19,0.92136313
1998-06-20,1998,6,20,0
1998-06-21,1998,6,21,0
1998-06-22,1998,6,22,0
1998-06-23,1998,6,23,0
1998-06-24,1998,6,24,0
1998-06-25,1998,6,25,0
1998-06-26,1998,6,26,0
1998-06-27,1998,6,27,0
1998-06-28,1998,6,28,16.189132
1998-06-29,1998,6,29,7.3134124
1998-06-30,1998,6,30,0
1998-07-01,1998,7,1,0
1998-07-02,1998,7,2,0.86466853
1998-07-03,1998,7,3,45.917263
1998-07-04,1998,7,4,0
1998-07-05,1998,7,5,0.39922151
1998-07-06,1998,7,6,3.9202008
1998-07-07,1998,7,7,5.7419929
1998-07-08,1998,7,8,0
1998-07-09,1998,7,9,0
1998-07-10,1998,7,10,0
1998-07-11,1998,7,11,0
1998-07-12,1998,7,12,0
1998-07-13,1998,7,13,0
1998-07-14,1998,7,14,1.1006103
1998-07-15,1998,7,15,0
1998-07-16,1998,7,16,0
1998-07-17,1998,7,17,0
1998-07-18,1998,7,18,0
1998-07-19,1998,7,19,0
1998-07-20,1998,7,20,0
1998-07-21,1998,7,21,0
1998-07-22,1998,7,22,0
1998-07-23,1998,7,23,0
1998-07-24,1998,7,24,0
1998-07-25,1998,7,25,0
1998-07-26,1998,7,26,0
1998-07-27,1998,7,27,3.4712626
1998-07-28,1998,7,28,0
1998-07-29,1998,7,29,0
1998-07-30,1998,7,30,0
1998-07-31,1998,7,31,0
1998-08-01,1998,8,1,0
1998-08-02,1998,8,2,0
1998-08-03,1998,8,3,0
1998-08-04,1998,8,4,0
1998-08-05,1998,8,5,0
1998-08-06,1998,8,6,0
1998-08-07,1998,8,7,18.769487
1998-08-08,1998,8,8,0
1998-08-09,1998,8,9,0
1998-08-10,1998,8,10,0
1998-08-11,1998,8,11,0
1998-08-12,1998,8,12,5.146253
1998-08-13,1998,8,13,0
1998-08-14,1998,8,14,20.061713
1998-08-15,1998,8,15,6.7874569
1998-08-16,1998,8,16,17.766677
1998-08-17,1998,8,17,0
1998-08-18,1998,8,18,11.095472
1998-08-19,1998,8,19,0
1998-08-20,1998,8,20,0
1998-08-21,1998,8,21,0
1998-08-22,1998,8,22,0
1998-08-23,1998,8,23,0
1998-08-24,1998,8,24,0
1998-08-25,1998,8,25,0
1998-08-26,1998,8,26,0
1998-08-27,1998,8,27,0
1998-08-28,1998,8,28,0
1998-08-29,1998,8,29,0
1998-08-30,1998,8,30,0
1998-08-31,1998,8,31,0
1998-09-01,1998,9,1,0.38205012
1998-09-02,1998,9,2,0
1998-09-03,1998,9,3,0
1998-09-04,1998,9,4,0
1998-09-05,1998,9,5,0
1998-09-06,1998,9,6,4.6935986
1998-09-07,1998,9,7,7.3229418
1998-09-08,1998,9,8,0
1998-09-09,1998,9,9,1.1730553
1998-09-10,1998,9,10,68.93539
1998-09-11,1998,9,11,7.4434466
1998-09-12,1998,9,12,0
1998-09-13,1998,9,13,0
1998-09-14,1998,9,14,0
1998-09-15,1998,9,15,0
1998-09-16,1998,9,16,0
1998-09-17,1998,9,17,1.7836233
1998-09-18,1998,9,18,0
1998-09-19,1998,9,19,0
1998-09-20,1998,9,20,0
1998-09-21,1998,9,21,1.7024619
1998-09-22,1998,9,22,9.0679319
1998-09-23,1998,9,23,0
1998-09-24,1998,9,24,0
1998-09-25,1998,9,25,0.068237238
1998-09-26,1998,9,26,3.3754332
1998-09-27,1998,9,27,3.0142082
1998-09-28,1998,9,28,0
1998-09-29,1998,9,29,0
1998-09-30,1998,9,30,0
1998-10-01,1998,10,1,0
1998-10-02,1998,10,2,0
1998-10-03,1998,10,3,0
1998-10-04,1998,10,4,0
1998-10-05,1998,10,5,0
1998-10-06,1998,10,6,0
1998-10-07,1998,10,7,0
1998-10-08,1998,10,8,0
1998-10-09,1998,10,9,0
1998-10-10,1998,10,10,0
1998-10-11,1998,10,11,0
1998-10-12,1998,10,12,0
1998-10-13,1998,10,13,0
1998-10-14,1998,10,14,0
1998-10-15,1998,10,15,0
1998-10-16,1998,10,16,0
1998-10-17,1998,10,17,0
1998-10-18,1998,10,18,0
1998-10-19,1998,10,19,0
1998-10-20,1998,10,20,0
1998-10-21,1998,10,21,0
1998-10-22,1998,10,22,0
1998-10-23,1998,10,23,0
1998-10-24,1998,10,24,0
1998-10-25,1998,10,25,0
1998-10-26,1998,10,26,0
1998-10-27,1998,10,27,0
1998-10-28,1998,10,28,0
1998-10-29,1998,10,29,0
1998-10-30,1998,10,30,0
1998-10-31,1998,10,31,0
1998-11-01,1998,11,1,0
1998-11-02,1998,11,2,0
1998-11-03,1998,11,3,0
1998-11-04,1998,11,4,0
1998-11-05,1998,11,5,0
1998-11-06,1998,11,6,0
1998-11-07,1998,11,7,0.52640063
1998-11-08,1998,11,8,0
1998-11-09,1998,11,9,0
1998-11-10,1998,11,10,0
1998-11-11,1998,11,11,0
1998-11-12,1998,11,12,0
1998-11-13,1998,11,13,0
1998-11-14,1998,11,14,0
1998-11-15,1998,11,15,0
1998-11-16,1998,11,16,0
1998-11-17,1998,11,17,0
1998-11-18,1998,11,18,0
1998-11-19,1998,11,19,0
1998-11-20,1998,11,20,0
1998-11-21,1998,11,21,0
1998-11-22,1998,11,22,0
1998-11-23,1998,11,23,0
1998-11-24,1998,11,24,0
1998-11-25,1998,11,25,0
1998-11-26,1998,11,26,0.014373519
1998-11-27,1998,11,27,1.6360496
1998-11-28,1998,11,28,0
1998-11-29,1998,11,29,0
1998-11-30,1998,11,30,0
1998-12-01,1998,12,1,0
1998-12-02,1998,12,2,0
1998-12-03,1998,12,3,0.075880074
1998-12-04,1998,12,4,0
1998-12-05,1998,12,5,0
1998-12-06,1998,12,6,0
1998-12-07,1998,12,7,0
1998-12-08,1998,12,8,0
1998-12-09,1998,12,9,0
1998-12-10,1998,12,10,0
1998-12-11,1998,12,11,12.4394
1998-12-12,1998,12,12,20.434906
1998-12-13,1998,12,13,0
1998-12-14,1998,12,14,0
1998-12-15,1998,12,15,5.9091978
1998-12-16,1998,12,16,0
1998-12-17,1998,12,17,0
1998-12-18,1998,12,18,0
1998-12-19,1998,12,19,0
1998-12-20,1998,12,20,0
1998-12-21,1998,12,21,0
1998-12-22,1998,12,22,0
1998-12-23,1998,12,23,0
1998-12-24,1998,12,24,0
1998-12-25,1998,12,25,0
1998-12-26,1998,12,26,0
1998-12-27,1998,12,27,20.848178
1998-12-28,1998,12,28,0
1998-12-29,1998,12,29,0
1998-12-30,1998,12,30,0
1998-12-31,1998,12,31,0
1999-01-01,1999,1,1,0
1999-01-02,1999,1,2,0
1999-01-03,1999,1,3,0
1999-01-04,1999,1,4,0
1999-01-05,1999,1,5,0
1999-01-06,1999,1,6,0
1999-01-07,1999,1,7,2.1755361
1999-01-08,1999,1,8,0
1999-01-09,1999,1,9,0
1999-01-10,1999,1,10,0
1999-01-11,1999,1,11,0
1999-01-12,1999,1,12,0
1999-01-13,1999,1,13,0
1999-01-14,1999,1,14,0
1999-01-15,1999,1,15,0
1999-01-16,1999,1,16,0.055444987
1999-01-17,1999,1,17,0.27261173
1999-01-18,1999,1,18,0
1999-01-19,1999,1,19,0.00097779838
1999-01-20,1999,1,20,0.060746356
1999-01-21,1999,1,21,0.38705258
1999-01-22,1999,1,22,0.11317711
1999-01-23,1999,1,23,0.00081057589
1999-01-24,1999,1,24,0
1999-01-25,1999,1,25,0
1999-01-26,1999,1,26,0
1999-01-27,1999,1,27,0
1999-01-28,1999,1,28,0
1999-01-29,1999,1,29,0
1999-01-30,1999,1,30,0
1999-01-31,1999,1,31,0
1999-02-01,1999,2,1,0
1999-02-02,1999,2,2,0
1999-02-03,1999,2,3,0
1999-02-04,1999,2,4,0
1999-02-05,1999,2,5,0
1999-02-06,1999,2,6,0
1999-02-07,1999,2,7,0
1999-02-08,1999,2,8,0
1999-02-09,1999,2,9,0
1999-02-10,1999,2,10,0
1999-02-11,1999,2,11,0
1999-02-12,1999,2,12,0
1999-02-13,1999,2,13,0
1999-02-14,1999,2,14,0
1999-02-15,1999,2,15,0
1999-02-16,1999,2,16,0
1999-02-17,1999,2,17,0
1999-02-18,1999,2,18,0
1999-02-19,1999,2,19,0
1999-02-20,1999,2,20,0
1999-02-21,1999,2,21,0
1999-02-22,1999,2,22,0
1999-02-23,1999,2,23,0
1999-02-24,1999,2,24,0
1999-02-25,1999,2,25,0
1999-02-26,1999,2,26,0
1999-02-27,1999,2,27,0
1999-02-28,1999,2,28,27.078403
1999-03-01,1999,3,1,0
1999-03-02,1999,3,2,0
1999-03-03,1999,3,3,0
1999-03-04,1999,3,4,0
1999-03-05,1999,3,5,0
1999-03-06,1999,3,6,12.799846
1999-03-07,1999,3,7,0
1999-03-08,1999,3,8,0
1999-03-09,1999,3,9,0
1999-03-10,1999,3,10,0
1999-03-11,1999,3,11,0
1999-03-12,1999,3,12,0
1999-03-13,1999,3,13,0
1999-03-14,1999,3,14,2.5061266
1999-03-15,1999,3,15,7.6369994
1999-03-16,1999,3,16,0
1999-03-17,1999,3,17,0
1999-03-18,1999,3,18,0
1999-03-19,1999,3,19,0
1999-03-20,1999,3,20,0
1999-03-21,1999,3,21,0
1999-03-22,1999,3,22,0
1999-03-23,1999,3,23,0
1999-03-24,1999,3,24,0
1999-03-25,1999,3,25,0
1999-03-26,1999,3,26,0
1999-03-27,1999,3,27,0
1999-03-28,1999,3,28,0
1999-03-29,1999,3,29,0
1999-03-30,1999,3,30,0
1999-03-31,1999,3,31,0
1999-04-01,1999,4,1,0
1999-04-02,1999,4,2,0.44436381
1999-04-03,1999,4,3,0
1999-04-04,1999,4,4,0
1999-04-05,1999,4,5,0
1999-04-06,1999,4,6,0
1999-04-07,1999,4,7,0
1999-04-08,1999,4,8,0
1999-04-09,1999,4,9,0
1999-04-10,1999,4,10,0
1999-04-11,1999,4,11,0
1999-04-12,1999,4,12,0
1999-04-13,1999,4,13,0
1999-04-14,1999,4,14,0.00057655846
1999-04-15,1999,4,15,0
1999-04-16,1999,4,16,0
1999-04-17,1999,4,17,0
1999-04-18,1999,4,18,0
1999-04-19,1999,4,19,0
1999-04-20,1999,4,20,0
1999-04-21,1999,4,21,0
1999-04-22,1999,4,22,0
1999-04-23,1999,4,23,0
1999-04-24,1999,4,24,13.868481
1999-04-25,1999,4,25,13.737774
1999-04-26,1999,4,26,0
1999-04-27,1999,4,27,0
1999-04-28,1999,4,28,0
1999-04-29,1999,4,29,0
1999-04-30,1999,4,30,9.5970099
1999-05-01,1999,5,1,28.375369
1999-05-02,1999,5,2,45.068186
1999-05-03,1999,5,3,24.560106
1999-05-04,1999,5,4,0
1999-05-05,1999,5,5,13.673021
1999-05-06,1999,5,6,0
1999-05-07,1999,5,7,0
1999-05-08,1999,5,8,0
1999-05-09,1999,5,9,0
1999-05-10,1999,5,10,0
1999-05-11,1999,5,11,0
1999-05-12,1999,5,12,0
1999-05-13,1999,5,13,0
1999-05-14,1999,5,14,0
1999-05-15,1999,5,15,0
1999-05-16,1999,5,16,0
1999-05-17,1999,5,17,0
1999-05-18,1999,5,18,0
1999-05-19,1999,5,19,0
1999-05-20,1999,5,20,0
1999-05-21,1999,5,21,0
1999-05-22,1999,5,22,0
1999-05-23,1999,5,23,0
1999-05-24,1999,5,24,0
1999-05-25,1999,5,25,5.4865374
1999-05-26,1999,5,26,14.63983
1999-05-27,1999,5,27,52.77824
1999-05-28,1999,5,28,13.581256
1999-05-29,1999,5,29,0
1999-05-30,1999,5,30,0
1999-05-31,1999,5,31,0
1999-06-01,1999,6,1,0
1999-06-02,1999,6,2,0
1999-06-03,1999,6,3,0
1999-06-04,1999,6,4,0
1999-06-05,1999,6,5,0
1999-06-06,1999,6,6,0
1999-06-07,1999,6,7,0
1999-06-08,1999,6,8,0
1999-06-09,1999,6,9,0
1999-06-10,1999,6,10,21.446691
1999-06-11,1999,6,11,7.4004952
1999-06-12,1999,6,12,0
1999-06-13,1999,6,13,12.192315
1999-06-14,1999,6,14,39.515685
1999-06-15,1999,6,15,13.083005
1999-06-16,1999,6,16,10.563849
1999-06-17,1999,6,17,34.155164
1999-06-18,1999,6,18,0
1999-06-19,1999,6,19,0
1999-06-20,1999,6,20,83.037835
1999-06-21,1999,6,21,69.898012
1999-06-22,1999,6,22,18.764386
1999-06-23,1999,6,23,41.517182
1999-06-24,1999,6,24,13.501149
1999-06-25,1999,6,25,41.1844
1999-06-26,1999,6,26,0
1999-06-27,1999,6,27,16.355056
1999-06-28,1999,6,28,32.959165
1999-06-29,1999,6,29,13.652734
1999-06-30,1999,6,30,44.845968
1999-07-01,1999,7,1,15.633574
1999-07-02,1999,7,2,0
1999-07-03,1999,7,3,0
1999-07-04,1999,7,4,0
1999-07-05,1999,7,5,0
1999-07-06,1999,7,6,0
1999-07-07,1999,7,7,0
1999-07-08,1999,7,8,0
1999-07-09,1999,7,9,7.3875037
1999-07-10,1999,7,10,43.822767
1999-07-11,1999,7,11,16.613183
1999-07-12,1999,7,12,0
1999-07-13,1999,7,13,0
1999-07-14,1999,7,14,0
1999-07-15,1999,7,15,0
1999-07-16,1999,7,16,0
1999-07-17,1999,7,17,0
1999-07-18,1999,7,18,0
1999-07-19,1999,7,19,1.5298612
1999-07-20,1999,7,20,7.0805768
1999-07-21,1999,7,21,0
1999-07-22,1999,7,22,0
1999-07-23,1999,7,23,0
1999-07-24,1999,7,24,0
1999-07-25,1999,7,25,0
1999-07-26,1999,7,26,0
1999-07-27,1999,7,27,0
1999-07-28,1999,7,28,46.512569
1999-07-29,1999,7,29,7.3121473
1999-07-30,1999,7,30,0
1999-07-31,1999,7,31,0
1999-08-01,1999,8,1,0
1999-08-02,1999,8,2,0
1999-08-03,1999,8,3,0
1999-08-04,1999,8,4,42.011247
1999-08-05,1999,8,5,37.871382
1999-08-06,1999,8,6,0.094938456
1999-08-07,1999,8,7,0.30303047
1999-08-08,1999,8,8,0
1999-08-09,1999,8,9,0
1999-08-10,1999,8,10,0
1999-08-11,1999,8,11,0
1999-08-12,1999,8,12,0
1999-08-13,1999,8,13,0
1999-08-14,1999,8,14,0
1999-08-15,1999,8,15,0
1999-08-16,1999,8,16,0
1999-08-17,1999,8,17,0
1999-08-18,1999,8,18,35.946716
1999-08-19,1999,8,19,76.457826
1999-08-20,1999,8,20,37.032699
1999-08-21,1999,8,21,0.00032628581
1999-08-22,1999,8,22,0
1999-08-23,1999,8,23,2.523469
1999-08-24,1999,8,24,0
1999-08-25,1999,8,25,0
1999-08-26,1999,8,26,0
1999-08-27,1999,8,27,5.7497137
1999-08-28,1999,8,28,5.9142999
1999-08-29,1999,8,29,77.474963
1999-08-30,1999,8,30,25.455127
1999-08-31,1999,8,31,26.918115
1999-09-01,1999,9,1,23.383334
1999-09-02,1999,9,2,11.518618
1999-09-03,1999,9,3,6.5777905
1999-09-04,1999,9,4,60.918763
1999-09-05,1999,9,5,71.446418
1999-09-06,1999,9,6,49.845758
1999-09-07,1999,9,7,35.601541
1999-09-08,1999,9,8,11.904076
1999-09-09,1999,9,9,0.001531188
1999-09-10,1999,9,10,26.108365
1999-09-11,1999,9,11,8.6746791
1999-09-12,1999,9,12,52.953123
1999-09-13,1999,9,13,18.908779
1999-09-14,1999,9,14,0
1999-09-15,1999,9,15,0
1999-09-16,1999,9,16,0
1999-09-17,1999,9,17,0
1999-09-18,1999,9,18,0
1999-09-19,1999,9,19,0
1999-09-20,1999,9,20,0
1999-09-21,1999,9,21,0
1999-09-22,1999,9,22,0
1999-09-23,1999,9,23,0
1999-09-24,1999,9,24,0
1999-09-25,1999,9,25,0
1999-09-26,1999,9,26,0.011147091
1999-09-27,1999,9,27,0
1999-09-28,1999,9,28,0
1999-09-29,1999,9,29,0
1999-09-30,1999,9,30,1.4086121
1999-10-01,1999,10,1,8.1627518
1999-10-02,1999,10,2,0
1999-10-03,1999,10,3,0
1999-10-04,1999,10,4,0
1999-10-05,1999,10,5,3.7285419
1999-10-06,1999,10,6,0
1999-10-07,1999,10,7,0
1999-10-08,1999,10,8,0
1999-10-09,1999,10,9,0
1999-10-10,1999,10,10,0
1999-10-11,1999,10,11,1.4228623
1999-10-12,1999,10,12,0
1999-10-13,1999,10,13,0
1999-10-14,1999,10,14,3.7731897
1999-10-15,1999,10,15,0
1999-10-16,1999,10,16,0
1999-10-17,1999,10,17,0
1999-10-18,1999,10,18,0
1999-10-19,1999,10,19,0
1999-10-20,1999,10,20,0
1999-10-21,1999,10,21,0
1999-10-22,1999,10,22,0
1999-10-23,1999,10,23,0
1999-10-24,1999,10,24,0
1999-10-25,1999,10,25,0
1999-10-26,1999,10,26,0.0016128292
1999-10-27,1999,10,27,0.00012081356
1999-10-28,1999,10,28,0
1999-10-29,1999,10,29,0
1999-10-30,1999,10,30,0
1999-10-31,1999,10,31,27.880452
1999-11-01,1999,11,1,3.4958792
1999-11-02,1999,11,2,0
1999-11-03,1999,11,3,0.01311788
1999-11-04,1999,11,4,0
1999-11-05,1999,11,5,0
1999-11-06,1999,11,6,0
1999-11-07,1999,11,7,0
1999-11-08,1999,11,8,0
1999-11-09,1999,11,9,0
1999-11-10,1999,11,10,0
1999-11-11,1999,11,11,0
1999-11-12,1999,11,12,0
1999-11-13,1999,11,13,0
1999-11-14,1999,11,14,0
1999-11-15,1999,11,15,0
1999-11-16,1999,11,16,0
1999-11-17,1999,11,17,0.13415587
1999-11-18,1999,11,18,0
1999-11-19,1999,11,19,0
1999-11-20,1999,11,20,0
1999-11-21,1999,11,21,0
1999-11-22,1999,11,22,0
1999-11-23,1999,11,23,0
1999-11-24,1999,11,24,0
1999-11-25,1999,11,25,0
1999-11-26,1999,11,26,0
1999-11-27,1999,11,27,0
1999-11-28,1999,11,28,0
1999-11-29,1999,11,29,8.0866381
1999-11-30,1999,11,30,1.0349149
1999-12-01,1999,12,1,0
1999-12-02,1999,12,2,0
1999-12-03,1999,12,3,0
1999-12-04,1999,12,4,0
1999-12-05,1999,12,5,0
1999-12-06,1999,12,6,0
1999-12-07,1999,12,7,0
1999-12-08,1999,12,8,0
1999-12-09,1999,12,9,0
1999-12-10,1999,12,10,0.88475291
1999-12-11,1999,12,11,0
1999-12-12,1999,12,12,3.5318535
1999-12-13,1999,12,13,0
1999-12-14,1999,12,14,0
1999-12-15,1999,12,15,0
1999-12-16,1999,12,16,0.00031581515
1999-12-17,1999,12,17,1.8390272
1999-12-18,1999,12,18,4.5399223
1999-12-19,1999,12,19,0
1999-12-20,1999,12,20,0
1999-12-21,1999,12,21,0
1999-12-22,1999,12,22,0
1999-12-23,1999,12,23,0
1999-12-24,1999,12,24,0
1999-12-25,1999,12,25,0
1999-12-26,1999,12,26,0
1999-12-27,1999,12,27,0
1999-12-28,1999,12,28,0
1999-12-29,1999,12,29,0
1999-12-30,1999,12,30,0
1999-12-31,1999,12,31,0
2000-01-01,2000,1,1,0
2000-01-02,2000,1,2,0
2000-01-03,2000,1,3,1.2788581
2000-01-04,2000,1,4,0
2000-01-05,2000,1,5,0
2000-01-06,2000,1,6,0
2000-01-07,2000,1,7,0
2000-01-08,2000,1,8,0
2000-01-09,2000,1,9,0
2000-01-10,2000,1,10,0
2000-01-11,2000,1,11,0
2000-01-12,2000,1,12,0
2000-01-13,2000,1,13,0
2000-01-14,2000,1,14,0
2000-01-15,2000,1,15,0
2000-01-16,2000,1,16,0
2000-01-17,2000,1,17,0
2000-01-18,2000,1,18,0
2000-01-19,2000,1,19,0
2000-01-20,2000,1,20,0
2000-01-21,2000,1,21,0
2000-01-22,2000,1,22,0
2000-01-23,2000,1,23,0
2000-01-24,2000,1,24,0
2000-01-25,2000,1,25,0
2000-01-26,2000,1,26,0
2000-01-27,2000,1,27,0
2000-01-28,2000,1,28,9.2520992
2000-01-29,2000,1,29,0
2000-01-30,2000,1,30,0
2000-01-31,2000,1,31,0
2000-02-01,2000,2,1,0
2000-02-02,2000,2,2,0
2000-02-03,2000,2,3,0
2000-02-04,2000,2,4,0
2000-02-05,2000,2,5,0
2000-02-06,2000,2,6,0
2000-02-07,2000,2,7,0
2000-02-08,2000,2,8,12.391562
2000-02-09,2000,2,9,0.065930502
2000-02-10,2000,2,10,24.689413
2000-02-11,2000,2,11,120.64094
2000-02-12,2000,2,12,0.041437945
2000-02-13,2000,2,13,0
2000-02-14,2000,2,14,0
2000-02-15,2000,2,15,0
2000-02-16,2000,2,16,0
2000-02-17,2000,2,17,0
2000-02-18,2000,2,18,0
2000-02-19,2000,2,19,0
2000-02-20,2000,2,20,0
2000-02-21,2000,2,21,0
2000-02-22,2000,2,22,0
2000-02-23,2000,2,23,0
2000-02-24,2000,2,24,0
2000-02-25,2000,2,25,0
2000-02-26,2000,2,26,42.550406
2000-02-27,2000,2,27,0.7245216
2000-02-28,2000,2,28,0
2000-02-29,2000,2,29,0
2000-03-01,2000,3,1,0
2000-03-02,2000,3,2,0
2000-03-03,2000,3,3,0
2000-03-04,2000,3,4,0
2000-03-05,2000,3,5,0
2000-03-06,2000,3,6,0
2000-03-07,2000,3,7,0
2000-03-08,2000,3,8,0
2000-03-09,2000,3,9,0
2000-03-10,2000,3,10,0
2000-03-11,2000,3,11,0
2000-03-12,2000,3,12,7.5231107
2000-03-13,2000,3,13,0
2000-03-14,2000,3,14,0
2000-03-15,2000,3,15,0.32677473
2000-03-16,2000,3,16,0
2000-03-17,2000,3,17,0
2000-03-18,2000,3,18,0
2000-03-19,2000,3,19,0
2000-03-20,2000,3,20,0
2000-03-21,2000,3,21,0
2000-03-22,2000,3,22,0
2000-03-23,2000,3,23,0
2000-03-24,2000,3,24,0
2000-03-25,2000,3,25,0
2000-03-26,2000,3,26,0
2000-03-27,2000,3,27,0
2000-03-28,2000,3,28,0
2000-03-29,2000,3,29,0
2000-03-30,2000,3,30,0
2000-03-31,2000,3,31,0
2000-04-01,2000,4,1,0
2000-04-02,2000,4,2,0
2000-04-03,2000,4,3,0
2000-04-04,2000,4,4,0
2000-04-05,2000,4,5,0
2000-04-06,2000,4,6,0
2000-04-07,2000,4,7,0
2000-04-08,2000,4,8,0
2000-04-09,2000,4,9,0
2000-04-10,2000,4,10,0
2000-04-11,2000,4,11,0
2000-04-12,2000,4,12,0
2000-04-13,2000,4,13,11.478157
2000-04-14,2000,4,14,17.997981
2000-04-15,2000,4,15,0
2000-04-16,2000,4,16,0
2000-04-17,2000,4,17,0
2000-04-18,2000,4,18,0
2000-04-19,2000,4,19,0
2000-04-20,2000,4,20,0
2000-04-21,2000,4,21,0
2000-04-22,2000,4,22,0
2000-04-23,2000,4,23,0
2000-04-24,2000,4,24,2.8075205
2000-04-25,2000,4,25,2.9162404
2000-04-26,2000,4,26,0
2000-04-27,2000,4,27,0
2000-04-28,2000,4,28,0
2000-04-29,2000,4,29,15.302987
2000-04-30,2000,4,30,11.173058
2000-05-01,2000,5,1,22.765039
2000-05-02,2000,5,2,0.00075013822
2000-05-03,2000,5,3,0
2000-05-04,2000,5,4,0
2000-05-05,2000,5,5,0
2000-05-06,2000,5,6,0
2000-05-07,2000,5,7,0
2000-05-08,2000,5,8,0
2000-05-09,2000,5,9,0
2000-05-10,2000,5,10,0
2000-05-11,2000,5,11,0
2000-05-12,2000,5,12,0
2000-05-13,2000,5,13,0
2000-05-14,2000,5,14,13.102605
2000-05-15,2000,5,15,2.0689081
2000-05-16,2000,5,16,0
2000-05-17,2000,5,17,0
2000-05-18,2000,5,18,0
2000-05-19,2000,5,19,5.5484209
2000-05-20,2000,5,20,0
2000-05-21,2000,5,21,0
2000-05-22,2000,5,22,0
2000-05-23,2000,5,23,0
2000-05-24,2000,5,24,33.363774
2000-05-25,2000,5,25,18.114019
2000-05-26,2000,5,26,0
2000-05-27,2000,5,27,0
2000-05-28,2000,5,28,12.855704
2000-05-29,2000,5,29,0
2000-05-30,2000,5,30,0
2000-05-31,2000,5,31,0
2000-06-01,2000,6,1,0
2000-06-02,2000,6,2,33.308286
2000-06-03,2000,6,3,5.6166714
2000-06-04,2000,6,4,66.284086
2000-06-05,2000,6,5,0
2000-06-06,2000,6,6,0
2000-06-07,2000,6,7,0
2000-06-08,2000,6,8,0
2000-06-09,2000,6,9,30.602762
2000-06-10,2000,6,10,0
2000-06-11,2000,6,11,31.75989
2000-06-12,2000,6,12,80.651046
2000-06-13,2000,6,13,95.090233
2000-06-14,2000,6,14,21.906792
2000-06-15,2000,6,15,1.7028849
2000-06-16,2000,6,16,0
2000-06-17,2000,6,17,0
2000-06-18,2000,6,18,0
2000-06-19,2000,6,19,25.521625
2000-06-20,2000,6,20,58.09789
2000-06-21,2000,6,21,79.56021
2000-06-22,2000,6,22,87.574747
2000-06-23,2000,6,23,72.332186
2000-06-24,2000,6,24,42.597084
2000-06-25,2000,6,25,27.60191
2000-06-26,2000,6,26,47.50957
2000-06-27,2000,6,27,47.060278
2000-06-28,2000,6,28,28.868216
2000-06-29,2000,6,29,103.61536
2000-06-30,2000,6,30,56.735607
2000-07-01,2000,7,1,25.23768
2000-07-02,2000,7,2,3.4094365
2000-07-03,2000,7,3,2.1522941
2000-07-04,2000,7,4,0
2000-07-05,2000,7,5,17.990557
2000-07-06,2000,7,6,66.149131
2000-07-07,2000,7,7,0.016676308
2000-07-08,2000,7,8,0
2000-07-09,2000,7,9,0
2000-07-10,2000,7,10,0
2000-07-11,2000,7,11,0
2000-07-12,2000,7,12,0
2000-07-13,2000,7,13,0
2000-07-14,2000,7,14,0
2000-07-15,2000,7,15,0
2000-07-16,2000,7,16,0
2000-07-17,2000,7,17,0
2000-07-18,2000,7,18,0
2000-07-19,2000,7,19,19.522963
2000-07-20,2000,7,20,12.902232
2000-07-21,2000,7,21,0
2000-07-22,2000,7,22,0
2000-07-23,2000,7,23,0
2000-07-24,2000,7,24,0
2000-07-25,2000,7,25,0
2000-07-26,2000,7,26,0
2000-07-27,2000,7,27,0
2000-07-28,2000,7,28,0
2000-07-29,2000,7,29,0
2000-07-30,2000,7,30,0
2000-07-31,2000,7,31,8.5742619
2000-08-01,2000,8,1,10.330796
2000-08-02,2000,8,2,0
2000-08-03,2000,8,3,0
2000-08-04,2000,8,4,0
2000-08-05,2000,8,5,40.012001
2000-08-06,2000,8,6,57.211087
2000-08-07,2000,8,7,0
2000-08-08,2000,8,8,0
2000-08-09,2000,8,9,0
2000-08-10,2000,8,10,0
2000-08-11,2000,8,11,0
2000-08-12,2000,8,12,6.2447284
2000-08-13,2000,8,13,0
2000-08-14,2000,8,14,9.6448116
2000-08-15,2000,8,15,0
2000-08-16,2000,8,16,15.468358
2000-08-17,2000,8,17,0
2000-08-18,2000,8,18,0
2000-08-19,2000,8,19,0
2000-08-20,2000,8,20,0.70684531
2000-08-21,2000,8,21,4.2188782
2000-08-22,2000,8,22,8.7263662
2000-08-23,2000,8,23,5.9917614
2000-08-24,2000,8,24,3.2270197
2000-08-25,2000,8,25,3.6955122
2000-08-26,2000,8,26,0
2000-08-27,2000,8,27,0
2000-08-28,2000,8,28,1.6132949
2000-08-29,2000,8,29,14.300231
2000-08-30,2000,8,30,0
2000-08-31,2000,8,31,0
2000-09-01,2000,9,1,0
2000-09-02,2000,9,2,0
2000-09-03,2000,9,3,0
2000-09-04,2000,9,4,0
2000-09-05,2000,9,5,0
2000-09-06,2000,9,6,13.503825
2000-09-07,2000,9,7,17.196852
2000-09-08,2000,9,8,86.356277
2000-09-09,2000,9,9,82.710615
2000-09-10,2000,9,10,35.061433
2000-09-11,2000,9,11,18.242082
2000-09-12,2000,9,12,12.999462
2000-09-13,2000,9,13,10.81192
2000-09-14,2000,9,14,10.842976
2000-09-15,2000,9,15,7.9026392
2000-09-16,2000,9,16,22.406607
2000-09-17,2000,9,17,32.167039
2000-09-18,2000,9,18,3.9700449
2000-09-19,2000,9,19,28.204675
2000-09-20,2000,9,20,16.983236
2000-09-21,2000,9,21,0
2000-09-22,2000,9,22,7.2459954
2000-09-23,2000,9,23,0
2000-09-24,2000,9,24,0
2000-09-25,2000,9,25,0
2000-09-26,2000,9,26,0
2000-09-27,2000,9,27,0
2000-09-28,2000,9,28,0
2000-09-29,2000,9,29,0
2000-09-30,2000,9,30,0
2000-10-01,2000,10,1,2.1116453
2000-10-02,2000,10,2,12.094416
2000-10-03,2000,10,3,0
2000-10-04,2000,10,4,0
2000-10-05,2000,10,5,0
2000-10-06,2000,10,6,0
2000-10-07,2000,10,7,0
2000-10-08,2000,10,8,11.30509
2000-10-09,2000,10,9,0
2000-10-10,2000,10,10,0
2000-10-11,2000,10,11,0.01254083
2000-10-12,2000,10,12,0
2000-10-13,2000,10,13,0
2000-10-14,2000,10,14,0
2000-10-15,2000,10,15,0
2000-10-16,2000,10,16,0
2000-10-17,2000,10,17,0
2000-10-18,2000,10,18,0
2000-10-19,2000,10,19,0
2000-10-20,2000,10,20,0
2000-10-21,2000,10,21,0
2000-10-22,2000,10,22,0
2000-10-23,2000,10,23,0
2000-10-24,2000,10,24,0
2000-10-25,2000,10,25,0
2000-10-26,2000,10,26,0
2000-10-27,2000,10,27,0
2000-10-28,2000,10,28,0
2000-10-29,2000,10,29,0
2000-10-30,2000,10,30,0
2000-10-31,2000,10,31,0
2000-11-01,2000,11,1,0
2000-11-02,2000,11,2,0
2000-11-03,2000,11,3,0
2000-11-04,2000,11,4,4.6936682
2000-11-05,2000,11,5,0
2000-11-06,2000,11,6,0
2000-11-07,2000,11,7,0
2000-11-08,2000,11,8,5.96673
2000-11-09,2000,11,9,0.68027698
2000-11-10,2000,11,10,25.359446
2000-11-11,2000,11,11,11.017075
2000-11-12,2000,11,12,0
2000-11-13,2000,11,13,0
2000-11-14,2000,11,14,0
2000-11-15,2000,11,15,0
2000-11-16,2000,11,16,0
2000-11-17,2000,11,17,0
2000-11-18,2000,11,18,0
2000-11-19,2000,11,19,0
2000-11-20,2000,11,20,0
2000-11-21,2000,11,21,0
2000-11-22,2000,11,22,0
2000-11-23,2000,11,23,0
2000-11-24,2000,11,24,0
2000-11-25,2000,11,25,0
2000-11-26,2000,11,26,0
2000-11-27,2000,11,27,0
2000-11-28,2000,11,28,0
2000-11-29,2000,11,29,0
2000-11-30,2000,11,30,0
2000-12-01,2000,12,1,0
2000-12-02,2000,12,2,0
2000-12-03,2000,12,3,0
2000-12-04,2000,12,4,0
2000-12-05,2000,12,5,0
2000-12-06,2000,12,6,0
2000-12-07,2000,12,7,0
2000-12-08,2000,12,8,0
2000-12-09,2000,12,9,0
2000-12-10,2000,12,10,0
2000-12-11,2000,12,11,0
2000-12-12,2000,12,12,0
2000-12-13,2000,12,13,0
2000-12-14,2000,12,14,9.1350589
2000-12-15,2000,12,15,0
2000-12-16,2000,12,16,0
2000-12-17,2000,12,17,0
2000-12-18,2000,12,18,0
2000-12-19,2000,12,19,0
2000-12-20,2000,12,20,14.274603
2000-12-21,2000,12,21,0.0025561788
2000-12-22,2000,12,22,0
2000-12-23,2000,12,23,0
2000-12-24,2000,12,24,2.2807247
2000-12-25,2000,12,25,15.415871
2000-12-26,2000,12,26,0.0177479
2000-12-27,2000,12,27,0
2000-12-28,2000,12,28,0
2000-12-29,2000,12,29,0
2000-12-30,2000,12,30,0
2000-12-31,2000,12,31,0
2001-01-01,2001,1,1,0
2001-01-02,2001,1,2,0
2001-01-03,2001,1,3,0
2001-01-04,2001,1,4,0
2001-01-05,2001,1,5,0
2001-01-06,2001,1,6,2.5050728
2001-01-07,2001,1,7,32.03739
2001-01-08,2001,1,8,0
2001-01-09,2001,1,9,18.524417
2001-01-10,2001,1,10,0
2001-01-11,2001,1,11,0
2001-01-12,2001,1,12,0
2001-01-13,2001,1,13,0
2001-01-14,2001,1,14,0
2001-01-15,2001,1,15,0
2001-01-16,2001,1,16,0
2001-01-17,2001,1,17,0
2001-01-18,2001,1,18,0
2001-01-19,2001,1,19,0
2001-01-20,2001,1,20,0
2001-01-21,2001,1,21,0
2001-01-22,2001,1,22,0
2001-01-23,2001,1,23,0
2001-01-24,2001,1,24,0
2001-01-25,2001,1,25,0
2001-01-26,2001,1,26,0
2001-01-27,2001,1,27,0
2001-01-28,2001,1,28,0
2001-01-29,2001,1,29,0
2001-01-30,2001,1,30,66.711253
2001-01-31,2001,1,31,0
2001-02-01,2001,2,1,0
2001-02-02,2001,2,2,0
2001-02-03,2001,2,3,0
2001-02-04,2001,2,4,0
2001-02-05,2001,2,5,0
2001-02-06,2001,2,6,0
2001-02-07,2001,2,7,0
2001-02-08,2001,2,8,0
2001-02-09,2001,2,9,0.02529549
2001-02-10,2001,2,10,0
2001-02-11,2001,2,11,0
2001-02-12,2001,2,12,0
2001-02-13,2001,2,13,0
2001-02-14,2001,2,14,0
2001-02-15,2001,2,15,0
2001-02-16,2001,2,16,0
2001-02-17,2001,2,17,0
2001-02-18,2001,2,18,0
2001-02-19,2001,2,19,0
2001-02-20,2001,2,20,0
2001-02-21,2001,2,21,0
2001-02-22,2001,2,22,0
2001-02-23,2001,2,23,0
2001-02-24,2001,2,24,0
2001-02-25,2001,2,25,0
2001-02-26,2001,2,26,0
2001-02-27,2001,2,27,0
2001-02-28,2001,2,28,0
2001-03-01,2001,3,1,0
2001-03-02,2001,3,2,0
2001-03-03,2001,3,3,0
2001-03-04,2001,3,4,0
2001-03-05,2001,3,5,0
2001-03-06,2001,3,6,0
2001-03-07,2001,3,7,0
2001-03-08,2001,3,8,0
2001-03-09,2001,3,9,0
2001-03-10,2001,3,10,0
2001-03-11,2001,3,11,0
2001-03-12,2001,3,12,0
2001-03-13,2001,3,13,0
2001-03-14,2001,3,14,0
2001-03-15,2001,3,15,0
2001-03-16,2001,3,16,0
2001-03-17,2001,3,17,0
2001-03-18,2001,3,18,0
2001-03-19,2001,3,19,0
2001-03-20,2001,3,20,0
2001-03-21,2001,3,21,0.01881116
2001-03-22,2001,3,22,12.799076
2001-03-23,2001,3,23,0
2001-03-24,2001,3,24,0
2001-03-25,2001,3,25,0
2001-03-26,2001,3,26,0
2001-03-27,2001,3,27,0
2001-03-28,2001,3,28,0
2001-03-29,2001,3,29,0
2001-03-30,2001,3,30,0
2001-03-31,2001,3,31,0
2001-04-01,2001,4,1,0
2001-04-02,2001,4,2,0
2001-04-03,2001,4,3,0
2001-04-04,2001,4,4,0
2001-04-05,2001,4,5,0
2001-04-06,2001,4,6,0
2001-04-07,2001,4,7,0
2001-04-08,2001,4,8,0
2001-04-09,2001,4,9,0
2001-04-10,2001,4,10,0
2001-04-11,2001,4,11,0
2001-04-12,2001,4,12,0
2001-04-13,2001,4,13,36.78354
2001-04-14,2001,4,14,0
2001-04-15,2001,4,15,0
2001-04-16,2001,4,16,0
2001-04-17,2001,4,17,6.2136021
2001-04-18,2001,4,18,0
2001-04-19,2001,4,19,0
2001-04-20,2001,4,20,0
2001-04-21,2001,4,21,7.2104297
2001-04-22,2001,4,22,42.505496
2001-04-23,2001,4,23,0
2001-04-24,2001,4,24,0
2001-04-25,2001,4,25,0
2001-04-26,2001,4,26,0
2001-04-27,2001,4,27,5.4786749
2001-04-28,2001,4,28,0
2001-04-29,2001,4,29,0
2001-04-30,2001,4,30,0
2001-05-01,2001,5,1,0
2001-05-02,2001,5,2,0
2001-05-03,2001,5,3,0
2001-05-04,2001,5,4,0
2001-05-05,2001,5,5,6.6379193
2001-05-06,2001,5,6,4.6323588
2001-05-07,2001,5,7,1.485376
2001-05-08,2001,5,8,5.9888873
2001-05-09,2001,5,9,0
2001-05-10,2001,5,10,0
2001-05-11,2001,5,11,0
2001-05-12,2001,5,12,0
2001-05-13,2001,5,13,0
2001-05-14,2001,5,14,22.135161
2001-05-15,2001,5,15,19.827276
2001-05-16,2001,5,16,23.76095
2001-05-17,2001,5,17,35.433618
2001-05-18,2001,5,18,0
2001-05-19,2001,5,19,0
2001-05-20,2001,5,20,8.4404883
2001-05-21,2001,5,21,70.897741
2001-05-22,2001,5,22,11.10634
2001-05-23,2001,5,23,0
2001-05-24,2001,5,24,15.598722
2001-05-25,2001,5,25,53.034374
2001-05-26,2001,5,26,73.972174
2001-05-27,2001,5,27,46.285996
2001-05-28,2001,5,28,102.62676
2001-05-29,2001,5,29,27.819391
2001-05-30,2001,5,30,0.14153258
2001-05-31,2001,5,31,0
2001-06-01,2001,6,1,0
2001-06-02,2001,6,2,8.2455242
2001-06-03,2001,6,3,0
2001-06-04,2001,6,4,1.9620153
2001-06-05,2001,6,5,15.117579
2001-06-06,2001,6,6,19.216154
2001-06-07,2001,6,7,0
2001-06-08,2001,6,8,0
2001-06-09,2001,6,9,0
2001-06-10,2001,6,10,0
2001-06-11,2001,6,11,25.465783
2001-06-12,2001,6,12,22.012395
2001-06-13,2001,6,13,108.38842
2001-06-14,2001,6,14,13.044322
2001-06-15,2001,6,15,0
2001-06-16,2001,6,16,0
2001-06-17,2001,6,17,0
2001-06-18,2001,6,18,0
2001-06-19,2001,6,19,0
2001-06-20,2001,6,20,0
2001-06-21,2001,6,21,0
2001-06-22,2001,6,22,8.748722
2001-06-23,2001,6,23,0.64298774
2001-06-24,2001,6,24,0
2001-06-25,2001,6,25,0
2001-06-26,2001,6,26,0
2001-06-27,2001,6,27,0
2001-06-28,2001,6,28,1.6143473
2001-06-29,2001,6,29,18.582654
2001-06-30,2001,6,30,27.096468
2001-07-01,2001,7,1,12.248849
2001-07-02,2001,7,2,78.843325
2001-07-03,2001,7,3,87.449381
2001-07-04,2001,7,4,0
2001-07-05,2001,7,5,0
2001-07-06,2001,7,6,2.7505619
2001-07-07,2001,7,7,34.769936
2001-07-08,2001,7,8,46.197553
2001-07-09,2001,7,9,0
2001-07-10,2001,7,10,0
2001-07-11,2001,7,11,35.016678
2001-07-12,2001,7,12,93.59982
2001-07-13,2001,7,13,11.255497
2001-07-14,2001,7,14,0
2001-07-15,2001,7,15,3.9442015
2001-07-16,2001,7,16,42.055341
2001-07-17,2001,7,17,39.61241
2001-07-18,2001,7,18,100.85931
2001-07-19,2001,7,19,58.03422
2001-07-20,2001,7,20,60.961599
2001-07-21,2001,7,21,1.8791594
2001-07-22,2001,7,22,0
2001-07-23,2001,7,23,0
2001-07-24,2001,7,24,0
2001-07-25,2001,7,25,0
2001-07-26,2001,7,26,0
2001-07-27,2001,7,27,0
2001-07-28,2001,7,28,18.736182
2001-07-29,2001,7,29,73.664581
2001-07-30,2001,7,30,30.487885
2001-07-31,2001,7,31,36.176933
2001-08-01,2001,8,1,45.130568
2001-08-02,2001,8,2,0
2001-08-03,2001,8,3,0
2001-08-04,2001,8,4,9.4288134
2001-08-05,2001,8,5,5.5529399
2001-08-06,2001,8,6,0
2001-08-07,2001,8,7,0
2001-08-08,2001,8,8,0
2001-08-09,2001,8,9,0
2001-08-10,2001,8,10,0
2001-08-11,2001,8,11,9.0540847
2001-08-12,2001,8,12,0.03080473
2001-08-13,2001,8,13,17.787824
2001-08-14,2001,8,14,0
2001-08-15,2001,8,15,0
2001-08-16,2001,8,16,0
2001-08-17,2001,8,17,0
2001-08-18,2001,8,18,7.1836353
2001-08-19,2001,8,19,0
2001-08-20,2001,8,20,0
2001-08-21,2001,8,21,0
2001-08-22,2001,8,22,0
2001-08-23,2001,8,23,0
2001-08-24,2001,8,24,3.599478
2001-08-25,2001,8,25,80.539153
2001-08-26,2001,8,26,28.362274
2001-08-27,2001,8,27,8.2386674
2001-08-28,2001,8,28,121.91972
2001-08-29,2001,8,29,9.874951
2001-08-30,2001,8,30,0
2001-08-31,2001,8,31,0
2001-09-01,2001,9,1,0
2001-09-02,2001,9,2,0
2001-09-03,2001,9,3,0
2001-09-04,2001,9,4,0
2001-09-05,2001,9,5,0
2001-09-06,2001,9,6,0
2001-09-07,2001,9,7,0
2001-09-08,2001,9,8,0
2001-09-09,2001,9,9,0
2001-09-10,2001,9,10,0
2001-09-11,2001,9,11,0
2001-09-12,2001,9,12,5.9260621
2001-09-13,2001,9,13,0
2001-09-14,2001,9,14,0
2001-09-15,2001,9,15,0
2001-09-16,2001,9,16,0
2001-09-17,2001,9,17,0
2001-09-18,2001,9,18,0
2001-09-19,2001,9,19,0
2001-09-20,2001,9,20,0
2001-09-21,2001,9,21,3.3265624
2001-09-22,2001,9,22,0
2001-09-23,2001,9,23,0
2001-09-24,2001,9,24,0
2001-09-25,2001,9,25,0
2001-09-26,2001,9,26,13.647358
2001-09-27,2001,9,27,13.322294
2001-09-28,2001,9,28,0
2001-09-29,2001,9,29,2.3844096
2001-09-30,2001,9,30,0
2001-10-01,2001,10,1,0
2001-10-02,2001,10,2,0
2001-10-03,2001,10,3,0
2001-10-04,2001,10,4,0
2001-10-05,2001,10,5,8.8199046
2001-10-06,2001,10,6,22.223763
2001-10-07,2001,10,7,0
2001-10-08,2001,10,8,0
2001-10-09,2001,10,9,0
2001-10-10,2001,10,10,0
2001-10-11,2001,10,11,0
2001-10-12,2001,10,12,0
2001-10-13,2001,10,13,0
2001-10-14,2001,10,14,0
2001-10-15,2001,10,15,0
2001-10-16,2001,10,16,0
2001-10-17,2001,10,17,0
2001-10-18,2001,10,18,0
2001-10-19,2001,10,19,0
2001-10-20,2001,10,20,0
2001-10-21,2001,10,21,0
2001-10-22,2001,10,22,0
2001-10-23,2001,10,23,0
2001-10-24,2001,10,24,0
2001-10-25,2001,10,25,4.6474039
2001-10-26,2001,10,26,0
2001-10-27,2001,10,27,2.8902666
2001-10-28,2001,10,28,0
2001-10-29,2001,10,29,0
2001-10-30,2001,10,30,0
2001-10-31,2001,10,31,0
2001-11-01,2001,11,1,0
2001-11-02,2001,11,2,0
2001-11-03,2001,11,3,0
2001-11-04,2001,11,4,3.6983736
2001-11-05,2001,11,5,0
2001-11-06,2001,11,6,0
2001-11-07,2001,11,7,0
2001-11-08,2001,11,8,0
2001-11-09,2001,11,9,6.340362
2001-11-10,2001,11,10,11.091757
2001-11-11,2001,11,11,3.9410297
2001-11-12,2001,11,12,0.00051312898
2001-11-13,2001,11,13,9.7603675
2001-11-14,2001,11,14,0
2001-11-15,2001,11,15,0
2001-11-16,2001,11,16,0
2001-11-17,2001,11,17,0
2001-11-18,2001,11,18,0
2001-11-19,2001,11,19,0
2001-11-20,2001,11,20,0
2001-11-21,2001,11,21,0
2001-11-22,2001,11,22,12.247563
2001-11-23,2001,11,23,2.5066994
2001-11-24,2001,11,24,0
2001-11-25,2001,11,25,0
2001-11-26,2001,11,26,0
2001-11-27,2001,11,27,0
2001-11-28,2001,11,28,0
2001-11-29,2001,11,29,0
2001-11-30,2001,11,30,0
2001-12-01,2001,12,1,0
2001-12-02,2001,12,2,0
2001-12-03,2001,12,3,0
2001-12-04,2001,12,4,0
2001-12-05,2001,12,5,0
2001-12-06,2001,12,6,0
2001-12-07,2001,12,7,0
2001-12-08,2001,12,8,0
2001-12-09,2001,12,9,0
2001-12-10,2001,12,10,0
2001-12-11,2001,12,11,0
2001-12-12,2001,12,12,0
2001-12-13,2001,12,13,0
2001-12-14,2001,12,14,0
2001-12-15,2001,12,15,0
2001-12-16,2001,12,16,0
2001-12-17,2001,12,17,0
2001-12-18,2001,12,18,0
2001-12-19,2001,12,19,0
2001-12-20,2001,12,20,0
2001-12-21,2001,12,21,0
2001-12-22,2001,12,22,0
2001-12-23,2001,12,23,0
2001-12-24,2001,12,24,0
2001-12-25,2001,12,25,0
2001-12-26,2001,12,26,0
2001-12-27,2001,12,27,0
2001-12-28,2001,12,28,0
2001-12-29,2001,12,29,0
2001-12-30,2001,12,30,0
2001-12-31,2001,12,31,0
2002-01-01,2002,1,1,0
2002-01-02,2002,1,2,0
2002-01-03,2002,1,3,0
2002-01-04,2002,1,4,0.26562223
2002-01-05,2002,1,5,0
2002-01-06,2002,1,6,0
2002-01-07,2002,1,7,0
2002-01-08,2002,1,8,0
2002-01-09,2002,1,9,0
2002-01-10,2002,1,10,0
2002-01-11,2002,1,11,0
2002-01-12,2002,1,12,0
2002-01-13,2002,1,13,0
2002-01-14,2002,1,14,0
2002-01-15,2002,1,15,0
2002-01-16,2002,1,16,0
2002-01-17,2002,1,17,1.4435764
2002-01-18,2002,1,18,2.394772
2002-01-19,2002,1,19,0
2002-01-20,2002,1,20,0
2002-01-21,2002,1,21,0
2002-01-22,2002,1,22,0
2002-01-23,2002,1,23,0
2002-01-24,2002,1,24,0
2002-01-25,2002,1,25,2.3955768
2002-01-26,2002,1,26,0
2002-01-27,2002,1,27,0
2002-01-28,2002,1,28,0
2002-01-29,2002,1,29,0
2002-01-30,2002,1,30,0
2002-01-31,2002,1,31,0
2002-02-01,2002,2,1,0
2002-02-02,2002,2,2,0
2002-02-03,2002,2,3,0
2002-02-04,2002,2,4,0
2002-02-05,2002,2,5,0
2002-02-06,2002,2,6,0
2002-02-07,2002,2,7,2.2146033
2002-02-08,2002,2,8,0
2002-02-09,2002,2,9,0
2002-02-10,2002,2,10,0
2002-02-11,2002,2,11,0
2002-02-12,2002,2,12,0
2002-02-13,2002,2,13,0
2002-02-14,2002,2,14,0
2002-02-15,2002,2,15,0
2002-02-16,2002,2,16,0
2002-02-17,2002,2,17,0
2002-02-18,2002,2,18,0
2002-02-19,2002,2,19,0
2002-02-20,2002,2,20,0
2002-02-21,2002,2,21,0
2002-02-22,2002,2,22,0
2002-02-23,2002,2,23,0
2002-02-24,2002,2,24,0
2002-02-25,2002,2,25,0
2002-02-26,2002,2,26,25.914753
2002-02-27,2002,2,27,69.999392
2002-02-28,2002,2,28,0.10963932
2002-03-01,2002,3,1,0
2002-03-02,2002,3,2,0
2002-03-03,2002,3,3,0
2002-03-04,2002,3,4,0
2002-03-05,2002,3,5,0
2002-03-06,2002,3,6,0
2002-03-07,2002,3,7,0
2002-03-08,2002,3,8,0
2002-03-09,2002,3,9,0
2002-03-10,2002,3,10,0
2002-03-11,2002,3,11,0
2002-03-12,2002,3,12,0
2002-03-13,2002,3,13,16.529677
2002-03-14,2002,3,14,119.70316
2002-03-15,2002,3,15,69.269796
2002-03-16,2002,3,16,0.31007108
2002-03-17,2002,3,17,3.0190977
2002-03-18,2002,3,18,8.4914445
2002-03-19,2002,3,19,0
2002-03-20,2002,3,20,0
2002-03-21,2002,3,21,0
2002-03-22,2002,3,22,0
2002-03-23,2002,3,23,0
2002-03-24,2002,3,24,0
2002-03-25,2002,3,25,0
2002-03-26,2002,3,26,0
2002-03-27,2002,3,27,0
2002-03-28,2002,3,28,25.74195
2002-03-29,2002,3,29,0.0063275397
2002-03-30,2002,3,30,0
2002-03-31,2002,3,31,0
2002-04-01,2002,4,1,0
2002-04-02,2002,4,2,0
2002-04-03,2002,4,3,0
2002-04-04,2002,4,4,0
2002-04-05,2002,4,5,21.166027
2002-04-06,2002,4,6,25.427926
2002-04-07,2002,4,7,0
2002-04-08,2002,4,8,0
2002-04-09,2002,4,9,0
2002-04-10,2002,4,10,0
2002-04-11,2002,4,11,15.226826
2002-04-12,2002,4,12,13.087978
2002-04-13,2002,4,13,0
2002-04-14,2002,4,14,0
2002-04-15,2002,4,15,0
2002-04-16,2002,4,16,0
2002-04-17,2002,4,17,0
2002-04-18,2002,4,18,0
2002-04-19,2002,4,19,0
2002-04-20,2002,4,20,0
2002-04-21,2002,4,21,0
2002-04-22,2002,4,22,0
2002-04-23,2002,4,23,20.928949
2002-04-24,2002,4,24,3.5962781
2002-04-25,2002,4,25,0
2002-04-26,2002,4,26,0
2002-04-27,2002,4,27,0
2002-04-28,2002,4,28,1.016612
2002-04-29,2002,4,29,3.3988468
2002-04-30,2002,4,30,0
2002-05-01,2002,5,1,0
2002-05-02,2002,5,2,0
2002-05-03,2002,5,3,0
2002-05-04,2002,5,4,0
2002-05-05,2002,5,5,0
2002-05-06,2002,5,6,0
2002-05-07,2002,5,7,0
2002-05-08,2002,5,8,0
2002-05-09,2002,5,9,0
2002-05-10,2002,5,10,0
2002-05-11,2002,5,11,0
2002-05-12,2002,5,12,0
2002-05-13,2002,5,13,38.911776
2002-05-14,2002,5,14,44.86358
2002-05-15,2002,5,15,42.397812
2002-05-16,2002,5,16,0.02755345
2002-05-17,2002,5,17,0
2002-05-18,2002,5,18,12.807995
2002-05-19,2002,5,19,2.395791
2002-05-20,2002,5,20,0
2002-05-21,2002,5,21,0
2002-05-22,2002,5,22,0
2002-05-23,2002,5,23,0
2002-05-24,2002,5,24,70.63908
2002-05-25,2002,5,25,71.075355
2002-05-26,2002,5,26,57.190081
2002-05-27,2002,5,27,17.258917
2002-05-28,2002,5,28,0
2002-05-29,2002,5,29,0
2002-05-30,2002,5,30,4.9901385
2002-05-31,2002,5,31,76.977214
2002-06-01,2002,6,1,18.959496
2002-06-02,2002,6,2,47.762048
2002-06-03,2002,6,3,51.942515
2002-06-04,2002,6,4,42.824121
2002-06-05,2002,6,5,30.30854
2002-06-06,2002,6,6,37.376791
2002-06-07,2002,6,7,11.670693
2002-06-08,2002,6,8,31.510332
2002-06-09,2002,6,9,0
2002-06-10,2002,6,10,0
2002-06-11,2002,6,11,0
2002-06-12,2002,6,12,0
2002-06-13,2002,6,13,0
2002-06-14,2002,6,14,0
2002-06-15,2002,6,15,0
2002-06-16,2002,6,16,0
2002-06-17,2002,6,17,0
2002-06-18,2002,6,18,0
2002-06-19,2002,6,19,0
2002-06-20,2002,6,20,0
2002-06-21,2002,6,21,0
2002-06-22,2002,6,22,0
2002-06-23,2002,6,23,0
2002-06-24,2002,6,24,0
2002-06-25,2002,6,25,0
2002-06-26,2002,6,26,49.067412
2002-06-27,2002,6,27,35.889572
2002-06-28,2002,6,28,7.4757908
2002-06-29,2002,6,29,0
2002-06-30,2002,6,30,0
2002-07-01,2002,7,1,0
2002-07-02,2002,7,2,0
2002-07-03,2002,7,3,0
2002-07-04,2002,7,4,0
2002-07-05,2002,7,5,0
2002-07-06,2002,7,6,0
2002-07-07,2002,7,7,0
2002-07-08,2002,7,8,0
2002-07-09,2002,7,9,0
2002-07-10,2002,7,10,0
2002-07-11,2002,7,11,0
2002-07-12,2002,7,12,0
2002-07-13,2002,7,13,0
2002-07-14,2002,7,14,0
2002-07-15,2002,7,15,0
2002-07-16,2002,7,16,0
2002-07-17,2002,7,17,0
2002-07-18,2002,7,18,8.9454884
2002-07-19,2002,7,19,55.848365
2002-07-20,2002,7,20,73.505858
2002-07-21,2002,7,21,10.851238
2002-07-22,2002,7,22,50.720899
2002-07-23,2002,7,23,29.176822
2002-07-24,2002,7,24,0
2002-07-25,2002,7,25,7.7959219
2002-07-26,2002,7,26,9.120375
2002-07-27,2002,7,27,0
2002-07-28,2002,7,28,0
2002-07-29,2002,7,29,22.271718
2002-07-30,2002,7,30,3.4590795
2002-07-31,2002,7,31,0
2002-08-01,2002,8,1,0
2002-08-02,2002,8,2,0
2002-08-03,2002,8,3,0
2002-08-04,2002,8,4,0
2002-08-05,2002,8,5,69.591444
2002-08-06,2002,8,6,91.45245
2002-08-07,2002,8,7,20.636808
2002-08-08,2002,8,8,0
2002-08-09,2002,8,9,0
2002-08-10,2002,8,10,0
2002-08-11,2002,8,11,0
2002-08-12,2002,8,12,0
2002-08-13,2002,8,13,0
2002-08-14,2002,8,14,0
2002-08-15,2002,8,15,0
2002-08-16,2002,8,16,0
2002-08-17,2002,8,17,36.296989
2002-08-18,2002,8,18,30.884441
2002-08-19,2002,8,19,6.9733707
2002-08-20,2002,8,20,0
2002-08-21,2002,8,21,4.1272188
2002-08-22,2002,8,22,37.114958
2002-08-23,2002,8,23,128.14795
2002-08-24,2002,8,24,125.42456
2002-08-25,2002,8,25,49.064251
2002-08-26,2002,8,26,4.6575871
2002-08-27,2002,8,27,33.780012
2002-08-28,2002,8,28,18.910311
2002-08-29,2002,8,29,0
2002-08-30,2002,8,30,0
2002-08-31,2002,8,31,0
2002-09-01,2002,9,1,0
2002-09-02,2002,9,2,0
2002-09-03,2002,9,3,17.043492
2002-09-04,2002,9,4,26.757441
2002-09-05,2002,9,5,0
2002-09-06,2002,9,6,0
2002-09-07,2002,9,7,11.03298
2002-09-08,2002,9,8,3.5450241
2002-09-09,2002,9,9,24.543702
2002-09-10,2002,9,10,17.776325
2002-09-11,2002,9,11,0
2002-09-12,2002,9,12,3.7475566
2002-09-13,2002,9,13,6.0315235
2002-09-14,2002,9,14,19.305393
2002-09-15,2002,9,15,13.874872
2002-09-16,2002,9,16,64.332217
2002-09-17,2002,9,17,4.6557554
2002-09-18,2002,9,18,0.00032314697
2002-09-19,2002,9,19,0
2002-09-20,2002,9,20,0
2002-09-21,2002,9,21,0
2002-09-22,2002,9,22,0
2002-09-23,2002,9,23,0
2002-09-24,2002,9,24,0
2002-09-25,2002,9,25,0
2002-09-26,2002,9,26,0
2002-09-27,2002,9,27,0
2002-09-28,2002,9,28,0
2002-09-29,2002,9,29,0
2002-09-30,2002,9,30,0
2002-10-01,2002,10,1,8.7675736
2002-10-02,2002,10,2,0.70167764
2002-10-03,2002,10,3,35.03956
2002-10-04,2002,10,4,4.428044
2002-10-05,2002,10,5,32.389218
2002-10-06,2002,10,6,21.628608
2002-10-07,2002,10,7,3.9550968
2002-10-08,2002,10,8,14.073046
2002-10-09,2002,10,9,0
2002-10-10,2002,10,10,0
2002-10-11,2002,10,11,53.381508
2002-10-12,2002,10,12,2.5864812
2002-10-13,2002,10,13,22.782001
2002-10-14,2002,10,14,43.871222
2002-10-15,2002,10,15,2.8966014
2002-10-16,2002,10,16,0
2002-10-17,2002,10,17,0
2002-10-18,2002,10,18,0
2002-10-19,2002,10,19,27.506858
2002-10-20,2002,10,20,0.0061268229
2002-10-21,2002,10,21,0
2002-10-22,2002,10,22,0
2002-10-23,2002,10,23,0
2002-10-24,2002,10,24,0
2002-10-25,2002,10,25,0.13372985
2002-10-26,2002,10,26,21.355174
2002-10-27,2002,10,27,0
2002-10-28,2002,10,28,0
2002-10-29,2002,10,29,0
2002-10-30,2002,10,30,0
2002-10-31,2002,10,31,0
2002-11-01,2002,11,1,9.4314888
2002-11-02,2002,11,2,10.360914
2002-11-03,2002,11,3,0
2002-11-04,2002,11,4,0
2002-11-05,2002,11,5,0
2002-11-06,2002,11,6,6.5187342
2002-11-07,2002,11,7,7.9244216
2002-11-08,2002,11,8,14.998451
2002-11-09,2002,11,9,1.7305107
2002-11-10,2002,11,10,0
2002-11-11,2002,11,11,0
2002-11-12,2002,11,12,0
2002-11-13,2002,11,13,0
2002-11-14,2002,11,14,0
2002-11-15,2002,11,15,0
2002-11-16,2002,11,16,0
2002-11-17,2002,11,17,4.9777584
2002-11-18,2002,11,18,0
2002-11-19,2002,11,19,10.458003
2002-11-20,2002,11,20,0
2002-11-21,2002,11,21,0
2002-11-22,2002,11,22,0
2002-11-23,2002,11,23,0
2002-11-24,2002,11,24,0
2002-11-25,2002,11,25,0.00014204263
2002-11-26,2002,11,26,4.272785
2002-11-27,2002,11,27,0
2002-11-28,2002,11,28,0
2002-11-29,2002,11,29,0
2002-11-30,2002,11,30,0
2002-12-01,2002,12,1,0
2002-12-02,2002,12,2,0
2002-12-03,2002,12,3,0
2002-12-04,2002,12,4,0
2002-12-05,2002,12,5,0
2002-12-06,2002,12,6,0
2002-12-07,2002,12,7,1.1706793
2002-12-08,2002,12,8,0
2002-12-09,2002,12,9,0
2002-12-10,2002,12,10,0
2002-12-11,2002,12,11,0
2002-12-12,2002,12,12,0
2002-12-13,2002,12,13,0
2002-12-14,2002,12,14,0
2002-12-15,2002,12,15,0
2002-12-16,2002,12,16,0
2002-12-17,2002,12,17,0
2002-12-18,2002,12,18,23.093208
2002-12-19,2002,12,19,0
2002-12-20,2002,12,20,0
2002-12-21,2002,12,21,0
2002-12-22,2002,12,22,0
2002-12-23,2002,12,23,0
2002-12-24,2002,12,24,0
2002-12-25,2002,12,25,0
2002-12-26,2002,12,26,0
2002-12-27,2002,12,27,0
2002-12-28,2002,12,28,0
2002-12-29,2002,12,29,0
2002-12-30,2002,12,30,0
2002-12-31,2002,12,31,0
2003-01-01,2003,1,1,0
2003-01-02,2003,1,2,0
2003-01-03,2003,1,3,0
2003-01-04,2003,1,4,0
2003-01-05,2003,1,5,0
2003-01-06,2003,1,6,0
2003-01-07,2003,1,7,0
2003-01-08,2003,1,8,0
2003-01-09,2003,1,9,0
2003-01-10,2003,1,10,0
2003-01-11,2003,1,11,0
2003-01-12,2003,1,12,0
2003-01-13,2003,1,13,0
2003-01-14,2003,1,14,0
2003-01-15,2003,1,15,0
2003-01-16,2003,1,16,0
2003-01-17,2003,1,17,0
2003-01-18,2003,1,18,0
2003-01-19,2003,1,19,23.482932
2003-01-20,2003,1,20,21.705478
2003-01-21,2003,1,21,4.7302181
2003-01-22,2003,1,22,0
2003-01-23,2003,1,23,0
2003-01-24,2003,1,24,0
2003-01-25,2003,1,25,0
2003-01-26,2003,1,26,0
2003-01-27,2003,1,27,0
2003-01-28,2003,1,28,0
2003-01-29,2003,1,29,0
2003-01-30,2003,1,30,0
2003-01-31,2003,1,31,0
2003-02-01,2003,2,1,0
2003-02-02,2003,2,2,0
2003-02-03,2003,2,3,0
2003-02-04,2003,2,4,0
2003-02-05,2003,2,5,0
2003-02-06,2003,2,6,0
2003-02-07,2003,2,7,0
2003-02-08,2003,2,8,0
2003-02-09,2003,2,9,0
2003-02-10,2003,2,10,0
2003-02-11,2003,2,11,0
2003-02-12,2003,2,12,0
2003-02-13,2003,2,13,0
2003-02-14,2003,2,14,0
2003-02-15,2003,2,15,0
2003-02-16,2003,2,16,0
2003-02-17,2003,2,17,0
2003-02-18,2003,2,18,0
2003-02-19,2003,2,19,0
2003-02-20,2003,2,20,0
2003-02-21,2003,2,21,0
2003-02-22,2003,2,22,0
2003-02-23,2003,2,23,0
2003-02-24,2003,2,24,0
2003-02-25,2003,2,25,0
2003-02-26,2003,2,26,0
2003-02-27,2003,2,27,0
2003-02-28,2003,2,28,0
2003-03-01,2003,3,1,0
2003-03-02,2003,3,2,0
2003-03-03,2003,3,3,0
2003-03-04,2003,3,4,0
2003-03-05,2003,3,5,0
2003-03-06,2003,3,6,0
2003-03-07,2003,3,7,0
2003-03-08,2003,3,8,0
2003-03-09,2003,3,9,0
2003-03-10,2003,3,10,0
2003-03-11,2003,3,11,0
2003-03-12,2003,3,12,0
2003-03-13,2003,3,13,0
2003-03-14,2003,3,14,0
2003-03-15,2003,3,15,0
2003-03-16,2003,3,16,0
2003-03-17,2003,3,17,0
2003-03-18,2003,3,18,0
2003-03-19,2003,3,19,0
2003-03-20,2003,3,20,0
2003-03-21,2003,3,21,0
2003-03-22,2003,3,22,0
2003-03-23,2003,3,23,0
2003-03-24,2003,3,24,0
2003-03-25,2003,3,25,0
2003-03-26,2003,3,26,0
2003-03-27,2003,3,27,0
2003-03-28,2003,3,28,0
2003-03-29,2003,3,29,0
2003-03-30,2003,3,30,0
2003-03-31,2003,3,31,0
2003-04-01,2003,4,1,0
2003-04-02,2003,4,2,0
2003-04-03,2003,4,3,0
2003-04-04,2003,4,4,0
2003-04-05,2003,4,5,0
2003-04-06,2003,4,6,0
2003-04-07,2003,4,7,0
2003-04-08,2003,4,8,0
2003-04-09,2003,4,9,0
2003-04-10,2003,4,10,0
2003-04-11,2003,4,11,0
2003-04-12,2003,4,12,0
2003-04-13,2003,4,13,0
2003-04-14,2003,4,14,0
2003-04-15,2003,4,15,0
2003-04-16,2003,4,16,0
2003-04-17,2003,4,17,0
2003-04-18,2003,4,18,0
2003-04-19,2003,4,19,0
2003-04-20,2003,4,20,27.408473
2003-04-21,2003,4,21,0.22416244
2003-04-22,2003,4,22,0
2003-04-23,2003,4,23,0
2003-04-24,2003,4,24,0
2003-04-25,2003,4,25,0
2003-04-26,2003,4,26,0
2003-04-27,2003,4,27,0
2003-04-28,2003,4,28,0
2003-04-29,2003,4,29,0.075570652
2003-04-30,2003,4,30,0
2003-05-01,2003,5,1,0
2003-05-02,2003,5,2,0
2003-05-03,2003,5,3,0
2003-05-04,2003,5,4,0
2003-05-05,2003,5,5,0
2003-05-06,2003,5,6,0
2003-05-07,2003,5,7,0
2003-05-08,2003,5,8,0
2003-05-09,2003,5,9,0
2003-05-10,2003,5,10,0
2003-05-11,2003,5,11,0
2003-05-12,2003,5,12,0
2003-05-13,2003,5,13,0
2003-05-14,2003,5,14,0
2003-05-15,2003,5,15,0
2003-05-16,2003,5,16,0
2003-05-17,2003,5,17,0
2003-05-18,2003,5,18,0
2003-05-19,2003,5,19,3.6901838
2003-05-20,2003,5,20,78.165289
2003-05-21,2003,5,21,80.450798
2003-05-22,2003,5,22,2.3954004
2003-05-23,2003,5,23,0
2003-05-24,2003,5,24,0
2003-05-25,2003,5,25,0
2003-05-26,2003,5,26,0
2003-05-27,2003,5,27,0
2003-05-28,2003,5,28,0
2003-05-29,2003,5,29,0
2003-05-30,2003,5,30,0
2003-05-31,2003,5,31,0
2003-06-01,2003,6,1,0
2003-06-02,2003,6,2,0
2003-06-03,2003,6,3,0
2003-06-04,2003,6,4,51.760522
2003-06-05,2003,6,5,20.283812
2003-06-06,2003,6,6,0
2003-06-07,2003,6,7,0
2003-06-08,2003,6,8,4.7118495
2003-06-09,2003,6,9,40.828448
2003-06-10,2003,6,10,23.78551
2003-06-11,2003,6,11,33.515409
2003-06-12,2003,6,12,30.681413
2003-06-13,2003,6,13,12.968063
2003-06-14,2003,6,14,65.624599
2003-06-15,2003,6,15,2.3542887
2003-06-16,2003,6,16,0
2003-06-17,2003,6,17,6.3934125
2003-06-18,2003,6,18,49.858976
2003-06-19,2003,6,19,74.523024
2003-06-20,2003,6,20,45.528738
2003-06-21,2003,6,21,72.31346
2003-06-22,2003,6,22,9.876747
2003-06-23,2003,6,23,0
2003-06-24,2003,6,24,0
2003-06-25,2003,6,25,0
2003-06-26,2003,6,26,0
2003-06-27,2003,6,27,0
2003-06-28,2003,6,28,0
2003-06-29,2003,6,29,0
2003-06-30,2003,6,30,18.308283
2003-07-01,2003,7,1,0
2003-07-02,2003,7,2,0
2003-07-03,2003,7,3,0
2003-07-04,2003,7,4,11.832608
2003-07-05,2003,7,5,0.65813106
2003-07-06,2003,7,6,27.278409
2003-07-07,2003,7,7,83.408743
2003-07-08,2003,7,8,0.82289031
2003-07-09,2003,7,9,0
2003-07-10,2003,7,10,0
2003-07-11,2003,7,11,0
2003-07-12,2003,7,12,0
2003-07-13,2003,7,13,35.255046
2003-07-14,2003,7,14,2.3721342
2003-07-15,2003,7,15,0
2003-07-16,2003,7,16,0
2003-07-17,2003,7,17,0
2003-07-18,2003,7,18,14.268998
2003-07-19,2003,7,19,42.213919
2003-07-20,2003,7,20,3.8475614
2003-07-21,2003,7,21,0
2003-07-22,2003,7,22,0
2003-07-23,2003,7,23,0
2003-07-24,2003,7,24,0
2003-07-25,2003,7,25,0
2003-07-26,2003,7,26,0
2003-07-27,2003,7,27,0
2003-07-28,2003,7,28,0
2003-07-29,2003,7,29,0
2003-07-30,2003,7,30,0
2003-07-31,2003,7,31,9.8492013
2003-08-01,2003,8,1,0
2003-08-02,2003,8,2,0
2003-08-03,2003,8,3,10.897002
2003-08-04,2003,8,4,12.75999
2003-08-05,2003,8,5,0
2003-08-06,2003,8,6,0.17772465
2003-08-07,2003,8,7,0.5681431
2003-08-08,2003,8,8,0
2003-08-09,2003,8,9,0
2003-08-10,2003,8,10,0
2003-08-11,2003,8,11,0
2003-08-12,2003,8,12,0
2003-08-13,2003,8,13,0
2003-08-14,2003,8,14,0
2003-08-15,2003,8,15,0
2003-08-16,2003,8,16,0
2003-08-17,2003,8,17,0
2003-08-18,2003,8,18,37.795949
2003-08-19,2003,8,19,5.1647202
2003-08-20,2003,8,20,0
2003-08-21,2003,8,21,0
2003-08-22,2003,8,22,0
2003-08-23,2003,8,23,0
2003-08-24,2003,8,24,0
2003-08-25,2003,8,25,0
2003-08-26,2003,8,26,0
2003-08-27,2003,8,27,0
2003-08-28,2003,8,28,0
2003-08-29,2003,8,29,0
2003-08-30,2003,8,30,34.242414
2003-08-31,2003,8,31,0
2003-09-01,2003,9,1,0
2003-09-02,2003,9,2,0
2003-09-03,2003,9,3,0
2003-09-04,2003,9,4,36.672606
2003-09-05,2003,9,5,37.669395
2003-09-06,2003,9,6,7.1870236
2003-09-07,2003,9,7,0
2003-09-08,2003,9,8,0
2003-09-09,2003,9,9,0
2003-09-10,2003,9,10,0
2003-09-11,2003,9,11,0
2003-09-12,2003,9,12,0
2003-09-13,2003,9,13,0
2003-09-14,2003,9,14,0
2003-09-15,2003,9,15,0
2003-09-16,2003,9,16,0
2003-09-17,2003,9,17,5.8099288
2003-09-18,2003,9,18,13.699203
2003-09-19,2003,9,19,0
2003-09-20,2003,9,20,0
2003-09-21,2003,9,21,0
2003-09-22,2003,9,22,6.228752
2003-09-23,2003,9,23,0
2003-09-24,2003,9,24,0
2003-09-25,2003,9,25,0
2003-09-26,2003,9,26,45.176639
2003-09-27,2003,9,27,0
2003-09-28,2003,9,28,0
2003-09-29,2003,9,29,0
2003-09-30,2003,9,30,13.752369
2003-10-01,2003,10,1,0
2003-10-02,2003,10,2,0
2003-10-03,2003,10,3,0
2003-10-04,2003,10,4,0
2003-10-05,2003,10,5,0
2003-10-06,2003,10,6,0
2003-10-07,2003,10,7,54.224344
2003-10-08,2003,10,8,6.4466958
2003-10-09,2003,10,9,0
2003-10-10,2003,10,10,0
2003-10-11,2003,10,11,0
2003-10-12,2003,10,12,0
2003-10-13,2003,10,13,0
2003-10-14,2003,10,14,0
2003-10-15,2003,10,15,0
2003-10-16,2003,10,16,0
2003-10-17,2003,10,17,8.1498466
2003-10-18,2003,10,18,0
2003-10-19,2003,10,19,0
2003-10-20,2003,10,20,0
2003-10-21,2003,10,21,0
2003-10-22,2003,10,22,0
2003-10-23,2003,10,23,0.63490173
2003-10-24,2003,10,24,6.8326333
2003-10-25,2003,10,25,44.246354
2003-10-26,2003,10,26,0
2003-10-27,2003,10,27,0
2003-10-28,2003,10,28,0
2003-10-29,2003,10,29,0
2003-10-30,2003,10,30,0
2003-10-31,2003,10,31,0
2003-11-01,2003,11,1,0
2003-11-02,2003,11,2,0
2003-11-03,2003,11,3,0
2003-11-04,2003,11,4,0
2003-11-05,2003,11,5,0
2003-11-06,2003,11,6,0
2003-11-07,2003,11,7,0
2003-11-08,2003,11,8,0
2003-11-09,2003,11,9,0
2003-11-10,2003,11,10,0
2003-11-11,2003,11,11,12.698491
2003-11-12,2003,11,12,0
2003-11-13,2003,11,13,0
2003-11-14,2003,11,14,0
2003-11-15,2003,11,15,7.8303645
2003-11-16,2003,11,16,64.409471
2003-11-17,2003,11,17,8.2733588
2003-11-18,2003,11,18,0
2003-11-19,2003,11,19,0
2003-11-20,2003,11,20,0
2003-11-21,2003,11,21,0
2003-11-22,2003,11,22,0
2003-11-23,2003,11,23,0
2003-11-24,2003,11,24,0
2003-11-25,2003,11,25,0
2003-11-26,2003,11,26,0
2003-11-27,2003,11,27,0
2003-11-28,2003,11,28,0
2003-11-29,2003,11,29,0
2003-11-30,2003,11,30,0
2003-12-01,2003,12,1,0
2003-12-02,2003,12,2,0
2003-12-03,2003,12,3,1.8326842
2003-12-04,2003,12,4,0.25372183
2003-12-05,2003,12,5,0
2003-12-06,2003,12,6,0
2003-12-07,2003,12,7,0
2003-12-08,2003,12,8,0
2003-12-09,2003,12,9,20.737385
2003-12-10,2003,12,10,5.2416045
2003-12-11,2003,12,11,0
2003-12-12,2003,12,12,0
2003-12-13,2003,12,13,0
2003-12-14,2003,12,14,0
2003-12-15,2003,12,15,0
2003-12-16,2003,12,16,0
2003-12-17,2003,12,17,0
2003-12-18,2003,12,18,0
2003-12-19,2003,12,19,0
2003-12-20,2003,12,20,0
2003-12-21,2003,12,21,0
2003-12-22,2003,12,22,0
2003-12-23,2003,12,23,0
2003-12-24,2003,12,24,0
2003-12-25,2003,12,25,0
2003-12-26,2003,12,26,0
2003-12-27,2003,12,27,0
2003-12-28,2003,12,28,0
2003-12-29,2003,12,29,0
2003-12-30,2003,12,30,0
2003-12-31,2003,12,31,0
2004-01-01,2004,1,1,0
2004-01-02,2004,1,2,0
2004-01-03,2004,1,3,0
2004-01-04,2004,1,4,0
2004-01-05,2004,1,5,0
2004-01-06,2004,1,6,0
2004-01-07,2004,1,7,0
2004-01-08,2004,1,8,0
2004-01-09,2004,1,9,0
2004-01-10,2004,1,10,0
2004-01-11,2004,1,11,0
2004-01-12,2004,1,12,0
2004-01-13,2004,1,13,0
2004-01-14,2004,1,14,0
2004-01-15,2004,1,15,5.9472383
2004-01-16,2004,1,16,0
2004-01-17,2004,1,17,0
2004-01-18,2004,1,18,0
2004-01-19,2004,1,19,0
2004-01-20,2004,1,20,0
2004-01-21,2004,1,21,0
2004-01-22,2004,1,22,0
2004-01-23,2004,1,23,0
2004-01-24,2004,1,24,0
2004-01-25,2004,1,25,0
2004-01-26,2004,1,26,0
2004-01-27,2004,1,27,0
2004-01-28,2004,1,28,0
2004-01-29,2004,1,29,0
2004-01-30,2004,1,30,0
2004-01-31,2004,1,31,0
2004-02-01,2004,2,1,0
2004-02-02,2004,2,2,0
2004-02-03,2004,2,3,0
2004-02-04,2004,2,4,0
2004-02-05,2004,2,5,0
2004-02-06,2004,2,6,0
2004-02-07,2004,2,7,0
2004-02-08,2004,2,8,0
2004-02-09,2004,2,9,0
2004-02-10,2004,2,10,0
2004-02-11,2004,2,11,0
2004-02-12,2004,2,12,0
2004-02-13,2004,2,13,0
2004-02-14,2004,2,14,0
2004-02-15,2004,2,15,13.790794
2004-02-16,2004,2,16,0
2004-02-17,2004,2,17,0
2004-02-18,2004,2,18,0
2004-02-19,2004,2,19,0
2004-02-20,2004,2,20,0
2004-02-21,2004,2,21,0
2004-02-22,2004,2,22,0
2004-02-23,2004,2,23,0
2004-02-24,2004,2,24,0.21747824
2004-02-25,2004,2,25,0
2004-02-26,2004,2,26,0
2004-02-27,2004,2,27,0
2004-02-28,2004,2,28,0
2004-02-29,2004,2,29,0
2004-03-01,2004,3,1,32.566375
2004-03-02,2004,3,2,0
2004-03-03,2004,3,3,0
2004-03-04,2004,3,4,0
2004-03-05,2004,3,5,0.014856623
2004-03-06,2004,3,6,0
2004-03-07,2004,3,7,0
2004-03-08,2004,3,8,0
2004-03-09,2004,3,9,0
2004-03-10,2004,3,10,0
2004-03-11,2004,3,11,0
2004-03-12,2004,3,12,0
2004-03-13,2004,3,13,0
2004-03-14,2004,3,14,0
2004-03-15,2004,3,15,0
2004-03-16,2004,3,16,0
2004-03-17,2004,3,17,0
2004-03-18,2004,3,18,0
2004-03-19,2004,3,19,0
2004-03-20,2004,3,20,0
2004-03-21,2004,3,21,0
2004-03-22,2004,3,22,0
2004-03-23,2004,3,23,0
2004-03-24,2004,3,24,0
2004-03-25,2004,3,25,0
2004-03-26,2004,3,26,0
2004-03-27,2004,3,27,0
2004-03-28,2004,3,28,10.747237
2004-03-29,2004,3,29,0
2004-03-30,2004,3,30,19.30925
2004-03-31,2004,3,31,25.342912
2004-04-01,2004,4,1,2.0623606
2004-04-02,2004,4,2,0
2004-04-03,2004,4,3,0
2004-04-04,2004,4,4,0
2004-04-05,2004,4,5,8.1483568
2004-04-06,2004,4,6,6.1639725
2004-04-07,2004,4,7,0
2004-04-08,2004,4,8,0
2004-04-09,2004,4,9,0
2004-04-10,2004,4,10,0
2004-04-11,2004,4,11,104.80807
2004-04-12,2004,4,12,117.33558
2004-04-13,2004,4,13,12.482551
2004-04-14,2004,4,14,0
2004-04-15,2004,4,15,0
2004-04-16,2004,4,16,0
2004-04-17,2004,4,17,0
2004-04-18,2004,4,18,0
2004-04-19,2004,4,19,0
2004-04-20,2004,4,20,31.437239
2004-04-21,2004,4,21,13.100373
2004-04-22,2004,4,22,1.6040684
2004-04-23,2004,4,23,0
2004-04-24,2004,4,24,0
2004-04-25,2004,4,25,0
2004-04-26,2004,4,26,0
2004-04-27,2004,4,27,0
2004-04-28,2004,4,28,0
2004-04-29,2004,4,29,0
2004-04-30,2004,4,30,0
2004-05-01,2004,5,1,15.76432
2004-05-02,2004,5,2,0
2004-05-03,2004,5,3,0
2004-05-04,2004,5,4,0
2004-05-05,2004,5,5,0
2004-05-06,2004,5,6,0
2004-05-07,2004,5,7,0
2004-05-08,2004,5,8,0
2004-05-09,2004,5,9,0
2004-05-10,2004,5,10,0
2004-05-11,2004,5,11,0
2004-05-12,2004,5,12,0
2004-05-13,2004,5,13,0
2004-05-14,2004,5,14,0
2004-05-15,2004,5,15,0
2004-05-16,2004,5,16,0
2004-05-17,2004,5,17,0
2004-05-18,2004,5,18,0
2004-05-19,2004,5,19,0
2004-05-20,2004,5,20,20.102573
2004-05-21,2004,5,21,11.629662
2004-05-22,2004,5,22,0
2004-05-23,2004,5,23,0
2004-05-24,2004,5,24,0
2004-05-25,2004,5,25,0
2004-05-26,2004,5,26,0
2004-05-27,2004,5,27,0
2004-05-28,2004,5,28,0
2004-05-29,2004,5,29,0
2004-05-30,2004,5,30,0
2004-05-31,2004,5,31,0
2004-06-01,2004,6,1,0
2004-06-02,2004,6,2,0
2004-06-03,2004,6,3,0
2004-06-04,2004,6,4,0
2004-06-05,2004,6,5,0
2004-06-06,2004,6,6,0
2004-06-07,2004,6,7,12.935157
2004-06-08,2004,6,8,117.8833
2004-06-09,2004,6,9,23.457627
2004-06-10,2004,6,10,0
2004-06-11,2004,6,11,0
2004-06-12,2004,6,12,0
2004-06-13,2004,6,13,13.91016
2004-06-14,2004,6,14,11.150552
2004-06-15,2004,6,15,21.041158
2004-06-16,2004,6,16,0.31228377
2004-06-17,2004,6,17,10.619065
2004-06-18,2004,6,18,22.425577
2004-06-19,2004,6,19,48.782695
2004-06-20,2004,6,20,8.1983603
2004-06-21,2004,6,21,27.09026
2004-06-22,2004,6,22,6.7233476
2004-06-23,2004,6,23,0
2004-06-24,2004,6,24,5.9523612
2004-06-25,2004,6,25,0
2004-06-26,2004,6,26,0
2004-06-27,2004,6,27,0
2004-06-28,2004,6,28,28.510779
2004-06-29,2004,6,29,0
2004-06-30,2004,6,30,0
2004-07-01,2004,7,1,16.481641
2004-07-02,2004,7,2,17.161078
2004-07-03,2004,7,3,1.1422232
2004-07-04,2004,7,4,0
2004-07-05,2004,7,5,0
2004-07-06,2004,7,6,0
2004-07-07,2004,7,7,0
2004-07-08,2004,7,8,7.0444884
2004-07-09,2004,7,9,4.5709423
2004-07-10,2004,7,10,0
2004-07-11,2004,7,11,16.569131
2004-07-12,2004,7,12,96.339039
2004-07-13,2004,7,13,37.800263
2004-07-14,2004,7,14,4.6834711
2004-07-15,2004,7,15,0
2004-07-16,2004,7,16,0
2004-07-17,2004,7,17,0
2004-07-18,2004,7,18,20.780973
2004-07-19,2004,7,19,6.0226103
2004-07-20,2004,7,20,33.790769
2004-07-21,2004,7,21,39.863835
2004-07-22,2004,7,22,21.142626
2004-07-23,2004,7,23,7.128069
2004-07-24,2004,7,24,7.733256
2004-07-25,2004,7,25,38.480487
2004-07-26,2004,7,26,15.6084
2004-07-27,2004,7,27,8.6087665
2004-07-28,2004,7,28,0
2004-07-29,2004,7,29,0
2004-07-30,2004,7,30,0
2004-07-31,2004,7,31,0
2004-08-01,2004,8,1,10.855141
2004-08-02,2004,8,2,30.264685
2004-08-03,2004,8,3,24.738633
2004-08-04,2004,8,4,7.5156376
2004-08-05,2004,8,5,0
2004-08-06,2004,8,6,0
2004-08-07,2004,8,7,0
2004-08-08,2004,8,8,0
2004-08-09,2004,8,9,0
2004-08-10,2004,8,10,0
2004-08-11,2004,8,11,6.9101101
2004-08-12,2004,8,12,0
2004-08-13,2004,8,13,10.470915
2004-08-14,2004,8,14,10.272573
2004-08-15,2004,8,15,0
2004-08-16,2004,8,16,0
2004-08-17,2004,8,17,0
2004-08-18,2004,8,18,0
2004-08-19,2004,8,19,0
2004-08-20,2004,8,20,0
2004-08-21,2004,8,21,0
2004-08-22,2004,8,22,0
2004-08-23,2004,8,23,0
2004-08-24,2004,8,24,0
2004-08-25,2004,8,25,0
2004-08-26,2004,8,26,5.2673565
2004-08-27,2004,8,27,15.105739
2004-08-28,2004,8,28,2.4800849
2004-08-29,2004,8,29,0
2004-08-30,2004,8,30,0
2004-08-31,2004,8,31,0
2004-09-01,2004,9,1,0
2004-09-02,2004,9,2,0
2004-09-03,2004,9,3,29.966457
2004-09-04,2004,9,4,40.549928
2004-09-05,2004,9,5,70.389926
2004-09-06,2004,9,6,16.639437
2004-09-07,2004,9,7,0
2004-09-08,2004,9,8,0
2004-09-09,2004,9,9,0
2004-09-10,2004,9,10,0
2004-09-11,2004,9,11,0
2004-09-12,2004,9,12,0
2004-09-13,2004,9,13,0
2004-09-14,2004,9,14,0
2004-09-15,2004,9,15,0
2004-09-16,2004,9,16,0
2004-09-17,2004,9,17,31.857792
2004-09-18,2004,9,18,19.631662
2004-09-19,2004,9,19,0
2004-09-20,2004,9,20,0
2004-09-21,2004,9,21,0
2004-09-22,2004,9,22,0
2004-09-23,2004,9,23,0
2004-09-24,2004,9,24,0
2004-09-25,2004,9,25,0
2004-09-26,2004,9,26,0
2004-09-27,2004,9,27,0
2004-09-28,2004,9,28,0
2004-09-29,2004,9,29,0
2004-09-30,2004,9,30,0
2004-10-01,2004,10,1,0
2004-10-02,2004,10,2,0
2004-10-03,2004,10,3,0
2004-10-04,2004,10,4,0
2004-10-05,2004,10,5,0
2004-10-06,2004,10,6,0
2004-10-07,2004,10,7,0
2004-10-08,2004,10,8,4.3214654
2004-10-09,2004,10,9,8.3186865
2004-10-10,2004,10,10,27.227064
2004-10-11,2004,10,11,8.8360344
2004-10-12,2004,10,12,0
2004-10-13,2004,10,13,0
2004-10-14,2004,10,14,0
2004-10-15,2004,10,15,28.97683
2004-10-16,2004,10,16,5.9789437
2004-10-17,2004,10,17,0
2004-10-18,2004,10,18,0
2004-10-19,2004,10,19,0
2004-10-20,2004,10,20,0
2004-10-21,2004,10,21,11.107106
2004-10-22,2004,10,22,0
2004-10-23,2004,10,23,0
2004-10-24,2004,10,24,0.29898652
2004-10-25,2004,10,25,46.139635
2004-10-26,2004,10,26,0
2004-10-27,2004,10,27,0
2004-10-28,2004,10,28,0
2004-10-29,2004,10,29,0
2004-10-30,2004,10,30,0
2004-10-31,2004,10,31,0
2004-11-01,2004,11,1,0
2004-11-02,2004,11,2,19.326618
2004-11-03,2004,11,3,9.8407469
2004-11-04,2004,11,4,1.0900137
2004-11-05,2004,11,5,0
2004-11-06,2004,11,6,0
2004-11-07,2004,11,7,0
2004-11-08,2004,11,8,0.40727982
2004-11-09,2004,11,9,0
2004-11-10,2004,11,10,0
2004-11-11,2004,11,11,3.2919602
2004-11-12,2004,11,12,43.092784
2004-11-13,2004,11,13,3.8591651
2004-11-14,2004,11,14,0
2004-11-15,2004,11,15,0
2004-11-16,2004,11,16,0
2004-11-17,2004,11,17,0
2004-11-18,2004,11,18,0
2004-11-19,2004,11,19,0
2004-11-20,2004,11,20,0
2004-11-21,2004,11,21,0
2004-11-22,2004,11,22,6.2789592
2004-11-23,2004,11,23,0
2004-11-24,2004,11,24,0.27703007
2004-11-25,2004,11,25,2.0781135
2004-11-26,2004,11,26,0
2004-11-27,2004,11,27,0
2004-11-28,2004,11,28,0
2004-11-29,2004,11,29,0
2004-11-30,2004,11,30,0
2004-12-01,2004,12,1,11.113327
2004-12-02,2004,12,2,37.185237
2004-12-03,2004,12,3,1.8313244
2004-12-04,2004,12,4,0
2004-12-05,2004,12,5,0
2004-12-06,2004,12,6,0
2004-12-07,2004,12,7,0
2004-12-08,2004,12,8,0
2004-12-09,2004,12,9,0
2004-12-10,2004,12,10,0
2004-12-11,2004,12,11,0
2004-12-12,2004,12,12,0
2004-12-13,2004,12,13,0
2004-12-14,2004,12,14,0
2004-12-15,2004,12,15,0
2004-12-16,2004,12,16,0
2004-12-17,2004,12,17,0
2004-12-18,2004,12,18,0
2004-12-19,2004,12,19,0
2004-12-20,2004,12,20,0
2004-12-21,2004,12,21,0
2004-12-22,2004,12,22,0
2004-12-23,2004,12,23,16.71667
2004-12-24,2004,12,24,0
2004-12-25,2004,12,25,0
2004-12-26,2004,12,26,0
2004-12-27,2004,12,27,0
2004-12-28,2004,12,28,0
2004-12-29,2004,12,29,0
2004-12-30,2004,12,30,0
2004-12-31,2004,12,31,0
2005-01-01,2005,1,1,0
2005-01-02,2005,1,2,0
2005-01-03,2005,1,3,0
2005-01-04,2005,1,4,0
2005-01-05,2005,1,5,0
2005-01-06,2005,1,6,0
2005-01-07,2005,1,7,0
2005-01-08,2005,1,8,0
2005-01-09,2005,1,9,0
2005-01-10,2005,1,10,0
2005-01-11,2005,1,11,0
2005-01-12,2005,1,12,0
2005-01-13,2005,1,13,0
2005-01-14,2005,1,14,0
2005-01-15,2005,1,15,0
2005-01-16,2005,1,16,0
2005-01-17,2005,1,17,0
2005-01-18,2005,1,18,0
2005-01-19,2005,1,19,0
2005-01-20,2005,1,20,0
2005-01-21,2005,1,21,0
2005-01-22,2005,1,22,0
2005-01-23,2005,1,23,0
2005-01-24,2005,1,24,0
2005-01-25,2005,1,25,0
2005-01-26,2005,1,26,0
2005-01-27,2005,1,27,0
2005-01-28,2005,1,28,3.243714
2005-01-29,2005,1,29,13.568877
2005-01-30,2005,1,30,0.059273668
2005-01-31,2005,1,31,0
2005-02-01,2005,2,1,0
2005-02-02,2005,2,2,0
2005-02-03,2005,2,3,0
2005-02-04,2005,2,4,0
2005-02-05,2005,2,5,0
2005-02-06,2005,2,6,0
2005-02-07,2005,2,7,0
2005-02-08,2005,2,8,0
2005-02-09,2005,2,9,0
2005-02-10,2005,2,10,0
2005-02-11,2005,2,11,0
2005-02-12,2005,2,12,0
2005-02-13,2005,2,13,0
2005-02-14,2005,2,14,0
2005-02-15,2005,2,15,0
2005-02-16,2005,2,16,0
2005-02-17,2005,2,17,0
2005-02-18,2005,2,18,0
2005-02-19,2005,2,19,0
2005-02-20,2005,2,20,0
2005-02-21,2005,2,21,0
2005-02-22,2005,2,22,0
2005-02-23,2005,2,23,0
2005-02-24,2005,2,24,0
2005-02-25,2005,2,25,0
2005-02-26,2005,2,26,0
2005-02-27,2005,2,27,0
2005-02-28,2005,2,28,0
2005-03-01,2005,3,1,0
2005-03-02,2005,3,2,0
2005-03-03,2005,3,3,0
2005-03-04,2005,3,4,0
2005-03-05,2005,3,5,0
2005-03-06,2005,3,6,0
2005-03-07,2005,3,7,11.119252
2005-03-08,2005,3,8,0
2005-03-09,2005,3,9,0
2005-03-10,2005,3,10,0
2005-03-11,2005,3,11,10.275019
2005-03-12,2005,3,12,0
2005-03-13,2005,3,13,0
2005-03-14,2005,3,14,0
2005-03-15,2005,3,15,0
2005-03-16,2005,3,16,0
2005-03-17,2005,3,17,0
2005-03-18,2005,3,18,0
2005-03-19,2005,3,19,1.4723701
2005-03-20,2005,3,20,0
2005-03-21,2005,3,21,0
2005-03-22,2005,3,22,0
2005-03-23,2005,3,23,0
2005-03-24,2005,3,24,0
2005-03-25,2005,3,25,0
2005-03-26,2005,3,26,0
2005-03-27,2005,3,27,0
2005-03-28,2005,3,28,0
2005-03-29,2005,3,29,0
2005-03-30,2005,3,30,0
2005-03-31,2005,3,31,0
2005-04-01,2005,4,1,0
2005-04-02,2005,4,2,0
2005-04-03,2005,4,3,0
2005-04-04,2005,4,4,0
2005-04-05,2005,4,5,0
2005-04-06,2005,4,6,12.536469
2005-04-07,2005,4,7,0
2005-04-08,2005,4,8,0
2005-04-09,2005,4,9,0
2005-04-10,2005,4,10,0
2005-04-11,2005,4,11,0
2005-04-12,2005,4,12,0
2005-04-13,2005,4,13,0
2005-04-14,2005,4,14,0
2005-04-15,2005,4,15,0
2005-04-16,2005,4,16,0
2005-04-17,2005,4,17,0
2005-04-18,2005,4,18,0
2005-04-19,2005,4,19,0
2005-04-20,2005,4,20,0
2005-04-21,2005,4,21,0
2005-04-22,2005,4,22,0
2005-04-23,2005,4,23,0
2005-04-24,2005,4,24,0
2005-04-25,2005,4,25,0
2005-04-26,2005,4,26,0
2005-04-27,2005,4,27,0
2005-04-28,2005,4,28,0
2005-04-29,2005,4,29,0
2005-04-30,2005,4,30,0
2005-05-01,2005,5,1,0
2005-05-02,2005,5,2,0
2005-05-03,2005,5,3,75.937862
2005-05-04,2005,5,4,9.0267396
2005-05-05,2005,5,5,0
2005-05-06,2005,5,6,0
2005-05-07,2005,5,7,18.179103
2005-05-08,2005,5,8,9.9600086
2005-05-09,2005,5,9,62.460712
2005-05-10,2005,5,10,12.898547
2005-05-11,2005,5,11,22.795259
2005-05-12,2005,5,12,32.567036
2005-05-13,2005,5,13,0
2005-05-14,2005,5,14,0
2005-05-15,2005,5,15,0
2005-05-16,2005,5,16,44.962768
2005-05-17,2005,5,17,55.936006
2005-05-18,2005,5,18,59.819249
2005-05-19,2005,5,19,15.096737
2005-05-20,2005,5,20,0
2005-05-21,2005,5,21,0
2005-05-22,2005,5,22,30.653723
2005-05-23,2005,5,23,65.402113
2005-05-24,2005,5,24,13.681158
2005-05-25,2005,5,25,32.174208
2005-05-26,2005,5,26,25.367969
2005-05-27,2005,5,27,22.127898
2005-05-28,2005,5,28,73.024616
2005-05-29,2005,5,29,0
2005-05-30,2005,5,30,0
2005-05-31,2005,5,31,0
2005-06-01,2005,6,1,17.509207
2005-06-02,2005,6,2,12.518103
2005-06-03,2005,6,3,0
2005-06-04,2005,6,4,0
2005-06-05,2005,6,5,0
2005-06-06,2005,6,6,37.122772
2005-06-07,2005,6,7,35.598668
2005-06-08,2005,6,8,7.39683
2005-06-09,2005,6,9,53.497892
2005-06-10,2005,6,10,4.1564959
2005-06-11,2005,6,11,0
2005-06-12,2005,6,12,0
2005-06-13,2005,6,13,0
2005-06-14,2005,6,14,23.430798
2005-06-15,2005,6,15,21.803755
2005-06-16,2005,6,16,11.153761
2005-06-17,2005,6,17,32.464036
2005-06-18,2005,6,18,32.1665
2005-06-19,2005,6,19,0
2005-06-20,2005,6,20,0
2005-06-21,2005,6,21,19.78934
2005-06-22,2005,6,22,0
2005-06-23,2005,6,23,0
2005-06-24,2005,6,24,0
2005-06-25,2005,6,25,0
2005-06-26,2005,6,26,102.31357
2005-06-27,2005,6,27,19.433536
2005-06-28,2005,6,28,112.0611
2005-06-29,2005,6,29,21.734762
2005-06-30,2005,6,30,33.045535
2005-07-01,2005,7,1,79.373676
2005-07-02,2005,7,2,38.147937
2005-07-03,2005,7,3,9.5328011
2005-07-04,2005,7,4,0
2005-07-05,2005,7,5,0
2005-07-06,2005,7,6,0
2005-07-07,2005,7,7,31.987958
2005-07-08,2005,7,8,0
2005-07-09,2005,7,9,0
2005-07-10,2005,7,10,0
2005-07-11,2005,7,11,0
2005-07-12,2005,7,12,28.295995
2005-07-13,2005,7,13,26.83148
2005-07-14,2005,7,14,5.0501484
2005-07-15,2005,7,15,0
2005-07-16,2005,7,16,0.42579376
2005-07-17,2005,7,17,0
2005-07-18,2005,7,18,0
2005-07-19,2005,7,19,0
2005-07-20,2005,7,20,0
2005-07-21,2005,7,21,0
2005-07-22,2005,7,22,0
2005-07-23,2005,7,23,0
2005-07-24,2005,7,24,0
2005-07-25,2005,7,25,0
2005-07-26,2005,7,26,0
2005-07-27,2005,7,27,0
2005-07-28,2005,7,28,0.76923046
2005-07-29,2005,7,29,77.667232
2005-07-30,2005,7,30,57.000055
2005-07-31,2005,7,31,19.196195
2005-08-01,2005,8,1,50.839154
2005-08-02,2005,8,2,40.231492
2005-08-03,2005,8,3,25.07411
2005-08-04,2005,8,4,3.1221019
2005-08-05,2005,8,5,4.6460215
2005-08-06,2005,8,6,0
2005-08-07,2005,8,7,0
2005-08-08,2005,8,8,0
2005-08-09,2005,8,9,0
2005-08-10,2005,8,10,0
2005-08-11,2005,8,11,38.303619
2005-08-12,2005,8,12,57.037825
2005-08-13,2005,8,13,7.8701376
2005-08-14,2005,8,14,10.868461
2005-08-15,2005,8,15,62.035863
2005-08-16,2005,8,16,36.413723
2005-08-17,2005,8,17,0
2005-08-18,2005,8,18,0
2005-08-19,2005,8,19,0
2005-08-20,2005,8,20,24.16848
2005-08-21,2005,8,21,10.687146
2005-08-22,2005,8,22,0
2005-08-23,2005,8,23,0
2005-08-24,2005,8,24,0
2005-08-25,2005,8,25,23.706982
2005-08-26,2005,8,26,71.069276
2005-08-27,2005,8,27,33.208643
2005-08-28,2005,8,28,45.830222
2005-08-29,2005,8,29,19.973998
2005-08-30,2005,8,30,0
2005-08-31,2005,8,31,0
2005-09-01,2005,9,1,0
2005-09-02,2005,9,2,23.680598
2005-09-03,2005,9,3,24.447352
2005-09-04,2005,9,4,2.7184199
2005-09-05,2005,9,5,5.5932166
2005-09-06,2005,9,6,0
2005-09-07,2005,9,7,0
2005-09-08,2005,9,8,0
2005-09-09,2005,9,9,0
2005-09-10,2005,9,10,0
2005-09-11,2005,9,11,0
2005-09-12,2005,9,12,0
2005-09-13,2005,9,13,0
2005-09-14,2005,9,14,0
2005-09-15,2005,9,15,0
2005-09-16,2005,9,16,0
2005-09-17,2005,9,17,0
2005-09-18,2005,9,18,0
2005-09-19,2005,9,19,0
2005-09-20,2005,9,20,0
2005-09-21,2005,9,21,0
2005-09-22,2005,9,22,0
2005-09-23,2005,9,23,4.5302902
2005-09-24,2005,9,24,0
2005-09-25,2005,9,25,0
2005-09-26,2005,9,26,0
2005-09-27,2005,9,27,0
2005-09-28,2005,9,28,11.088792
2005-09-29,2005,9,29,0
2005-09-30,2005,9,30,0
2005-10-01,2005,10,1,0
2005-10-02,2005,10,2,8.3453795
2005-10-03,2005,10,3,2.2820351
2005-10-04,2005,10,4,0
2005-10-05,2005,10,5,0
2005-10-06,2005,10,6,0
2005-10-07,2005,10,7,0
2005-10-08,2005,10,8,0
2005-10-09,2005,10,9,0
2005-10-10,2005,10,10,0
2005-10-11,2005,10,11,9.7177956
2005-10-12,2005,10,12,0
2005-10-13,2005,10,13,0
2005-10-14,2005,10,14,0
2005-10-15,2005,10,15,0
2005-10-16,2005,10,16,0
2005-10-17,2005,10,17,0
2005-10-18,2005,10,18,0
2005-10-19,2005,10,19,0
2005-10-20,2005,10,20,0
2005-10-21,2005,10,21,0
2005-10-22,2005,10,22,0
2005-10-23,2005,10,23,0
2005-10-24,2005,10,24,7.69329
2005-10-25,2005,10,25,0.23489221
2005-10-26,2005,10,26,0.045201681
2005-10-27,2005,10,27,4.1591406
2005-10-28,2005,10,28,7.1790653
2005-10-29,2005,10,29,0
2005-10-30,2005,10,30,0
2005-10-31,2005,10,31,0
2005-11-01,2005,11,1,0
2005-11-02,2005,11,2,0
2005-11-03,2005,11,3,0.25935414
2005-11-04,2005,11,4,0
2005-11-05,2005,11,5,0
2005-11-06,2005,11,6,0
2005-11-07,2005,11,7,0
2005-11-08,2005,11,8,0
2005-11-09,2005,11,9,0
2005-11-10,2005,11,10,0
2005-11-11,2005,11,11,0
2005-11-12,2005,11,12,0
2005-11-13,2005,11,13,0
2005-11-14,2005,11,14,0
2005-11-15,2005,11,15,0
2005-11-16,2005,11,16,0
2005-11-17,2005,11,17,14.950105
2005-11-18,2005,11,18,0
2005-11-19,2005,11,19,0
2005-11-20,2005,11,20,0
2005-11-21,2005,11,21,0
2005-11-22,2005,11,22,72.81341
2005-11-23,2005,11,23,8.484846
2005-11-24,2005,11,24,0
2005-11-25,2005,11,25,0
2005-11-26,2005,11,26,0.54228587
2005-11-27,2005,11,27,0
2005-11-28,2005,11,28,0
2005-11-29,2005,11,29,0
2005-11-30,2005,11,30,0
2005-12-01,2005,12,1,0
2005-12-02,2005,12,2,0
2005-12-03,2005,12,3,0
2005-12-04,2005,12,4,18.174134
2005-12-05,2005,12,5,0
2005-12-06,2005,12,6,0
2005-12-07,2005,12,7,51.639547
2005-12-08,2005,12,8,8.5118038e-05
2005-12-09,2005,12,9,0
2005-12-10,2005,12,10,0
2005-12-11,2005,12,11,0
2005-12-12,2005,12,12,0
2005-12-13,2005,12,13,0
2005-12-14,2005,12,14,0
2005-12-15,2005,12,15,0
2005-12-16,2005,12,16,0
2005-12-17,2005,12,17,0
2005-12-18,2005,12,18,0
2005-12-19,2005,12,19,0
2005-12-20,2005,12,20,0
2005-12-21,2005,12,21,0
2005-12-22,2005,12,22,0
2005-12-23,2005,12,23,0
2005-12-24,2005,12,24,0
2005-12-25,2005,12,25,0
2005-12-26,2005,12,26,0
2005-12-27,2005,12,27,0
2005-12-28,2005,12,28,0
2005-12-29,2005,12,29,0
2005-12-30,2005,12,30,0
2005-12-31,2005,12,31,0
2006-01-01,2006,1,1,0
2006-01-02,2006,1,2,0
2006-01-03,2006,1,3,0
2006-01-04,2006,1,4,0
2006-01-05,2006,1,5,0.19147355
2006-01-06,2006,1,6,0
2006-01-07,2006,1,7,0
2006-01-08,2006,1,8,0
2006-01-09,2006,1,9,44.144485
2006-01-10,2006,1,10,0
2006-01-11,2006,1,11,0
2006-01-12,2006,1,12,0
2006-01-13,2006,1,13,0
2006-01-14,2006,1,14,0
2006-01-15,2006,1,15,0
2006-01-16,2006,1,16,0
2006-01-17,2006,1,17,0
2006-01-18,2006,1,18,0
2006-01-19,2006,1,19,0
2006-01-20,2006,1,20,0
2006-01-21,2006,1,21,0
2006-01-22,2006,1,22,0
2006-01-23,2006,1,23,0
2006-01-24,2006,1,24,0
2006-01-25,2006,1,25,0
2006-01-26,2006,1,26,0
2006-01-27,2006,1,27,0
2006-01-28,2006,1,28,0
2006-01-29,2006,1,29,0
2006-01-30,2006,1,30,0
2006-01-31,2006,1,31,0
2006-02-01,2006,2,1,0
2006-02-02,2006,2,2,0
2006-02-03,2006,2,3,0
2006-02-04,2006,2,4,0
2006-02-05,2006,2,5,0
2006-02-06,2006,2,6,0
2006-02-07,2006,2,7,0
2006-02-08,2006,2,8,0
2006-02-09,2006,2,9,0
2006-02-10,2006,2,10,0
2006-02-11,2006,2,11,0
2006-02-12,2006,2,12,0
2006-02-13,2006,2,13,0
2006-02-14,2006,2,14,0.82735484
2006-02-15,2006,2,15,0.12755619
2006-02-16,2006,2,16,0
2006-02-17,2006,2,17,0
2006-02-18,2006,2,18,0
2006-02-19,2006,2,19,0
2006-02-20,2006,2,20,0
2006-02-21,2006,2,21,0.16146858
2006-02-22,2006,2,22,0.18170161
2006-02-23,2006,2,23,0
2006-02-24,2006,2,24,0
2006-02-25,2006,2,25,0
2006-02-26,2006,2,26,12.738135
2006-02-27,2006,2,27,0
2006-02-28,2006,2,28,0
2006-03-01,2006,3,1,0
2006-03-02,2006,3,2,0
2006-03-03,2006,3,3,0
2006-03-04,2006,3,4,0
2006-03-05,2006,3,5,0
2006-03-06,2006,3,6,0
2006-03-07,2006,3,7,0
2006-03-08,2006,3,8,0
2006-03-09,2006,3,9,0
2006-03-10,2006,3,10,0
2006-03-11,2006,3,11,0
2006-03-12,2006,3,12,0
2006-03-13,2006,3,13,0
2006-03-14,2006,3,14,0
2006-03-15,2006,3,15,0
2006-03-16,2006,3,16,0
2006-03-17,2006,3,17,0
2006-03-18,2006,3,18,0
2006-03-19,2006,3,19,0
2006-03-20,2006,3,20,0
2006-03-21,2006,3,21,0
2006-03-22,2006,3,22,0
2006-03-23,2006,3,23,2.1279843
2006-03-24,2006,3,24,0
2006-03-25,2006,3,25,0
2006-03-26,2006,3,26,0
2006-03-27,2006,3,27,0
2006-03-28,2006,3,28,0
2006-03-29,2006,3,29,0
2006-03-30,2006,3,30,0
2006-03-31,2006,3,31,0
2006-04-01,2006,4,1,0
2006-04-02,2006,4,2,0
2006-04-03,2006,4,3,0
2006-04-04,2006,4,4,0
2006-04-05,2006,4,5,0
2006-04-06,2006,4,6,0
2006-04-07,2006,4,7,0
2006-04-08,2006,4,8,0
2006-04-09,2006,4,9,0
2006-04-10,2006,4,10,0
2006-04-11,2006,4,11,2.6117818
2006-04-12,2006,4,12,10.783829
2006-04-13,2006,4,13,6.4654032
2006-04-14,2006,4,14,0
2006-04-15,2006,4,15,0
2006-04-16,2006,4,16,0
2006-04-17,2006,4,17,0
2006-04-18,2006,4,18,39.01402
2006-04-19,2006,4,19,69.014949
2006-04-20,2006,4,20,0
2006-04-21,2006,4,21,0
2006-04-22,2006,4,22,0
2006-04-23,2006,4,23,0
2006-04-24,2006,4,24,0
2006-04-25,2006,4,25,0
2006-04-26,2006,4,26,0
2006-04-27,2006,4,27,0
2006-04-28,2006,4,28,0
2006-04-29,2006,4,29,0
2006-04-30,2006,4,30,0
2006-05-01,2006,5,1,0
2006-05-02,2006,5,2,0
2006-05-03,2006,5,3,0
2006-05-04,2006,5,4,0
2006-05-05,2006,5,5,0
2006-05-06,2006,5,6,0
2006-05-07,2006,5,7,0
2006-05-08,2006,5,8,0
2006-05-09,2006,5,9,0
2006-05-10,2006,5,10,0
2006-05-11,2006,5,11,0
2006-05-12,2006,5,12,0
2006-05-13,2006,5,13,0
2006-05-14,2006,5,14,0
2006-05-15,2006,5,15,40.006193
2006-05-16,2006,5,16,0.0012901677
2006-05-17,2006,5,17,0
2006-05-18,2006,5,18,0
2006-05-19,2006,5,19,0
2006-05-20,2006,5,20,0
2006-05-21,2006,5,21,0
2006-05-22,2006,5,22,0
2006-05-23,2006,5,23,19.4674
2006-05-24,2006,5,24,64.235112
2006-05-25,2006,5,25,97.021107
2006-05-26,2006,5,26,18.14076
2006-05-27,2006,5,27,0
2006-05-28,2006,5,28,6.9648877
2006-05-29,2006,5,29,0
2006-05-30,2006,5,30,0
2006-05-31,2006,5,31,1.239165
2006-06-01,2006,6,1,17.490906
2006-06-02,2006,6,2,0
2006-06-03,2006,6,3,0
2006-06-04,2006,6,4,20.240592
2006-06-05,2006,6,5,108.56384
2006-06-06,2006,6,6,74.431659
2006-06-07,2006,6,7,107.18308
2006-06-08,2006,6,8,22.238724
2006-06-09,2006,6,9,0
2006-06-10,2006,6,10,0
2006-06-11,2006,6,11,22.831539
2006-06-12,2006,6,12,70.26314
2006-06-13,2006,6,13,19.672872
2006-06-14,2006,6,14,13.360448
2006-06-15,2006,6,15,0
2006-06-16,2006,6,16,13.256193
2006-06-17,2006,6,17,21.87506
2006-06-18,2006,6,18,26.412198
2006-06-19,2006,6,19,26.269996
2006-06-20,2006,6,20,10.708383
2006-06-21,2006,6,21,0
2006-06-22,2006,6,22,0
2006-06-23,2006,6,23,15.719377
2006-06-24,2006,6,24,24.411454
2006-06-25,2006,6,25,0
2006-06-26,2006,6,26,0
2006-06-27,2006,6,27,0
2006-06-28,2006,6,28,0
2006-06-29,2006,6,29,10.014249
2006-06-30,2006,6,30,0.074052755
2006-07-01,2006,7,1,0
2006-07-02,2006,7,2,0
2006-07-03,2006,7,3,0
2006-07-04,2006,7,4,0
2006-07-05,2006,7,5,0.11065313
2006-07-06,2006,7,6,58.763988
2006-07-07,2006,7,7,50.945735
2006-07-08,2006,7,8,15.519436
2006-07-09,2006,7,9,27.584924
2006-07-10,2006,7,10,113.5845
2006-07-11,2006,7,11,137.7816
2006-07-12,2006,7,12,0.46612763
2006-07-13,2006,7,13,0
2006-07-14,2006,7,14,0
2006-07-15,2006,7,15,0
2006-07-16,2006,7,16,0
2006-07-17,2006,7,17,0
2006-07-18,2006,7,18,0
2006-07-19,2006,7,19,0
2006-07-20,2006,7,20,20.690158
2006-07-21,2006,7,21,38.933246
2006-07-22,2006,7,22,3.2178578
2006-07-23,2006,7,23,0.21798099
2006-07-24,2006,7,24,18.006334
2006-07-25,2006,7,25,56.030263
2006-07-26,2006,7,26,22.696342
2006-07-27,2006,7,27,5.6322515
2006-07-28,2006,7,28,0
2006-07-29,2006,7,29,0
2006-07-30,2006,7,30,0
2006-07-31,2006,7,31,0
2006-08-01,2006,8,1,0
2006-08-02,2006,8,2,10.734444
2006-08-03,2006,8,3,34.546339
2006-08-04,2006,8,4,0
2006-08-05,2006,8,5,0.38257662
2006-08-06,2006,8,6,45.911238
2006-08-07,2006,8,7,0
2006-08-08,2006,8,8,49.467598
2006-08-09,2006,8,9,14.80863
2006-08-10,2006,8,10,68.978005
2006-08-11,2006,8,11,37.106031
2006-08-12,2006,8,12,18.114607
2006-08-13,2006,8,13,29.022845
2006-08-14,2006,8,14,0
2006-08-15,2006,8,15,0
2006-08-16,2006,8,16,0
2006-08-17,2006,8,17,0
2006-08-18,2006,8,18,0
2006-08-19,2006,8,19,0
2006-08-20,2006,8,20,0
2006-08-21,2006,8,21,0
2006-08-22,2006,8,22,0
2006-08-23,2006,8,23,0
2006-08-24,2006,8,24,0
2006-08-25,2006,8,25,9.55335
2006-08-26,2006,8,26,0.26154358
2006-08-27,2006,8,27,0
2006-08-28,2006,8,28,0
2006-08-29,2006,8,29,6.3540303
2006-08-30,2006,8,30,25.628427
2006-08-31,2006,8,31,33.779597
2006-09-01,2006,9,1,0
2006-09-02,2006,9,2,0
2006-09-03,2006,9,3,0
2006-09-04,2006,9,4,0
2006-09-05,2006,9,5,0
2006-09-06,2006,9,6,7.9480833
2006-09-07,2006,9,7,0
2006-09-08,2006,9,8,0
2006-09-09,2006,9,9,27.262103
2006-09-10,2006,9,10,46.534541
2006-09-11,2006,9,11,7.730622
2006-09-12,2006,9,12,0
2006-09-13,2006,9,13,0
2006-09-14,2006,9,14,0
2006-09-15,2006,9,15,0
2006-09-16,2006,9,16,0
2006-09-17,2006,9,17,0
2006-09-18,2006,9,18,4.0543681
2006-09-19,2006,9,19,0
2006-09-20,2006,9,20,0
2006-09-21,2006,9,21,24.571245
2006-09-22,2006,9,22,5.4091919
2006-09-23,2006,9,23,0
2006-09-24,2006,9,24,0
2006-09-25,2006,9,25,0
2006-09-26,2006,9,26,0
2006-09-27,2006,9,27,0
2006-09-28,2006,9,28,0
2006-09-29,2006,9,29,0
2006-09-30,2006,9,30,12.907073
2006-10-01,2006,10,1,0
2006-10-02,2006,10,2,0
2006-10-03,2006,10,3,21.888861
2006-10-04,2006,10,4,5.4330881
2006-10-05,2006,10,5,0
2006-10-06,2006,10,6,0
2006-10-07,2006,10,7,0
2006-10-08,2006,10,8,0
2006-10-09,2006,10,9,0
2006-10-10,2006,10,10,0
2006-10-11,2006,10,11,35.524924
2006-10-12,2006,10,12,31.050156
2006-10-13,2006,10,13,50.884636
2006-10-14,2006,10,14,11.508385
2006-10-15,2006,10,15,0
2006-10-16,2006,10,16,0
2006-10-17,2006,10,17,0
2006-10-18,2006,10,18,0
2006-10-19,2006,10,19,0
2006-10-20,2006,10,20,0
2006-10-21,2006,10,21,0
2006-10-22,2006,10,22,0
2006-10-23,2006,10,23,0
2006-10-24,2006,10,24,3.7508655
2006-10-25,2006,10,25,0
2006-10-26,2006,10,26,18.858843
2006-10-27,2006,10,27,7.0857751
2006-10-28,2006,10,28,7.3203741
2006-10-29,2006,10,29,3.5491174
2006-10-30,2006,10,30,0
2006-10-31,2006,10,31,0
2006-11-01,2006,11,1,0
2006-11-02,2006,11,2,0
2006-11-03,2006,11,3,0
2006-11-04,2006,11,4,0.57925748
2006-11-05,2006,11,5,5.7511784
2006-11-06,2006,11,6,0
2006-11-07,2006,11,7,0
2006-11-08,2006,11,8,0
2006-11-09,2006,11,9,0
2006-11-10,2006,11,10,0
2006-11-11,2006,11,11,0
2006-11-12,2006,11,12,0
2006-11-13,2006,11,13,0
2006-11-14,2006,11,14,0
2006-11-15,2006,11,15,0
2006-11-16,2006,11,16,0
2006-11-17,2006,11,17,0.83093172
2006-11-18,2006,11,18,0
2006-11-19,2006,11,19,0
2006-11-20,2006,11,20,0
2006-11-21,2006,11,21,0
2006-11-22,2006,11,22,0
2006-11-23,2006,11,23,0
2006-11-24,2006,11,24,0
2006-11-25,2006,11,25,0
2006-11-26,2006,11,26,0
2006-11-27,2006,11,27,0
2006-11-28,2006,11,28,0
2006-11-29,2006,11,29,0
2006-11-30,2006,11,30,0
2006-12-01,2006,12,1,0
2006-12-02,2006,12,2,0
2006-12-03,2006,12,3,0
2006-12-04,2006,12,4,0
2006-12-05,2006,12,5,0
2006-12-06,2006,12,6,0
2006-12-07,2006,12,7,0
2006-12-08,2006,12,8,0
2006-12-09,2006,12,9,0
2006-12-10,2006,12,10,0
2006-12-11,2006,12,11,0
2006-12-12,2006,12,12,0
2006-12-13,2006,12,13,0.056016017
2006-12-14,2006,12,14,0
2006-12-15,2006,12,15,7.693415
2006-12-16,2006,12,16,20.234913
2006-12-17,2006,12,17,0
2006-12-18,2006,12,18,0
2006-12-19,2006,12,19,0
2006-12-20,2006,12,20,0
2006-12-21,2006,12,21,0
2006-12-22,2006,12,22,0.059688602
2006-12-23,2006,12,23,6.5615931
2006-12-24,2006,12,24,30.939918
2006-12-25,2006,12,25,0
2006-12-26,2006,12,26,3.0687815
2006-12-27,2006,12,27,0
2006-12-28,2006,12,28,0
2006-12-29,2006,12,29,0
2006-12-30,2006,12,30,0
2006-12-31,2006,12,31,0
2007-01-01,2007,1,1,0
2007-01-02,2007,1,2,0
2007-01-03,2007,1,3,0
2007-01-04,2007,1,4,0
2007-01-05,2007,1,5,0
2007-01-06,2007,1,6,0
2007-01-07,2007,1,7,0
2007-01-08,2007,1,8,0
2007-01-09,2007,1,9,0
2007-01-10,2007,1,10,0
2007-01-11,2007,1,11,0
2007-01-12,2007,1,12,0
2007-01-13,2007,1,13,0
2007-01-14,2007,1,14,0
2007-01-15,2007,1,15,0
2007-01-16,2007,1,16,0
2007-01-17,2007,1,17,0
2007-01-18,2007,1,18,0
2007-01-19,2007,1,19,0
2007-01-20,2007,1,20,0
2007-01-21,2007,1,21,0
2007-01-22,2007,1,22,11.595474
2007-01-23,2007,1,23,0
2007-01-24,2007,1,24,0
2007-01-25,2007,1,25,0.029638807
2007-01-26,2007,1,26,0
2007-01-27,2007,1,27,0
2007-01-28,2007,1,28,0
2007-01-29,2007,1,29,0
2007-01-30,2007,1,30,0
2007-01-31,2007,1,31,0
2007-02-01,2007,2,1,0
2007-02-02,2007,2,2,0
2007-02-03,2007,2,3,0
2007-02-04,2007,2,4,0
2007-02-05,2007,2,5,0.17453376
2007-02-06,2007,2,6,0
2007-02-07,2007,2,7,0
2007-02-08,2007,2,8,0
2007-02-09,2007,2,9,0
2007-02-10,2007,2,10,0
2007-02-11,2007,2,11,0
2007-02-12,2007,2,12,0
2007-02-13,2007,2,13,0
2007-02-14,2007,2,14,0
2007-02-15,2007,2,15,73.561609
2007-02-16,2007,2,16,4.5768114
2007-02-17,2007,2,17,0
2007-02-18,2007,2,18,0
2007-02-19,2007,2,19,0
2007-02-20,2007,2,20,5.0004232
2007-02-21,2007,2,21,6.088064
2007-02-22,2007,2,22,0
2007-02-23,2007,2,23,0
2007-02-24,2007,2,24,0
2007-02-25,2007,2,25,0
2007-02-26,2007,2,26,0
2007-02-27,2007,2,27,0
2007-02-28,2007,2,28,0
2007-03-01,2007,3,1,0
2007-03-02,2007,3,2,0
2007-03-03,2007,3,3,0
2007-03-04,2007,3,4,0
2007-03-05,2007,3,5,0
2007-03-06,2007,3,6,0
2007-03-07,2007,3,7,0
2007-03-08,2007,3,8,0
2007-03-09,2007,3,9,0
2007-03-10,2007,3,10,0
2007-03-11,2007,3,11,0
2007-03-12,2007,3,12,0
2007-03-13,2007,3,13,0
2007-03-14,2007,3,14,0
2007-03-15,2007,3,15,0.11052696
2007-03-16,2007,3,16,0
2007-03-17,2007,3,17,0
2007-03-18,2007,3,18,0
2007-03-19,2007,3,19,0
2007-03-20,2007,3,20,0
2007-03-21,2007,3,21,14.997316
2007-03-22,2007,3,22,2.1818216
2007-03-23,2007,3,23,0
2007-03-24,2007,3,24,0
2007-03-25,2007,3,25,0
2007-03-26,2007,3,26,0.0057184433
2007-03-27,2007,3,27,18.748941
2007-03-28,2007,3,28,0
2007-03-29,2007,3,29,5.6010885
2007-03-30,2007,3,30,0
2007-03-31,2007,3,31,0
2007-04-01,2007,4,1,0
2007-04-02,2007,4,2,0
2007-04-03,2007,4,3,0
2007-04-04,2007,4,4,0
2007-04-05,2007,4,5,0
2007-04-06,2007,4,6,0
2007-04-07,2007,4,7,0
2007-04-08,2007,4,8,0
2007-04-09,2007,4,9,11.827482
2007-04-10,2007,4,10,9.6892224
2007-04-11,2007,4,11,0
2007-04-12,2007,4,12,0
2007-04-13,2007,4,13,12.002807
2007-04-14,2007,4,14,8.3294606
2007-04-15,2007,4,15,0
2007-04-16,2007,4,16,1.7296497
2007-04-17,2007,4,17,0
2007-04-18,2007,4,18,3.1360299
2007-04-19,2007,4,19,13.736517
2007-04-20,2007,4,20,0
2007-04-21,2007,4,21,0
2007-04-22,2007,4,22,0
2007-04-23,2007,4,23,0
2007-04-24,2007,4,24,0
2007-04-25,2007,4,25,0
2007-04-26,2007,4,26,0
2007-04-27,2007,4,27,0
2007-04-28,2007,4,28,0
2007-04-29,2007,4,29,0
2007-04-30,2007,4,30,19.366651
2007-05-01,2007,5,1,5.3852466
2007-05-02,2007,5,2,0
2007-05-03,2007,5,3,0.73843792
2007-05-04,2007,5,4,0
2007-05-05,2007,5,5,0
2007-05-06,2007,5,6,0
2007-05-07,2007,5,7,0
2007-05-08,2007,5,8,0
2007-05-09,2007,5,9,0
2007-05-10,2007,5,10,0
2007-05-11,2007,5,11,0
2007-05-12,2007,5,12,0
2007-05-13,2007,5,13,0
2007-05-14,2007,5,14,0
2007-05-15,2007,5,15,0
2007-05-16,2007,5,16,0
2007-05-17,2007,5,17,0
2007-05-18,2007,5,18,0
2007-05-19,2007,5,19,0
2007-05-20,2007,5,20,0
2007-05-21,2007,5,21,0
2007-05-22,2007,5,22,0
2007-05-23,2007,5,23,0
2007-05-24,2007,5,24,0
2007-05-25,2007,5,25,0
2007-05-26,2007,5,26,0
2007-05-27,2007,5,27,0
2007-05-28,2007,5,28,0
2007-05-29,2007,5,29,7.7306128
2007-05-30,2007,5,30,21.61689
2007-05-31,2007,5,31,12.933638
2007-06-01,2007,6,1,0
2007-06-02,2007,6,2,0
2007-06-03,2007,6,3,0
2007-06-04,2007,6,4,0
2007-06-05,2007,6,5,0
2007-06-06,2007,6,6,0
2007-06-07,2007,6,7,0
2007-06-08,2007,6,8,13.184071
2007-06-09,2007,6,9,15.119876
2007-06-10,2007,6,10,0
2007-06-11,2007,6,11,0
2007-06-12,2007,6,12,36.657462
2007-06-13,2007,6,13,25.561054
2007-06-14,2007,6,14,0.00092078577
2007-06-15,2007,6,15,0
2007-06-16,2007,6,16,0.0095245359
2007-06-17,2007,6,17,0
2007-06-18,2007,6,18,0
2007-06-19,2007,6,19,55.574595
2007-06-20,2007,6,20,13.765475
2007-06-21,2007,6,21,11.355722
2007-06-22,2007,6,22,38.836128
2007-06-23,2007,6,23,0
2007-06-24,2007,6,24,0
2007-06-25,2007,6,25,0
2007-06-26,2007,6,26,0
2007-06-27,2007,6,27,0
2007-06-28,2007,6,28,0
2007-06-29,2007,6,29,0
2007-06-30,2007,6,30,0
2007-07-01,2007,7,1,0
2007-07-02,2007,7,2,3.598426
2007-07-03,2007,7,3,41.14112
2007-07-04,2007,7,4,64.416376
2007-07-05,2007,7,5,39.981147
2007-07-06,2007,7,6,0
2007-07-07,2007,7,7,0
2007-07-08,2007,7,8,0
2007-07-09,2007,7,9,0
2007-07-10,2007,7,10,0
2007-07-11,2007,7,11,0
2007-07-12,2007,7,12,55.748312
2007-07-13,2007,7,13,9.0829024
2007-07-14,2007,7,14,0
2007-07-15,2007,7,15,0
2007-07-16,2007,7,16,50.060401
2007-07-17,2007,7,17,0
2007-07-18,2007,7,18,4.1663244
2007-07-19,2007,7,19,15.586643
2007-07-20,2007,7,20,2.6293295
2007-07-21,2007,7,21,35.165522
2007-07-22,2007,7,22,21.817035
2007-07-23,2007,7,23,31.067627
2007-07-24,2007,7,24,0
2007-07-25,2007,7,25,0
2007-07-26,2007,7,26,0
2007-07-27,2007,7,27,0
2007-07-28,2007,7,28,0
2007-07-29,2007,7,29,0
2007-07-30,2007,7,30,3.7350193
2007-07-31,2007,7,31,0
2007-08-01,2007,8,1,0
2007-08-02,2007,8,2,0
2007-08-03,2007,8,3,0
2007-08-04,2007,8,4,0
2007-08-05,2007,8,5,0
2007-08-06,2007,8,6,0
2007-08-07,2007,8,7,39.068713
2007-08-08,2007,8,8,9.1916246
2007-08-09,2007,8,9,0
2007-08-10,2007,8,10,0
2007-08-11,2007,8,11,0
2007-08-12,2007,8,12,20.139676
2007-08-13,2007,8,13,52.441819
2007-08-14,2007,8,14,48.201997
2007-08-15,2007,8,15,7.0244865
2007-08-16,2007,8,16,0
2007-08-17,2007,8,17,0
2007-08-18,2007,8,18,0
2007-08-19,2007,8,19,0
2007-08-20,2007,8,20,0
2007-08-21,2007,8,21,0
2007-08-22,2007,8,22,4.1016778
2007-08-23,2007,8,23,11.3109
2007-08-24,2007,8,24,0
2007-08-25,2007,8,25,0.54373631
2007-08-26,2007,8,26,0
2007-08-27,2007,8,27,0
2007-08-28,2007,8,28,0
2007-08-29,2007,8,29,0
2007-08-30,2007,8,30,0
2007-08-31,2007,8,31,0
2007-09-01,2007,9,1,0
2007-09-02,2007,9,2,0
2007-09-03,2007,9,3,39.063106
2007-09-04,2007,9,4,0
2007-09-05,2007,9,5,0
2007-09-06,2007,9,6,0
2007-09-07,2007,9,7,0
2007-09-08,2007,9,8,0
2007-09-09,2007,9,9,8.0284126
2007-09-10,2007,9,10,0
2007-09-11,2007,9,11,0
2007-09-12,2007,9,12,0
2007-09-13,2007,9,13,2.9220306
2007-09-14,2007,9,14,0
2007-09-15,2007,9,15,4.1552716
2007-09-16,2007,9,16,0
2007-09-17,2007,9,17,0
2007-09-18,2007,9,18,0
2007-09-19,2007,9,19,20.756822
2007-09-20,2007,9,20,6.8918087
2007-09-21,2007,9,21,0
2007-09-22,2007,9,22,0
2007-09-23,2007,9,23,0
2007-09-24,2007,9,24,0
2007-09-25,2007,9,25,0
2007-09-26,2007,9,26,0
2007-09-27,2007,9,27,0
2007-09-28,2007,9,28,0
2007-09-29,2007,9,29,0
2007-09-30,2007,9,30,0
2007-10-01,2007,10,1,0
2007-10-02,2007,10,2,0
2007-10-03,2007,10,3,0
2007-10-04,2007,10,4,0
2007-10-05,2007,10,5,0
2007-10-06,2007,10,6,0
2007-10-07,2007,10,7,0
2007-10-08,2007,10,8,0
2007-10-09,2007,10,9,0
2007-10-10,2007,10,10,0.27548748
2007-10-11,2007,10,11,4.174547
2007-10-12,2007,10,12,0
2007-10-13,2007,10,13,7.233778
2007-10-14,2007,10,14,0.48887195
2007-10-15,2007,10,15,0
2007-10-16,2007,10,16,0
2007-10-17,2007,10,17,0
2007-10-18,2007,10,18,0
2007-10-19,2007,10,19,17.969848
2007-10-20,2007,10,20,0
2007-10-21,2007,10,21,0
2007-10-22,2007,10,22,0
2007-10-23,2007,10,23,0
2007-10-24,2007,10,24,0
2007-10-25,2007,10,25,0
2007-10-26,2007,10,26,0
2007-10-27,2007,10,27,0
2007-10-28,2007,10,28,0
2007-10-29,2007,10,29,0
2007-10-30,2007,10,30,0.00043825268
2007-10-31,2007,10,31,0
2007-11-01,2007,11,1,0.013341516
2007-11-02,2007,11,2,0
2007-11-03,2007,11,3,0
2007-11-04,2007,11,4,0
2007-11-05,2007,11,5,0
2007-11-06,2007,11,6,0
2007-11-07,2007,11,7,0
2007-11-08,2007,11,8,0
2007-11-09,2007,11,9,9.2959079
2007-11-10,2007,11,10,0.010367397
2007-11-11,2007,11,11,0
2007-11-12,2007,11,12,0
2007-11-13,2007,11,13,0
2007-11-14,2007,11,14,0
2007-11-15,2007,11,15,0
2007-11-16,2007,11,16,0
2007-11-17,2007,11,17,0
2007-11-18,2007,11,18,0
2007-11-19,2007,11,19,0
2007-11-20,2007,11,20,0
2007-11-21,2007,11,21,0
2007-11-22,2007,11,22,0
2007-11-23,2007,11,23,0
2007-11-24,2007,11,24,0
2007-11-25,2007,11,25,0
2007-11-26,2007,11,26,0
2007-11-27,2007,11,27,0
2007-11-28,2007,11,28,0
2007-11-29,2007,11,29,0
2007-11-30,2007,11,30,0.0016253896
2007-12-01,2007,12,1,0
2007-12-02,2007,12,2,0
2007-12-03,2007,12,3,0
2007-12-04,2007,12,4,0
2007-12-05,2007,12,5,0
2007-12-06,2007,12,6,7.9628764
2007-12-07,2007,12,7,0
2007-12-08,2007,12,8,0
2007-12-09,2007,12,9,0
2007-12-10,2007,12,10,0
2007-12-11,2007,12,11,0
2007-12-12,2007,12,12,0
2007-12-13,2007,12,13,0
2007-12-14,2007,12,14,0
2007-12-15,2007,12,15,0
2007-12-16,2007,12,16,0
2007-12-17,2007,12,17,0
2007-12-18,2007,12,18,0
2007-12-19,2007,12,19,0
2007-12-20,2007,12,20,0
2007-12-21,2007,12,21,0
2007-12-22,2007,12,22,0
2007-12-23,2007,12,23,0
2007-12-24,2007,12,24,0
2007-12-25,2007,12,25,4.1828831
2007-12-26,2007,12,26,0.00031936363
2007-12-27,2007,12,27,0
2007-12-28,2007,12,28,0
2007-12-29,2007,12,29,0
2007-12-30,2007,12,30,0
2007-12-31,2007,12,31,0
2008-01-01,2008,1,1,0
2008-01-02,2008,1,2,0
2008-01-03,2008,1,3,0
2008-01-04,2008,1,4,0
2008-01-05,2008,1,5,0
2008-01-06,2008,1,6,0
2008-01-07,2008,1,7,0
2008-01-08,2008,1,8,0
2008-01-09,2008,1,9,16.101169
2008-01-10,2008,1,10,0
2008-01-11,2008,1,11,0
2008-01-12,2008,1,12,0
2008-01-13,2008,1,13,0
2008-01-14,2008,1,14,0
2008-01-15,2008,1,15,0
2008-01-16,2008,1,16,0
2008-01-17,2008,1,17,0
2008-01-18,2008,1,18,0
2008-01-19,2008,1,19,0
2008-01-20,2008,1,20,0
2008-01-21,2008,1,21,0
2008-01-22,2008,1,22,0
2008-01-23,2008,1,23,0
2008-01-24,2008,1,24,0
2008-01-25,2008,1,25,0
2008-01-26,2008,1,26,0
2008-01-27,2008,1,27,0
2008-01-28,2008,1,28,0
2008-01-29,2008,1,29,5.922151
2008-01-30,2008,1,30,0
2008-01-31,2008,1,31,0
2008-02-01,2008,2,1,0
2008-02-02,2008,2,2,0
2008-02-03,2008,2,3,0
2008-02-04,2008,2,4,0
2008-02-05,2008,2,5,0
2008-02-06,2008,2,6,0
2008-02-07,2008,2,7,7.4395052
2008-02-08,2008,2,8,0
2008-02-09,2008,2,9,0
2008-02-10,2008,2,10,0
2008-02-11,2008,2,11,0
2008-02-12,2008,2,12,0
2008-02-13,2008,2,13,0
2008-02-14,2008,2,14,0
2008-02-15,2008,2,15,0
2008-02-16,2008,2,16,0
2008-02-17,2008,2,17,0
2008-02-18,2008,2,18,0
2008-02-19,2008,2,19,0
2008-02-20,2008,2,20,0
2008-02-21,2008,2,21,6.7513459e-05
2008-02-22,2008,2,22,0
2008-02-23,2008,2,23,0
2008-02-24,2008,2,24,0
2008-02-25,2008,2,25,0
2008-02-26,2008,2,26,6.6957516
2008-02-27,2008,2,27,6.3787805
2008-02-28,2008,2,28,0
2008-02-29,2008,2,29,0
2008-03-01,2008,3,1,4.4499564
2008-03-02,2008,3,2,0
2008-03-03,2008,3,3,0
2008-03-04,2008,3,4,0
2008-03-05,2008,3,5,0
2008-03-06,2008,3,6,0
2008-03-07,2008,3,7,9.5795126
2008-03-08,2008,3,8,0
2008-03-09,2008,3,9,0
2008-03-10,2008,3,10,0
2008-03-11,2008,3,11,0
2008-03-12,2008,3,12,0
2008-03-13,2008,3,13,0
2008-03-14,2008,3,14,0
2008-03-15,2008,3,15,0
2008-03-16,2008,3,16,0
2008-03-17,2008,3,17,0
2008-03-18,2008,3,18,0
2008-03-19,2008,3,19,0
2008-03-20,2008,3,20,0
2008-03-21,2008,3,21,0
2008-03-22,2008,3,22,0
2008-03-23,2008,3,23,0
2008-03-24,2008,3,24,0
2008-03-25,2008,3,25,0
2008-03-26,2008,3,26,0
2008-03-27,2008,3,27,0
2008-03-28,2008,3,28,0
2008-03-29,2008,3,29,0
2008-03-30,2008,3,30,0
2008-03-31,2008,3,31,0
2008-04-01,2008,4,1,0
2008-04-02,2008,4,2,0
2008-04-03,2008,4,3,0
2008-04-04,2008,4,4,0
2008-04-05,2008,4,5,0
2008-04-06,2008,4,6,0
2008-04-07,2008,4,7,0
2008-04-08,2008,4,8,0
2008-04-09,2008,4,9,0
2008-04-10,2008,4,10,37.11494
2008-04-11,2008,4,11,13.33801
2008-04-12,2008,4,12,4.7674898
2008-04-13,2008,4,13,0
2008-04-14,2008,4,14,0
2008-04-15,2008,4,15,0
2008-04-16,2008,4,16,0
2008-04-17,2008,4,17,0
2008-04-18,2008,4,18,0
2008-04-19,2008,4,19,0
2008-04-20,2008,4,20,0
2008-04-21,2008,4,21,0
2008-04-22,2008,4,22,0
2008-04-23,2008,4,23,0
2008-04-24,2008,4,24,0
2008-04-25,2008,4,25,0
2008-04-26,2008,4,26,8.2623931
2008-04-27,2008,4,27,61.683617
2008-04-28,2008,4,28,0
2008-04-29,2008,4,29,0
2008-04-30,2008,4,30,0
2008-05-01,2008,5,1,0
2008-05-02,2008,5,2,0
2008-05-03,2008,5,3,0
2008-05-04,2008,5,4,0
2008-05-05,2008,5,5,4.89748
2008-05-06,2008,5,6,3.8266187
2008-05-07,2008,5,7,0
2008-05-08,2008,5,8,0
2008-05-09,2008,5,9,0
2008-05-10,2008,5,10,0
2008-05-11,2008,5,11,0
2008-05-12,2008,5,12,0
2008-05-13,2008,5,13,0
2008-05-14,2008,5,14,0
2008-05-15,2008,5,15,0
2008-05-16,2008,5,16,0
2008-05-17,2008,5,17,44.247321
2008-05-18,2008,5,18,107.81099
2008-05-19,2008,5,19,147.53647
2008-05-20,2008,5,20,141.30298
2008-05-21,2008,5,21,121.41698
2008-05-22,2008,5,22,113.49101
2008-05-23,2008,5,23,0
2008-05-24,2008,5,24,0
2008-05-25,2008,5,25,34.884745
2008-05-26,2008,5,26,53.02728
2008-05-27,2008,5,27,7.7310575
2008-05-28,2008,5,28,0
2008-05-29,2008,5,29,0
2008-05-30,2008,5,30,0
2008-05-31,2008,5,31,0
2008-06-01,2008,6,1,0
2008-06-02,2008,6,2,12.776874
2008-06-03,2008,6,3,49.891555
2008-06-04,2008,6,4,74.848715
2008-06-05,2008,6,5,12.005022
2008-06-06,2008,6,6,12.896901
2008-06-07,2008,6,7,18.02641
2008-06-08,2008,6,8,12.011142
2008-06-09,2008,6,9,0
2008-06-10,2008,6,10,0
2008-06-11,2008,6,11,0
2008-06-12,2008,6,12,0
2008-06-13,2008,6,13,0
2008-06-14,2008,6,14,0
2008-06-15,2008,6,15,0
2008-06-16,2008,6,16,0
2008-06-17,2008,6,17,0
2008-06-18,2008,6,18,19.362074
2008-06-19,2008,6,19,29.786622
2008-06-20,2008,6,20,0
2008-06-21,2008,6,21,0
2008-06-22,2008,6,22,9.4810391
2008-06-23,2008,6,23,0
2008-06-24,2008,6,24,0
2008-06-25,2008,6,25,0
2008-06-26,2008,6,26,0
2008-06-27,2008,6,27,0
2008-06-28,2008,6,28,0
2008-06-29,2008,6,29,0
2008-06-30,2008,6,30,5.6163354
2008-07-01,2008,7,1,10.857963
2008-07-02,2008,7,2,0
2008-07-03,2008,7,3,0
2008-07-04,2008,7,4,38.356556
2008-07-05,2008,7,5,27.985296
2008-07-06,2008,7,6,5.4667146
2008-07-07,2008,7,7,0
2008-07-08,2008,7,8,0
2008-07-09,2008,7,9,0
2008-07-10,2008,7,10,0
2008-07-11,2008,7,11,0
2008-07-12,2008,7,12,42.902669
2008-07-13,2008,7,13,0
2008-07-14,2008,7,14,0
2008-07-15,2008,7,15,0
2008-07-16,2008,7,16,67.76736
2008-07-17,2008,7,17,8.3916384
2008-07-18,2008,7,18,0
2008-07-19,2008,7,19,0
2008-07-20,2008,7,20,10.649807
2008-07-21,2008,7,21,9.2239579
2008-07-22,2008,7,22,35.853263
2008-07-23,2008,7,23,4.8240609
2008-07-24,2008,7,24,2.895472
2008-07-25,2008,7,25,0
2008-07-26,2008,7,26,0
2008-07-27,2008,7,27,0
2008-07-28,2008,7,28,0
2008-07-29,2008,7,29,0
2008-07-30,2008,7,30,33.440587
2008-07-31,2008,7,31,39.502238
2008-08-01,2008,8,1,57.052503
2008-08-02,2008,8,2,12.844788
2008-08-03,2008,8,3,45.575443
2008-08-04,2008,8,4,0.4861665
2008-08-05,2008,8,5,0
2008-08-06,2008,8,6,0
2008-08-07,2008,8,7,0
2008-08-08,2008,8,8,0
2008-08-09,2008,8,9,9.7031852
2008-08-10,2008,8,10,14.430838
2008-08-11,2008,8,11,1.8249599
2008-08-12,2008,8,12,0
2008-08-13,2008,8,13,0
2008-08-14,2008,8,14,46.261275
2008-08-15,2008,8,15,76.360587
2008-08-16,2008,8,16,1.5659489
2008-08-17,2008,8,17,0
2008-08-18,2008,8,18,4.7965482
2008-08-19,2008,8,19,18.924039
2008-08-20,2008,8,20,0
2008-08-21,2008,8,21,0
2008-08-22,2008,8,22,0
2008-08-23,2008,8,23,0
2008-08-24,2008,8,24,0
2008-08-25,2008,8,25,11.393888
2008-08-26,2008,8,26,33.653444
2008-08-27,2008,8,27,37.931724
2008-08-28,2008,8,28,3.8027506
2008-08-29,2008,8,29,0
2008-08-30,2008,8,30,0
2008-08-31,2008,8,31,0
2008-09-01,2008,9,1,60.391099
2008-09-02,2008,9,2,7.8215923
2008-09-03,2008,9,3,0
2008-09-04,2008,9,4,0
2008-09-05,2008,9,5,0
2008-09-06,2008,9,6,0
2008-09-07,2008,9,7,0
2008-09-08,2008,9,8,0
2008-09-09,2008,9,9,0
2008-09-10,2008,9,10,5.9465813
2008-09-11,2008,9,11,0
2008-09-12,2008,9,12,0
2008-09-13,2008,9,13,0
2008-09-14,2008,9,14,0
2008-09-15,2008,9,15,0
2008-09-16,2008,9,16,0
2008-09-17,2008,9,17,0
2008-09-18,2008,9,18,0
2008-09-19,2008,9,19,0
2008-09-20,2008,9,20,0
2008-09-21,2008,9,21,0
2008-09-22,2008,9,22,0
2008-09-23,2008,9,23,0
2008-09-24,2008,9,24,0
2008-09-25,2008,9,25,0
2008-09-26,2008,9,26,1.2159917
2008-09-27,2008,9,27,0
2008-09-28,2008,9,28,0
2008-09-29,2008,9,29,0
2008-09-30,2008,9,30,11.735882
2008-10-01,2008,10,1,3.1306054
2008-10-02,2008,10,2,0
2008-10-03,2008,10,3,0
2008-10-04,2008,10,4,0
2008-10-05,2008,10,5,0
2008-10-06,2008,10,6,0
2008-10-07,2008,10,7,0
2008-10-08,2008,10,8,0
2008-10-09,2008,10,9,0
2008-10-10,2008,10,10,5.382186
2008-10-11,2008,10,11,3.5438495
2008-10-12,2008,10,12,8.5759548
2008-10-13,2008,10,13,0
2008-10-14,2008,10,14,0
2008-10-15,2008,10,15,0
2008-10-16,2008,10,16,0
2008-10-17,2008,10,17,0
2008-10-18,2008,10,18,0
2008-10-19,2008,10,19,0
2008-10-20,2008,10,20,0.0011958394
2008-10-21,2008,10,21,0
2008-10-22,2008,10,22,0
2008-10-23,2008,10,23,0
2008-10-24,2008,10,24,0
2008-10-25,2008,10,25,0.19341693
2008-10-26,2008,10,26,0
2008-10-27,2008,10,27,8.265435
2008-10-28,2008,10,28,0.010497782
2008-10-29,2008,10,29,0
2008-10-30,2008,10,30,0
2008-10-31,2008,10,31,0
2008-11-01,2008,11,1,0
2008-11-02,2008,11,2,0
2008-11-03,2008,11,3,0
2008-11-04,2008,11,4,0
2008-11-05,2008,11,5,0
2008-11-06,2008,11,6,0
2008-11-07,2008,11,7,9.2113668
2008-11-08,2008,11,8,0
2008-11-09,2008,11,9,0
2008-11-10,2008,11,10,0
2008-11-11,2008,11,11,0
2008-11-12,2008,11,12,0
2008-11-13,2008,11,13,0
2008-11-14,2008,11,14,0
2008-11-15,2008,11,15,0
2008-11-16,2008,11,16,0
2008-11-17,2008,11,17,0
2008-11-18,2008,11,18,0
2008-11-19,2008,11,19,0
2008-11-20,2008,11,20,0
2008-11-21,2008,11,21,0
2008-11-22,2008,11,22,0
2008-11-23,2008,11,23,0
2008-11-24,2008,11,24,0
2008-11-25,2008,11,25,0
2008-11-26,2008,11,26,0
2008-11-27,2008,11,27,0
2008-11-28,2008,11,28,0
2008-11-29,2008,11,29,0
2008-11-30,2008,11,30,0
2008-12-01,2008,12,1,0.050996829
2008-12-02,2008,12,2,0.0062715338
2008-12-03,2008,12,3,8.8011678
2008-12-04,2008,12,4,0
2008-12-05,2008,12,5,0
2008-12-06,2008,12,6,0
2008-12-07,2008,12,7,0
2008-12-08,2008,12,8,0
2008-12-09,2008,12,9,0
2008-12-10,2008,12,10,0
2008-12-11,2008,12,11,0
2008-12-12,2008,12,12,0
2008-12-13,2008,12,13,0
2008-12-14,2008,12,14,0
2008-12-15,2008,12,15,0
2008-12-16,2008,12,16,0
2008-12-17,2008,12,17,0
2008-12-18,2008,12,18,0
2008-12-19,2008,12,19,0
2008-12-20,2008,12,20,14.388955
2008-12-21,2008,12,21,0
2008-12-22,2008,12,22,0
2008-12-23,2008,12,23,0
2008-12-24,2008,12,24,0
2008-12-25,2008,12,25,0
2008-12-26,2008,12,26,0
2008-12-27,2008,12,27,4.0748609
2008-12-28,2008,12,28,0
2008-12-29,2008,12,29,0
2008-12-30,2008,12,30,0
2008-12-31,2008,12,31,0
2009-01-01,2009,1,1,0
2009-01-02,2009,1,2,0
2009-01-03,2009,1,3,0
2009-01-04,2009,1,4,0
2009-01-05,2009,1,5,0
2009-01-06,2009,1,6,0
2009-01-07,2009,1,7,0
2009-01-08,2009,1,8,0
2009-01-09,2009,1,9,0
2009-01-10,2009,1,10,0
2009-01-11,2009,1,11,0
2009-01-12,2009,1,12,0
2009-01-13,2009,1,13,0
2009-01-14,2009,1,14,0
2009-01-15,2009,1,15,0
2009-01-16,2009,1,16,0
2009-01-17,2009,1,17,0
2009-01-18,2009,1,18,0
2009-01-19,2009,1,19,0
2009-01-20,2009,1,20,0
2009-01-21,2009,1,21,0
2009-01-22,2009,1,22,0
2009-01-23,2009,1,23,0
2009-01-24,2009,1,24,0
2009-01-25,2009,1,25,0
2009-01-26,2009,1,26,0
2009-01-27,2009,1,27,0
2009-01-28,2009,1,28,0
2009-01-29,2009,1,29,0
2009-01-30,2009,1,30,0
2009-01-31,2009,1,31,0
2009-02-01,2009,2,1,0
2009-02-02,2009,2,2,0
2009-02-03,2009,2,3,0
2009-02-04,2009,2,4,7.3502735
2009-02-05,2009,2,5,0
2009-02-06,2009,2,6,0
2009-02-07,2009,2,7,0
2009-02-08,2009,2,8,0
2009-02-09,2009,2,9,0
2009-02-10,2009,2,10,0
2009-02-11,2009,2,11,0
2009-02-12,2009,2,12,0
2009-02-13,2009,2,13,0
2009-02-14,2009,2,14,0
2009-02-15,2009,2,15,9.9653111
2009-02-16,2009,2,16,0
2009-02-17,2009,2,17,0
2009-02-18,2009,2,18,0
2009-02-19,2009,2,19,0
2009-02-20,2009,2,20,0
2009-02-21,2009,2,21,0.00022187012
2009-02-22,2009,2,22,0
2009-02-23,2009,2,23,0
2009-02-24,2009,2,24,0
2009-02-25,2009,2,25,0
2009-02-26,2009,2,26,0
2009-02-27,2009,2,27,0
2009-02-28,2009,2,28,6.3915611
2009-03-01,2009,3,1,0
2009-03-02,2009,3,2,0
2009-03-03,2009,3,3,0
2009-03-04,2009,3,4,0
2009-03-05,2009,3,5,0
2009-03-06,2009,3,6,0
2009-03-07,2009,3,7,0
2009-03-08,2009,3,8,0
2009-03-09,2009,3,9,0
2009-03-10,2009,3,10,0
2009-03-11,2009,3,11,0
2009-03-12,2009,3,12,0
2009-03-13,2009,3,13,0
2009-03-14,2009,3,14,0
2009-03-15,2009,3,15,0
2009-03-16,2009,3,16,0
2009-03-17,2009,3,17,0
2009-03-18,2009,3,18,0
2009-03-19,2009,3,19,0
2009-03-20,2009,3,20,0
2009-03-21,2009,3,21,0
2009-03-22,2009,3,22,0
2009-03-23,2009,3,23,0
2009-03-24,2009,3,24,0
2009-03-25,2009,3,25,0
2009-03-26,2009,3,26,0
2009-03-27,2009,3,27,0
2009-03-28,2009,3,28,0
2009-03-29,2009,3,29,0
2009-03-30,2009,3,30,0
2009-03-31,2009,3,31,0
2009-04-01,2009,4,1,13.277008
2009-04-02,2009,4,2,29.414945
2009-04-03,2009,4,3,17.435786
2009-04-04,2009,4,4,0
2009-04-05,2009,4,5,0
2009-04-06,2009,4,6,0
2009-04-07,2009,4,7,0
2009-04-08,2009,4,8,0
2009-04-09,2009,4,9,0
2009-04-10,2009,4,10,0
2009-04-11,2009,4,11,0
2009-04-12,2009,4,12,0
2009-04-13,2009,4,13,0
2009-04-14,2009,4,14,0
2009-04-15,2009,4,15,0
2009-04-16,2009,4,16,0
2009-04-17,2009,4,17,0
2009-04-18,2009,4,18,0
2009-04-19,2009,4,19,0
2009-04-20,2009,4,20,0
2009-04-21,2009,4,21,0
2009-04-22,2009,4,22,0.74677932
2009-04-23,2009,4,23,0
2009-04-24,2009,4,24,0
2009-04-25,2009,4,25,0
2009-04-26,2009,4,26,0
2009-04-27,2009,4,27,0
2009-04-28,2009,4,28,0
2009-04-29,2009,4,29,0
2009-04-30,2009,4,30,0
2009-05-01,2009,5,1,0
2009-05-02,2009,5,2,0
2009-05-03,2009,5,3,22.87151
2009-05-04,2009,5,4,0
2009-05-05,2009,5,5,0
2009-05-06,2009,5,6,0
2009-05-07,2009,5,7,0
2009-05-08,2009,5,8,0
2009-05-09,2009,5,9,33.540363
2009-05-10,2009,5,10,79.117314
2009-05-11,2009,5,11,31.621359
2009-05-12,2009,5,12,57.059719
2009-05-13,2009,5,13,0
2009-05-14,2009,5,14,0
2009-05-15,2009,5,15,0
2009-05-16,2009,5,16,65.526727
2009-05-17,2009,5,17,11.274569
2009-05-18,2009,5,18,0
2009-05-19,2009,5,19,0
2009-05-20,2009,5,20,37.172504
2009-05-21,2009,5,21,0.91014627
2009-05-22,2009,5,22,0
2009-05-23,2009,5,23,5.0253189
2009-05-24,2009,5,24,26.070889
2009-05-25,2009,5,25,0.64380486
2009-05-26,2009,5,26,0
2009-05-27,2009,5,27,0
2009-05-28,2009,5,28,0
2009-05-29,2009,5,29,0
2009-05-30,2009,5,30,0
2009-05-31,2009,5,31,0
2009-06-01,2009,6,1,0
2009-06-02,2009,6,2,0
2009-06-03,2009,6,3,0
2009-06-04,2009,6,4,0
2009-06-05,2009,6,5,0
2009-06-06,2009,6,6,0
2009-06-07,2009,6,7,0
2009-06-08,2009,6,8,0
2009-06-09,2009,6,9,0
2009-06-10,2009,6,10,0
2009-06-11,2009,6,11,0
2009-06-12,2009,6,12,0
2009-06-13,2009,6,13,25.180814
2009-06-14,2009,6,14,11.043199
2009-06-15,2009,6,15,0
2009-06-16,2009,6,16,16.528323
2009-06-17,2009,6,17,70.147381
2009-06-18,2009,6,18,104.26196
2009-06-19,2009,6,19,40.721942
2009-06-20,2009,6,20,0
2009-06-21,2009,6,21,6.3494688
2009-06-22,2009,6,22,0
2009-06-23,2009,6,23,0
2009-06-24,2009,6,24,0
2009-06-25,2009,6,25,0
2009-06-26,2009,6,26,1.3249277
2009-06-27,2009,6,27,42.114513
2009-06-28,2009,6,28,32.784089
2009-06-29,2009,6,29,4.075002
2009-06-30,2009,6,30,33.514827
2009-07-01,2009,7,1,15.543378
2009-07-02,2009,7,2,0
2009-07-03,2009,7,3,29.140234
2009-07-04,2009,7,4,81.845425
2009-07-05,2009,7,5,66.863311
2009-07-06,2009,7,6,24.996306
2009-07-07,2009,7,7,0
2009-07-08,2009,7,8,0
2009-07-09,2009,7,9,8.8529459
2009-07-10,2009,7,10,0
2009-07-11,2009,7,11,0
2009-07-12,2009,7,12,0
2009-07-13,2009,7,13,0
2009-07-14,2009,7,14,0
2009-07-15,2009,7,15,0
2009-07-16,2009,7,16,0
2009-07-17,2009,7,17,0
2009-07-18,2009,7,18,9.6095521
2009-07-19,2009,7,19,0.064927753
2009-07-20,2009,7,20,0
2009-07-21,2009,7,21,18.956694
2009-07-22,2009,7,22,0
2009-07-23,2009,7,23,0
2009-07-24,2009,7,24,0
2009-07-25,2009,7,25,0
2009-07-26,2009,7,26,0
2009-07-27,2009,7,27,0
2009-07-28,2009,7,28,0
2009-07-29,2009,7,29,0
2009-07-30,2009,7,30,2.824552
2009-07-31,2009,7,31,12.587116
2009-08-01,2009,8,1,0
2009-08-02,2009,8,2,0
2009-08-03,2009,8,3,0.77702466
2009-08-04,2009,8,4,42.393969
2009-08-05,2009,8,5,8.6449466
2009-08-06,2009,8,6,0
2009-08-07,2009,8,7,0
2009-08-08,2009,8,8,0
2009-08-09,2009,8,9,0
2009-08-10,2009,8,10,0
2009-08-11,2009,8,11,1.437107
2009-08-12,2009,8,12,37.978206
2009-08-13,2009,8,13,20.055117
2009-08-14,2009,8,14,97.56366
2009-08-15,2009,8,15,6.2381018
2009-08-16,2009,8,16,5.9941307
2009-08-17,2009,8,17,9.8931991
2009-08-18,2009,8,18,28.714644
2009-08-19,2009,8,19,27.567482
2009-08-20,2009,8,20,0.016298922
2009-08-21,2009,8,21,9.9792705
2009-08-22,2009,8,22,0
2009-08-23,2009,8,23,19.090725
2009-08-24,2009,8,24,0.033161396
2009-08-25,2009,8,25,0
2009-08-26,2009,8,26,0
2009-08-27,2009,8,27,0
2009-08-28,2009,8,28,0
2009-08-29,2009,8,29,8.525215
2009-08-30,2009,8,30,7.5387862
2009-08-31,2009,8,31,6.7073571
2009-09-01,2009,9,1,0
2009-09-02,2009,9,2,0
2009-09-03,2009,9,3,0
2009-09-04,2009,9,4,51.806391
2009-09-05,2009,9,5,76.974397
2009-09-06,2009,9,6,29.820181
2009-09-07,2009,9,7,0
2009-09-08,2009,9,8,0
2009-09-09,2009,9,9,0
2009-09-10,2009,9,10,0
2009-09-11,2009,9,11,0
2009-09-12,2009,9,12,0
2009-09-13,2009,9,13,0
2009-09-14,2009,9,14,0.91932337
2009-09-15,2009,9,15,0
2009-09-16,2009,9,16,0
2009-09-17,2009,9,17,4.2371616
2009-09-18,2009,9,18,0
2009-09-19,2009,9,19,0
2009-09-20,2009,9,20,0
2009-09-21,2009,9,21,0
2009-09-22,2009,9,22,0
2009-09-23,2009,9,23,0
2009-09-24,2009,9,24,0
2009-09-25,2009,9,25,0
2009-09-26,2009,9,26,3.0641495
2009-09-27,2009,9,27,0
2009-09-28,2009,9,28,0
2009-09-29,2009,9,29,0
2009-09-30,2009,9,30,0
2009-10-01,2009,10,1,0
2009-10-02,2009,10,2,0
2009-10-03,2009,10,3,0
2009-10-04,2009,10,4,26.350316
2009-10-05,2009,10,5,6.222017
2009-10-06,2009,10,6,0
2009-10-07,2009,10,7,0
2009-10-08,2009,10,8,0
2009-10-09,2009,10,9,39.637767
2009-10-10,2009,10,10,14.840316
2009-10-11,2009,10,11,2.6231572
2009-10-12,2009,10,12,0
2009-10-13,2009,10,13,0
2009-10-14,2009,10,14,0
2009-10-15,2009,10,15,0
2009-10-16,2009,10,16,0
2009-10-17,2009,10,17,0
2009-10-18,2009,10,18,1.8201212
2009-10-19,2009,10,19,0
2009-10-20,2009,10,20,0
2009-10-21,2009,10,21,19.959514
2009-10-22,2009,10,22,52.536976
2009-10-23,2009,10,23,5.6249341
2009-10-24,2009,10,24,0
2009-10-25,2009,10,25,0
2009-10-26,2009,10,26,0
2009-10-27,2009,10,27,5.9586052
2009-10-28,2009,10,28,0
2009-10-29,2009,10,29,0
2009-10-30,2009,10,30,0
2009-10-31,2009,10,31,0
2009-11-01,2009,11,1,27.265277
2009-11-02,2009,11,2,0
2009-11-03,2009,11,3,0
2009-11-04,2009,11,4,9.2693325
2009-11-05,2009,11,5,0
2009-11-06,2009,11,6,1.2911788
2009-11-07,2009,11,7,0
2009-11-08,2009,11,8,0
2009-11-09,2009,11,9,0
2009-11-10,2009,11,10,0
2009-11-11,2009,11,11,0
2009-11-12,2009,11,12,0
2009-11-13,2009,11,13,0
2009-11-14,2009,11,14,0
2009-11-15,2009,11,15,0
2009-11-16,2009,11,16,0
2009-11-17,2009,11,17,10.111664
2009-11-18,2009,11,18,30.528552
2009-11-19,2009,11,19,0
2009-11-20,2009,11,20,0
2009-11-21,2009,11,21,0
2009-11-22,2009,11,22,0.0037553359
2009-11-23,2009,11,23,4.6880364
2009-11-24,2009,11,24,13.210343
2009-11-25,2009,11,25,0
2009-11-26,2009,11,26,0
2009-11-27,2009,11,27,0
2009-11-28,2009,11,28,0
2009-11-29,2009,11,29,0
2009-11-30,2009,11,30,0
2009-12-01,2009,12,1,0
2009-12-02,2009,12,2,0
2009-12-03,2009,12,3,0
2009-12-04,2009,12,4,0
2009-12-05,2009,12,5,0
2009-12-06,2009,12,6,0
2009-12-07,2009,12,7,0.83908543
2009-12-08,2009,12,8,0
2009-12-09,2009,12,9,0
2009-12-10,2009,12,10,0
2009-12-11,2009,12,11,0
2009-12-12,2009,12,12,0
2009-12-13,2009,12,13,0
2009-12-14,2009,12,14,0
2009-12-15,2009,12,15,0
2009-12-16,2009,12,16,0
2009-12-17,2009,12,17,0
2009-12-18,2009,12,18,0
2009-12-19,2009,12,19,0
2009-12-20,2009,12,20,0
2009-12-21,2009,12,21,0
2009-12-22,2009,12,22,0
2009-12-23,2009,12,23,0
2009-12-24,2009,12,24,0
2009-12-25,2009,12,25,0
2009-12-26,2009,12,26,0
2009-12-27,2009,12,27,0
2009-12-28,2009,12,28,6.3045422
2009-12-29,2009,12,29,0.1381812
2009-12-30,2009,12,30,0
2009-12-31,2009,12,31,0.26462399
2010-01-01,2010,1,1,0
2010-01-02,2010,1,2,0
2010-01-03,2010,1,3,0
2010-01-04,2010,1,4,0
2010-01-05,2010,1,5,0
2010-01-06,2010,1,6,0
2010-01-07,2010,1,7,0
2010-01-08,2010,1,8,0
2010-01-09,2010,1,9,0
2010-01-10,2010,1,10,0
2010-01-11,2010,1,11,10.958613
2010-01-12,2010,1,12,0
2010-01-13,2010,1,13,0
2010-01-14,2010,1,14,0
2010-01-15,2010,1,15,0
2010-01-16,2010,1,16,0
2010-01-17,2010,1,17,0
2010-01-18,2010,1,18,0
2010-01-19,2010,1,19,0
2010-01-20,2010,1,20,0
2010-01-21,2010,1,21,0
2010-01-22,2010,1,22,0
2010-01-23,2010,1,23,0
2010-01-24,2010,1,24,0
2010-01-25,2010,1,25,0
2010-01-26,2010,1,26,0
2010-01-27,2010,1,27,0
2010-01-28,2010,1,28,0
2010-01-29,2010,1,29,0
2010-01-30,2010,1,30,0
2010-01-31,2010,1,31,0
2010-02-01,2010,2,1,0
2010-02-02,2010,2,2,0
2010-02-03,2010,2,3,0
2010-02-04,2010,2,4,0
2010-02-05,2010,2,5,0
2010-02-06,2010,2,6,16.858194
2010-02-07,2010,2,7,22.10079
2010-02-08,2010,2,8,0
2010-02-09,2010,2,9,0
2010-02-10,2010,2,10,0
2010-02-11,2010,2,11,0
2010-02-12,2010,2,12,0
2010-02-13,2010,2,13,0
2010-02-14,2010,2,14,0
2010-02-15,2010,2,15,0
2010-02-16,2010,2,16,0
2010-02-17,2010,2,17,0
2010-02-18,2010,2,18,0
2010-02-19,2010,2,19,0
2010-02-20,2010,2,20,0
2010-02-21,2010,2,21,0
2010-02-22,2010,2,22,0
2010-02-23,2010,2,23,0
2010-02-24,2010,2,24,0
2010-02-25,2010,2,25,0
2010-02-26,2010,2,26,0
2010-02-27,2010,2,27,0
2010-02-28,2010,2,28,0
2010-03-01,2010,3,1,0
2010-03-02,2010,3,2,0
2010-03-03,2010,3,3,0
2010-03-04,2010,3,4,0
2010-03-05,2010,3,5,0
2010-03-06,2010,3,6,0
2010-03-07,2010,3,7,0
2010-03-08,2010,3,8,0
2010-03-09,2010,3,9,0
2010-03-10,2010,3,10,0
2010-03-11,2010,3,11,0
2010-03-12,2010,3,12,0
2010-03-13,2010,3,13,0
2010-03-14,2010,3,14,0
2010-03-15,2010,3,15,0
2010-03-16,2010,3,16,0
2010-03-17,2010,3,17,0
2010-03-18,2010,3,18,0
2010-03-19,2010,3,19,0
2010-03-20,2010,3,20,0
2010-03-21,2010,3,21,0
2010-03-22,2010,3,22,0
2010-03-23,2010,3,23,0
2010-03-24,2010,3,24,0
2010-03-25,2010,3,25,0
2010-03-26,2010,3,26,0
2010-03-27,2010,3,27,0
2010-03-28,2010,3,28,0
2010-03-29,2010,3,29,0
2010-03-30,2010,3,30,0
2010-03-31,2010,3,31,0
2010-04-01,2010,4,1,0
2010-04-02,2010,4,2,0
2010-04-03,2010,4,3,0
2010-04-04,2010,4,4,0
2010-04-05,2010,4,5,0
2010-04-06,2010,4,6,0
2010-04-07,2010,4,7,0
2010-04-08,2010,4,8,0
2010-04-09,2010,4,9,0
2010-04-10,2010,4,10,0
2010-04-11,2010,4,11,0
2010-04-12,2010,4,12,0
2010-04-13,2010,4,13,0
2010-04-14,2010,4,14,0
2010-04-15,2010,4,15,0
2010-04-16,2010,4,16,9.8405058
2010-04-17,2010,4,17,3.6946275
2010-04-18,2010,4,18,0.2200235
2010-04-19,2010,4,19,0
2010-04-20,2010,4,20,0
2010-04-21,2010,4,21,0
2010-04-22,2010,4,22,0
2010-04-23,2010,4,23,0
2010-04-24,2010,4,24,0
2010-04-25,2010,4,25,0
2010-04-26,2010,4,26,0
2010-04-27,2010,4,27,0
2010-04-28,2010,4,28,0
2010-04-29,2010,4,29,0
2010-04-30,2010,4,30,0
2010-05-01,2010,5,1,0
2010-05-02,2010,5,2,0
2010-05-03,2010,5,3,0
2010-05-04,2010,5,4,15.754483
2010-05-05,2010,5,5,46.841557
2010-05-06,2010,5,6,0
2010-05-07,2010,5,7,0
2010-05-08,2010,5,8,0
2010-05-09,2010,5,9,0
2010-05-10,2010,5,10,0
2010-05-11,2010,5,11,0
2010-05-12,2010,5,12,0
2010-05-13,2010,5,13,0
2010-05-14,2010,5,14,23.726067
2010-05-15,2010,5,15,0
2010-05-16,2010,5,16,0
2010-05-17,2010,5,17,0
2010-05-18,2010,5,18,0
2010-05-19,2010,5,19,0
2010-05-20,2010,5,20,0
2010-05-21,2010,5,21,0
2010-05-22,2010,5,22,10.81516
2010-05-23,2010,5,23,0
2010-05-24,2010,5,24,0
2010-05-25,2010,5,25,12.772816
2010-05-26,2010,5,26,0.3538016
2010-05-27,2010,5,27,0
2010-05-28,2010,5,28,7.1439668
2010-05-29,2010,5,29,0.41645591
2010-05-30,2010,5,30,0
2010-05-31,2010,5,31,0
2010-06-01,2010,6,1,0
2010-06-02,2010,6,2,0
2010-06-03,2010,6,3,0.039250095
2010-06-04,2010,6,4,0
2010-06-05,2010,6,5,0
2010-06-06,2010,6,6,0
2010-06-07,2010,6,7,0
2010-06-08,2010,6,8,0
2010-06-09,2010,6,9,0
2010-06-10,2010,6,10,24.491497
2010-06-11,2010,6,11,14.492272
2010-06-12,2010,6,12,0
2010-06-13,2010,6,13,35.565226
2010-06-14,2010,6,14,53.08679
2010-06-15,2010,6,15,17.031548
2010-06-16,2010,6,16,31.229797
2010-06-17,2010,6,17,93.984136
2010-06-18,2010,6,18,40.03843
2010-06-19,2010,6,19,11.699391
2010-06-20,2010,6,20,4.5749941
2010-06-21,2010,6,21,22.632617
2010-06-22,2010,6,22,10.371977
2010-06-23,2010,6,23,46.8632
2010-06-24,2010,6,24,0
2010-06-25,2010,6,25,0
2010-06-26,2010,6,26,0
2010-06-27,2010,6,27,0
2010-06-28,2010,6,28,0
2010-06-29,2010,6,29,0
2010-06-30,2010,6,30,0
2010-07-01,2010,7,1,0
2010-07-02,2010,7,2,0
2010-07-03,2010,7,3,1.7610278
2010-07-04,2010,7,4,53.567984
2010-07-05,2010,7,5,20.589532
2010-07-06,2010,7,6,58.633029
2010-07-07,2010,7,7,15.99599
2010-07-08,2010,7,8,8.7038462
2010-07-09,2010,7,9,0
2010-07-10,2010,7,10,15.298527
2010-07-11,2010,7,11,0
2010-07-12,2010,7,12,0
2010-07-13,2010,7,13,0
2010-07-14,2010,7,14,0
2010-07-15,2010,7,15,0
2010-07-16,2010,7,16,0
2010-07-17,2010,7,17,0
2010-07-18,2010,7,18,0
2010-07-19,2010,7,19,0
2010-07-20,2010,7,20,18.185926
2010-07-21,2010,7,21,27.315898
2010-07-22,2010,7,22,2.7277347
2010-07-23,2010,7,23,29.934444
2010-07-24,2010,7,24,3.3080359
2010-07-25,2010,7,25,0
2010-07-26,2010,7,26,0
2010-07-27,2010,7,27,14.118384
2010-07-28,2010,7,28,0
2010-07-29,2010,7,29,11.638266
2010-07-30,2010,7,30,4.6730456
2010-07-31,2010,7,31,0
2010-08-01,2010,8,1,0
2010-08-02,2010,8,2,0
2010-08-03,2010,8,3,0
2010-08-04,2010,8,4,0
2010-08-05,2010,8,5,3.5504174
2010-08-06,2010,8,6,0
2010-08-07,2010,8,7,0
2010-08-08,2010,8,8,0
2010-08-09,2010,8,9,0
2010-08-10,2010,8,10,0
2010-08-11,2010,8,11,0.0015427318
2010-08-12,2010,8,12,0
2010-08-13,2010,8,13,0
2010-08-14,2010,8,14,0
2010-08-15,2010,8,15,19.504423
2010-08-16,2010,8,16,12.352887
2010-08-17,2010,8,17,57.339507
2010-08-18,2010,8,18,0
2010-08-19,2010,8,19,0
2010-08-20,2010,8,20,0
2010-08-21,2010,8,21,0
2010-08-22,2010,8,22,18.419005
2010-08-23,2010,8,23,0
2010-08-24,2010,8,24,0
2010-08-25,2010,8,25,0
2010-08-26,2010,8,26,34.827507
2010-08-27,2010,8,27,26.47114
2010-08-28,2010,8,28,34.191683
2010-08-29,2010,8,29,0
2010-08-30,2010,8,30,6.9049258
2010-08-31,2010,8,31,0
2010-09-01,2010,9,1,0
2010-09-02,2010,9,2,1.0686262
2010-09-03,2010,9,3,0
2010-09-04,2010,9,4,0
2010-09-05,2010,9,5,0
2010-09-06,2010,9,6,0
2010-09-07,2010,9,7,0
2010-09-08,2010,9,8,0
2010-09-09,2010,9,9,0
2010-09-10,2010,9,10,0
2010-09-11,2010,9,11,0
2010-09-12,2010,9,12,2.7453411
2010-09-13,2010,9,13,0
2010-09-14,2010,9,14,4.6938224
2010-09-15,2010,9,15,0.013690735
2010-09-16,2010,9,16,0
2010-09-17,2010,9,17,0
2010-09-18,2010,9,18,0
2010-09-19,2010,9,19,0
2010-09-20,2010,9,20,0
2010-09-21,2010,9,21,0
2010-09-22,2010,9,22,0
2010-09-23,2010,9,23,0
2010-09-24,2010,9,24,0
2010-09-25,2010,9,25,0
2010-09-26,2010,9,26,11.31064
2010-09-27,2010,9,27,4.0329746
2010-09-28,2010,9,28,0
2010-09-29,2010,9,29,0
2010-09-30,2010,9,30,0
2010-10-01,2010,10,1,0
2010-10-02,2010,10,2,0
2010-10-03,2010,10,3,0
2010-10-04,2010,10,4,0
2010-10-05,2010,10,5,0
2010-10-06,2010,10,6,0
2010-10-07,2010,10,7,0
2010-10-08,2010,10,8,0
2010-10-09,2010,10,9,0
2010-10-10,2010,10,10,0
2010-10-11,2010,10,11,0
2010-10-12,2010,10,12,0
2010-10-13,2010,10,13,0
2010-10-14,2010,10,14,10.048342
2010-10-15,2010,10,15,0
2010-10-16,2010,10,16,0
2010-10-17,2010,10,17,0
2010-10-18,2010,10,18,0
2010-10-19,2010,10,19,0
2010-10-20,2010,10,20,0
2010-10-21,2010,10,21,0
2010-10-22,2010,10,22,6.1091352
2010-10-23,2010,10,23,0
2010-10-24,2010,10,24,0
2010-10-25,2010,10,25,0
2010-10-26,2010,10,26,0.011998512
2010-10-27,2010,10,27,17.647757
2010-10-28,2010,10,28,32.309489
2010-10-29,2010,10,29,11.716068
2010-10-30,2010,10,30,0
2010-10-31,2010,10,31,0
2010-11-01,2010,11,1,0
2010-11-02,2010,11,2,0
2010-11-03,2010,11,3,0
2010-11-04,2010,11,4,0
2010-11-05,2010,11,5,0
2010-11-06,2010,11,6,12.434824
2010-11-07,2010,11,7,22.870384
2010-11-08,2010,11,8,0
2010-11-09,2010,11,9,0
2010-11-10,2010,11,10,0
2010-11-11,2010,11,11,0
2010-11-12,2010,11,12,0
2010-11-13,2010,11,13,0
2010-11-14,2010,11,14,0
2010-11-15,2010,11,15,0
2010-11-16,2010,11,16,0
2010-11-17,2010,11,17,0
2010-11-18,2010,11,18,9.8676589
2010-11-19,2010,11,19,0
2010-11-20,2010,11,20,0.036399178
2010-11-21,2010,11,21,6.5757484
2010-11-22,2010,11,22,0
2010-11-23,2010,11,23,0
2010-11-24,2010,11,24,0
2010-11-25,2010,11,25,0
2010-11-26,2010,11,26,0
2010-11-27,2010,11,27,0
2010-11-28,2010,11,28,0
2010-11-29,2010,11,29,0
2010-11-30,2010,11,30,0
2010-12-01,2010,12,1,0
2010-12-02,2010,12,2,0
2010-12-03,2010,12,3,0
2010-12-04,2010,12,4,0
2010-12-05,2010,12,5,0
2010-12-06,2010,12,6,1.0361678
2010-12-07,2010,12,7,0
2010-12-08,2010,12,8,0
2010-12-09,2010,12,9,0
2010-12-10,2010,12,10,41.605155
2010-12-11,2010,12,11,5.1779501
2010-12-12,2010,12,12,0
2010-12-13,2010,12,13,0
2010-12-14,2010,12,14,0
2010-12-15,2010,12,15,0
2010-12-16,2010,12,16,0.046005049
2010-12-17,2010,12,17,5.1366868
2010-12-18,2010,12,18,0
2010-12-19,2010,12,19,0
2010-12-20,2010,12,20,0
2010-12-21,2010,12,21,0
2010-12-22,2010,12,22,0
2010-12-23,2010,12,23,0
2010-12-24,2010,12,24,0
2010-12-25,2010,12,25,0
2010-12-26,2010,12,26,0
2010-12-27,2010,12,27,0
2010-12-28,2010,12,28,0.031214779
2010-12-29,2010,12,29,0.0035024471
2010-12-30,2010,12,30,0
2010-12-31,2010,12,31,0.087953227
2011-01-01,2011,1,1,0
2011-01-02,2011,1,2,4.9987317
2011-01-03,2011,1,3,2.6465505
2011-01-04,2011,1,4,4.6240551
2011-01-05,2011,1,5,0
2011-01-06,2011,1,6,0
2011-01-07,2011,1,7,0
2011-01-08,2011,1,8,0
2011-01-09,2011,1,9,0
2011-01-10,2011,1,10,0
2011-01-11,2011,1,11,0
2011-01-12,2011,1,12,0
2011-01-13,2011,1,13,0
2011-01-14,2011,1,14,0
2011-01-15,2011,1,15,25.298071
2011-01-16,2011,1,16,0
2011-01-17,2011,1,17,0
2011-01-18,2011,1,18,0.6653368
2011-01-19,2011,1,19,0
2011-01-20,2011,1,20,0
2011-01-21,2011,1,21,0
2011-01-22,2011,1,22,0
2011-01-23,2011,1,23,0
2011-01-24,2011,1,24,0
2011-01-25,2011,1,25,9.3910722
2011-01-26,2011,1,26,0
2011-01-27,2011,1,27,0
2011-01-28,2011,1,28,0
2011-01-29,2011,1,29,0
2011-01-30,2011,1,30,0
2011-01-31,2011,1,31,0
2011-02-01,2011,2,1,0
2011-02-02,2011,2,2,0
2011-02-03,2011,2,3,0
2011-02-04,2011,2,4,0
2011-02-05,2011,2,5,0
2011-02-06,2011,2,6,0
2011-02-07,2011,2,7,0
2011-02-08,2011,2,8,0.00082166115
2011-02-09,2011,2,9,1.8810193
2011-02-10,2011,2,10,0
2011-02-11,2011,2,11,9.80885
2011-02-12,2011,2,12,27.850638
2011-02-13,2011,2,13,0
2011-02-14,2011,2,14,0
2011-02-15,2011,2,15,0
2011-02-16,2011,2,16,0
2011-02-17,2011,2,17,0
2011-02-18,2011,2,18,0
2011-02-19,2011,2,19,0
2011-02-20,2011,2,20,0
2011-02-21,2011,2,21,0
2011-02-22,2011,2,22,0
2011-02-23,2011,2,23,0
2011-02-24,2011,2,24,0
2011-02-25,2011,2,25,0
2011-02-26,2011,2,26,0
2011-02-27,2011,2,27,0
2011-02-28,2011,2,28,0
2011-03-01,2011,3,1,0
2011-03-02,2011,3,2,0
2011-03-03,2011,3,3,0
2011-03-04,2011,3,4,0
2011-03-05,2011,3,5,0
2011-03-06,2011,3,6,0
2011-03-07,2011,3,7,0
2011-03-08,2011,3,8,0
2011-03-09,2011,3,9,0
2011-03-10,2011,3,10,0
2011-03-11,2011,3,11,44.051913
2011-03-12,2011,3,12,0
2011-03-13,2011,3,13,0
2011-03-14,2011,3,14,10.9726
2011-03-15,2011,3,15,7.5082097
2011-03-16,2011,3,16,0
2011-03-17,2011,3,17,0
2011-03-18,2011,3,18,0
2011-03-19,2011,3,19,0
2011-03-20,2011,3,20,0
2011-03-21,2011,3,21,0.40525308
2011-03-22,2011,3,22,0
2011-03-23,2011,3,23,0
2011-03-24,2011,3,24,0
2011-03-25,2011,3,25,10.207693
2011-03-26,2011,3,26,0
2011-03-27,2011,3,27,0
2011-03-28,2011,3,28,0
2011-03-29,2011,3,29,0
2011-03-30,2011,3,30,0
2011-03-31,2011,3,31,0
2011-04-01,2011,4,1,0
2011-04-02,2011,4,2,0
2011-04-03,2011,4,3,0
2011-04-04,2011,4,4,0
2011-04-05,2011,4,5,0
2011-04-06,2011,4,6,0
2011-04-07,2011,4,7,0
2011-04-08,2011,4,8,0
2011-04-09,2011,4,9,0.033196006
2011-04-10,2011,4,10,0
2011-04-11,2011,4,11,0
2011-04-12,2011,4,12,82.086967
2011-04-13,2011,4,13,17.73495
2011-04-14,2011,4,14,0
2011-04-15,2011,4,15,0
2011-04-16,2011,4,16,0
2011-04-17,2011,4,17,0
2011-04-18,2011,4,18,0
2011-04-19,2011,4,19,0
2011-04-20,2011,4,20,0
2011-04-21,2011,4,21,49.05138
2011-04-22,2011,4,22,3.4316683
2011-04-23,2011,4,23,0
2011-04-24,2011,4,24,0
2011-04-25,2011,4,25,0
2011-04-26,2011,4,26,0
2011-04-27,2011,4,27,4.9126756
2011-04-28,2011,4,28,4.1574323
2011-04-29,2011,4,29,0
2011-04-30,2011,4,30,0
2011-05-01,2011,5,1,0
2011-05-02,2011,5,2,0
2011-05-03,2011,5,3,0
2011-05-04,2011,5,4,0
2011-05-05,2011,5,5,0
2011-05-06,2011,5,6,0
2011-05-07,2011,5,7,0
2011-05-08,2011,5,8,0
2011-05-09,2011,5,9,0
2011-05-10,2011,5,10,0
2011-05-11,2011,5,11,0
2011-05-12,2011,5,12,0
2011-05-13,2011,5,13,0
2011-05-14,2011,5,14,0
2011-05-15,2011,5,15,0
2011-05-16,2011,5,16,0
2011-05-17,2011,5,17,0
2011-05-18,2011,5,18,0
2011-05-19,2011,5,19,46.285518
2011-05-20,2011,5,20,7.9951618
2011-05-21,2011,5,21,35.591499
2011-05-22,2011,5,22,0
2011-05-23,2011,5,23,0
2011-05-24,2011,5,24,0
2011-05-25,2011,5,25,0
2011-05-26,2011,5,26,0
2011-05-27,2011,5,27,0
2011-05-28,2011,5,28,0
2011-05-29,2011,5,29,0
2011-05-30,2011,5,30,0
2011-05-31,2011,5,31,0
2011-06-01,2011,6,1,0
2011-06-02,2011,6,2,0
2011-06-03,2011,6,3,0
2011-06-04,2011,6,4,9.1464896
2011-06-05,2011,6,5,11.351919
2011-06-06,2011,6,6,9.1914665
2011-06-07,2011,6,7,56.523338
2011-06-08,2011,6,8,21.481039
2011-06-09,2011,6,9,0
2011-06-10,2011,6,10,12.966859
2011-06-11,2011,6,11,14.991323
2011-06-12,2011,6,12,0
2011-06-13,2011,6,13,0
2011-06-14,2011,6,14,0
2011-06-15,2011,6,15,1.6827699
2011-06-16,2011,6,16,10.825258
2011-06-17,2011,6,17,12.174719
2011-06-18,2011,6,18,71.527799
2011-06-19,2011,6,19,17.168663
2011-06-20,2011,6,20,0
2011-06-21,2011,6,21,0
2011-06-22,2011,6,22,0
2011-06-23,2011,6,23,0
2011-06-24,2011,6,24,0
2011-06-25,2011,6,25,0
2011-06-26,2011,6,26,0
2011-06-27,2011,6,27,0
2011-06-28,2011,6,28,49.237148
2011-06-29,2011,6,29,46.510727
2011-06-30,2011,6,30,0
2011-07-01,2011,7,1,0
2011-07-02,2011,7,2,0
2011-07-03,2011,7,3,0
2011-07-04,2011,7,4,0
2011-07-05,2011,7,5,0
2011-07-06,2011,7,6,0
2011-07-07,2011,7,7,0
2011-07-08,2011,7,8,0
2011-07-09,2011,7,9,15.063027
2011-07-10,2011,7,10,0
2011-07-11,2011,7,11,38.165094
2011-07-12,2011,7,12,0
2011-07-13,2011,7,13,6.9897566
2011-07-14,2011,7,14,75.474109
2011-07-15,2011,7,15,40.055028
2011-07-16,2011,7,16,27.45389
2011-07-17,2011,7,17,19.249291
2011-07-18,2011,7,18,0
2011-07-19,2011,7,19,0
2011-07-20,2011,7,20,0
2011-07-21,2011,7,21,0
2011-07-22,2011,7,22,0
2011-07-23,2011,7,23,0
2011-07-24,2011,7,24,26.694052
2011-07-25,2011,7,25,7.4573757
2011-07-26,2011,7,26,0
2011-07-27,2011,7,27,26.862277
2011-07-28,2011,7,28,11.271023
2011-07-29,2011,7,29,1.3064257
2011-07-30,2011,7,30,0
2011-07-31,2011,7,31,0
2011-08-01,2011,8,1,9.0600722
2011-08-02,2011,8,2,5.038264
2011-08-03,2011,8,3,0
2011-08-04,2011,8,4,31.211611
2011-08-05,2011,8,5,47.482637
2011-08-06,2011,8,6,39.99318
2011-08-07,2011,8,7,12.344386
2011-08-08,2011,8,8,0.36962168
2011-08-09,2011,8,9,38.027915
2011-08-10,2011,8,10,19.523793
2011-08-11,2011,8,11,80.950928
2011-08-12,2011,8,12,5.4923573
2011-08-13,2011,8,13,0
2011-08-14,2011,8,14,0
2011-08-15,2011,8,15,24.166809
2011-08-16,2011,8,16,60.238409
2011-08-17,2011,8,17,55.378691
2011-08-18,2011,8,18,1.9665169
2011-08-19,2011,8,19,0
2011-08-20,2011,8,20,0
2011-08-21,2011,8,21,0
2011-08-22,2011,8,22,0
2011-08-23,2011,8,23,16.516965
2011-08-24,2011,8,24,6.0830379
2011-08-25,2011,8,25,0
2011-08-26,2011,8,26,23.438945
2011-08-27,2011,8,27,13.556721
2011-08-28,2011,8,28,45.405658
2011-08-29,2011,8,29,10.317182
2011-08-30,2011,8,30,0
2011-08-31,2011,8,31,0
2011-09-01,2011,9,1,0
2011-09-02,2011,9,2,30.520735
2011-09-03,2011,9,3,5.4099863
2011-09-04,2011,9,4,6.5506864
2011-09-05,2011,9,5,0
2011-09-06,2011,9,6,0
2011-09-07,2011,9,7,0
2011-09-08,2011,9,8,24.563459
2011-09-09,2011,9,9,22.216029
2011-09-10,2011,9,10,0
2011-09-11,2011,9,11,0
2011-09-12,2011,9,12,0
2011-09-13,2011,9,13,0
2011-09-14,2011,9,14,0
2011-09-15,2011,9,15,16.565497
2011-09-16,2011,9,16,1.7647819
2011-09-17,2011,9,17,0
2011-09-18,2011,9,18,0
2011-09-19,2011,9,19,0
2011-09-20,2011,9,20,0
2011-09-21,2011,9,21,0
2011-09-22,2011,9,22,0
2011-09-23,2011,9,23,0
2011-09-24,2011,9,24,0
2011-09-25,2011,9,25,0
2011-09-26,2011,9,26,0
2011-09-27,2011,9,27,10.85924
2011-09-28,2011,9,28,13.102168
2011-09-29,2011,9,29,0
2011-09-30,2011,9,30,0
2011-10-01,2011,10,1,0
2011-10-02,2011,10,2,0
2011-10-03,2011,10,3,0
2011-10-04,2011,10,4,0
2011-10-05,2011,10,5,0.31365614
2011-10-06,2011,10,6,6.3682338
2011-10-07,2011,10,7,1.0771242
2011-10-08,2011,10,8,1.7394702
2011-10-09,2011,10,9,0
2011-10-10,2011,10,10,0
2011-10-11,2011,10,11,9.524676
2011-10-12,2011,10,12,5.2538016
2011-10-13,2011,10,13,0
2011-10-14,2011,10,14,0
2011-10-15,2011,10,15,0
2011-10-16,2011,10,16,0
2011-10-17,2011,10,17,4.9143912
2011-10-18,2011,10,18,0
2011-10-19,2011,10,19,0
2011-10-20,2011,10,20,0
2011-10-21,2011,10,21,0
2011-10-22,2011,10,22,0
2011-10-23,2011,10,23,0
2011-10-24,2011,10,24,0
2011-10-25,2011,10,25,0
2011-10-26,2011,10,26,0
2011-10-27,2011,10,27,0
2011-10-28,2011,10,28,0
2011-10-29,2011,10,29,0
2011-10-30,2011,10,30,0
2011-10-31,2011,10,31,0
2011-11-01,2011,11,1,0
2011-11-02,2011,11,2,0
2011-11-03,2011,11,3,0
2011-11-04,2011,11,4,0
2011-11-05,2011,11,5,0
2011-11-06,2011,11,6,0
2011-11-07,2011,11,7,0
2011-11-08,2011,11,8,38.241972
2011-11-09,2011,11,9,3.8440155
2011-11-10,2011,11,10,0
2011-11-11,2011,11,11,0
2011-11-12,2011,11,12,0
2011-11-13,2011,11,13,0
2011-11-14,2011,11,14,0
2011-11-15,2011,11,15,0
2011-11-16,2011,11,16,0.31587795
2011-11-17,2011,11,17,0
2011-11-18,2011,11,18,0
2011-11-19,2011,11,19,0.021359963
2011-11-20,2011,11,20,6.5205189
2011-11-21,2011,11,21,0
2011-11-22,2011,11,22,0
2011-11-23,2011,11,23,0
2011-11-24,2011,11,24,0
2011-11-25,2011,11,25,0
2011-11-26,2011,11,26,0
2011-11-27,2011,11,27,0
2011-11-28,2011,11,28,0
2011-11-29,2011,11,29,0
2011-11-30,2011,11,30,0
2011-12-01,2011,12,1,0
2011-12-02,2011,12,2,0
2011-12-03,2011,12,3,0
2011-12-04,2011,12,4,0
2011-12-05,2011,12,5,0
2011-12-06,2011,12,6,0
2011-12-07,2011,12,7,0.054267795
2011-12-08,2011,12,8,0.23344869
2011-12-09,2011,12,9,0
2011-12-10,2011,12,10,0
2011-12-11,2011,12,11,0
2011-12-12,2011,12,12,0
2011-12-13,2011,12,13,0
2011-12-14,2011,12,14,0
2011-12-15,2011,12,15,0
2011-12-16,2011,12,16,0.14377647
2011-12-17,2011,12,17,0
2011-12-18,2011,12,18,0
2011-12-19,2011,12,19,0
2011-12-20,2011,12,20,0
2011-12-21,2011,12,21,0
2011-12-22,2011,12,22,0
2011-12-23,2011,12,23,0
2011-12-24,2011,12,24,0
2011-12-25,2011,12,25,0
2011-12-26,2011,12,26,0
2011-12-27,2011,12,27,0
2011-12-28,2011,12,28,0
2011-12-29,2011,12,29,0
2011-12-30,2011,12,30,0
2011-12-31,2011,12,31,0
2012-01-01,2012,1,1,0
2012-01-02,2012,1,2,0
2012-01-03,2012,1,3,0
2012-01-04,2012,1,4,0
2012-01-05,2012,1,5,0
2012-01-06,2012,1,6,0
2012-01-07,2012,1,7,0
2012-01-08,2012,1,8,0
2012-01-09,2012,1,9,10.056876
2012-01-10,2012,1,10,0
2012-01-11,2012,1,11,0
2012-01-12,2012,1,12,0
2012-01-13,2012,1,13,0
2012-01-14,2012,1,14,0
2012-01-15,2012,1,15,0
2012-01-16,2012,1,16,0
2012-01-17,2012,1,17,0
2012-01-18,2012,1,18,0
2012-01-19,2012,1,19,0
2012-01-20,2012,1,20,0
2012-01-21,2012,1,21,0
2012-01-22,2012,1,22,0.00087921344
2012-01-23,2012,1,23,8.5302425e-05
2012-01-24,2012,1,24,0
2012-01-25,2012,1,25,0
2012-01-26,2012,1,26,0
2012-01-27,2012,1,27,0
2012-01-28,2012,1,28,0
2012-01-29,2012,1,29,0
2012-01-30,2012,1,30,0
2012-01-31,2012,1,31,0
2012-02-01,2012,2,1,0
2012-02-02,2012,2,2,0
2012-02-03,2012,2,3,0
2012-02-04,2012,2,4,0
2012-02-05,2012,2,5,0
2012-02-06,2012,2,6,0
2012-02-07,2012,2,7,0
2012-02-08,2012,2,8,0
2012-02-09,2012,2,9,0
2012-02-10,2012,2,10,0
2012-02-11,2012,2,11,0
2012-02-12,2012,2,12,10.071538
2012-02-13,2012,2,13,12.719465
2012-02-14,2012,2,14,0
2012-02-15,2012,2,15,0.00014193939
2012-02-16,2012,2,16,0
2012-02-17,2012,2,17,2.8956914
2012-02-18,2012,2,18,69.873566
2012-02-19,2012,2,19,0
2012-02-20,2012,2,20,0
2012-02-21,2012,2,21,0
2012-02-22,2012,2,22,0
2012-02-23,2012,2,23,0
2012-02-24,2012,2,24,14.611383
2012-02-25,2012,2,25,0
2012-02-26,2012,2,26,0
2012-02-27,2012,2,27,18.64138
2012-02-28,2012,2,28,6.8269856
2012-02-29,2012,2,29,1.3643049
2012-03-01,2012,3,1,0
2012-03-02,2012,3,2,0
2012-03-03,2012,3,3,0
2012-03-04,2012,3,4,5.6395728
2012-03-05,2012,3,5,0.017298984
2012-03-06,2012,3,6,0
2012-03-07,2012,3,7,0
2012-03-08,2012,3,8,0
2012-03-09,2012,3,9,0
2012-03-10,2012,3,10,0
2012-03-11,2012,3,11,0
2012-03-12,2012,3,12,0
2012-03-13,2012,3,13,0
2012-03-14,2012,3,14,0
2012-03-15,2012,3,15,0
2012-03-16,2012,3,16,0
2012-03-17,2012,3,17,0
2012-03-18,2012,3,18,0
2012-03-19,2012,3,19,0
2012-03-20,2012,3,20,0
2012-03-21,2012,3,21,0
2012-03-22,2012,3,22,0
2012-03-23,2012,3,23,0
2012-03-24,2012,3,24,0
2012-03-25,2012,3,25,0
2012-03-26,2012,3,26,0
2012-03-27,2012,3,27,0
2012-03-28,2012,3,28,0
2012-03-29,2012,3,29,0
2012-03-30,2012,3,30,0
2012-03-31,2012,3,31,0
2012-04-01,2012,4,1,0
2012-04-02,2012,4,2,0
2012-04-03,2012,4,3,0
2012-04-04,2012,4,4,0
2012-04-05,2012,4,5,0
2012-04-06,2012,4,6,0
2012-04-07,2012,4,7,0
2012-04-08,2012,4,8,0
2012-04-09,2012,4,9,0.21714067
2012-04-10,2012,4,10,0
2012-04-11,2012,4,11,0
2012-04-12,2012,4,12,3.640226
2012-04-13,2012,4,13,8.8006488
2012-04-14,2012,4,14,0
2012-04-15,2012,4,15,0
2012-04-16,2012,4,16,0
2012-04-17,2012,4,17,0
2012-04-18,2012,4,18,0
2012-04-19,2012,4,19,0
2012-04-20,2012,4,20,0
2012-04-21,2012,4,21,0
2012-04-22,2012,4,22,0
2012-04-23,2012,4,23,0
2012-04-24,2012,4,24,0
2012-04-25,2012,4,25,0
2012-04-26,2012,4,26,12.078426
2012-04-27,2012,4,27,13.993465
2012-04-28,2012,4,28,0
2012-04-29,2012,4,29,0
2012-04-30,2012,4,30,0
2012-05-01,2012,5,1,0
2012-05-02,2012,5,2,0
2012-05-03,2012,5,3,0
2012-05-04,2012,5,4,0
2012-05-05,2012,5,5,0
2012-05-06,2012,5,6,31.703635
2012-05-07,2012,5,7,0
2012-05-08,2012,5,8,0
2012-05-09,2012,5,9,0
2012-05-10,2012,5,10,0
2012-05-11,2012,5,11,0
2012-05-12,2012,5,12,0
2012-05-13,2012,5,13,0
2012-05-14,2012,5,14,0
2012-05-15,2012,5,15,23.060133
2012-05-16,2012,5,16,7.4043863
2012-05-17,2012,5,17,5.7721076
2012-05-18,2012,5,18,0
2012-05-19,2012,5,19,24.472878
2012-05-20,2012,5,20,0
2012-05-21,2012,5,21,0
2012-05-22,2012,5,22,0
2012-05-23,2012,5,23,0
2012-05-24,2012,5,24,0
2012-05-25,2012,5,25,30.924183
2012-05-26,2012,5,26,116.20021
2012-05-27,2012,5,27,76.0442
2012-05-28,2012,5,28,63.791643
2012-05-29,2012,5,29,0
2012-05-30,2012,5,30,0
2012-05-31,2012,5,31,0
2012-06-01,2012,6,1,35.634967
2012-06-02,2012,6,2,0
2012-06-03,2012,6,3,0
2012-06-04,2012,6,4,0
2012-06-05,2012,6,5,0
2012-06-06,2012,6,6,0
2012-06-07,2012,6,7,0
2012-06-08,2012,6,8,0
2012-06-09,2012,6,9,0
2012-06-10,2012,6,10,0
2012-06-11,2012,6,11,26.651732
2012-06-12,2012,6,12,74.798521
2012-06-13,2012,6,13,33.978385
2012-06-14,2012,6,14,12.633948
2012-06-15,2012,6,15,8.2232494
2012-06-16,2012,6,16,18.818281
2012-06-17,2012,6,17,40.737701
2012-06-18,2012,6,18,14.159298
2012-06-19,2012,6,19,19.933089
2012-06-20,2012,6,20,50.782095
2012-06-21,2012,6,21,0
2012-06-22,2012,6,22,0
2012-06-23,2012,6,23,0
2012-06-24,2012,6,24,0
2012-06-25,2012,6,25,0
2012-06-26,2012,6,26,0
2012-06-27,2012,6,27,23.77701
2012-06-28,2012,6,28,36.991544
2012-06-29,2012,6,29,30.871197
2012-06-30,2012,6,30,63.862999
2012-07-01,2012,7,1,19.96785
2012-07-02,2012,7,2,0
2012-07-03,2012,7,3,15.762391
2012-07-04,2012,7,4,19.549508
2012-07-05,2012,7,5,0
2012-07-06,2012,7,6,0
2012-07-07,2012,7,7,0
2012-07-08,2012,7,8,0
2012-07-09,2012,7,9,0
2012-07-10,2012,7,10,0
2012-07-11,2012,7,11,0
2012-07-12,2012,7,12,0
2012-07-13,2012,7,13,0
2012-07-14,2012,7,14,0
2012-07-15,2012,7,15,0
2012-07-16,2012,7,16,0
2012-07-17,2012,7,17,0
2012-07-18,2012,7,18,0
2012-07-19,2012,7,19,0
2012-07-20,2012,7,20,19.204
2012-07-21,2012,7,21,0
2012-07-22,2012,7,22,0
2012-07-23,2012,7,23,2.2880314
2012-07-24,2012,7,24,0
2012-07-25,2012,7,25,0
2012-07-26,2012,7,26,0
2012-07-27,2012,7,27,0
2012-07-28,2012,7,28,0
2012-07-29,2012,7,29,0
2012-07-30,2012,7,30,0
2012-07-31,2012,7,31,0
2012-08-01,2012,8,1,32.747669
2012-08-02,2012,8,2,15.644392
2012-08-03,2012,8,3,2.4535681
2012-08-04,2012,8,4,0
2012-08-05,2012,8,5,0
2012-08-06,2012,8,6,0.099696898
2012-08-07,2012,8,7,0
2012-08-08,2012,8,8,0
2012-08-09,2012,8,9,0
2012-08-10,2012,8,10,0
2012-08-11,2012,8,11,0
2012-08-12,2012,8,12,0
2012-08-13,2012,8,13,1.6398437
2012-08-14,2012,8,14,8.7868091
2012-08-15,2012,8,15,38.304039
2012-08-16,2012,8,16,9.7393977
2012-08-17,2012,8,17,6.5137007
2012-08-18,2012,8,18,0
2012-08-19,2012,8,19,19.207591
2012-08-20,2012,8,20,0
2012-08-21,2012,8,21,44.905878
2012-08-22,2012,8,22,18.347022
2012-08-23,2012,8,23,0.53145637
2012-08-24,2012,8,24,0
2012-08-25,2012,8,25,0
2012-08-26,2012,8,26,0
2012-08-27,2012,8,27,0
2012-08-28,2012,8,28,0
2012-08-29,2012,8,29,0
2012-08-30,2012,8,30,0
2012-08-31,2012,8,31,0
2012-09-01,2012,9,1,0
2012-09-02,2012,9,2,0
2012-09-03,2012,9,3,6.851466
2012-09-04,2012,9,4,0
2012-09-05,2012,9,5,0
2012-09-06,2012,9,6,0
2012-09-07,2012,9,7,0
2012-09-08,2012,9,8,0
2012-09-09,2012,9,9,0
2012-09-10,2012,9,10,0
2012-09-11,2012,9,11,0
2012-09-12,2012,9,12,0
2012-09-13,2012,9,13,0
2012-09-14,2012,9,14,0
2012-09-15,2012,9,15,0
2012-09-16,2012,9,16,0
2012-09-17,2012,9,17,0
2012-09-18,2012,9,18,0
2012-09-19,2012,9,19,11.261933
2012-09-20,2012,9,20,0
2012-09-21,2012,9,21,0
2012-09-22,2012,9,22,0
2012-09-23,2012,9,23,0
2012-09-24,2012,9,24,0
2012-09-25,2012,9,25,0
2012-09-26,2012,9,26,0
2012-09-27,2012,9,27,0
2012-09-28,2012,9,28,0
2012-09-29,2012,9,29,0
2012-09-30,2012,9,30,0.53010696
2012-10-01,2012,10,1,0
2012-10-02,2012,10,2,0
2012-10-03,2012,10,3,0
2012-10-04,2012,10,4,25.941563
2012-10-05,2012,10,5,38.723313
2012-10-06,2012,10,6,21.109238
2012-10-07,2012,10,7,10.372425
2012-10-08,2012,10,8,0
2012-10-09,2012,10,9,0
2012-10-10,2012,10,10,0
2012-10-11,2012,10,11,0
2012-10-12,2012,10,12,0
2012-10-13,2012,10,13,0
2012-10-14,2012,10,14,0.44784981
2012-10-15,2012,10,15,0
2012-10-16,2012,10,16,0
2012-10-17,2012,10,17,0
2012-10-18,2012,10,18,0
2012-10-19,2012,10,19,0
2012-10-20,2012,10,20,0
2012-10-21,2012,10,21,21.05199
2012-10-22,2012,10,22,6.3237818
2012-10-23,2012,10,23,0
2012-10-24,2012,10,24,0
2012-10-25,2012,10,25,0
2012-10-26,2012,10,26,0
2012-10-27,2012,10,27,0
2012-10-28,2012,10,28,0
2012-10-29,2012,10,29,0
2012-10-30,2012,10,30,0
2012-10-31,2012,10,31,0
2012-11-01,2012,11,1,0
2012-11-02,2012,11,2,0
2012-11-03,2012,11,3,0
2012-11-04,2012,11,4,0
2012-11-05,2012,11,5,0
2012-11-06,2012,11,6,0
2012-11-07,2012,11,7,0
2012-11-08,2012,11,8,13.266563
2012-11-09,2012,11,9,11.390837
2012-11-10,2012,11,10,2.0046287
2012-11-11,2012,11,11,0
2012-11-12,2012,11,12,0
2012-11-13,2012,11,13,0
2012-11-14,2012,11,14,0
2012-11-15,2012,11,15,0
2012-11-16,2012,11,16,11.049282
2012-11-17,2012,11,17,0
2012-11-18,2012,11,18,0
2012-11-19,2012,11,19,0
2012-11-20,2012,11,20,0
2012-11-21,2012,11,21,0
2012-11-22,2012,11,22,0
2012-11-23,2012,11,23,0
2012-11-24,2012,11,24,0
2012-11-25,2012,11,25,0
2012-11-26,2012,11,26,0
2012-11-27,2012,11,27,0
2012-11-28,2012,11,28,0.15872867
2012-11-29,2012,11,29,19.71887
2012-11-30,2012,11,30,1.5859376
2012-12-01,2012,12,1,5.2639026
2012-12-02,2012,12,2,16.44333
2012-12-03,2012,12,3,0.1154219
2012-12-04,2012,12,4,0
2012-12-05,2012,12,5,10.376072
2012-12-06,2012,12,6,23.815602
2012-12-07,2012,12,7,0
2012-12-08,2012,12,8,0
2012-12-09,2012,12,9,0
2012-12-10,2012,12,10,0
2012-12-11,2012,12,11,0
2012-12-12,2012,12,12,0
2012-12-13,2012,12,13,0
2012-12-14,2012,12,14,0
2012-12-15,2012,12,15,0
2012-12-16,2012,12,16,0
2012-12-17,2012,12,17,6.7538158
2012-12-18,2012,12,18,66.304684
2012-12-19,2012,12,19,34.472595
2012-12-20,2012,12,20,9.5607153
2012-12-21,2012,12,21,0
2012-12-22,2012,12,22,0
2012-12-23,2012,12,23,0
2012-12-24,2012,12,24,52.887759
2012-12-25,2012,12,25,0.1209368
2012-12-26,2012,12,26,0
2012-12-27,2012,12,27,0
2012-12-28,2012,12,28,0
2012-12-29,2012,12,29,0
2012-12-30,2012,12,30,0
2012-12-31,2012,12,31,0
2013-01-01,2013,1,1,0
2013-01-02,2013,1,2,0
2013-01-03,2013,1,3,0
2013-01-04,2013,1,4,0
2013-01-05,2013,1,5,0
2013-01-06,2013,1,6,0
2013-01-07,2013,1,7,0
2013-01-08,2013,1,8,0
2013-01-09,2013,1,9,0
2013-01-10,2013,1,10,0
2013-01-11,2013,1,11,0
2013-01-12,2013,1,12,0
2013-01-13,2013,1,13,0
2013-01-14,2013,1,14,0
2013-01-15,2013,1,15,0
2013-01-16,2013,1,16,0
2013-01-17,2013,1,17,0
2013-01-18,2013,1,18,0
2013-01-19,2013,1,19,0
2013-01-20,2013,1,20,0
2013-01-21,2013,1,21,0
2013-01-22,2013,1,22,0
2013-01-23,2013,1,23,0
2013-01-24,2013,1,24,0
2013-01-25,2013,1,25,0
2013-01-26,2013,1,26,0
2013-01-27,2013,1,27,0
2013-01-28,2013,1,28,5.571956
2013-01-29,2013,1,29,0
2013-01-30,2013,1,30,0
2013-01-31,2013,1,31,0
2013-02-01,2013,2,1,0
2013-02-02,2013,2,2,0
2013-02-03,2013,2,3,0
2013-02-04,2013,2,4,0
2013-02-05,2013,2,5,0
2013-02-06,2013,2,6,0
2013-02-07,2013,2,7,0.0015962657
2013-02-08,2013,2,8,11.590644
2013-02-09,2013,2,9,14.323635
2013-02-10,2013,2,10,10.017443
2013-02-11,2013,2,11,0
2013-02-12,2013,2,12,0
2013-02-13,2013,2,13,0
2013-02-14,2013,2,14,0
2013-02-15,2013,2,15,0
2013-02-16,2013,2,16,36.356636
2013-02-17,2013,2,17,0
2013-02-18,2013,2,18,0
2013-02-19,2013,2,19,0
2013-02-20,2013,2,20,0
2013-02-21,2013,2,21,0
2013-02-22,2013,2,22,0
2013-02-23,2013,2,23,0.0017975512
2013-02-24,2013,2,24,0
2013-02-25,2013,2,25,0
2013-02-26,2013,2,26,0
2013-02-27,2013,2,27,0
2013-02-28,2013,2,28,0
2013-03-01,2013,3,1,2.8023206
2013-03-02,2013,3,2,0
2013-03-03,2013,3,3,0
2013-03-04,2013,3,4,0
2013-03-05,2013,3,5,0
2013-03-06,2013,3,6,0
2013-03-07,2013,3,7,0
2013-03-08,2013,3,8,0
2013-03-09,2013,3,9,0
2013-03-10,2013,3,10,0
2013-03-11,2013,3,11,0
2013-03-12,2013,3,12,0
2013-03-13,2013,3,13,0
2013-03-14,2013,3,14,0
2013-03-15,2013,3,15,0
2013-03-16,2013,3,16,0
2013-03-17,2013,3,17,0
2013-03-18,2013,3,18,0
2013-03-19,2013,3,19,0
2013-03-20,2013,3,20,0
2013-03-21,2013,3,21,0
2013-03-22,2013,3,22,0
2013-03-23,2013,3,23,0
2013-03-24,2013,3,24,0
2013-03-25,2013,3,25,0
2013-03-26,2013,3,26,0
2013-03-27,2013,3,27,0
2013-03-28,2013,3,28,0
2013-03-29,2013,3,29,0
2013-03-30,2013,3,30,0
2013-03-31,2013,3,31,8.5043287
2013-04-01,2013,4,1,0
2013-04-02,2013,4,2,0
2013-04-03,2013,4,3,0
2013-04-04,2013,4,4,0
2013-04-05,2013,4,5,10.502498
2013-04-06,2013,4,6,0
2013-04-07,2013,4,7,0
2013-04-08,2013,4,8,0
2013-04-09,2013,4,9,0
2013-04-10,2013,4,10,0.60511344
2013-04-11,2013,4,11,0.0057497467
2013-04-12,2013,4,12,0
2013-04-13,2013,4,13,0
2013-04-14,2013,4,14,0
2013-04-15,2013,4,15,0
2013-04-16,2013,4,16,0
2013-04-17,2013,4,17,0
2013-04-18,2013,4,18,0
2013-04-19,2013,4,19,0
2013-04-20,2013,4,20,0
2013-04-21,2013,4,21,0
2013-04-22,2013,4,22,0
2013-04-23,2013,4,23,0
2013-04-24,2013,4,24,0
2013-04-25,2013,4,25,9.067822
2013-04-26,2013,4,26,3.6240931
2013-04-27,2013,4,27,0
2013-04-28,2013,4,28,0
2013-04-29,2013,4,29,0
2013-04-30,2013,4,30,0
2013-05-01,2013,5,1,13.688234
2013-05-02,2013,5,2,38.535478
2013-05-03,2013,5,3,18.271457
2013-05-04,2013,5,4,0
2013-05-05,2013,5,5,0
2013-05-06,2013,5,6,0
2013-05-07,2013,5,7,0
2013-05-08,2013,5,8,0
2013-05-09,2013,5,9,1.5766481
2013-05-10,2013,5,10,30.535219
2013-05-11,2013,5,11,0
2013-05-12,2013,5,12,0
2013-05-13,2013,5,13,0
2013-05-14,2013,5,14,0
2013-05-15,2013,5,15,0
2013-05-16,2013,5,16,0
2013-05-17,2013,5,17,0.78644388
2013-05-18,2013,5,18,21.829936
2013-05-19,2013,5,19,0
2013-05-20,2013,5,20,0
2013-05-21,2013,5,21,0
2013-05-22,2013,5,22,0
2013-05-23,2013,5,23,0
2013-05-24,2013,5,24,0
2013-05-25,2013,5,25,0
2013-05-26,2013,5,26,16.19534
2013-05-27,2013,5,27,84.260066
2013-05-28,2013,5,28,47.215678
2013-05-29,2013,5,29,0.23901779
2013-05-30,2013,5,30,53.064101
2013-05-31,2013,5,31,57.712575
2013-06-01,2013,6,1,9.7377709
2013-06-02,2013,6,2,0
2013-06-03,2013,6,3,0
2013-06-04,2013,6,4,0
2013-06-05,2013,6,5,0
2013-06-06,2013,6,6,0
2013-06-07,2013,6,7,0
2013-06-08,2013,6,8,0
2013-06-09,2013,6,9,0
2013-06-10,2013,6,10,0
2013-06-11,2013,6,11,0
2013-06-12,2013,6,12,0
2013-06-13,2013,6,13,0
2013-06-14,2013,6,14,0
2013-06-15,2013,6,15,21.170094
2013-06-16,2013,6,16,0
2013-06-17,2013,6,17,8.4311909
2013-06-18,2013,6,18,0
2013-06-19,2013,6,19,0
2013-06-20,2013,6,20,0
2013-06-21,2013,6,21,15.429558
2013-06-22,2013,6,22,0
2013-06-23,2013,6,23,0
2013-06-24,2013,6,24,0
2013-06-25,2013,6,25,0
2013-06-26,2013,6,26,27.592203
2013-06-27,2013,6,27,78.858163
2013-06-28,2013,6,28,29.847416
2013-06-29,2013,6,29,14.808331
2013-06-30,2013,6,30,0
2013-07-01,2013,7,1,0
2013-07-02,2013,7,2,62.849847
2013-07-03,2013,7,3,53.732966
2013-07-04,2013,7,4,21.935313
2013-07-05,2013,7,5,19.745743
2013-07-06,2013,7,6,0
2013-07-07,2013,7,7,0
2013-07-08,2013,7,8,11.277298
2013-07-09,2013,7,9,41.03572
2013-07-10,2013,7,10,42.156773
2013-07-11,2013,7,11,0.10791335
2013-07-12,2013,7,12,0
2013-07-13,2013,7,13,3.9922464
2013-07-14,2013,7,14,0
2013-07-15,2013,7,15,0
2013-07-16,2013,7,16,0
2013-07-17,2013,7,17,1.302106
2013-07-18,2013,7,18,0
2013-07-19,2013,7,19,0
2013-07-20,2013,7,20,1.6640128
2013-07-21,2013,7,21,0
2013-07-22,2013,7,22,0
2013-07-23,2013,7,23,0
2013-07-24,2013,7,24,0
2013-07-25,2013,7,25,5.5425759
2013-07-26,2013,7,26,10.11038
2013-07-27,2013,7,27,0
2013-07-28,2013,7,28,0
2013-07-29,2013,7,29,0
2013-07-30,2013,7,30,0
2013-07-31,2013,7,31,4.0549341
2013-08-01,2013,8,1,0
2013-08-02,2013,8,2,10.505271
2013-08-03,2013,8,3,31.133115
2013-08-04,2013,8,4,31.527849
2013-08-05,2013,8,5,0
2013-08-06,2013,8,6,65.754142
2013-08-07,2013,8,7,17.234612
2013-08-08,2013,8,8,0
2013-08-09,2013,8,9,0
2013-08-10,2013,8,10,22.795679
2013-08-11,2013,8,11,33.918312
2013-08-12,2013,8,12,0
2013-08-13,2013,8,13,0
2013-08-14,2013,8,14,0
2013-08-15,2013,8,15,0
2013-08-16,2013,8,16,0
2013-08-17,2013,8,17,0
2013-08-18,2013,8,18,0
2013-08-19,2013,8,19,0.00033553812
2013-08-20,2013,8,20,0
2013-08-21,2013,8,21,0.081920709
2013-08-22,2013,8,22,0
2013-08-23,2013,8,23,0
2013-08-24,2013,8,24,0
2013-08-25,2013,8,25,0
2013-08-26,2013,8,26,0
2013-08-27,2013,8,27,0
2013-08-28,2013,8,28,0
2013-08-29,2013,8,29,0
2013-08-30,2013,8,30,0
2013-08-31,2013,8,31,1.5982159
2013-09-01,2013,9,1,5.2628387
2013-09-02,2013,9,2,4.9287651
2013-09-03,2013,9,3,0
2013-09-04,2013,9,4,22.461038
2013-09-05,2013,9,5,9.3992521
2013-09-06,2013,9,6,36.901261
2013-09-07,2013,9,7,10.53932
2013-09-08,2013,9,8,0
2013-09-09,2013,9,9,28.242782
2013-09-10,2013,9,10,18.872959
2013-09-11,2013,9,11,17.134846
2013-09-12,2013,9,12,0
2013-09-13,2013,9,13,0
2013-09-14,2013,9,14,1.6805623
2013-09-15,2013,9,15,0
2013-09-16,2013,9,16,2.8025708
2013-09-17,2013,9,17,0
2013-09-18,2013,9,18,0
2013-09-19,2013,9,19,14.688329
2013-09-20,2013,9,20,15.214149
2013-09-21,2013,9,21,0
2013-09-22,2013,9,22,0
2013-09-23,2013,9,23,0
2013-09-24,2013,9,24,0
2013-09-25,2013,9,25,0
2013-09-26,2013,9,26,0
2013-09-27,2013,9,27,0.0065554733
2013-09-28,2013,9,28,0
2013-09-29,2013,9,29,0
2013-09-30,2013,9,30,0
2013-10-01,2013,10,1,0
2013-10-02,2013,10,2,0
2013-10-03,2013,10,3,0
2013-10-04,2013,10,4,0
2013-10-05,2013,10,5,0
2013-10-06,2013,10,6,0
2013-10-07,2013,10,7,0
2013-10-08,2013,10,8,0
2013-10-09,2013,10,9,0
2013-10-10,2013,10,10,0
2013-10-11,2013,10,11,0
2013-10-12,2013,10,12,0
2013-10-13,2013,10,13,0
2013-10-14,2013,10,14,0
2013-10-15,2013,10,15,0
2013-10-16,2013,10,16,0
2013-10-17,2013,10,17,0
2013-10-18,2013,10,18,0
2013-10-19,2013,10,19,33.969461
2013-10-20,2013,10,20,28.524406
2013-10-21,2013,10,21,0
2013-10-22,2013,10,22,0.02866038
2013-10-23,2013,10,23,0
2013-10-24,2013,10,24,0
2013-10-25,2013,10,25,0
2013-10-26,2013,10,26,0
2013-10-27,2013,10,27,0
2013-10-28,2013,10,28,0
2013-10-29,2013,10,29,0
2013-10-30,2013,10,30,0
2013-10-31,2013,10,31,5.2787382
2013-11-01,2013,11,1,0
2013-11-02,2013,11,2,0
2013-11-03,2013,11,3,0
2013-11-04,2013,11,4,0
2013-11-05,2013,11,5,0
2013-11-06,2013,11,6,0
2013-11-07,2013,11,7,0
2013-11-08,2013,11,8,0
2013-11-09,2013,11,9,0
2013-11-10,2013,11,10,0
2013-11-11,2013,11,11,0
2013-11-12,2013,11,12,0
2013-11-13,2013,11,13,0.060374378
2013-11-14,2013,11,14,8.734087
2013-11-15,2013,11,15,0
2013-11-16,2013,11,16,0
2013-11-17,2013,11,17,0
2013-11-18,2013,11,18,0
2013-11-19,2013,11,19,0
2013-11-20,2013,11,20,0
2013-11-21,2013,11,21,0
2013-11-22,2013,11,22,0
2013-11-23,2013,11,23,0
2013-11-24,2013,11,24,0
2013-11-25,2013,11,25,1.90141
2013-11-26,2013,11,26,4.5046323
2013-11-27,2013,11,27,0
2013-11-28,2013,11,28,0
2013-11-29,2013,11,29,0
2013-11-30,2013,11,30,0
2013-12-01,2013,12,1,0
2013-12-02,2013,12,2,0
2013-12-03,2013,12,3,0
2013-12-04,2013,12,4,0
2013-12-05,2013,12,5,0
2013-12-06,2013,12,6,0
2013-12-07,2013,12,7,0
2013-12-08,2013,12,8,0
2013-12-09,2013,12,9,0
2013-12-10,2013,12,10,0
2013-12-11,2013,12,11,0
2013-12-12,2013,12,12,0
2013-12-13,2013,12,13,0
2013-12-14,2013,12,14,0
2013-12-15,2013,12,15,0
2013-12-16,2013,12,16,0
2013-12-17,2013,12,17,0
2013-12-18,2013,12,18,0
2013-12-19,2013,12,19,0
2013-12-20,2013,12,20,0
2013-12-21,2013,12,21,0
2013-12-22,2013,12,22,0
2013-12-23,2013,12,23,0
2013-12-24,2013,12,24,0
2013-12-25,2013,12,25,0
2013-12-26,2013,12,26,0
2013-12-27,2013,12,27,0
2013-12-28,2013,12,28,0
2013-12-29,2013,12,29,0
2013-12-30,2013,12,30,0
2013-12-31,2013,12,31,0.013241606
2014-01-01,2014,1,1,0
2014-01-02,2014,1,2,0
2014-01-03,2014,1,3,0
2014-01-04,2014,1,4,0
2014-01-05,2014,1,5,0
2014-01-06,2014,1,6,0
2014-01-07,2014,1,7,0
2014-01-08,2014,1,8,0
2014-01-09,2014,1,9,0
2014-01-10,2014,1,10,0
2014-01-11,2014,1,11,0
2014-01-12,2014,1,12,0
2014-01-13,2014,1,13,0
2014-01-14,2014,1,14,0
2014-01-15,2014,1,15,0
2014-01-16,2014,1,16,0
2014-01-17,2014,1,17,0
2014-01-18,2014,1,18,0
2014-01-19,2014,1,19,0
2014-01-20,2014,1,20,0
2014-01-21,2014,1,21,0
2014-01-22,2014,1,22,0
2014-01-23,2014,1,23,17.430739
2014-01-24,2014,1,24,0
2014-01-25,2014,1,25,0
2014-01-26,2014,1,26,0
2014-01-27,2014,1,27,0.032228212
2014-01-28,2014,1,28,0
2014-01-29,2014,1,29,0
2014-01-30,2014,1,30,0
2014-01-31,2014,1,31,0
2014-02-01,2014,2,1,0
2014-02-02,2014,2,2,0
2014-02-03,2014,2,3,0
2014-02-04,2014,2,4,0
2014-02-05,2014,2,5,6.8712659
2014-02-06,2014,2,6,0
2014-02-07,2014,2,7,0
2014-02-08,2014,2,8,0
2014-02-09,2014,2,9,0
2014-02-10,2014,2,10,0
2014-02-11,2014,2,11,0
2014-02-12,2014,2,12,0
2014-02-13,2014,2,13,0
2014-02-14,2014,2,14,0
2014-02-15,2014,2,15,0
2014-02-16,2014,2,16,0
2014-02-17,2014,2,17,0
2014-02-18,2014,2,18,0
2014-02-19,2014,2,19,0
2014-02-20,2014,2,20,0
2014-02-21,2014,2,21,0
2014-02-22,2014,2,22,0
2014-02-23,2014,2,23,0
2014-02-24,2014,2,24,3.4764783
2014-02-25,2014,2,25,0.62671694
2014-02-26,2014,2,26,0
2014-02-27,2014,2,27,0
2014-02-28,2014,2,28,0
2014-03-01,2014,3,1,0
2014-03-02,2014,3,2,0
2014-03-03,2014,3,3,0
2014-03-04,2014,3,4,0
2014-03-05,2014,3,5,0
2014-03-06,2014,3,6,0
2014-03-07,2014,3,7,0
2014-03-08,2014,3,8,0.7933379
2014-03-09,2014,3,9,0
2014-03-10,2014,3,10,0
2014-03-11,2014,3,11,0
2014-03-12,2014,3,12,0
2014-03-13,2014,3,13,0
2014-03-14,2014,3,14,0
2014-03-15,2014,3,15,0
2014-03-16,2014,3,16,0
2014-03-17,2014,3,17,0
2014-03-18,2014,3,18,0
2014-03-19,2014,3,19,0
2014-03-20,2014,3,20,0
2014-03-21,2014,3,21,0
2014-03-22,2014,3,22,0
2014-03-23,2014,3,23,0
2014-03-24,2014,3,24,0
2014-03-25,2014,3,25,0
2014-03-26,2014,3,26,0
2014-03-27,2014,3,27,0
2014-03-28,2014,3,28,0
2014-03-29,2014,3,29,41.47849
2014-03-30,2014,3,30,0
2014-03-31,2014,3,31,0.049887183
2014-04-01,2014,4,1,0
2014-04-02,2014,4,2,0
2014-04-03,2014,4,3,0
2014-04-04,2014,4,4,0
2014-04-05,2014,4,5,0
2014-04-06,2014,4,6,0
2014-04-07,2014,4,7,6.9731859
2014-04-08,2014,4,8,0
2014-04-09,2014,4,9,0
2014-04-10,2014,4,10,0
2014-04-11,2014,4,11,23.322961
2014-04-12,2014,4,12,0
2014-04-13,2014,4,13,0
2014-04-14,2014,4,14,0
2014-04-15,2014,4,15,0
2014-04-16,2014,4,16,0
2014-04-17,2014,4,17,0
2014-04-18,2014,4,18,0
2014-04-19,2014,4,19,0
2014-04-20,2014,4,20,0
2014-04-21,2014,4,21,0
2014-04-22,2014,4,22,0
2014-04-23,2014,4,23,0
2014-04-24,2014,4,24,0
2014-04-25,2014,4,25,0
2014-04-26,2014,4,26,0
2014-04-27,2014,4,27,0
2014-04-28,2014,4,28,0
2014-04-29,2014,4,29,0
2014-04-30,2014,4,30,60.478056
2014-05-01,2014,5,1,62.621631
2014-05-02,2014,5,2,40.57061
2014-05-03,2014,5,3,7.3577047
2014-05-04,2014,5,4,0
2014-05-05,2014,5,5,0
2014-05-06,2014,5,6,0
2014-05-07,2014,5,7,0
2014-05-08,2014,5,8,0
2014-05-09,2014,5,9,0
2014-05-10,2014,5,10,0
2014-05-11,2014,5,11,0
2014-05-12,2014,5,12,0
2014-05-13,2014,5,13,8.441957
2014-05-14,2014,5,14,11.4577
2014-05-15,2014,5,15,5.1513175
2014-05-16,2014,5,16,0
2014-05-17,2014,5,17,0.53757738
2014-05-18,2014,5,18,8.4261449
2014-05-19,2014,5,19,0
2014-05-20,2014,5,20,21.853536
2014-05-21,2014,5,21,5.5079051
2014-05-22,2014,5,22,0
2014-05-23,2014,5,23,0
2014-05-24,2014,5,24,0
2014-05-25,2014,5,25,0
2014-05-26,2014,5,26,0
2014-05-27,2014,5,27,0
2014-05-28,2014,5,28,28.685311
2014-05-29,2014,5,29,33.346845
2014-05-30,2014,5,30,6.6124385
2014-05-31,2014,5,31,0
2014-06-01,2014,6,1,0
2014-06-02,2014,6,2,0
2014-06-03,2014,6,3,71.419529
2014-06-04,2014,6,4,42.54362
2014-06-05,2014,6,5,1.1207901
2014-06-06,2014,6,6,50.690261
2014-06-07,2014,6,7,41.659851
2014-06-08,2014,6,8,33.630715
2014-06-09,2014,6,9,0
2014-06-10,2014,6,10,18.336976
2014-06-11,2014,6,11,63.087577
2014-06-12,2014,6,12,14.156703
2014-06-13,2014,6,13,5.1480894
2014-06-14,2014,6,14,32.270951
2014-06-15,2014,6,15,11.392437
2014-06-16,2014,6,16,0
2014-06-17,2014,6,17,0
2014-06-18,2014,6,18,0
2014-06-19,2014,6,19,0
2014-06-20,2014,6,20,0
2014-06-21,2014,6,21,25.676566
2014-06-22,2014,6,22,0.91435155
2014-06-23,2014,6,23,0
2014-06-24,2014,6,24,0
2014-06-25,2014,6,25,0.035381757
2014-06-26,2014,6,26,0
2014-06-27,2014,6,27,0
2014-06-28,2014,6,28,0
2014-06-29,2014,6,29,0
2014-06-30,2014,6,30,0
2014-07-01,2014,7,1,22.249582
2014-07-02,2014,7,2,6.1456545
2014-07-03,2014,7,3,9.6228471
2014-07-04,2014,7,4,8.9884855
2014-07-05,2014,7,5,0
2014-07-06,2014,7,6,0
2014-07-07,2014,7,7,0
2014-07-08,2014,7,8,0
2014-07-09,2014,7,9,0
2014-07-10,2014,7,10,0
2014-07-11,2014,7,11,0
2014-07-12,2014,7,12,0
2014-07-13,2014,7,13,13.238567
2014-07-14,2014,7,14,49.39552
2014-07-15,2014,7,15,17.020247
2014-07-16,2014,7,16,5.1406395
2014-07-17,2014,7,17,0
2014-07-18,2014,7,18,0
2014-07-19,2014,7,19,0
2014-07-20,2014,7,20,0
2014-07-21,2014,7,21,0.02136339
2014-07-22,2014,7,22,0
2014-07-23,2014,7,23,0
2014-07-24,2014,7,24,0
2014-07-25,2014,7,25,0
2014-07-26,2014,7,26,8.1068198
2014-07-27,2014,7,27,52.158647
2014-07-28,2014,7,28,72.504246
2014-07-29,2014,7,29,9.3391425
2014-07-30,2014,7,30,31.214963
2014-07-31,2014,7,31,76.61288
2014-08-01,2014,8,1,34.517401
2014-08-02,2014,8,2,52.702935
2014-08-03,2014,8,3,15.878215
2014-08-04,2014,8,4,0
2014-08-05,2014,8,5,75.228573
2014-08-06,2014,8,6,6.7815913
2014-08-07,2014,8,7,0
2014-08-08,2014,8,8,0
2014-08-09,2014,8,9,4.4381764
2014-08-10,2014,8,10,0
2014-08-11,2014,8,11,0
2014-08-12,2014,8,12,0
2014-08-13,2014,8,13,0
2014-08-14,2014,8,14,0
2014-08-15,2014,8,15,0
2014-08-16,2014,8,16,0
2014-08-17,2014,8,17,0
2014-08-18,2014,8,18,0
2014-08-19,2014,8,19,0
2014-08-20,2014,8,20,0
2014-08-21,2014,8,21,0
2014-08-22,2014,8,22,18.176621
2014-08-23,2014,8,23,25.342522
2014-08-24,2014,8,24,5.610925
2014-08-25,2014,8,25,0
2014-08-26,2014,8,26,0
2014-08-27,2014,8,27,0
2014-08-28,2014,8,28,0
2014-08-29,2014,8,29,20.615189
2014-08-30,2014,8,30,15.766632
2014-08-31,2014,8,31,20.485589
2014-09-01,2014,9,1,17.459662
2014-09-02,2014,9,2,31.857967
2014-09-03,2014,9,3,14.90925
2014-09-04,2014,9,4,22.071337
2014-09-05,2014,9,5,22.710734
2014-09-06,2014,9,6,9.2703565
2014-09-07,2014,9,7,0
2014-09-08,2014,9,8,11.002504
2014-09-09,2014,9,9,0.18436727
2014-09-10,2014,9,10,0
2014-09-11,2014,9,11,0
2014-09-12,2014,9,12,0
2014-09-13,2014,9,13,0
2014-09-14,2014,9,14,0
2014-09-15,2014,9,15,0
2014-09-16,2014,9,16,0
2014-09-17,2014,9,17,0
2014-09-18,2014,9,18,8.872455
2014-09-19,2014,9,19,0.055161874
2014-09-20,2014,9,20,0
2014-09-21,2014,9,21,6.1397522
2014-09-22,2014,9,22,0
2014-09-23,2014,9,23,10.686156
2014-09-24,2014,9,24,48.424464
2014-09-25,2014,9,25,6.6341915
2014-09-26,2014,9,26,0
2014-09-27,2014,9,27,36.844138
2014-09-28,2014,9,28,9.8989177
2014-09-29,2014,9,29,0
2014-09-30,2014,9,30,0
2014-10-01,2014,10,1,0
2014-10-02,2014,10,2,0.10427811
2014-10-03,2014,10,3,0
2014-10-04,2014,10,4,0.052610902
2014-10-05,2014,10,5,0
2014-10-06,2014,10,6,0
2014-10-07,2014,10,7,0
2014-10-08,2014,10,8,0
2014-10-09,2014,10,9,0
2014-10-10,2014,10,10,0
2014-10-11,2014,10,11,0
2014-10-12,2014,10,12,0
2014-10-13,2014,10,13,0
2014-10-14,2014,10,14,0
2014-10-15,2014,10,15,0
2014-10-16,2014,10,16,0
2014-10-17,2014,10,17,13.068915
2014-10-18,2014,10,18,0
2014-10-19,2014,10,19,0
2014-10-20,2014,10,20,0
2014-10-21,2014,10,21,0
2014-10-22,2014,10,22,0
2014-10-23,2014,10,23,0
2014-10-24,2014,10,24,0
2014-10-25,2014,10,25,0
2014-10-26,2014,10,26,0
2014-10-27,2014,10,27,5.3554447
2014-10-28,2014,10,28,25.446902
2014-10-29,2014,10,29,1.4505521
2014-10-30,2014,10,30,0
2014-10-31,2014,10,31,0
2014-11-01,2014,11,1,0
2014-11-02,2014,11,2,0.010112946
2014-11-03,2014,11,3,0
2014-11-04,2014,11,4,0
2014-11-05,2014,11,5,0
2014-11-06,2014,11,6,0
2014-11-07,2014,11,7,0
2014-11-08,2014,11,8,0
2014-11-09,2014,11,9,0
2014-11-10,2014,11,10,0
2014-11-11,2014,11,11,0
2014-11-12,2014,11,12,0
2014-11-13,2014,11,13,0
2014-11-14,2014,11,14,0
2014-11-15,2014,11,15,0
2014-11-16,2014,11,16,0
2014-11-17,2014,11,17,3.1113696
2014-11-18,2014,11,18,1.6014621
2014-11-19,2014,11,19,0
2014-11-20,2014,11,20,0
2014-11-21,2014,11,21,0
2014-11-22,2014,11,22,0
2014-11-23,2014,11,23,0.047400942
2014-11-24,2014,11,24,0
2014-11-25,2014,11,25,0
2014-11-26,2014,11,26,0
2014-11-27,2014,11,27,0
2014-11-28,2014,11,28,6.9153362
2014-11-29,2014,11,29,7.7765402
2014-11-30,2014,11,30,0
2014-12-01,2014,12,1,0
2014-12-02,2014,12,2,0
2014-12-03,2014,12,3,0
2014-12-04,2014,12,4,0
2014-12-05,2014,12,5,0.25542853
2014-12-06,2014,12,6,0
2014-12-07,2014,12,7,0
2014-12-08,2014,12,8,0
2014-12-09,2014,12,9,0
2014-12-10,2014,12,10,25.916863
2014-12-11,2014,12,11,0.026708355
2014-12-12,2014,12,12,0
2014-12-13,2014,12,13,0
2014-12-14,2014,12,14,0
2014-12-15,2014,12,15,0
2014-12-16,2014,12,16,0
2014-12-17,2014,12,17,0
2014-12-18,2014,12,18,0
2014-12-19,2014,12,19,11.301621
2014-12-20,2014,12,20,12.013152
2014-12-21,2014,12,21,0.051499557
2014-12-22,2014,12,22,0
2014-12-23,2014,12,23,0
2014-12-24,2014,12,24,0
2014-12-25,2014,12,25,0
2014-12-26,2014,12,26,0
2014-12-27,2014,12,27,0
2014-12-28,2014,12,28,0
2014-12-29,2014,12,29,0
2014-12-30,2014,12,30,13.324705
2014-12-31,2014,12,31,6.9064544
2015-01-01,2015,1,1,0
2015-01-02,2015,1,2,0
2015-01-03,2015,1,3,0
2015-01-04,2015,1,4,0
2015-01-05,2015,1,5,0
2015-01-06,2015,1,6,0
2015-01-07,2015,1,7,0
2015-01-08,2015,1,8,0
2015-01-09,2015,1,9,0
2015-01-10,2015,1,10,0
2015-01-11,2015,1,11,0
2015-01-12,2015,1,12,0
2015-01-13,2015,1,13,0
2015-01-14,2015,1,14,0
2015-01-15,2015,1,15,0
2015-01-16,2015,1,16,0
2015-01-17,2015,1,17,0
2015-01-18,2015,1,18,0
2015-01-19,2015,1,19,0
2015-01-20,2015,1,20,0
2015-01-21,2015,1,21,0
2015-01-22,2015,1,22,0
2015-01-23,2015,1,23,0
2015-01-24,2015,1,24,0
2015-01-25,2015,1,25,0
2015-01-26,2015,1,26,0
2015-01-27,2015,1,27,0
2015-01-28,2015,1,28,0
2015-01-29,2015,1,29,0
2015-01-30,2015,1,30,0
2015-01-31,2015,1,31,0
2015-02-01,2015,2,1,0
2015-02-02,2015,2,2,0
2015-02-03,2015,2,3,0
2015-02-04,2015,2,4,0
2015-02-05,2015,2,5,0
2015-02-06,2015,2,6,0
2015-02-07,2015,2,7,0
2015-02-08,2015,2,8,0
2015-02-09,2015,2,9,0
2015-02-10,2015,2,10,0
2015-02-11,2015,2,11,0
2015-02-12,2015,2,12,0
2015-02-13,2015,2,13,0
2015-02-14,2015,2,14,0
2015-02-15,2015,2,15,0
2015-02-16,2015,2,16,0
2015-02-17,2015,2,17,0
2015-02-18,2015,2,18,0
2015-02-19,2015,2,19,0
2015-02-20,2015,2,20,0
2015-02-21,2015,2,21,0
2015-02-22,2015,2,22,0
2015-02-23,2015,2,23,0
2015-02-24,2015,2,24,0
2015-02-25,2015,2,25,0
2015-02-26,2015,2,26,0
2015-02-27,2015,2,27,0
2015-02-28,2015,2,28,0.00030210069
2015-03-01,2015,3,1,0
2015-03-02,2015,3,2,0
2015-03-03,2015,3,3,0
2015-03-04,2015,3,4,0
2015-03-05,2015,3,5,0
2015-03-06,2015,3,6,0
2015-03-07,2015,3,7,0
2015-03-08,2015,3,8,0
2015-03-09,2015,3,9,0
2015-03-10,2015,3,10,0
2015-03-11,2015,3,11,0
2015-03-12,2015,3,12,0
2015-03-13,2015,3,13,0
2015-03-14,2015,3,14,0
2015-03-15,2015,3,15,0
2015-03-16,2015,3,16,0
2015-03-17,2015,3,17,0
2015-03-18,2015,3,18,0
2015-03-19,2015,3,19,0
2015-03-20,2015,3,20,0
2015-03-21,2015,3,21,0
2015-03-22,2015,3,22,0
2015-03-23,2015,3,23,0
2015-03-24,2015,3,24,0.0094537474
2015-03-25,2015,3,25,0
2015-03-26,2015,3,26,0
2015-03-27,2015,3,27,0
2015-03-28,2015,3,28,0
2015-03-29,2015,3,29,0
2015-03-30,2015,3,30,0
2015-03-31,2015,3,31,0
2015-04-01,2015,4,1,0
2015-04-02,2015,4,2,0
2015-04-03,2015,4,3,0
2015-04-04,2015,4,4,0
2015-04-05,2015,4,5,0
2015-04-06,2015,4,6,0
2015-04-07,2015,4,7,0
2015-04-08,2015,4,8,0
2015-04-09,2015,4,9,0
2015-04-10,2015,4,10,0
2015-04-11,2015,4,11,0
2015-04-12,2015,4,12,0
2015-04-13,2015,4,13,0
2015-04-14,2015,4,14,0
2015-04-15,2015,4,15,8.8976597
2015-04-16,2015,4,16,0
2015-04-17,2015,4,17,0
2015-04-18,2015,4,18,22.795091
2015-04-19,2015,4,19,0
2015-04-20,2015,4,20,0
2015-04-21,2015,4,21,0
2015-04-22,2015,4,22,0
2015-04-23,2015,4,23,0
2015-04-24,2015,4,24,0
2015-04-25,2015,4,25,0
2015-04-26,2015,4,26,0
2015-04-27,2015,4,27,0
2015-04-28,2015,4,28,0
2015-04-29,2015,4,29,0
2015-04-30,2015,4,30,0
2015-05-01,2015,5,1,21.83552
2015-05-02,2015,5,2,0
2015-05-03,2015,5,3,0
2015-05-04,2015,5,4,0
2015-05-05,2015,5,5,0
2015-05-06,2015,5,6,0
2015-05-07,2015,5,7,0
2015-05-08,2015,5,8,22.970176
2015-05-09,2015,5,9,0
2015-05-10,2015,5,10,0
2015-05-11,2015,5,11,0
2015-05-12,2015,5,12,0
2015-05-13,2015,5,13,0
2015-05-14,2015,5,14,0
2015-05-15,2015,5,15,0
2015-05-16,2015,5,16,0
2015-05-17,2015,5,17,0
2015-05-18,2015,5,18,0
2015-05-19,2015,5,19,0
2015-05-20,2015,5,20,22.376508
2015-05-21,2015,5,21,9.700532
2015-05-22,2015,5,22,0
2015-05-23,2015,5,23,0
2015-05-24,2015,5,24,0
2015-05-25,2015,5,25,0
2015-05-26,2015,5,26,0
2015-05-27,2015,5,27,0
2015-05-28,2015,5,28,12.223292
2015-05-29,2015,5,29,1.1843968
2015-05-30,2015,5,30,0
2015-05-31,2015,5,31,20.069043
2015-06-01,2015,6,1,3.4028605
2015-06-02,2015,6,2,36.977832
2015-06-03,2015,6,3,5.7731622
2015-06-04,2015,6,4,24.39767
2015-06-05,2015,6,5,86.527417
2015-06-06,2015,6,6,18.316212
2015-06-07,2015,6,7,0
2015-06-08,2015,6,8,38.707944
2015-06-09,2015,6,9,0.0023707783
2015-06-10,2015,6,10,0
2015-06-11,2015,6,11,0
2015-06-12,2015,6,12,0
2015-06-13,2015,6,13,29.302199
2015-06-14,2015,6,14,0
2015-06-15,2015,6,15,0
2015-06-16,2015,6,16,0
2015-06-17,2015,6,17,0
2015-06-18,2015,6,18,0
2015-06-19,2015,6,19,2.3411382
2015-06-20,2015,6,20,0
2015-06-21,2015,6,21,0
2015-06-22,2015,6,22,0
2015-06-23,2015,6,23,0
2015-06-24,2015,6,24,0
2015-06-25,2015,6,25,0
2015-06-26,2015,6,26,0
2015-06-27,2015,6,27,0
2015-06-28,2015,6,28,0
2015-06-29,2015,6,29,0
2015-06-30,2015,6,30,0
2015-07-01,2015,7,1,0
2015-07-02,2015,7,2,0
2015-07-03,2015,7,3,0
2015-07-04,2015,7,4,13.409893
2015-07-05,2015,7,5,21.453646
2015-07-06,2015,7,6,0
2015-07-07,2015,7,7,12.829497
2015-07-08,2015,7,8,65.967732
2015-07-09,2015,7,9,6.0002995
2015-07-10,2015,7,10,21.593901
2015-07-11,2015,7,11,112.0851
2015-07-12,2015,7,12,34.895485
2015-07-13,2015,7,13,9.284534
2015-07-14,2015,7,14,0
2015-07-15,2015,7,15,13.736738
2015-07-16,2015,7,16,0
2015-07-17,2015,7,17,21.542784
2015-07-18,2015,7,18,2.907635
2015-07-19,2015,7,19,2.2884141
2015-07-20,2015,7,20,0
2015-07-21,2015,7,21,0
2015-07-22,2015,7,22,0
2015-07-23,2015,7,23,0
2015-07-24,2015,7,24,0
2015-07-25,2015,7,25,0
2015-07-26,2015,7,26,48.238324
2015-07-27,2015,7,27,43.917807
2015-07-28,2015,7,28,13.315496
2015-07-29,2015,7,29,2.1232741
2015-07-30,2015,7,30,29.490928
2015-07-31,2015,7,31,10.188143
2015-08-01,2015,8,1,68.09619
2015-08-02,2015,8,2,17.1245
2015-08-03,2015,8,3,0
2015-08-04,2015,8,4,0
2015-08-05,2015,8,5,61.011626
2015-08-06,2015,8,6,50.621193
2015-08-07,2015,8,7,26.361923
2015-08-08,2015,8,8,43.649774
2015-08-09,2015,8,9,36.845716
2015-08-10,2015,8,10,1.9021638
2015-08-11,2015,8,11,0
2015-08-12,2015,8,12,0
2015-08-13,2015,8,13,0
2015-08-14,2015,8,14,12.468855
2015-08-15,2015,8,15,5.3559044
2015-08-16,2015,8,16,0
2015-08-17,2015,8,17,0
2015-08-18,2015,8,18,0
2015-08-19,2015,8,19,0
2015-08-20,2015,8,20,0.56870495
2015-08-21,2015,8,21,27.46159
2015-08-22,2015,8,22,0
2015-08-23,2015,8,23,0
2015-08-24,2015,8,24,0
2015-08-25,2015,8,25,57.362858
2015-08-26,2015,8,26,3.8395162
2015-08-27,2015,8,27,12.326323
2015-08-28,2015,8,28,102.33335
2015-08-29,2015,8,29,10.644953
2015-08-30,2015,8,30,0
2015-08-31,2015,8,31,0
2015-09-01,2015,9,1,0
2015-09-02,2015,9,2,0
2015-09-03,2015,9,3,0
2015-09-04,2015,9,4,0
2015-09-05,2015,9,5,0
2015-09-06,2015,9,6,26.763875
2015-09-07,2015,9,7,35.15473
2015-09-08,2015,9,8,8.5945677
2015-09-09,2015,9,9,0
2015-09-10,2015,9,10,0
2015-09-11,2015,9,11,0
2015-09-12,2015,9,12,0
2015-09-13,2015,9,13,0
2015-09-14,2015,9,14,0.99194346
2015-09-15,2015,9,15,5.0749202
2015-09-16,2015,9,16,17.106259
2015-09-17,2015,9,17,6.3340205
2015-09-18,2015,9,18,0
2015-09-19,2015,9,19,0
2015-09-20,2015,9,20,0
2015-09-21,2015,9,21,0.024090391
2015-09-22,2015,9,22,4.5404213
2015-09-23,2015,9,23,18.248197
2015-09-24,2015,9,24,23.709898
2015-09-25,2015,9,25,0
2015-09-26,2015,9,26,0
2015-09-27,2015,9,27,37.932436
2015-09-28,2015,9,28,7.5282461
2015-09-29,2015,9,29,0
2015-09-30,2015,9,30,12.188679
2015-10-01,2015,10,1,16.301758
2015-10-02,2015,10,2,0
2015-10-03,2015,10,3,2.4024112
2015-10-04,2015,10,4,48.015416
2015-10-05,2015,10,5,1.6748312
2015-10-06,2015,10,6,0
2015-10-07,2015,10,7,0
2015-10-08,2015,10,8,0
2015-10-09,2015,10,9,0
2015-10-10,2015,10,10,0
2015-10-11,2015,10,11,0
2015-10-12,2015,10,12,3.9856417
2015-10-13,2015,10,13,35.459512
2015-10-14,2015,10,14,41.375854
2015-10-15,2015,10,15,0
2015-10-16,2015,10,16,0
2015-10-17,2015,10,17,0
2015-10-18,2015,10,18,0
2015-10-19,2015,10,19,14.666433
2015-10-20,2015,10,20,0
2015-10-21,2015,10,21,0
2015-10-22,2015,10,22,0
2015-10-23,2015,10,23,0
2015-10-24,2015,10,24,8.6721458
2015-10-25,2015,10,25,3.7107031
2015-10-26,2015,10,26,0
2015-10-27,2015,10,27,0
2015-10-28,2015,10,28,0
2015-10-29,2015,10,29,0
2015-10-30,2015,10,30,0
2015-10-31,2015,10,31,0
2015-11-01,2015,11,1,0
2015-11-02,2015,11,2,0.20344621
2015-11-03,2015,11,3,0
2015-11-04,2015,11,4,0
2015-11-05,2015,11,5,0
2015-11-06,2015,11,6,0
2015-11-07,2015,11,7,0
2015-11-08,2015,11,8,0
2015-11-09,2015,11,9,0
2015-11-10,2015,11,10,0
2015-11-11,2015,11,11,0
2015-11-12,2015,11,12,0
2015-11-13,2015,11,13,0
2015-11-14,2015,11,14,0
2015-11-15,2015,11,15,0
2015-11-16,2015,11,16,0
2015-11-17,2015,11,17,0
2015-11-18,2015,11,18,7.4389603
2015-11-19,2015,11,19,0
2015-11-20,2015,11,20,0
2015-11-21,2015,11,21,2.3240455
2015-11-22,2015,11,22,0
2015-11-23,2015,11,23,0.0014251335
2015-11-24,2015,11,24,3.0145764
2015-11-25,2015,11,25,0
2015-11-26,2015,11,26,0.55016373
2015-11-27,2015,11,27,0
2015-11-28,2015,11,28,0
2015-11-29,2015,11,29,0
2015-11-30,2015,11,30,0
2015-12-01,2015,12,1,0.98131052
2015-12-02,2015,12,2,3.9047928
2015-12-03,2015,12,3,0
2015-12-04,2015,12,4,0
2015-12-05,2015,12,5,0
2015-12-06,2015,12,6,0
2015-12-07,2015,12,7,0
2015-12-08,2015,12,8,0
2015-12-09,2015,12,9,0
2015-12-10,2015,12,10,0
2015-12-11,2015,12,11,0
2015-12-12,2015,12,12,0
2015-12-13,2015,12,13,0
2015-12-14,2015,12,14,0
2015-12-15,2015,12,15,0
2015-12-16,2015,12,16,0
2015-12-17,2015,12,17,0
2015-12-18,2015,12,18,0
2015-12-19,2015,12,19,0
2015-12-20,2015,12,20,0
2015-12-21,2015,12,21,0
2015-12-22,2015,12,22,0
2015-12-23,2015,12,23,0
2015-12-24,2015,12,24,0
2015-12-25,2015,12,25,0
2015-12-26,2015,12,26,0
2015-12-27,2015,12,27,0
2015-12-28,2015,12,28,0
2015-12-29,2015,12,29,0
2015-12-30,2015,12,30,0
2015-12-31,2015,12,31,0
2016-01-01,2016,1,1,0
2016-01-02,2016,1,2,0
2016-01-03,2016,1,3,0
2016-01-04,2016,1,4,0.0017559625
2016-01-05,2016,1,5,0
2016-01-06,2016,1,6,0
2016-01-07,2016,1,7,0.019044206
2016-01-08,2016,1,8,0
2016-01-09,2016,1,9,0
2016-01-10,2016,1,10,0
2016-01-11,2016,1,11,0
2016-01-12,2016,1,12,0
2016-01-13,2016,1,13,0
2016-01-14,2016,1,14,0
2016-01-15,2016,1,15,0
2016-01-16,2016,1,16,0
2016-01-17,2016,1,17,0
2016-01-18,2016,1,18,0
2016-01-19,2016,1,19,0
2016-01-20,2016,1,20,0
2016-01-21,2016,1,21,0
2016-01-22,2016,1,22,0
2016-01-23,2016,1,23,4.1477657
2016-01-24,2016,1,24,3.8088097
2016-01-25,2016,1,25,0
2016-01-26,2016,1,26,2.1764215
2016-01-27,2016,1,27,0
2016-01-28,2016,1,28,0
2016-01-29,2016,1,29,0
2016-01-30,2016,1,30,0
2016-01-31,2016,1,31,0
2016-02-01,2016,2,1,0
2016-02-02,2016,2,2,18.33768
2016-02-03,2016,2,3,0.032723623
2016-02-04,2016,2,4,0.00054749424
2016-02-05,2016,2,5,0
2016-02-06,2016,2,6,0
2016-02-07,2016,2,7,0
2016-02-08,2016,2,8,0
2016-02-09,2016,2,9,0
2016-02-10,2016,2,10,0
2016-02-11,2016,2,11,0
2016-02-12,2016,2,12,0
2016-02-13,2016,2,13,0
2016-02-14,2016,2,14,0
2016-02-15,2016,2,15,0
2016-02-16,2016,2,16,0
2016-02-17,2016,2,17,0
2016-02-18,2016,2,18,0
2016-02-19,2016,2,19,0
2016-02-20,2016,2,20,0
2016-02-21,2016,2,21,0
2016-02-22,2016,2,22,0
2016-02-23,2016,2,23,0
2016-02-24,2016,2,24,0
2016-02-25,2016,2,25,0
2016-02-26,2016,2,26,0
2016-02-27,2016,2,27,0
2016-02-28,2016,2,28,0
2016-02-29,2016,2,29,0
2016-03-01,2016,3,1,0
2016-03-02,2016,3,2,0
2016-03-03,2016,3,3,0
2016-03-04,2016,3,4,0
2016-03-05,2016,3,5,0
2016-03-06,2016,3,6,0
2016-03-07,2016,3,7,0
2016-03-08,2016,3,8,0
2016-03-09,2016,3,9,0
2016-03-10,2016,3,10,0
2016-03-11,2016,3,11,0
2016-03-12,2016,3,12,0
2016-03-13,2016,3,13,0
2016-03-14,2016,3,14,0
2016-03-15,2016,3,15,0
2016-03-16,2016,3,16,0
2016-03-17,2016,3,17,0
2016-03-18,2016,3,18,0
2016-03-19,2016,3,19,0
2016-03-20,2016,3,20,0
2016-03-21,2016,3,21,0
2016-03-22,2016,3,22,0
2016-03-23,2016,3,23,0
2016-03-24,2016,3,24,0
2016-03-25,2016,3,25,0
2016-03-26,2016,3,26,0
2016-03-27,2016,3,27,0
2016-03-28,2016,3,28,0
2016-03-29,2016,3,29,0
2016-03-30,2016,3,30,0
2016-03-31,2016,3,31,0
2016-04-01,2016,4,1,0
2016-04-02,2016,4,2,0
2016-04-03,2016,4,3,12.822103
2016-04-04,2016,4,4,0
2016-04-05,2016,4,5,0
2016-04-06,2016,4,6,12.006821
2016-04-07,2016,4,7,0
2016-04-08,2016,4,8,0.32331513
2016-04-09,2016,4,9,0
2016-04-10,2016,4,10,0
2016-04-11,2016,4,11,0
2016-04-12,2016,4,12,0
2016-04-13,2016,4,13,19.571004
2016-04-14,2016,4,14,68.235272
2016-04-15,2016,4,15,48.597202
2016-04-16,2016,4,16,14.888151
2016-04-17,2016,4,17,8.3319934
2016-04-18,2016,4,18,6.3150451
2016-04-19,2016,4,19,0.85369122
2016-04-20,2016,4,20,1.3180471
2016-04-21,2016,4,21,0
2016-04-22,2016,4,22,47.176654
2016-04-23,2016,4,23,46.9888
2016-04-24,2016,4,24,5.7342448
2016-04-25,2016,4,25,0
2016-04-26,2016,4,26,0
2016-04-27,2016,4,27,0
2016-04-28,2016,4,28,0
2016-04-29,2016,4,29,0
2016-04-30,2016,4,30,20.754361
2016-05-01,2016,5,1,18.433343
2016-05-02,2016,5,2,0
2016-05-03,2016,5,3,0
2016-05-04,2016,5,4,0
2016-05-05,2016,5,5,10.39635
2016-05-06,2016,5,6,0
2016-05-07,2016,5,7,0.25116282
2016-05-08,2016,5,8,0
2016-05-09,2016,5,9,0
2016-05-10,2016,5,10,0
2016-05-11,2016,5,11,15.202779
2016-05-12,2016,5,12,0
2016-05-13,2016,5,13,0
2016-05-14,2016,5,14,15.334163
2016-05-15,2016,5,15,0
2016-05-16,2016,5,16,0
2016-05-17,2016,5,17,0
2016-05-18,2016,5,18,16.175928
2016-05-19,2016,5,19,6.6257418
2016-05-20,2016,5,20,1.3431431
2016-05-21,2016,5,21,0
2016-05-22,2016,5,22,0
2016-05-23,2016,5,23,0
2016-05-24,2016,5,24,1.5930606
2016-05-25,2016,5,25,13.553595
2016-05-26,2016,5,26,0
2016-05-27,2016,5,27,0
2016-05-28,2016,5,28,9.9162505
2016-05-29,2016,5,29,18.730474
2016-05-30,2016,5,30,5.3046637
2016-05-31,2016,5,31,3.6691454
2016-06-01,2016,6,1,4.6004955
2016-06-02,2016,6,2,0
2016-06-03,2016,6,3,10.519579
2016-06-04,2016,6,4,0.71325191
2016-06-05,2016,6,5,0
2016-06-06,2016,6,6,0
2016-06-07,2016,6,7,0
2016-06-08,2016,6,8,0
2016-06-09,2016,6,9,0
2016-06-10,2016,6,10,0
2016-06-11,2016,6,11,0
2016-06-12,2016,6,12,13.168012
2016-06-13,2016,6,13,8.4399073
2016-06-14,2016,6,14,0
2016-06-15,2016,6,15,0
2016-06-16,2016,6,16,0
2016-06-17,2016,6,17,0
2016-06-18,2016,6,18,0
2016-06-19,2016,6,19,0
2016-06-20,2016,6,20,0
2016-06-21,2016,6,21,0
2016-06-22,2016,6,22,0
2016-06-23,2016,6,23,0
2016-06-24,2016,6,24,0
2016-06-25,2016,6,25,0
2016-06-26,2016,6,26,0
2016-06-27,2016,6,27,0
2016-06-28,2016,6,28,0
2016-06-29,2016,6,29,0
2016-06-30,2016,6,30,0
2016-07-01,2016,7,1,0
2016-07-02,2016,7,2,0
2016-07-03,2016,7,3,1.8641198
2016-07-04,2016,7,4,0
2016-07-05,2016,7,5,0
2016-07-06,2016,7,6,0
2016-07-07,2016,7,7,0
2016-07-08,2016,7,8,0
2016-07-09,2016,7,9,0.57811039
2016-07-10,2016,7,10,49.757571
2016-07-11,2016,7,11,15.126525
2016-07-12,2016,7,12,25.669217
2016-07-13,2016,7,13,56.284059
2016-07-14,2016,7,14,3.6215619
2016-07-15,2016,7,15,0
2016-07-16,2016,7,16,0
2016-07-17,2016,7,17,20.694605
2016-07-18,2016,7,18,0
2016-07-19,2016,7,19,0
2016-07-20,2016,7,20,13.07699
2016-07-21,2016,7,21,0
2016-07-22,2016,7,22,17.28227
2016-07-23,2016,7,23,41.896779
2016-07-24,2016,7,24,48.745516
2016-07-25,2016,7,25,4.0451493
2016-07-26,2016,7,26,0
2016-07-27,2016,7,27,0
2016-07-28,2016,7,28,13.681614
2016-07-29,2016,7,29,0
2016-07-30,2016,7,30,3.6462471
2016-07-31,2016,7,31,4.3060572
2016-08-01,2016,8,1,0
2016-08-02,2016,8,2,0
2016-08-03,2016,8,3,0
2016-08-04,2016,8,4,0
2016-08-05,2016,8,5,0
2016-08-06,2016,8,6,0
2016-08-07,2016,8,7,0
2016-08-08,2016,8,8,0
2016-08-09,2016,8,9,0
2016-08-10,2016,8,10,0
2016-08-11,2016,8,11,0
2016-08-12,2016,8,12,20.590269
2016-08-13,2016,8,13,0.077848842
2016-08-14,2016,8,14,44.624802
2016-08-15,2016,8,15,39.979887
2016-08-16,2016,8,16,7.0299053
2016-08-17,2016,8,17,19.236428
2016-08-18,2016,8,18,1.9978036
2016-08-19,2016,8,19,6.4943995
2016-08-20,2016,8,20,0
2016-08-21,2016,8,21,0
2016-08-22,2016,8,22,0
2016-08-23,2016,8,23,0
2016-08-24,2016,8,24,0
2016-08-25,2016,8,25,9.3586804
2016-08-26,2016,8,26,0
2016-08-27,2016,8,27,0
2016-08-28,2016,8,28,0
2016-08-29,2016,8,29,0
2016-08-30,2016,8,30,9.132694
2016-08-31,2016,8,31,0
2016-09-01,2016,9,1,0
2016-09-02,2016,9,2,0
2016-09-03,2016,9,3,0
2016-09-04,2016,9,4,0
2016-09-05,2016,9,5,0
2016-09-06,2016,9,6,0
2016-09-07,2016,9,7,0
2016-09-08,2016,9,8,0
2016-09-09,2016,9,9,0
2016-09-10,2016,9,10,0
2016-09-11,2016,9,11,15.924713
2016-09-12,2016,9,12,19.312445
2016-09-13,2016,9,13,0
2016-09-14,2016,9,14,0
2016-09-15,2016,9,15,0
2016-09-16,2016,9,16,0
2016-09-17,2016,9,17,0
2016-09-18,2016,9,18,0
2016-09-19,2016,9,19,0
2016-09-20,2016,9,20,0
2016-09-21,2016,9,21,0
2016-09-22,2016,9,22,0
2016-09-23,2016,9,23,0
2016-09-24,2016,9,24,0
2016-09-25,2016,9,25,0
2016-09-26,2016,9,26,0
2016-09-27,2016,9,27,0
2016-09-28,2016,9,28,0
2016-09-29,2016,9,29,9.9860045
2016-09-30,2016,9,30,0
2016-10-01,2016,10,1,0
2016-10-02,2016,10,2,0
2016-10-03,2016,10,3,3.8885455
2016-10-04,2016,10,4,0
2016-10-05,2016,10,5,0
2016-10-06,2016,10,6,0
2016-10-07,2016,10,7,0
2016-10-08,2016,10,8,0
2016-10-09,2016,10,9,0
2016-10-10,2016,10,10,0
2016-10-11,2016,10,11,17.352107
2016-10-12,2016,10,12,38.005729
2016-10-13,2016,10,13,5.840017
2016-10-14,2016,10,14,11.313017
2016-10-15,2016,10,15,38.601746
2016-10-16,2016,10,16,18.629059
2016-10-17,2016,10,17,7.6636746
2016-10-18,2016,10,18,8.1109971
2016-10-19,2016,10,19,0
2016-10-20,2016,10,20,0
2016-10-21,2016,10,21,0
2016-10-22,2016,10,22,0
2016-10-23,2016,10,23,6.9836918
2016-10-24,2016,10,24,2.930775
2016-10-25,2016,10,25,0
2016-10-26,2016,10,26,0
2016-10-27,2016,10,27,0
2016-10-28,2016,10,28,0
2016-10-29,2016,10,29,0
2016-10-30,2016,10,30,0
2016-10-31,2016,10,31,13.876714
2016-11-01,2016,11,1,0
2016-11-02,2016,11,2,0
2016-11-03,2016,11,3,0
2016-11-04,2016,11,4,0
2016-11-05,2016,11,5,0
2016-11-06,2016,11,6,0
2016-11-07,2016,11,7,0
2016-11-08,2016,11,8,0
2016-11-09,2016,11,9,0
2016-11-10,2016,11,10,0
2016-11-11,2016,11,11,0
2016-11-12,2016,11,12,0
2016-11-13,2016,11,13,0
2016-11-14,2016,11,14,0
2016-11-15,2016,11,15,0
2016-11-16,2016,11,16,0
2016-11-17,2016,11,17,0
2016-11-18,2016,11,18,0
2016-11-19,2016,11,19,0
2016-11-20,2016,11,20,0.069805946
2016-11-21,2016,11,21,0
2016-11-22,2016,11,22,0
2016-11-23,2016,11,23,8.6036951
2016-11-24,2016,11,24,0
2016-11-25,2016,11,25,8.1378692
2016-11-26,2016,11,26,7.9306535
2016-11-27,2016,11,27,0
2016-11-28,2016,11,28,0
2016-11-29,2016,11,29,0
2016-11-30,2016,11,30,0
2016-12-01,2016,12,1,0
2016-12-02,2016,12,2,0
2016-12-03,2016,12,3,0
2016-12-04,2016,12,4,19.194802
2016-12-05,2016,12,5,0
2016-12-06,2016,12,6,0
2016-12-07,2016,12,7,0
2016-12-08,2016,12,8,0
2016-12-09,2016,12,9,0
2016-12-10,2016,12,10,0
2016-12-11,2016,12,11,0
2016-12-12,2016,12,12,0
2016-12-13,2016,12,13,0
2016-12-14,2016,12,14,0
2016-12-15,2016,12,15,0
2016-12-16,2016,12,16,0
2016-12-17,2016,12,17,0
2016-12-18,2016,12,18,0
2016-12-19,2016,12,19,0
2016-12-20,2016,12,20,0
2016-12-21,2016,12,21,0
2016-12-22,2016,12,22,0
2016-12-23,2016,12,23,0
2016-12-24,2016,12,24,0
2016-12-25,2016,12,25,25.177032
2016-12-26,2016,12,26,0.093633246
2016-12-27,2016,12,27,0
2016-12-28,2016,12,28,0
2016-12-29,2016,12,29,0
2016-12-30,2016,12,30,0
2016-12-31,2016,12,31,0
2017-01-01,2017,1,1,0
2017-01-02,2017,1,2,0
2017-01-03,2017,1,3,0
2017-01-04,2017,1,4,0
2017-01-05,2017,1,5,0
2017-01-06,2017,1,6,0
2017-01-07,2017,1,7,0
2017-01-08,2017,1,8,11.583595
2017-01-09,2017,1,9,0.050479334
2017-01-10,2017,1,10,0
2017-01-11,2017,1,11,0
2017-01-12,2017,1,12,0
2017-01-13,2017,1,13,0
2017-01-14,2017,1,14,0
2017-01-15,2017,1,15,0
2017-01-16,2017,1,16,0
2017-01-17,2017,1,17,0
2017-01-18,2017,1,18,0
2017-01-19,2017,1,19,0
2017-01-20,2017,1,20,0
2017-01-21,2017,1,21,0
2017-01-22,2017,1,22,0
2017-01-23,2017,1,23,0
2017-01-24,2017,1,24,0
2017-01-25,2017,1,25,0
2017-01-26,2017,1,26,0
2017-01-27,2017,1,27,0
2017-01-28,2017,1,28,0
2017-01-29,2017,1,29,0
2017-01-30,2017,1,30,0
2017-01-31,2017,1,31,0
2017-02-01,2017,2,1,0
2017-02-02,2017,2,2,0
2017-02-03,2017,2,3,0.0033185235
2017-02-04,2017,2,4,5.2699255
2017-02-05,2017,2,5,0
2017-02-06,2017,2,6,0
2017-02-07,2017,2,7,0
2017-02-08,2017,2,8,0
2017-02-09,2017,2,9,0
2017-02-10,2017,2,10,0
2017-02-11,2017,2,11,0
2017-02-12,2017,2,12,0
2017-02-13,2017,2,13,0
2017-02-14,2017,2,14,0
2017-02-15,2017,2,15,0
2017-02-16,2017,2,16,1.1518783
2017-02-17,2017,2,17,2.1166486
2017-02-18,2017,2,18,0
2017-02-19,2017,2,19,0
2017-02-20,2017,2,20,0
2017-02-21,2017,2,21,0
2017-02-22,2017,2,22,0
2017-02-23,2017,2,23,0
2017-02-24,2017,2,24,0
2017-02-25,2017,2,25,0.0020411013
2017-02-26,2017,2,26,0
2017-02-27,2017,2,27,6.8085671
2017-02-28,2017,2,28,2.6058152
2017-03-01,2017,3,1,27.140404
2017-03-02,2017,3,2,0
2017-03-03,2017,3,3,0
2017-03-04,2017,3,4,0
2017-03-05,2017,3,5,0
2017-03-06,2017,3,6,0
2017-03-07,2017,3,7,0
2017-03-08,2017,3,8,18.28619
2017-03-09,2017,3,9,7.5391627
2017-03-10,2017,3,10,0
2017-03-11,2017,3,11,0
2017-03-12,2017,3,12,0
2017-03-13,2017,3,13,0
2017-03-14,2017,3,14,0
2017-03-15,2017,3,15,0
2017-03-16,2017,3,16,0
2017-03-17,2017,3,17,0
2017-03-18,2017,3,18,0
2017-03-19,2017,3,19,0
2017-03-20,2017,3,20,0
2017-03-21,2017,3,21,0
2017-03-22,2017,3,22,0
2017-03-23,2017,3,23,0
2017-03-24,2017,3,24,0
2017-03-25,2017,3,25,0.021003481
2017-03-26,2017,3,26,0
2017-03-27,2017,3,27,0
2017-03-28,2017,3,28,0
2017-03-29,2017,3,29,1.1994047
2017-03-30,2017,3,30,0
2017-03-31,2017,3,31,0
2017-04-01,2017,4,1,1.0515242
2017-04-02,2017,4,2,0
2017-04-03,2017,4,3,0
2017-04-04,2017,4,4,0
2017-04-05,2017,4,5,0
2017-04-06,2017,4,6,26.509074
2017-04-07,2017,4,7,12.075256
2017-04-08,2017,4,8,0
2017-04-09,2017,4,9,0
2017-04-10,2017,4,10,0
2017-04-11,2017,4,11,0
2017-04-12,2017,4,12,0
2017-04-13,2017,4,13,0
2017-04-14,2017,4,14,0
2017-04-15,2017,4,15,2.9196869
2017-04-16,2017,4,16,0
2017-04-17,2017,4,17,0
2017-04-18,2017,4,18,0
2017-04-19,2017,4,19,39.081048
2017-04-20,2017,4,20,8.1101032
2017-04-21,2017,4,21,0
2017-04-22,2017,4,22,0
2017-04-23,2017,4,23,0
2017-04-24,2017,4,24,13.031882
2017-04-25,2017,4,25,0
2017-04-26,2017,4,26,0
2017-04-27,2017,4,27,0
2017-04-28,2017,4,28,0
2017-04-29,2017,4,29,0
2017-04-30,2017,4,30,0
2017-05-01,2017,5,1,0
2017-05-02,2017,5,2,0.41738639
2017-05-03,2017,5,3,0
2017-05-04,2017,5,4,0
2017-05-05,2017,5,5,0
2017-05-06,2017,5,6,31.766222
2017-05-07,2017,5,7,17.099752
2017-05-08,2017,5,8,0
2017-05-09,2017,5,9,0
2017-05-10,2017,5,10,15.96376
2017-05-11,2017,5,11,24.620793
2017-05-12,2017,5,12,0
2017-05-13,2017,5,13,41.216611
2017-05-14,2017,5,14,15.730769
2017-05-15,2017,5,15,0
2017-05-16,2017,5,16,1.9284314
2017-05-17,2017,5,17,29.4332
2017-05-18,2017,5,18,3.3701223
2017-05-19,2017,5,19,0
2017-05-20,2017,5,20,0
2017-05-21,2017,5,21,10.577631
2017-05-22,2017,5,22,0
2017-05-23,2017,5,23,0.0053258082
2017-05-24,2017,5,24,0
2017-05-25,2017,5,25,0.29359066
2017-05-26,2017,5,26,0
2017-05-27,2017,5,27,0
2017-05-28,2017,5,28,0
2017-05-29,2017,5,29,0
2017-05-30,2017,5,30,0
2017-05-31,2017,5,31,0
2017-06-01,2017,6,1,0
2017-06-02,2017,6,2,8.5419911
2017-06-03,2017,6,3,17.416676
2017-06-04,2017,6,4,0
2017-06-05,2017,6,5,0
2017-06-06,2017,6,6,2.227694
2017-06-07,2017,6,7,37.400118
2017-06-08,2017,6,8,0
2017-06-09,2017,6,9,0
2017-06-10,2017,6,10,0
2017-06-11,2017,6,11,0
2017-06-12,2017,6,12,0
2017-06-13,2017,6,13,0
2017-06-14,2017,6,14,0
2017-06-15,2017,6,15,51.747788
2017-06-16,2017,6,16,55.433776
2017-06-17,2017,6,17,11.538291
2017-06-18,2017,6,18,0
2017-06-19,2017,6,19,0
2017-06-20,2017,6,20,11.837803
2017-06-21,2017,6,21,64.446359
2017-06-22,2017,6,22,47.064389
2017-06-23,2017,6,23,0.13928755
2017-06-24,2017,6,24,100.00103
2017-06-25,2017,6,25,72.028369
2017-06-26,2017,6,26,15.0272
2017-06-27,2017,6,27,0
2017-06-28,2017,6,28,0
2017-06-29,2017,6,29,0
2017-06-30,2017,6,30,0
2017-07-01,2017,7,1,0
2017-07-02,2017,7,2,0
2017-07-03,2017,7,3,8.9895326
2017-07-04,2017,7,4,13.215052
2017-07-05,2017,7,5,0
2017-07-06,2017,7,6,0.76740887
2017-07-07,2017,7,7,0
2017-07-08,2017,7,8,16.032707
2017-07-09,2017,7,9,0
2017-07-10,2017,7,10,0
2017-07-11,2017,7,11,0
2017-07-12,2017,7,12,38.441067
2017-07-13,2017,7,13,16.045133
2017-07-14,2017,7,14,44.803556
2017-07-15,2017,7,15,7.6329495
2017-07-16,2017,7,16,0
2017-07-17,2017,7,17,0
2017-07-18,2017,7,18,0
2017-07-19,2017,7,19,0
2017-07-20,2017,7,20,0
2017-07-21,2017,7,21,0
2017-07-22,2017,7,22,24.928629
2017-07-23,2017,7,23,14.857264
2017-07-24,2017,7,24,0
2017-07-25,2017,7,25,0
2017-07-26,2017,7,26,0
2017-07-27,2017,7,27,0
2017-07-28,2017,7,28,0.022748272
2017-07-29,2017,7,29,0
2017-07-30,2017,7,30,0
2017-07-31,2017,7,31,0
2017-08-01,2017,8,1,0
2017-08-02,2017,8,2,0
2017-08-03,2017,8,3,0
2017-08-04,2017,8,4,0
2017-08-05,2017,8,5,22.357628
2017-08-06,2017,8,6,0
2017-08-07,2017,8,7,16.816963
2017-08-08,2017,8,8,14.732391
2017-08-09,2017,8,9,50.088491
2017-08-10,2017,8,10,39.381235
2017-08-11,2017,8,11,8.0886601
2017-08-12,2017,8,12,10.54208
2017-08-13,2017,8,13,35.231311
2017-08-14,2017,8,14,0
2017-08-15,2017,8,15,0
2017-08-16,2017,8,16,0
2017-08-17,2017,8,17,1.3946259
2017-08-18,2017,8,18,32.973613
2017-08-19,2017,8,19,0.02013509
2017-08-20,2017,8,20,0
2017-08-21,2017,8,21,0
2017-08-22,2017,8,22,41.028307
2017-08-23,2017,8,23,10.477571
2017-08-24,2017,8,24,31.703694
2017-08-25,2017,8,25,18.0264
2017-08-26,2017,8,26,8.0834651
2017-08-27,2017,8,27,36.241426
2017-08-28,2017,8,28,12.621243
2017-08-29,2017,8,29,0
2017-08-30,2017,8,30,0
2017-08-31,2017,8,31,0.085398462
2017-09-01,2017,9,1,35.303852
2017-09-02,2017,9,2,0.76357295
2017-09-03,2017,9,3,0
2017-09-04,2017,9,4,0
2017-09-05,2017,9,5,0
2017-09-06,2017,9,6,0
2017-09-07,2017,9,7,0
2017-09-08,2017,9,8,0
2017-09-09,2017,9,9,0.9864064
2017-09-10,2017,9,10,6.3233243
2017-09-11,2017,9,11,0
2017-09-12,2017,9,12,0
2017-09-13,2017,9,13,11.754265
2017-09-14,2017,9,14,1.4501679
2017-09-15,2017,9,15,0
2017-09-16,2017,9,16,0
2017-09-17,2017,9,17,0
2017-09-18,2017,9,18,0
2017-09-19,2017,9,19,5.7267539
2017-09-20,2017,9,20,0
2017-09-21,2017,9,21,0
2017-09-22,2017,9,22,0
2017-09-23,2017,9,23,0
2017-09-24,2017,9,24,0
2017-09-25,2017,9,25,0
2017-09-26,2017,9,26,0
2017-09-27,2017,9,27,0
2017-09-28,2017,9,28,0
2017-09-29,2017,9,29,64.962921
2017-09-30,2017,9,30,26.363361
2017-10-01,2017,10,1,7.8089191
2017-10-02,2017,10,2,11.665989
2017-10-03,2017,10,3,31.950842
2017-10-04,2017,10,4,53.095778
2017-10-05,2017,10,5,21.276519
2017-10-06,2017,10,6,0
2017-10-07,2017,10,7,6.509831
2017-10-08,2017,10,8,0
2017-10-09,2017,10,9,0
2017-10-10,2017,10,10,0
2017-10-11,2017,10,11,0
2017-10-12,2017,10,12,0
2017-10-13,2017,10,13,0
2017-10-14,2017,10,14,0
2017-10-15,2017,10,15,0
2017-10-16,2017,10,16,0
2017-10-17,2017,10,17,0.5394128
2017-10-18,2017,10,18,0
2017-10-19,2017,10,19,0
2017-10-20,2017,10,20,0
2017-10-21,2017,10,21,0
2017-10-22,2017,10,22,0
2017-10-23,2017,10,23,0
2017-10-24,2017,10,24,0
2017-10-25,2017,10,25,0
2017-10-26,2017,10,26,0
2017-10-27,2017,10,27,0
2017-10-28,2017,10,28,18.275879
2017-10-29,2017,10,29,0
2017-10-30,2017,10,30,0
2017-10-31,2017,10,31,33.4417
2017-11-01,2017,11,1,36.014141
2017-11-02,2017,11,2,17.891742
2017-11-03,2017,11,3,0
2017-11-04,2017,11,4,26.988705
2017-11-05,2017,11,5,0
2017-11-06,2017,11,6,0
2017-11-07,2017,11,7,1.3916628
2017-11-08,2017,11,8,0
2017-11-09,2017,11,9,0
2017-11-10,2017,11,10,0
2017-11-11,2017,11,11,0
2017-11-12,2017,11,12,0
2017-11-13,2017,11,13,0
2017-11-14,2017,11,14,0.00012087535
2017-11-15,2017,11,15,0
2017-11-16,2017,11,16,0
2017-11-17,2017,11,17,0
2017-11-18,2017,11,18,0
2017-11-19,2017,11,19,0
2017-11-20,2017,11,20,0.29589496
2017-11-21,2017,11,21,0
2017-11-22,2017,11,22,0
2017-11-23,2017,11,23,0
2017-11-24,2017,11,24,0
2017-11-25,2017,11,25,0
2017-11-26,2017,11,26,0
2017-11-27,2017,11,27,0
2017-11-28,2017,11,28,0
2017-11-29,2017,11,29,0
2017-11-30,2017,11,30,0
2017-12-01,2017,12,1,0
2017-12-02,2017,12,2,0.038872383
2017-12-03,2017,12,3,0
2017-12-04,2017,12,4,0
2017-12-05,2017,12,5,0
2017-12-06,2017,12,6,0
2017-12-07,2017,12,7,0
2017-12-08,2017,12,8,0
2017-12-09,2017,12,9,0
2017-12-10,2017,12,10,0
2017-12-11,2017,12,11,0
2017-12-12,2017,12,12,0
2017-12-13,2017,12,13,0
2017-12-14,2017,12,14,0
2017-12-15,2017,12,15,0
2017-12-16,2017,12,16,2.4323636
2017-12-17,2017,12,17,0
2017-12-18,2017,12,18,0
2017-12-19,2017,12,19,0
2017-12-20,2017,12,20,0
2017-12-21,2017,12,21,0
2017-12-22,2017,12,22,0
2017-12-23,2017,12,23,0
2017-12-24,2017,12,24,0
2017-12-25,2017,12,25,0
2017-12-26,2017,12,26,0
2017-12-27,2017,12,27,0
2017-12-28,2017,12,28,0
2017-12-29,2017,12,29,0
2017-12-30,2017,12,30,0
2017-12-31,2017,12,31,0
2018-01-01,2018,1,1,0
2018-01-02,2018,1,2,0
2018-01-03,2018,1,3,0.10179466
2018-01-04,2018,1,4,6.0973275
2018-01-05,2018,1,5,0
2018-01-06,2018,1,6,0
2018-01-07,2018,1,7,0
2018-01-08,2018,1,8,0
2018-01-09,2018,1,9,0
2018-01-10,2018,1,10,0
2018-01-11,2018,1,11,0
2018-01-12,2018,1,12,0
2018-01-13,2018,1,13,0
2018-01-14,2018,1,14,3.5580482
2018-01-15,2018,1,15,5.5041517e-05
2018-01-16,2018,1,16,0
2018-01-17,2018,1,17,0
2018-01-18,2018,1,18,0
2018-01-19,2018,1,19,0
2018-01-20,2018,1,20,0
2018-01-21,2018,1,21,1.1204159
2018-01-22,2018,1,22,0
2018-01-23,2018,1,23,0
2018-01-24,2018,1,24,0
2018-01-25,2018,1,25,0
2018-01-26,2018,1,26,0
2018-01-27,2018,1,27,0
2018-01-28,2018,1,28,0
2018-01-29,2018,1,29,0
2018-01-30,2018,1,30,0
2018-01-31,2018,1,31,0
2018-02-01,2018,2,1,0
2018-02-02,2018,2,2,0
2018-02-03,2018,2,3,0
2018-02-04,2018,2,4,0
2018-02-05,2018,2,5,0
2018-02-06,2018,2,6,0
2018-02-07,2018,2,7,0
2018-02-08,2018,2,8,0
2018-02-09,2018,2,9,0
2018-02-10,2018,2,10,0
2018-02-11,2018,2,11,0
2018-02-12,2018,2,12,0
2018-02-13,2018,2,13,0
2018-02-14,2018,2,14,0
2018-02-15,2018,2,15,0
2018-02-16,2018,2,16,0
2018-02-17,2018,2,17,0
2018-02-18,2018,2,18,0
2018-02-19,2018,2,19,17.632151
2018-02-20,2018,2,20,0
2018-02-21,2018,2,21,0
2018-02-22,2018,2,22,0
2018-02-23,2018,2,23,0
2018-02-24,2018,2,24,0
2018-02-25,2018,2,25,0
2018-02-26,2018,2,26,0
2018-02-27,2018,2,27,0
2018-02-28,2018,2,28,0
2018-03-01,2018,3,1,0
2018-03-02,2018,3,2,0
2018-03-03,2018,3,3,0
2018-03-04,2018,3,4,0
2018-03-05,2018,3,5,0
2018-03-06,2018,3,6,0
2018-03-07,2018,3,7,0
2018-03-08,2018,3,8,0
2018-03-09,2018,3,9,5.6935266
2018-03-10,2018,3,10,0
2018-03-11,2018,3,11,0
2018-03-12,2018,3,12,0
2018-03-13,2018,3,13,0
2018-03-14,2018,3,14,0
2018-03-15,2018,3,15,0
2018-03-16,2018,3,16,9.0643051
2018-03-17,2018,3,17,47.444512
2018-03-18,2018,3,18,0
2018-03-19,2018,3,19,0
2018-03-20,2018,3,20,0
2018-03-21,2018,3,21,0
2018-03-22,2018,3,22,12.739291
2018-03-23,2018,3,23,0
2018-03-24,2018,3,24,0
2018-03-25,2018,3,25,0
2018-03-26,2018,3,26,0
2018-03-27,2018,3,27,0
2018-03-28,2018,3,28,0
2018-03-29,2018,3,29,0
2018-03-30,2018,3,30,0
2018-03-31,2018,3,31,0
2018-04-01,2018,4,1,0
2018-04-02,2018,4,2,0
2018-04-03,2018,4,3,0
2018-04-04,2018,4,4,12.953761
2018-04-05,2018,4,5,0
2018-04-06,2018,4,6,10.543603
2018-04-07,2018,4,7,0
2018-04-08,2018,4,8,0
2018-04-09,2018,4,9,56.320257
2018-04-10,2018,4,10,45.794109
2018-04-11,2018,4,11,40.733854
2018-04-12,2018,4,12,0
2018-04-13,2018,4,13,0
2018-04-14,2018,4,14,0
2018-04-15,2018,4,15,0
2018-04-16,2018,4,16,0
2018-04-17,2018,4,17,0
2018-04-18,2018,4,18,0
2018-04-19,2018,4,19,0
2018-04-20,2018,4,20,0
2018-04-21,2018,4,21,0
2018-04-22,2018,4,22,0
2018-04-23,2018,4,23,0
2018-04-24,2018,4,24,0
2018-04-25,2018,4,25,0
2018-04-26,2018,4,26,22.941305
2018-04-27,2018,4,27,0
2018-04-28,2018,4,28,0
2018-04-29,2018,4,29,0
2018-04-30,2018,4,30,0
2018-05-01,2018,5,1,0
2018-05-02,2018,5,2,0
2018-05-03,2018,5,3,9.6276103
2018-05-04,2018,5,4,0.0010432545
2018-05-05,2018,5,5,0
2018-05-06,2018,5,6,11.357589
2018-05-07,2018,5,7,8.4037259
2018-05-08,2018,5,8,0
2018-05-09,2018,5,9,0
2018-05-10,2018,5,10,0
2018-05-11,2018,5,11,0
2018-05-12,2018,5,12,0
2018-05-13,2018,5,13,27.29469
2018-05-14,2018,5,14,0.00059371129
2018-05-15,2018,5,15,0
2018-05-16,2018,5,16,15.287449
2018-05-17,2018,5,17,3.4671122
2018-05-18,2018,5,18,0
2018-05-19,2018,5,19,0
2018-05-20,2018,5,20,0.010173
2018-05-21,2018,5,21,0
2018-05-22,2018,5,22,0
2018-05-23,2018,5,23,0
2018-05-24,2018,5,24,0
2018-05-25,2018,5,25,0
2018-05-26,2018,5,26,15.099562
2018-05-27,2018,5,27,13.957275
2018-05-28,2018,5,28,58.697697
2018-05-29,2018,5,29,19.243443
2018-05-30,2018,5,30,0.00097411314
2018-05-31,2018,5,31,0
2018-06-01,2018,6,1,0
2018-06-02,2018,6,2,0
2018-06-03,2018,6,3,0
2018-06-04,2018,6,4,0
2018-06-05,2018,6,5,13.761636
2018-06-06,2018,6,6,0
2018-06-07,2018,6,7,9.2620322
2018-06-08,2018,6,8,21.87421
2018-06-09,2018,6,9,71.344197
2018-06-10,2018,6,10,35.214793
2018-06-11,2018,6,11,8.9309344
2018-06-12,2018,6,12,0
2018-06-13,2018,6,13,0
2018-06-14,2018,6,14,0
2018-06-15,2018,6,15,0
2018-06-16,2018,6,16,0
2018-06-17,2018,6,17,0
2018-06-18,2018,6,18,0
2018-06-19,2018,6,19,0
2018-06-20,2018,6,20,0
2018-06-21,2018,6,21,0
2018-06-22,2018,6,22,0
2018-06-23,2018,6,23,0
2018-06-24,2018,6,24,0
2018-06-25,2018,6,25,7.8989206
2018-06-26,2018,6,26,65.527311
2018-06-27,2018,6,27,18.227434
2018-06-28,2018,6,28,17.650402
2018-06-29,2018,6,29,0
2018-06-30,2018,6,30,0
2018-07-01,2018,7,1,27.431933
2018-07-02,2018,7,2,1.0150285
2018-07-03,2018,7,3,12.324626
2018-07-04,2018,7,4,30.902742
2018-07-05,2018,7,5,37.807563
2018-07-06,2018,7,6,22.812982
2018-07-07,2018,7,7,0
2018-07-08,2018,7,8,0
2018-07-09,2018,7,9,0
2018-07-10,2018,7,10,0
2018-07-11,2018,7,11,0
2018-07-12,2018,7,12,0.3342778
2018-07-13,2018,7,13,7.2203573
2018-07-14,2018,7,14,7.3717763
2018-07-15,2018,7,15,0
2018-07-16,2018,7,16,0
2018-07-17,2018,7,17,0
2018-07-18,2018,7,18,0
2018-07-19,2018,7,19,0
2018-07-20,2018,7,20,0
2018-07-21,2018,7,21,9.1075656
2018-07-22,2018,7,22,0
2018-07-23,2018,7,23,0
2018-07-24,2018,7,24,0
2018-07-25,2018,7,25,0
2018-07-26,2018,7,26,0
2018-07-27,2018,7,27,3.429448
2018-07-28,2018,7,28,0
2018-07-29,2018,7,29,0
2018-07-30,2018,7,30,0
2018-07-31,2018,7,31,0
2018-08-01,2018,8,1,0
2018-08-02,2018,8,2,15.080966
2018-08-03,2018,8,3,0
2018-08-04,2018,8,4,0.00015417385
2018-08-05,2018,8,5,6.1960812
2018-08-06,2018,8,6,42.590147
2018-08-07,2018,8,7,0.95419659
2018-08-08,2018,8,8,0
2018-08-09,2018,8,9,0
2018-08-10,2018,8,10,0
2018-08-11,2018,8,11,0
2018-08-12,2018,8,12,12.003477
2018-08-13,2018,8,13,7.8663047
2018-08-14,2018,8,14,0
2018-08-15,2018,8,15,0
2018-08-16,2018,8,16,0
2018-08-17,2018,8,17,14.414689
2018-08-18,2018,8,18,0
2018-08-19,2018,8,19,0
2018-08-20,2018,8,20,0
2018-08-21,2018,8,21,0
2018-08-22,2018,8,22,33.074182
2018-08-23,2018,8,23,18.628067
2018-08-24,2018,8,24,0
2018-08-25,2018,8,25,0
2018-08-26,2018,8,26,0
2018-08-27,2018,8,27,0
2018-08-28,2018,8,28,0
2018-08-29,2018,8,29,11.932754
2018-08-30,2018,8,30,6.1503836
2018-08-31,2018,8,31,4.8895694
2018-09-01,2018,9,1,0
2018-09-02,2018,9,2,0
2018-09-03,2018,9,3,0
2018-09-04,2018,9,4,0
2018-09-05,2018,9,5,0
2018-09-06,2018,9,6,0
2018-09-07,2018,9,7,0
2018-09-08,2018,9,8,0
2018-09-09,2018,9,9,0
2018-09-10,2018,9,10,0
2018-09-11,2018,9,11,0
2018-09-12,2018,9,12,0
2018-09-13,2018,9,13,0
2018-09-14,2018,9,14,0
2018-09-15,2018,9,15,0
2018-09-16,2018,9,16,18.61572
2018-09-17,2018,9,17,87.092495
2018-09-18,2018,9,18,32.291045
2018-09-19,2018,9,19,4.4450679
2018-09-20,2018,9,20,20.499172
2018-09-21,2018,9,21,17.218189
2018-09-22,2018,9,22,22.859979
2018-09-23,2018,9,23,0
2018-09-24,2018,9,24,0
2018-09-25,2018,9,25,3.7551734
2018-09-26,2018,9,26,17.213012
2018-09-27,2018,9,27,32.913948
2018-09-28,2018,9,28,43.939767
2018-09-29,2018,9,29,31.584108
2018-09-30,2018,9,30,5.6596961
2018-10-01,2018,10,1,0
2018-10-02,2018,10,2,0
2018-10-03,2018,10,3,0
2018-10-04,2018,10,4,0
2018-10-05,2018,10,5,0
2018-10-06,2018,10,6,0
2018-10-07,2018,10,7,15.868261
2018-10-08,2018,10,8,12.387871
2018-10-09,2018,10,9,0
2018-10-10,2018,10,10,0
2018-10-11,2018,10,11,6.3926109
2018-10-12,2018,10,12,0
2018-10-13,2018,10,13,0
2018-10-14,2018,10,14,0
2018-10-15,2018,10,15,0.61531668
2018-10-16,2018,10,16,12.141968
2018-10-17,2018,10,17,19.223443
2018-10-18,2018,10,18,0
2018-10-19,2018,10,19,0
2018-10-20,2018,10,20,0
2018-10-21,2018,10,21,0
2018-10-22,2018,10,22,0
2018-10-23,2018,10,23,19.827491
2018-10-24,2018,10,24,0
2018-10-25,2018,10,25,0
2018-10-26,2018,10,26,0
2018-10-27,2018,10,27,0
2018-10-28,2018,10,28,27.421437
2018-10-29,2018,10,29,39.481445
2018-10-30,2018,10,30,3.5716254
2018-10-31,2018,10,31,0
2018-11-01,2018,11,1,21.129934
2018-11-02,2018,11,2,14.44624
2018-11-03,2018,11,3,0
2018-11-04,2018,11,4,0
2018-11-05,2018,11,5,0
2018-11-06,2018,11,6,0
2018-11-07,2018,11,7,0
2018-11-08,2018,11,8,0
2018-11-09,2018,11,9,0
2018-11-10,2018,11,10,26.110972
2018-11-11,2018,11,11,5.1114992
2018-11-12,2018,11,12,13.306995
2018-11-13,2018,11,13,3.9769675
2018-11-14,2018,11,14,0
2018-11-15,2018,11,15,0
2018-11-16,2018,11,16,26.216455
2018-11-17,2018,11,17,2.8976779
2018-11-18,2018,11,18,0
2018-11-19,2018,11,19,0
2018-11-20,2018,11,20,0
2018-11-21,2018,11,21,0
2018-11-22,2018,11,22,0
2018-11-23,2018,11,23,0
2018-11-24,2018,11,24,0
2018-11-25,2018,11,25,0
2018-11-26,2018,11,26,0
2018-11-27,2018,11,27,0
2018-11-28,2018,11,28,0
2018-11-29,2018,11,29,0
2018-11-30,2018,11,30,0
2018-12-01,2018,12,1,0
2018-12-02,2018,12,2,0
2018-12-03,2018,12,3,0
2018-12-04,2018,12,4,0
2018-12-05,2018,12,5,9.4231641
2018-12-06,2018,12,6,0
2018-12-07,2018,12,7,0
2018-12-08,2018,12,8,0
2018-12-09,2018,12,9,0
2018-12-10,2018,12,10,0
2018-12-11,2018,12,11,0.20105081
2018-12-12,2018,12,12,0
2018-12-13,2018,12,13,17.627672
2018-12-14,2018,12,14,0
2018-12-15,2018,12,15,0
2018-12-16,2018,12,16,0
2018-12-17,2018,12,17,0
2018-12-18,2018,12,18,0
2018-12-19,2018,12,19,0.00033773996
2018-12-20,2018,12,20,0
2018-12-21,2018,12,21,0
2018-12-22,2018,12,22,0
2018-12-23,2018,12,23,0
2018-12-24,2018,12,24,0
2018-12-25,2018,12,25,0
2018-12-26,2018,12,26,0
2018-12-27,2018,12,27,0
2018-12-28,2018,12,28,0
2018-12-29,2018,12,29,0
2018-12-30,2018,12,30,0
2018-12-31,2018,12,31,0
2019-01-01,2019,1,1,0
2019-01-02,2019,1,2,0
2019-01-03,2019,1,3,0
2019-01-04,2019,1,4,0
2019-01-05,2019,1,5,0
2019-01-06,2019,1,6,0.038943338
2019-01-07,2019,1,7,14.450601
2019-01-08,2019,1,8,13.832562
2019-01-09,2019,1,9,0.45679822
2019-01-10,2019,1,10,0
2019-01-11,2019,1,11,0
2019-01-12,2019,1,12,0
2019-01-13,2019,1,13,0
2019-01-14,2019,1,14,0.027705009
2019-01-15,2019,1,15,0
2019-01-16,2019,1,16,0
2019-01-17,2019,1,17,0
2019-01-18,2019,1,18,0
2019-01-19,2019,1,19,0
2019-01-20,2019,1,20,0
2019-01-21,2019,1,21,0
2019-01-22,2019,1,22,0
2019-01-23,2019,1,23,0
2019-01-24,2019,1,24,0
2019-01-25,2019,1,25,0
2019-01-26,2019,1,26,0
2019-01-27,2019,1,27,0
2019-01-28,2019,1,28,0
2019-01-29,2019,1,29,0
2019-01-30,2019,1,30,0
2019-01-31,2019,1,31,0
2019-02-01,2019,2,1,0
2019-02-02,2019,2,2,0
2019-02-03,2019,2,3,0
2019-02-04,2019,2,4,0
2019-02-05,2019,2,5,0
2019-02-06,2019,2,6,0
2019-02-07,2019,2,7,0
2019-02-08,2019,2,8,0
2019-02-09,2019,2,9,0
2019-02-10,2019,2,10,2.9842489
2019-02-11,2019,2,11,0
2019-02-12,2019,2,12,1.388936e-16
2019-02-13,2019,2,13,0.00023819555
2019-02-14,2019,2,14,0
2019-02-15,2019,2,15,0
2019-02-16,2019,2,16,0
2019-02-17,2019,2,17,0
2019-02-18,2019,2,18,0
2019-02-19,2019,2,19,0
2019-02-20,2019,2,20,0
2019-02-21,2019,2,21,0
2019-02-22,2019,2,22,0
2019-02-23,2019,2,23,0
2019-02-24,2019,2,24,0
2019-02-25,2019,2,25,0
2019-02-26,2019,2,26,0
2019-02-27,2019,2,27,0
2019-02-28,2019,2,28,0
2019-03-01,2019,3,1,0
2019-03-02,2019,3,2,0
2019-03-03,2019,3,3,0
2019-03-04,2019,3,4,0
2019-03-05,2019,3,5,0
2019-03-06,2019,3,6,0
2019-03-07,2019,3,7,0
2019-03-08,2019,3,8,0
2019-03-09,2019,3,9,0
2019-03-10,2019,3,10,0
2019-03-11,2019,3,11,3.3929372
2019-03-12,2019,3,12,0
2019-03-13,2019,3,13,0
2019-03-14,2019,3,14,0
2019-03-15,2019,3,15,0
2019-03-16,2019,3,16,0
2019-03-17,2019,3,17,0
2019-03-18,2019,3,18,0
2019-03-19,2019,3,19,0
2019-03-20,2019,3,20,0
2019-03-21,2019,3,21,0
2019-03-22,2019,3,22,0
2019-03-23,2019,3,23,0
2019-03-24,2019,3,24,0
2019-03-25,2019,3,25,0
2019-03-26,2019,3,26,0
2019-03-27,2019,3,27,0
2019-03-28,2019,3,28,0
2019-03-29,2019,3,29,0
2019-03-30,2019,3,30,0
2019-03-31,2019,3,31,0
2019-04-01,2019,4,1,0
2019-04-02,2019,4,2,0
2019-04-03,2019,4,3,12.359942
2019-04-04,2019,4,4,0
2019-04-05,2019,4,5,0
2019-04-06,2019,4,6,0
2019-04-07,2019,4,7,0
2019-04-08,2019,4,8,0
2019-04-09,2019,4,9,0
2019-04-10,2019,4,10,0
2019-04-11,2019,4,11,0
2019-04-12,2019,4,12,0
2019-04-13,2019,4,13,0
2019-04-14,2019,4,14,0
2019-04-15,2019,4,15,0
2019-04-16,2019,4,16,0
2019-04-17,2019,4,17,0
2019-04-18,2019,4,18,0
2019-04-19,2019,4,19,0
2019-04-20,2019,4,20,0
2019-04-21,2019,4,21,0
2019-04-22,2019,4,22,0
2019-04-23,2019,4,23,0
2019-04-24,2019,4,24,8.6483351
2019-04-25,2019,4,25,0
2019-04-26,2019,4,26,0
2019-04-27,2019,4,27,0
2019-04-28,2019,4,28,0
2019-04-29,2019,4,29,0
2019-04-30,2019,4,30,0
2019-05-01,2019,5,1,0
2019-05-02,2019,5,2,41.881738
2019-05-03,2019,5,3,71.800654
2019-05-04,2019,5,4,23.967906
2019-05-05,2019,5,5,0
2019-05-06,2019,5,6,0
2019-05-07,2019,5,7,0
2019-05-08,2019,5,8,0
2019-05-09,2019,5,9,6.7958412
2019-05-10,2019,5,10,0
2019-05-11,2019,5,11,0
2019-05-12,2019,5,12,0
2019-05-13,2019,5,13,0
2019-05-14,2019,5,14,0
2019-05-15,2019,5,15,0
2019-05-16,2019,5,16,0.0024609024
2019-05-17,2019,5,17,23.160666
2019-05-18,2019,5,18,0
2019-05-19,2019,5,19,0
2019-05-20,2019,5,20,1.7575721
2019-05-21,2019,5,21,0
2019-05-22,2019,5,22,0
2019-05-23,2019,5,23,0
2019-05-24,2019,5,24,0
2019-05-25,2019,5,25,0
2019-05-26,2019,5,26,9.5148735
2019-05-27,2019,5,27,16.035517
2019-05-28,2019,5,28,12.954368
2019-05-29,2019,5,29,37.874673
2019-05-30,2019,5,30,20.586761
2019-05-31,2019,5,31,43.753368
2019-06-01,2019,6,1,17.005433
2019-06-02,2019,6,2,0
2019-06-03,2019,6,3,0
2019-06-04,2019,6,4,27.059459
2019-06-05,2019,6,5,35.961901
2019-06-06,2019,6,6,17.832683
2019-06-07,2019,6,7,0
2019-06-08,2019,6,8,0
2019-06-09,2019,6,9,0
2019-06-10,2019,6,10,0
2019-06-11,2019,6,11,19.824317
2019-06-12,2019,6,12,47.140473
2019-06-13,2019,6,13,30.086948
2019-06-14,2019,6,14,12.248227
2019-06-15,2019,6,15,0
2019-06-16,2019,6,16,0
2019-06-17,2019,6,17,3.2716826
2019-06-18,2019,6,18,0
2019-06-19,2019,6,19,0
2019-06-20,2019,6,20,0
2019-06-21,2019,6,21,0
2019-06-22,2019,6,22,0
2019-06-23,2019,6,23,0
2019-06-24,2019,6,24,15.470098
2019-06-25,2019,6,25,3.8866669
2019-06-26,2019,6,26,21.936985
2019-06-27,2019,6,27,18.882295
2019-06-28,2019,6,28,34.272071
2019-06-29,2019,6,29,18.947185
2019-06-30,2019,6,30,0
2019-07-01,2019,7,1,0
2019-07-02,2019,7,2,0
2019-07-03,2019,7,3,0
2019-07-04,2019,7,4,0
2019-07-05,2019,7,5,0
2019-07-06,2019,7,6,0
2019-07-07,2019,7,7,0
2019-07-08,2019,7,8,0
2019-07-09,2019,7,9,0
2019-07-10,2019,7,10,0
2019-07-11,2019,7,11,6.3125323
2019-07-12,2019,7,12,3.3966752
2019-07-13,2019,7,13,0
2019-07-14,2019,7,14,0
2019-07-15,2019,7,15,0
2019-07-16,2019,7,16,0
2019-07-17,2019,7,17,31.654784
2019-07-18,2019,7,18,0
2019-07-19,2019,7,19,0
2019-07-20,2019,7,20,42.541483
2019-07-21,2019,7,21,17.473868
2019-07-22,2019,7,22,0
2019-07-23,2019,7,23,0
2019-07-24,2019,7,24,0
2019-07-25,2019,7,25,0
2019-07-26,2019,7,26,0
2019-07-27,2019,7,27,0
2019-07-28,2019,7,28,26.036224
2019-07-29,2019,7,29,12.998009
2019-07-30,2019,7,30,7.3668098
2019-07-31,2019,7,31,4.9416415
2019-08-01,2019,8,1,0
2019-08-02,2019,8,2,0
2019-08-03,2019,8,3,0
2019-08-04,2019,8,4,0
2019-08-05,2019,8,5,5.9802063
2019-08-06,2019,8,6,1.5127233
2019-08-07,2019,8,7,0
2019-08-08,2019,8,8,0
2019-08-09,2019,8,9,0
2019-08-10,2019,8,10,7.9265056
2019-08-11,2019,8,11,10.881231
2019-08-12,2019,8,12,0
2019-08-13,2019,8,13,0
2019-08-14,2019,8,14,0
2019-08-15,2019,8,15,0
2019-08-16,2019,8,16,29.234641
2019-08-17,2019,8,17,14.010919
2019-08-18,2019,8,18,0
2019-08-19,2019,8,19,0
2019-08-20,2019,8,20,0
2019-08-21,2019,8,21,0
2019-08-22,2019,8,22,0
2019-08-23,2019,8,23,0
2019-08-24,2019,8,24,0
2019-08-25,2019,8,25,10.160123
2019-08-26,2019,8,26,21.315451
2019-08-27,2019,8,27,0
2019-08-28,2019,8,28,25.285542
2019-08-29,2019,8,29,0
2019-08-30,2019,8,30,0
2019-08-31,2019,8,31,0
2019-09-01,2019,9,1,0
2019-09-02,2019,9,2,0
2019-09-03,2019,9,3,0
2019-09-04,2019,9,4,0
2019-09-05,2019,9,5,2.7327194
2019-09-06,2019,9,6,26.996959
2019-09-07,2019,9,7,18.006089
2019-09-08,2019,9,8,10.668663
2019-09-09,2019,9,9,15.409145
2019-09-10,2019,9,10,0
2019-09-11,2019,9,11,0
2019-09-12,2019,9,12,0
2019-09-13,2019,9,13,0
2019-09-14,2019,9,14,16.161306
2019-09-15,2019,9,15,13.200099
2019-09-16,2019,9,16,0
2019-09-17,2019,9,17,0
2019-09-18,2019,9,18,0
2019-09-19,2019,9,19,0
2019-09-20,2019,9,20,0
2019-09-21,2019,9,21,0
2019-09-22,2019,9,22,0
2019-09-23,2019,9,23,0
2019-09-24,2019,9,24,0
2019-09-25,2019,9,25,0
2019-09-26,2019,9,26,0
2019-09-27,2019,9,27,0
2019-09-28,2019,9,28,0
2019-09-29,2019,9,29,15.331271
2019-09-30,2019,9,30,12.191697
2019-10-01,2019,10,1,8.9112484
2019-10-02,2019,10,2,0
2019-10-03,2019,10,3,0
2019-10-04,2019,10,4,0
2019-10-05,2019,10,5,0
2019-10-06,2019,10,6,0.19798741
2019-10-07,2019,10,7,0
2019-10-08,2019,10,8,0
2019-10-09,2019,10,9,0
2019-10-10,2019,10,10,0
2019-10-11,2019,10,11,0
2019-10-12,2019,10,12,0
2019-10-13,2019,10,13,0
2019-10-14,2019,10,14,8.3152914
2019-10-15,2019,10,15,0
2019-10-16,2019,10,16,10.797429
2019-10-17,2019,10,17,0
2019-10-18,2019,10,18,0
2019-10-19,2019,10,19,0.51952943
2019-10-20,2019,10,20,0
2019-10-21,2019,10,21,0
2019-10-22,2019,10,22,0
2019-10-23,2019,10,23,0
2019-10-24,2019,10,24,0
2019-10-25,2019,10,25,0
2019-10-26,2019,10,26,3.3740003
2019-10-27,2019,10,27,5.8894435
2019-10-28,2019,10,28,23.336468
2019-10-29,2019,10,29,6.9618146
2019-10-30,2019,10,30,0
2019-10-31,2019,10,31,0
2019-11-01,2019,11,1,6.0491256
2019-11-02,2019,11,2,0
2019-11-03,2019,11,3,0
2019-11-04,2019,11,4,0
2019-11-05,2019,11,5,0
2019-11-06,2019,11,6,0
2019-11-07,2019,11,7,0
2019-11-08,2019,11,8,0
2019-11-09,2019,11,9,0
2019-11-10,2019,11,10,0
2019-11-11,2019,11,11,0
2019-11-12,2019,11,12,0
2019-11-13,2019,11,13,0
2019-11-14,2019,11,14,0
2019-11-15,2019,11,15,0
2019-11-16,2019,11,16,0
2019-11-17,2019,11,17,0
2019-11-18,2019,11,18,0
2019-11-19,2019,11,19,0
2019-11-20,2019,11,20,0
2019-11-21,2019,11,21,0
2019-11-22,2019,11,22,0
2019-11-23,2019,11,23,0
2019-11-24,2019,11,24,8.5174422
2019-11-25,2019,11,25,3.2219221
2019-11-26,2019,11,26,0
2019-11-27,2019,11,27,0
2019-11-28,2019,11,28,0
2019-11-29,2019,11,29,0
2019-11-30,2019,11,30,0
2019-12-01,2019,12,1,0
2019-12-02,2019,12,2,0
2019-12-03,2019,12,3,0
2019-12-04,2019,12,4,0
2019-12-05,2019,12,5,0
2019-12-06,2019,12,6,0
2019-12-07,2019,12,7,0
2019-12-08,2019,12,8,0
2019-12-09,2019,12,9,0
2019-12-10,2019,12,10,0
2019-12-11,2019,12,11,0
2019-12-12,2019,12,12,0
2019-12-13,2019,12,13,13.768216
2019-12-14,2019,12,14,1.3125111
2019-12-15,2019,12,15,0
2019-12-16,2019,12,16,0
2019-12-17,2019,12,17,0
2019-12-18,2019,12,18,0
2019-12-19,2019,12,19,0
2019-12-20,2019,12,20,0
2019-12-21,2019,12,21,0
2019-12-22,2019,12,22,0
2019-12-23,2019,12,23,0
2019-12-24,2019,12,24,5.0512077
2019-12-25,2019,12,25,0
2019-12-26,2019,12,26,0
2019-12-27,2019,12,27,0
2019-12-28,2019,12,28,0
2019-12-29,2019,12,29,0
2019-12-30,2019,12,30,0
2019-12-31,2019,12,31,0
2020-01-01,2020,1,1,0
2020-01-02,2020,1,2,0
2020-01-03,2020,1,3,0
2020-01-04,2020,1,4,0
2020-01-05,2020,1,5,0
2020-01-06,2020,1,6,0
2020-01-07,2020,1,7,3.2709009
2020-01-08,2020,1,8,6.8551275
2020-01-09,2020,1,9,0
2020-01-10,2020,1,10,0
2020-01-11,2020,1,11,0
2020-01-12,2020,1,12,0
2020-01-13,2020,1,13,0
2020-01-14,2020,1,14,0
2020-01-15,2020,1,15,0
2020-01-16,2020,1,16,0
2020-01-17,2020,1,17,0
2020-01-18,2020,1,18,0
2020-01-19,2020,1,19,0
2020-01-20,2020,1,20,0
2020-01-21,2020,1,21,0
2020-01-22,2020,1,22,0
2020-01-23,2020,1,23,0
2020-01-24,2020,1,24,0
2020-01-25,2020,1,25,0
2020-01-26,2020,1,26,0
2020-01-27,2020,1,27,0
2020-01-28,2020,1,28,11.898606
2020-01-29,2020,1,29,0
2020-01-30,2020,1,30,0
2020-01-31,2020,1,31,0
2020-02-01,2020,2,1,0
2020-02-02,2020,2,2,0
2020-02-03,2020,2,3,0
2020-02-04,2020,2,4,0
2020-02-05,2020,2,5,0
2020-02-06,2020,2,6,0
2020-02-07,2020,2,7,0
2020-02-08,2020,2,8,0
2020-02-09,2020,2,9,0
2020-02-10,2020,2,10,0
2020-02-11,2020,2,11,0
2020-02-12,2020,2,12,0
2020-02-13,2020,2,13,0
2020-02-14,2020,2,14,0
2020-02-15,2020,2,15,0
2020-02-16,2020,2,16,0
2020-02-17,2020,2,17,0.18474407
2020-02-18,2020,2,18,0
2020-02-19,2020,2,19,0
2020-02-20,2020,2,20,0
2020-02-21,2020,2,21,0
2020-02-22,2020,2,22,0
2020-02-23,2020,2,23,0
2020-02-24,2020,2,24,0
2020-02-25,2020,2,25,0
2020-02-26,2020,2,26,0
2020-02-27,2020,2,27,0
2020-02-28,2020,2,28,0
2020-02-29,2020,2,29,0
2020-03-01,2020,3,1,0
2020-03-02,2020,3,2,0
2020-03-03,2020,3,3,0
2020-03-04,2020,3,4,0
2020-03-05,2020,3,5,0
2020-03-06,2020,3,6,0
2020-03-07,2020,3,7,0
2020-03-08,2020,3,8,0
2020-03-09,2020,3,9,0
2020-03-10,2020,3,10,0
2020-03-11,2020,3,11,0
2020-03-12,2020,3,12,0
2020-03-13,2020,3,13,0
2020-03-14,2020,3,14,0
2020-03-15,2020,3,15,0
2020-03-16,2020,3,16,0
2020-03-17,2020,3,17,0
2020-03-18,2020,3,18,0
2020-03-19,2020,3,19,0
2020-03-20,2020,3,20,0
2020-03-21,2020,3,21,0
2020-03-22,2020,3,22,0
2020-03-23,2020,3,23,0
2020-03-24,2020,3,24,0
2020-03-25,2020,3,25,0
2020-03-26,2020,3,26,0
2020-03-27,2020,3,27,0
2020-03-28,2020,3,28,0
2020-03-29,2020,3,29,0
2020-03-30,2020,3,30,0
2020-03-31,2020,3,31,0
2020-04-01,2020,4,1,0
2020-04-02,2020,4,2,0
2020-04-03,2020,4,3,0
2020-04-04,2020,4,4,0
2020-04-05,2020,4,5,0
2020-04-06,2020,4,6,0
2020-04-07,2020,4,7,0
2020-04-08,2020,4,8,0
2020-04-09,2020,4,9,0
2020-04-10,2020,4,10,0
2020-04-11,2020,4,11,0.0076394786
2020-04-12,2020,4,12,0
2020-04-13,2020,4,13,0
2020-04-14,2020,4,14,0
2020-04-15,2020,4,15,0
2020-04-16,2020,4,16,0
2020-04-17,2020,4,17,0
2020-04-18,2020,4,18,0
2020-04-19,2020,4,19,0
2020-04-20,2020,4,20,0
2020-04-21,2020,4,21,0
2020-04-22,2020,4,22,0
2020-04-23,2020,4,23,34.19191
2020-04-24,2020,4,24,31.861141
2020-04-25,2020,4,25,0
2020-04-26,2020,4,26,0
2020-04-27,2020,4,27,9.6840604
2020-04-28,2020,4,28,0
2020-04-29,2020,4,29,0
2020-04-30,2020,4,30,0
